channel1,channel2
1.0000,0.0039
0.9995,0.0078
0.9980,0.0118
0.9956,0.0159
0.9921,0.0200
0.9877,0.0242
0.9823,0.0284
0.9759,0.0327
0.9686,0.0371
0.9603,0.0415
0.9511,0.0459
0.9409,0.0504
0.9298,0.0548
0.9178,0.0593
0.9048,0.0638
0.8910,0.0683
0.8763,0.0728
0.8607,0.0773
0.8443,0.0818
0.8271,0.0863
0.8090,0.0907
0.7902,0.0951
0.7705,0.0995
0.7501,0.1038
0.7290,0.1081
0.7071,0.1123
0.6845,0.1165
0.6613,0.1206
0.6374,0.1246
0.6129,0.1286
0.5878,0.1324
0.5621,0.1362
0.5358,0.1398
0.5090,0.1434
0.4818,0.1468
0.4540,0.1502
0.4258,0.1534
0.3971,0.1564
0.3681,0.1594
0.3387,0.1622
0.3090,0.1648
0.2790,0.1673
0.2487,0.1697
0.2181,0.1719
0.1874,0.1739
0.1564,0.1758
0.1253,0.1775
0.0941,0.1790
0.0628,0.1803
0.0314,0.1814
-0.0000,0.1824
-0.0314,0.1832
-0.0628,0.1837
-0.0941,0.1841
-0.1253,0.1843
-0.1564,0.1842
-0.1874,0.1840
-0.2181,0.1835
-0.2487,0.1828
-0.2790,0.1820
-0.3090,0.1809
-0.3387,0.1796
-0.3681,0.1780
-0.3971,0.1763
-0.4258,0.1743
-0.4540,0.1722
-0.4818,0.1698
-0.5090,0.1672
-0.5358,0.1643
-0.5621,0.1613
-0.5878,0.1580
-0.6129,0.1546
-0.6374,0.1509
-0.6613,0.1470
-0.6845,0.1429
-0.7071,0.1386
-0.7290,0.1341
-0.7501,0.1294
-0.7705,0.1245
-0.7902,0.1194
-0.8090,0.1141
-0.8271,0.1087
-0.8443,0.1030
-0.8607,0.0972
-0.8763,0.0912
-0.8910,0.0851
-0.9048,0.0787
-0.9178,0.0723
-0.9298,0.0657
-0.9409,0.0589
-0.9511,0.0520
-0.9603,0.0450
-0.9686,0.0378
-0.9759,0.0305
-0.9823,0.0232
-0.9877,0.0157
-0.9921,0.0081
-0.9956,0.0004
-0.9980,-0.0073
-0.9995,-0.0151
-1.0000,-0.0230
-0.9995,-0.0310
-0.9980,-0.0390
-0.9956,-0.0470
-0.9921,-0.0550
-0.9877,-0.0631
-0.9823,-0.0712
-0.9759,-0.0793
-0.9686,-0.0874
-0.9603,-0.0955
-0.9511,-0.1035
-0.9409,-0.1116
-0.9298,-0.1195
-0.9178,-0.1275
-0.9048,-0.1354
-0.8910,-0.1432
-0.8763,-0.1509
-0.8607,-0.1585
-0.8443,-0.1661
-0.8271,-0.1735
-0.8090,-0.1808
-0.7902,-0.1880
-0.7705,-0.1951
-0.7501,-0.2020
-0.7290,-0.2088
-0.7071,-0.2154
-0.6845,-0.2219
-0.6613,-0.2282
-0.6374,-0.2343
-0.6129,-0.2402
-0.5878,-0.2459
-0.5621,-0.2513
-0.5358,-0.2566
-0.5090,-0.2617
-0.4818,-0.2665
-0.4540,-0.2711
-0.4258,-0.2754
-0.3971,-0.2795
-0.3681,-0.2833
-0.3387,-0.2869
-0.3090,-0.2902
-0.2790,-0.2932
-0.2487,-0.2959
-0.2181,-0.2983
-0.1874,-0.3005
-0.1564,-0.3024
-0.1253,-0.3039
-0.0941,-0.3051
-0.0628,-0.3061
-0.0314,-0.3067
0.0000,-0.3070
0.0314,-0.3070
0.0628,-0.3067
0.0941,-0.3060
0.1253,-0.3050
0.1564,-0.3037
0.1874,-0.3021
0.2181,-0.3001
0.2487,-0.2978
0.2790,-0.2952
0.3090,-0.2923
0.3387,-0.2890
0.3681,-0.2854
0.3971,-0.2814
0.4258,-0.2772
0.4540,-0.2726
0.4818,-0.2677
0.5090,-0.2625
0.5358,-0.2569
0.5621,-0.2511
0.5878,-0.2450
0.6129,-0.2385
0.6374,-0.2318
0.6613,-0.2247
0.6845,-0.2174
0.7071,-0.2098
0.7290,-0.2019
0.7501,-0.1937
0.7705,-0.1853
0.7902,-0.1766
0.8090,-0.1677
0.8271,-0.1586
0.8443,-0.1492
0.8607,-0.1395
0.8763,-0.1297
0.8910,-0.1197
0.9048,-0.1094
0.9178,-0.0990
0.9298,-0.0884
0.9409,-0.0776
0.9511,-0.0667
0.9603,-0.0556
0.9686,-0.0444
0.9759,-0.0330
0.9823,-0.0216
0.9877,-0.0100
0.9921,0.0017
0.9956,0.0134
0.9980,0.0252
0.9995,0.0371
1.0000,0.0490
0.9995,0.0610
0.9980,0.0729
0.9956,0.0849
0.9921,0.0969
0.9877,0.1088
0.9823,0.1208
0.9759,0.1327
0.9686,0.1445
0.9603,0.1563
0.9511,0.1680
0.9409,0.1796
0.9298,0.1911
0.9178,0.2024
0.9048,0.2137
0.8910,0.2248
0.8763,0.2357
0.8607,0.2465
0.8443,0.2571
0.8271,0.2675
0.8090,0.2778
0.7902,0.2877
0.7705,0.2975
0.7501,0.3070
0.7290,0.3163
0.7071,0.3253
0.6845,0.3341
0.6613,0.3425
0.6374,0.3507
0.6129,0.3586
0.5878,0.3661
0.5621,0.3733
0.5358,0.3802
0.5090,0.3868
0.4818,0.3930
0.4540,0.3988
0.4258,0.4043
0.3971,0.4094
0.3681,0.4141
0.3387,0.4184
0.3090,0.4223
0.2790,0.4258
0.2487,0.4289
0.2181,0.4316
0.1874,0.4339
0.1564,0.4357
0.1253,0.4371
0.0941,0.4381
0.0628,0.4387
0.0314,0.4388
0.0000,0.4384
-0.0314,0.4377
-0.0628,0.4364
-0.0941,0.4348
-0.1253,0.4326
-0.1564,0.4300
-0.1874,0.4270
-0.2181,0.4235
-0.2487,0.4196
-0.2790,0.4153
-0.3090,0.4104
-0.3387,0.4052
-0.3681,0.3995
-0.3971,0.3934
-0.4258,0.3868
-0.4540,0.3798
-0.4818,0.3724
-0.5090,0.3646
-0.5358,0.3563
-0.5621,0.3477
-0.5878,0.3387
-0.6129,0.3292
-0.6374,0.3194
-0.6613,0.3092
-0.6845,0.2987
-0.7071,0.2877
-0.7290,0.2765
-0.7501,0.2649
-0.7705,0.2529
-0.7902,0.2407
-0.8090,0.2281
-0.8271,0.2152
-0.8443,0.2021
-0.8607,0.1887
-0.8763,0.1750
-0.8910,0.1611
-0.9048,0.1469
-0.9178,0.1325
-0.9298,0.1179
-0.9409,0.1031
-0.9511,0.0882
-0.9603,0.0730
-0.9686,0.0578
-0.9759,0.0423
-0.9823,0.0268
-0.9877,0.0111
-0.9921,-0.0046
-0.9956,-0.0204
-0.9980,-0.0363
-0.9995,-0.0522
-1.0000,-0.0682
-0.9995,-0.0841
-0.9980,-0.1001
-0.9956,-0.1160
-0.9921,-0.1319
-0.9877,-0.1478
-0.9823,-0.1635
-0.9759,-0.1792
-0.9686,-0.1948
-0.9603,-0.2103
-0.9511,-0.2256
-0.9409,-0.2408
-0.9298,-0.2558
-0.9178,-0.2706
-0.9048,-0.2852
-0.8910,-0.2996
-0.8763,-0.3138
-0.8607,-0.3277
-0.8443,-0.3414
-0.8271,-0.3548
-0.8090,-0.3679
-0.7902,-0.3807
-0.7705,-0.3931
-0.7501,-0.4052
-0.7290,-0.4170
-0.7071,-0.4284
-0.6845,-0.4394
-0.6613,-0.4501
-0.6374,-0.4603
-0.6129,-0.4701
-0.5878,-0.4795
-0.5621,-0.4885
-0.5358,-0.4970
-0.5090,-0.5050
-0.4818,-0.5126
-0.4540,-0.5197
-0.4258,-0.5263
-0.3971,-0.5324
-0.3681,-0.5380
-0.3387,-0.5431
-0.3090,-0.5476
-0.2790,-0.5517
-0.2487,-0.5551
-0.2181,-0.5581
-0.1874,-0.5605
-0.1564,-0.5623
-0.1253,-0.5636
-0.0941,-0.5643
-0.0628,-0.5645
-0.0314,-0.5641
0.0000,-0.5631
0.0314,-0.5615
0.0628,-0.5594
0.0941,-0.5567
0.1253,-0.5534
0.1564,-0.5496
0.1874,-0.5451
0.2181,-0.5402
0.2487,-0.5346
0.2790,-0.5285
0.3090,-0.5218
0.3387,-0.5146
0.3681,-0.5068
0.3971,-0.4985
0.4258,-0.4896
0.4540,-0.4802
0.4818,-0.4703
0.5090,-0.4599
0.5358,-0.4489
0.5621,-0.4375
0.5878,-0.4256
0.6129,-0.4131
0.6374,-0.4003
0.6613,-0.3869
0.6845,-0.3731
0.7071,-0.3589
0.7290,-0.3443
0.7501,-0.3292
0.7705,-0.3137
0.7902,-0.2979
0.8090,-0.2817
0.8271,-0.2651
0.8443,-0.2482
0.8607,-0.2310
0.8763,-0.2135
0.8910,-0.1957
0.9048,-0.1776
0.9178,-0.1593
0.9298,-0.1407
0.9409,-0.1219
0.9511,-0.1029
0.9603,-0.0837
0.9686,-0.0643
0.9759,-0.0448
0.9823,-0.0252
0.9877,-0.0055
0.9921,0.0144
0.9956,0.0343
0.9980,0.0542
0.9995,0.0742
1.0000,0.0941
0.9995,0.1141
0.9980,0.1341
0.9956,0.1539
0.9921,0.1738
0.9877,0.1935
0.9823,0.2131
0.9759,0.2326
0.9686,0.2519
0.9603,0.2711
0.9511,0.2900
0.9409,0.3088
0.9298,0.3273
0.9178,0.3456
0.9048,0.3636
0.8910,0.3813
0.8763,0.3987
0.8607,0.4157
0.8443,0.4325
0.8271,0.4488
0.8090,0.4648
0.7902,0.4804
0.7705,0.4955
0.7501,0.5102
0.7290,0.5245
0.7071,0.5383
0.6845,0.5516
0.6613,0.5645
0.6374,0.5768
0.6129,0.5885
0.5878,0.5998
0.5621,0.6105
0.5358,0.6206
0.5090,0.6301
0.4818,0.6391
0.4540,0.6474
0.4258,0.6552
0.3971,0.6623
0.3681,0.6687
0.3387,0.6746
0.3090,0.6798
0.2790,0.6843
0.2487,0.6882
0.2181,0.6913
0.1874,0.6939
0.1564,0.6957
0.1253,0.6968
0.0941,0.6973
0.0628,0.6971
0.0314,0.6961
0.0000,0.6945
-0.0314,0.6922
-0.0628,0.6891
-0.0941,0.6854
-0.1253,0.6810
-0.1564,0.6759
-0.1874,0.6701
-0.2181,0.6636
-0.2487,0.6564
-0.2790,0.6485
-0.3090,0.6400
-0.3387,0.6308
-0.3681,0.6209
-0.3971,0.6104
-0.4258,0.5993
-0.4540,0.5875
-0.4818,0.5750
-0.5090,0.5620
-0.5358,0.5483
-0.5621,0.5341
-0.5878,0.5193
-0.6129,0.5039
-0.6374,0.4879
-0.6613,0.4714
-0.6845,0.4544
-0.7071,0.4369
-0.7290,0.4188
-0.7501,0.4003
-0.7705,0.3814
-0.7902,0.3619
-0.8090,0.3421
-0.8271,0.3218
-0.8443,0.3012
-0.8607,0.2802
-0.8763,0.2588
-0.8910,0.2371
-0.9048,0.2151
-0.9178,0.1928
-0.9298,0.1702
-0.9409,0.1474
-0.9511,0.1244
-0.9603,0.1011
-0.9686,0.0777
-0.9759,0.0541
-0.9823,0.0304
-0.9877,0.0066
-0.9921,-0.0173
-0.9956,-0.0413
-0.9980,-0.0653
-0.9995,-0.0893
-1.0000,-0.1133
-0.9995,-0.1373
-0.9980,-0.1612
-0.9956,-0.1851
-0.9921,-0.2088
-0.9877,-0.2324
-0.9823,-0.2559
-0.9759,-0.2791
-0.9686,-0.3022
-0.9603,-0.3251
-0.9511,-0.3477
-0.9409,-0.3700
-0.9298,-0.3920
-0.9178,-0.4137
-0.9048,-0.4351
-0.8910,-0.4561
-0.8763,-0.4767
-0.8607,-0.4969
-0.8443,-0.5167
-0.8271,-0.5360
-0.8090,-0.5549
-0.7902,-0.5733
-0.7705,-0.5911
-0.7501,-0.6084
-0.7290,-0.6252
-0.7071,-0.6414
-0.6845,-0.6570
-0.6613,-0.6720
-0.6374,-0.6864
-0.6129,-0.7001
-0.5878,-0.7132
-0.5621,-0.7256
-0.5358,-0.7374
-0.5090,-0.7484
-0.4818,-0.7587
-0.4540,-0.7683
-0.4258,-0.7772
-0.3971,-0.7853
-0.3681,-0.7927
-0.3387,-0.7993
-0.3090,-0.8051
-0.2790,-0.8101
-0.2487,-0.8144
-0.2181,-0.8178
-0.1874,-0.8204
-0.1564,-0.8223
-0.1253,-0.8233
-0.0941,-0.8235
-0.0628,-0.8228
-0.0314,-0.8214
0.0000,-0.8191
0.0314,-0.8160
0.0628,-0.8121
0.0941,-0.8073
0.1253,-0.8018
0.1564,-0.7954
0.1874,-0.7882
0.2181,-0.7802
0.2487,-0.7714
0.2790,-0.7618
0.3090,-0.7514
0.3387,-0.7402
0.3681,-0.7283
0.3971,-0.7156
0.4258,-0.7021
0.4540,-0.6879
0.4818,-0.6729
0.5090,-0.6573
0.5358,-0.6409
0.5621,-0.6239
0.5878,-0.6062
0.6129,-0.5878
0.6374,-0.5688
0.6613,-0.5491
0.6845,-0.5289
0.7071,-0.5080
0.7290,-0.4866
0.7501,-0.4647
0.7705,-0.4422
0.7902,-0.4192
0.8090,-0.3957
0.8271,-0.3717
0.8443,-0.3473
0.8607,-0.3225
0.8763,-0.2973
0.8910,-0.2717
0.9048,-0.2458
0.9178,-0.2195
0.9298,-0.1930
0.9409,-0.1661
0.9511,-0.1391
0.9603,-0.1118
0.9686,-0.0843
0.9759,-0.0566
0.9823,-0.0288
0.9877,-0.0009
0.9921,0.0271
0.9956,0.0551
0.9980,0.0832
0.9995,0.1113
1.0000,0.1393
0.9995,0.1673
0.9980,0.1952
0.9956,0.2230
0.9921,0.2506
0.9877,0.2781
0.9823,0.3054
0.9759,0.3325
0.9686,0.3593
0.9603,0.3859
0.9511,0.4121
0.9409,0.4380
0.9298,0.4635
0.9178,0.4887
0.9048,0.5134
0.8910,0.5377
0.8763,0.5616
0.8607,0.5849
0.8443,0.6078
0.8271,0.6301
0.8090,0.6518
0.7902,0.6730
0.7705,0.6935
0.7501,0.7134
0.7290,0.7327
0.7071,0.7513
0.6845,0.7692
0.6613,0.7864
0.6374,0.8028
0.6129,0.8185
0.5878,0.8335
0.5621,0.8476
0.5358,0.8610
0.5090,0.8735
0.4818,0.8852
0.4540,0.8961
0.4258,0.9061
0.3971,0.9152
0.3681,0.9234
0.3387,0.9308
0.3090,0.9372
0.2790,0.9428
0.2487,0.9474
0.2181,0.9511
0.1874,0.9538
0.1564,0.9557
0.1253,0.9565
0.0941,0.9565
0.0628,0.9554
0.0314,0.9535
0.0000,0.9505
-0.0314,0.9467
-0.0628,0.9418
-0.0941,0.9361
-0.1253,0.9294
-0.1564,0.9217
-0.1874,0.9131
-0.2181,0.9036
-0.2487,0.8932
-0.2790,0.8818
-0.3090,0.8696
-0.3387,0.8564
-0.3681,0.8424
-0.3971,0.8275
-0.4258,0.8117
-0.4540,0.7951
-0.4818,0.7777
-0.5090,0.7594
-0.5358,0.7403
-0.5621,0.7205
-0.5878,0.6999
-0.6129,0.6785
-0.6374,0.6564
-0.6613,0.6336
-0.6845,0.6101
-0.7071,0.5860
-0.7290,0.5612
-0.7501,0.5358
-0.7705,0.5098
-0.7902,0.4832
-0.8090,0.4561
-0.8271,0.4284
-0.8443,0.4003
-0.8607,0.3716
-0.8763,0.3426
-0.8910,0.3131
-0.9048,0.2833
-0.9178,0.2530
-0.9298,0.2225
-0.9409,0.1917
-0.9511,0.1605
-0.9603,0.1292
-0.9686,0.0976
-0.9759,0.0659
-0.9823,0.0340
-0.9877,0.0021
-0.9921,-0.0300
-0.9956,-0.0621
-0.9980,-0.0943
-0.9995,-0.1264
-1.0000,-0.1585
-0.9995,-0.1905
-0.9980,-0.2224
-0.9956,-0.2541
-0.9921,-0.2857
-0.9877,-0.3171
-0.9823,-0.3482
-0.9759,-0.3791
-0.9686,-0.4096
-0.9603,-0.4399
-0.9511,-0.4697
-0.9409,-0.4992
-0.9298,-0.5283
-0.9178,-0.5569
-0.9048,-0.5850
-0.8910,-0.6126
-0.8763,-0.6396
-0.8607,-0.6661
-0.8443,-0.6920
-0.8271,-0.7173
-0.8090,-0.7419
-0.7902,-0.7659
-0.7705,-0.7891
-0.7501,-0.8116
-0.7290,-0.8334
-0.7071,-0.8544
-0.6845,-0.8746
-0.6613,-0.8939
-0.6374,-0.9125
-0.6129,-0.9301
-0.5878,-0.9469
-0.5621,-0.9628
-0.5358,-0.9778
-0.5090,-0.9918
-0.4818,-1.0049
-0.4540,-1.0170
-0.4258,-1.0281
-0.3971,-1.0383
-0.3681,-1.0474
-0.3387,-1.0555
-0.3090,-1.0626
-0.2790,-1.0686
-0.2487,-1.0736
-0.2181,-1.0775
-0.1874,-1.0804
-0.1564,-1.0822
-0.1253,-1.0830
-0.0941,-1.0826
-0.0628,-1.0812
-0.0314,-1.0787
0.0000,-1.0752
0.0314,-1.0705
0.0628,-1.0648
0.0941,-1.0580
0.1253,-1.0502
0.1564,-1.0412
0.1874,-1.0313
0.2181,-1.0202
0.2487,-1.0082
0.2790,-0.9951
0.3090,-0.9810
0.3387,-0.9658
0.3681,-0.9497
0.3971,-0.9326
0.4258,-0.9145
0.4540,-0.8955
0.4818,-0.8756
0.5090,-0.8547
0.5358,-0.8329
0.5621,-0.8103
0.5878,-0.7868
0.6129,-0.7624
0.6374,-0.7373
0.6613,-0.7113
0.6845,-0.6846
0.7071,-0.6572
0.7290,-0.6290
0.7501,-0.6001
0.7705,-0.5706
0.7902,-0.5404
0.8090,-0.5096
0.8271,-0.4783
0.8443,-0.4464
0.8607,-0.4140
0.8763,-0.3811
0.8910,-0.3477
0.9048,-0.3139
0.9178,-0.2798
0.9298,-0.2452
0.9409,-0.2104
0.9511,-0.1752
0.9603,-0.1398
0.9686,-0.1042
0.9759,-0.0684
0.9823,-0.0325
0.9877,0.0036
0.9921,0.0398
0.9956,0.0760
0.9980,0.1122
0.9995,0.1483
1.0000,0.1844
0.9995,0.2205
0.9980,0.2563
0.9956,0.2920
0.9921,0.3275
0.9877,0.3628
0.9823,0.3978
0.9759,0.4324
0.9686,0.4667
0.9603,0.5007
0.9511,0.5342
0.9409,0.5672
0.9298,0.5998
0.9178,0.6318
0.9048,0.6633
0.8910,0.6942
0.8763,0.7245
0.8607,0.7541
0.8443,0.7831
0.8271,0.8113
0.8090,0.8388
0.7902,0.8656
0.7705,0.8915
0.7501,0.9166
0.7290,0.9409
0.7071,0.9643
0.6845,0.9867
0.6613,1.0083
0.6374,1.0289
0.6129,1.0485
0.5878,1.0672
0.5621,1.0848
0.5358,1.1014
0.5090,1.1169
0.4818,1.1313
0.4540,1.1447
0.4258,1.1570
0.3971,1.1681
0.3681,1.1781
0.3387,1.1870
0.3090,1.1947
0.2790,1.2013
0.2487,1.2066
0.2181,1.2108
0.1874,1.2138
0.1564,1.2156
0.1253,1.2162
0.0941,1.2156
0.0628,1.2138
0.0314,1.2108
0.0000,1.2066
-0.0314,1.2012
-0.0628,1.1946
-0.0941,1.1867
-0.1253,1.1777
-0.1564,1.1675
-0.1874,1.1562
-0.2181,1.1436
-0.2487,1.1300
-0.2790,1.1151
-0.3090,1.0991
-0.3387,1.0820
-0.3681,1.0638
-0.3971,1.0445
-0.4258,1.0242
-0.4540,1.0028
-0.4818,0.9803
-0.5090,0.9568
-0.5358,0.9323
-0.5621,0.9069
-0.5878,0.8805
-0.6129,0.8532
-0.6374,0.8249
-0.6613,0.7958
-0.6845,0.7659
-0.7071,0.7351
-0.7290,0.7036
-0.7501,0.6712
-0.7705,0.6382
-0.7902,0.6045
-0.8090,0.5700
-0.8271,0.5350
-0.8443,0.4993
-0.8607,0.4631
-0.8763,0.4264
-0.8910,0.3891
-0.9048,0.3514
-0.9178,0.3133
-0.9298,0.2748
-0.9409,0.2359
-0.9511,0.1967
-0.9603,0.1573
-0.9686,0.1176
-0.9759,0.0777
-0.9823,0.0377
-0.9877,-0.0025
-0.9921,-0.0427
-0.9956,-0.0830
-0.9980,-0.1232
-0.9995,-0.1635
-1.0000,-0.2036
-0.9995,-0.2436
-0.9980,-0.2835
-0.9956,-0.3232
-0.9921,-0.3626
-0.9877,-0.4017
-0.9823,-0.4405
-0.9759,-0.4790
-0.9686,-0.5170
-0.9603,-0.5546
-0.9511,-0.5918
-0.9409,-0.6284
-0.9298,-0.6645
-0.9178,-0.7000
-0.9048,-0.7348
-0.8910,-0.7690
-0.8763,-0.8026
-0.8607,-0.8353
-0.8443,-0.8673
-0.8271,-0.8986
-0.8090,-0.9290
-0.7902,-0.9585
-0.7705,-0.9871
-0.7501,-1.0148
-0.7290,-1.0416
-0.7071,-1.0674
-0.6845,-1.0921
-0.6613,-1.1159
-0.6374,-1.1385
-0.6129,-1.1601
-0.5878,-1.1806
-0.5621,-1.2000
-0.5358,-1.2181
-0.5090,-1.2352
-0.4818,-1.2510
-0.4540,-1.2656
-0.4258,-1.2790
-0.3971,-1.2912
-0.3681,-1.3021
-0.3387,-1.3117
-0.3090,-1.3200
-0.2790,-1.3271
-0.2487,-1.3328
-0.2181,-1.3373
-0.1874,-1.3404
-0.1564,-1.3422
-0.1253,-1.3427
-0.0941,-1.3418
-0.0628,-1.3396
-0.0314,-1.3361
0.0000,-1.3312
0.0314,-1.3250
0.0628,-1.3175
0.0941,-1.3087
0.1253,-1.2985
0.1564,-1.2871
0.1874,-1.2743
0.2181,-1.2603
0.2487,-1.2449
0.2790,-1.2284
0.3090,-1.2105
0.3387,-1.1915
0.3681,-1.1712
0.3971,-1.1497
0.4258,-1.1270
0.4540,-1.1032
0.4818,-1.0782
0.5090,-1.0521
0.5358,-1.0249
0.5621,-0.9967
0.5878,-0.9674
0.6129,-0.9371
0.6374,-0.9058
0.6613,-0.8735
0.6845,-0.8404
0.7071,-0.8063
0.7290,-0.7714
0.7501,-0.7356
0.7705,-0.6990
0.7902,-0.6617
0.8090,-0.6236
0.8271,-0.5849
0.8443,-0.5455
0.8607,-0.5055
0.8763,-0.4649
0.8910,-0.4237
0.9048,-0.3821
0.9178,-0.3400
0.9298,-0.2975
0.9409,-0.2546
0.9511,-0.2114
0.9603,-0.1679
0.9686,-0.1242
0.9759,-0.0802
0.9823,-0.0361
0.9877,0.0081
0.9921,0.0525
0.9956,0.0968
0.9980,0.1411
0.9995,0.1854
1.0000,0.2257
0.9995,0.2658
0.9980,0.3057
0.9956,0.3452
0.9921,0.3844
0.9877,0.4232
0.9823,0.4616
0.9759,0.4996
0.9686,0.5370
0.9603,0.5740
0.9511,0.6103
0.9409,0.6461
0.9298,0.6812
0.9178,0.7156
0.9048,0.7494
0.8910,0.7824
0.8763,0.8146
0.8607,0.8460
0.8443,0.8766
0.8271,0.9063
0.8090,0.9351
0.7902,0.9630
0.7705,0.9900
0.7501,1.0160
0.7290,1.0410
0.7071,1.0649
0.6845,1.0878
0.6613,1.1096
0.6374,1.1303
0.6129,1.1500
0.5878,1.1684
0.5621,1.1858
0.5358,1.2019
0.5090,1.2169
0.4818,1.2306
0.4540,1.2432
0.4258,1.2545
0.3971,1.2646
0.3681,1.2734
0.3387,1.2810
0.3090,1.2873
0.2790,1.2924
0.2487,1.2962
0.2181,1.2987
0.1874,1.2999
0.1564,1.2998
0.1253,1.2984
0.0941,1.2958
0.0628,1.2919
0.0314,1.2867
0.0000,1.2802
-0.0314,1.2725
-0.0628,1.2635
-0.0941,1.2533
-0.1253,1.2419
-0.1564,1.2292
-0.1874,1.2153
-0.2181,1.2002
-0.2487,1.1839
-0.2790,1.1664
-0.3090,1.1478
-0.3387,1.1281
-0.3681,1.1072
-0.3971,1.0853
-0.4258,1.0623
-0.4540,1.0382
-0.4818,1.0131
-0.5090,0.9871
-0.5358,0.9600
-0.5621,0.9320
-0.5878,0.9031
-0.6129,0.8732
-0.6374,0.8426
-0.6613,0.8110
-0.6845,0.7787
-0.7071,0.7456
-0.7290,0.7118
-0.7501,0.6773
-0.7705,0.6421
-0.7902,0.6063
-0.8090,0.5699
-0.8271,0.5329
-0.8443,0.4954
-0.8607,0.4574
-0.8763,0.4189
-0.8910,0.3801
-0.9048,0.3408
-0.9178,0.3013
-0.9298,0.2614
-0.9409,0.2213
-0.9511,0.1809
-0.9603,0.1404
-0.9686,0.0997
-0.9759,0.0590
-0.9823,0.0182
-0.9877,-0.0227
-0.9921,-0.0635
-0.9956,-0.1043
-0.9980,-0.1449
-0.9995,-0.1854
-1.0000,-0.2257
-0.9995,-0.2658
-0.9980,-0.3057
-0.9956,-0.3452
-0.9921,-0.3844
-0.9877,-0.4232
-0.9823,-0.4616
-0.9759,-0.4996
-0.9686,-0.5370
-0.9603,-0.5740
-0.9511,-0.6103
-0.9409,-0.6461
-0.9298,-0.6812
-0.9178,-0.7156
-0.9048,-0.7494
-0.8910,-0.7824
-0.8763,-0.8146
-0.8607,-0.8460
-0.8443,-0.8766
-0.8271,-0.9063
-0.8090,-0.9351
-0.7902,-0.9630
-0.7705,-0.9900
-0.7501,-1.0160
-0.7290,-1.0409
-0.7071,-1.0649
-0.6845,-1.0878
-0.6613,-1.1096
-0.6374,-1.1303
-0.6129,-1.1500
-0.5878,-1.1684
-0.5621,-1.1858
-0.5358,-1.2019
-0.5090,-1.2169
-0.4818,-1.2306
-0.4540,-1.2432
-0.4258,-1.2545
-0.3971,-1.2646
-0.3681,-1.2734
-0.3387,-1.2810
-0.3090,-1.2873
-0.2790,-1.2924
-0.2487,-1.2962
-0.2181,-1.2987
-0.1874,-1.2999
-0.1564,-1.2998
-0.1253,-1.2984
-0.0941,-1.2958
-0.0628,-1.2919
-0.0314,-1.2867
0.0000,-1.2802
0.0314,-1.2725
0.0628,-1.2635
0.0941,-1.2533
0.1253,-1.2419
0.1564,-1.2292
0.1874,-1.2153
0.2181,-1.2002
0.2487,-1.1839
0.2790,-1.1664
0.3090,-1.1478
0.3387,-1.1281
0.3681,-1.1072
0.3971,-1.0853
0.4258,-1.0623
0.4540,-1.0382
0.4818,-1.0131
0.5090,-0.9871
0.5358,-0.9600
0.5621,-0.9320
0.5878,-0.9031
0.6129,-0.8732
0.6374,-0.8426
0.6613,-0.8110
0.6845,-0.7787
0.7071,-0.7456
0.7290,-0.7118
0.7501,-0.6773
0.7705,-0.6421
0.7902,-0.6063
0.8090,-0.5699
0.8271,-0.5329
0.8443,-0.4954
0.8607,-0.4574
0.8763,-0.4189
0.8910,-0.3801
0.9048,-0.3408
0.9178,-0.3013
0.9298,-0.2614
0.9409,-0.2213
0.9511,-0.1809
0.9603,-0.1404
0.9686,-0.0997
0.9759,-0.0590
0.9823,-0.0182
0.9877,0.0227
0.9921,0.0635
0.9956,0.1043
0.9980,0.1449
0.9995,0.1854
1.0000,0.2257
0.9995,0.2658
0.9980,0.3057
0.9956,0.3452
0.9921,0.3844
0.9877,0.4232
0.9823,0.4616
0.9759,0.4996
0.9686,0.5370
0.9603,0.5740
0.9511,0.6103
0.9409,0.6461
0.9298,0.6812
0.9178,0.7156
0.9048,0.7494
0.8910,0.7824
0.8763,0.8146
0.8607,0.8460
0.8443,0.8766
0.8271,0.9063
0.8090,0.9351
0.7902,0.9630
0.7705,0.9900
0.7501,1.0160
0.7290,1.0410
0.7071,1.0649
0.6845,1.0878
0.6613,1.1096
0.6374,1.1303
0.6129,1.1500
0.5878,1.1684
0.5621,1.1858
0.5358,1.2019
0.5090,1.2169
0.4818,1.2306
0.4540,1.2432
0.4258,1.2545
0.3971,1.2646
0.3681,1.2734
0.3387,1.2810
0.3090,1.2873
0.2790,1.2924
0.2487,1.2962
0.2181,1.2987
0.1874,1.2999
0.1564,1.2998
0.1253,1.2984
0.0941,1.2958
0.0628,1.2919
0.0314,1.2867
0.0000,1.2802
-0.0314,1.2725
-0.0628,1.2635
-0.0941,1.2533
-0.1253,1.2419
-0.1564,1.2292
-0.1874,1.2153
-0.2181,1.2002
-0.2487,1.1839
-0.2790,1.1664
-0.3090,1.1478
-0.3387,1.1281
-0.3681,1.1072
-0.3971,1.0853
-0.4258,1.0623
-0.4540,1.0382
-0.4818,1.0131
-0.5090,0.9871
-0.5358,0.9600
-0.5621,0.9320
-0.5878,0.9031
-0.6129,0.8732
-0.6374,0.8426
-0.6613,0.8110
-0.6845,0.7787
-0.7071,0.7456
-0.7290,0.7118
-0.7501,0.6773
-0.7705,0.6421
-0.7902,0.6063
-0.8090,0.5699
-0.8271,0.5329
-0.8443,0.4954
-0.8607,0.4574
-0.8763,0.4189
-0.8910,0.3801
-0.9048,0.3408
-0.9178,0.3013
-0.9298,0.2614
-0.9409,0.2213
-0.9511,0.1809
-0.9603,0.1404
-0.9686,0.0997
-0.9759,0.0590
-0.9823,0.0181
-0.9877,-0.0227
-0.9921,-0.0635
-0.9956,-0.1043
-0.9980,-0.1449
-0.9995,-0.1854
-1.0000,-0.2257
-0.9995,-0.2658
-0.9980,-0.3057
-0.9956,-0.3452
-0.9921,-0.3844
-0.9877,-0.4232
-0.9823,-0.4616
-0.9759,-0.4996
-0.9686,-0.5370
-0.9603,-0.5740
-0.9511,-0.6103
-0.9409,-0.6461
-0.9298,-0.6812
-0.9178,-0.7156
-0.9048,-0.7494
-0.8910,-0.7824
-0.8763,-0.8146
-0.8607,-0.8460
-0.8443,-0.8766
-0.8271,-0.9063
-0.8090,-0.9351
-0.7902,-0.9630
-0.7705,-0.9900
-0.7501,-1.0160
-0.7290,-1.0410
-0.7071,-1.0649
-0.6845,-1.0878
-0.6613,-1.1096
-0.6374,-1.1303
-0.6129,-1.1500
-0.5878,-1.1684
-0.5621,-1.1858
-0.5358,-1.2019
-0.5090,-1.2169
-0.4818,-1.2306
-0.4540,-1.2432
-0.4258,-1.2545
-0.3971,-1.2646
-0.3681,-1.2734
-0.3387,-1.2810
-0.3090,-1.2873
-0.2790,-1.2924
-0.2487,-1.2962
-0.2181,-1.2987
-0.1874,-1.2999
-0.1564,-1.2998
-0.1253,-1.2984
-0.0941,-1.2958
-0.0628,-1.2919
-0.0314,-1.2867
0.0000,-1.2802
0.0314,-1.2725
0.0628,-1.2635
0.0941,-1.2533
0.1253,-1.2419
0.1564,-1.2292
0.1874,-1.2153
0.2181,-1.2002
0.2487,-1.1839
0.2790,-1.1664
0.3090,-1.1478
0.3387,-1.1281
0.3681,-1.1072
0.3971,-1.0853
0.4258,-1.0623
0.4540,-1.0382
0.4818,-1.0131
0.5090,-0.9871
0.5358,-0.9600
0.5621,-0.9320
0.5878,-0.9031
0.6129,-0.8732
0.6374,-0.8426
0.6613,-0.8110
0.6845,-0.7787
0.7071,-0.7456
0.7290,-0.7118
0.7501,-0.6773
0.7705,-0.6421
0.7902,-0.6063
0.8090,-0.5699
0.8271,-0.5329
0.8443,-0.4954
0.8607,-0.4574
0.8763,-0.4189
0.8910,-0.3801
0.9048,-0.3408
0.9178,-0.3013
0.9298,-0.2614
0.9409,-0.2213
0.9511,-0.1809
0.9603,-0.1404
0.9686,-0.0997
0.9759,-0.0590
0.9823,-0.0181
0.9877,0.0227
0.9921,0.0635
0.9956,0.1043
0.9980,0.1449
0.9995,0.1854
1.0000,0.2257
0.9995,0.2658
0.9980,0.3057
0.9956,0.3452
0.9921,0.3844
0.9877,0.4232
0.9823,0.4616
0.9759,0.4996
0.9686,0.5370
0.9603,0.5740
0.9511,0.6103
0.9409,0.6461
0.9298,0.6812
0.9178,0.7156
0.9048,0.7494
0.8910,0.7824
0.8763,0.8146
0.8607,0.8460
0.8443,0.8766
0.8271,0.9063
0.8090,0.9351
0.7902,0.9630
0.7705,0.9900
0.7501,1.0160
0.7290,1.0410
0.7071,1.0649
0.6845,1.0878
0.6613,1.1096
0.6374,1.1303
0.6129,1.1500
0.5878,1.1684
0.5621,1.1858
0.5358,1.2019
0.5090,1.2169
0.4818,1.2306
0.4540,1.2432
0.4258,1.2545
0.3971,1.2646
0.3681,1.2734
0.3387,1.2810
0.3090,1.2873
0.2790,1.2924
0.2487,1.2962
0.2181,1.2987
0.1874,1.2999
0.1564,1.2998
0.1253,1.2984
0.0941,1.2958
0.0628,1.2919
0.0314,1.2867
0.0000,1.2802
-0.0314,1.2725
-0.0628,1.2635
-0.0941,1.2533
-0.1253,1.2419
-0.1564,1.2292
-0.1874,1.2153
-0.2181,1.2002
-0.2487,1.1839
-0.2790,1.1664
-0.3090,1.1478
-0.3387,1.1281
-0.3681,1.1072
-0.3971,1.0853
-0.4258,1.0623
-0.4540,1.0382
-0.4818,1.0131
-0.5090,0.9871
-0.5358,0.9600
-0.5621,0.9320
-0.5878,0.9031
-0.6129,0.8732
-0.6374,0.8426
-0.6613,0.8110
-0.6845,0.7787
-0.7071,0.7457
-0.7290,0.7118
-0.7501,0.6773
-0.7705,0.6421
-0.7902,0.6063
-0.8090,0.5699
-0.8271,0.5329
-0.8443,0.4954
-0.8607,0.4574
-0.8763,0.4189
-0.8910,0.3801
-0.9048,0.3408
-0.9178,0.3013
-0.9298,0.2614
-0.9409,0.2213
-0.9511,0.1809
-0.9603,0.1404
-0.9686,0.0997
-0.9759,0.0590
-0.9823,0.0182
-0.9877,-0.0227
-0.9921,-0.0635
-0.9956,-0.1043
-0.9980,-0.1449
-0.9995,-0.1854
-1.0000,-0.2257
-0.9995,-0.2658
-0.9980,-0.3057
-0.9956,-0.3452
-0.9921,-0.3844
-0.9877,-0.4232
-0.9823,-0.4616
-0.9759,-0.4996
-0.9686,-0.5370
-0.9603,-0.5740
-0.9511,-0.6103
-0.9409,-0.6461
-0.9298,-0.6812
-0.9178,-0.7156
-0.9048,-0.7494
-0.8910,-0.7824
-0.8763,-0.8146
-0.8607,-0.8460
-0.8443,-0.8766
-0.8271,-0.9063
-0.8090,-0.9351
-0.7902,-0.9630
-0.7705,-0.9900
-0.7501,-1.0160
-0.7290,-1.0410
-0.7071,-1.0649
-0.6845,-1.0878
-0.6613,-1.1096
-0.6374,-1.1303
-0.6129,-1.1500
-0.5878,-1.1684
-0.5621,-1.1858
-0.5358,-1.2019
-0.5090,-1.2169
-0.4818,-1.2306
-0.4540,-1.2432
-0.4258,-1.2545
-0.3971,-1.2646
-0.3681,-1.2734
-0.3387,-1.2810
-0.3090,-1.2873
-0.2790,-1.2924
-0.2487,-1.2962
-0.2181,-1.2987
-0.1874,-1.2999
-0.1564,-1.2998
-0.1253,-1.2984
-0.0941,-1.2958
-0.0628,-1.2919
-0.0314,-1.2867
0.0000,-1.2802
0.0314,-1.2725
0.0628,-1.2635
0.0941,-1.2533
0.1253,-1.2419
0.1564,-1.2292
0.1874,-1.2153
0.2181,-1.2002
0.2487,-1.1839
0.2790,-1.1664
0.3090,-1.1478
0.3387,-1.1281
0.3681,-1.1072
0.3971,-1.0853
0.4258,-1.0623
0.4540,-1.0382
0.4818,-1.0131
0.5090,-0.9871
0.5358,-0.9600
0.5621,-0.9320
0.5878,-0.9031
0.6129,-0.8732
0.6374,-0.8426
0.6613,-0.8110
0.6845,-0.7787
0.7071,-0.7456
0.7290,-0.7118
0.7501,-0.6773
0.7705,-0.6421
0.7902,-0.6063
0.8090,-0.5699
0.8271,-0.5329
0.8443,-0.4954
0.8607,-0.4574
0.8763,-0.4189
0.8910,-0.3801
0.9048,-0.3408
0.9178,-0.3013
0.9298,-0.2614
0.9409,-0.2213
0.9511,-0.1809
0.9603,-0.1404
0.9686,-0.0997
0.9759,-0.0590
0.9823,-0.0181
0.9877,0.0227
0.9921,0.0635
0.9956,0.1043
0.9980,0.1449
0.9995,0.1854
1.0000,0.2257
0.9995,0.2658
0.9980,0.3057
0.9956,0.3452
0.9921,0.3844
0.9877,0.4232
0.9823,0.4616
0.9759,0.4996
0.9686,0.5370
0.9603,0.5740
0.9511,0.6103
0.9409,0.6461
0.9298,0.6812
0.9178,0.7156
0.9048,0.7494
0.8910,0.7824
0.8763,0.8146
0.8607,0.8460
0.8443,0.8766
0.8271,0.9063
0.8090,0.9351
0.7902,0.9630
0.7705,0.9900
0.7501,1.0160
0.7290,1.0410
0.7071,1.0649
0.6845,1.0878
0.6613,1.1096
0.6374,1.1303
0.6129,1.1500
0.5878,1.1684
0.5621,1.1858
0.5358,1.2019
0.5090,1.2169
0.4818,1.2306
0.4540,1.2432
0.4258,1.2545
0.3971,1.2646
0.3681,1.2734
0.3387,1.2810
0.3090,1.2873
0.2790,1.2924
0.2487,1.2962
0.2181,1.2987
0.1874,1.2999
0.1564,1.2998
0.1253,1.2984
0.0941,1.2958
0.0628,1.2919
0.0314,1.2867
0.0000,1.2802
-0.0314,1.2725
-0.0628,1.2635
-0.0941,1.2533
-0.1253,1.2419
-0.1564,1.2292
-0.1874,1.2153
-0.2181,1.2002
-0.2487,1.1839
-0.2790,1.1664
-0.3090,1.1478
-0.3387,1.1281
-0.3681,1.1072
-0.3971,1.0853
-0.4258,1.0623
-0.4540,1.0382
-0.4818,1.0131
-0.5090,0.9871
-0.5358,0.9600
-0.5621,0.9320
-0.5878,0.9031
-0.6129,0.8732
-0.6374,0.8426
-0.6613,0.8110
-0.6845,0.7787
-0.7071,0.7456
-0.7290,0.7118
-0.7501,0.6773
-0.7705,0.6421
-0.7902,0.6063
-0.8090,0.5699
-0.8271,0.5329
-0.8443,0.4954
-0.8607,0.4574
-0.8763,0.4189
-0.8910,0.3801
-0.9048,0.3408
-0.9178,0.3013
-0.9298,0.2614
-0.9409,0.2213
-0.9511,0.1809
-0.9603,0.1404
-0.9686,0.0997
-0.9759,0.0590
-0.9823,0.0181
-0.9877,-0.0227
-0.9921,-0.0635
-0.9956,-0.1043
-0.9980,-0.1449
-0.9995,-0.1854
-1.0000,-0.2257
-0.9995,-0.2658
-0.9980,-0.3057
-0.9956,-0.3452
-0.9921,-0.3844
-0.9877,-0.4232
-0.9823,-0.4616
-0.9759,-0.4996
-0.9686,-0.5370
-0.9603,-0.5740
-0.9511,-0.6103
-0.9409,-0.6461
-0.9298,-0.6812
-0.9178,-0.7156
-0.9048,-0.7494
-0.8910,-0.7824
-0.8763,-0.8146
-0.8607,-0.8460
-0.8443,-0.8766
-0.8271,-0.9063
-0.8090,-0.9351
-0.7902,-0.9630
-0.7705,-0.9900
-0.7501,-1.0160
-0.7290,-1.0410
-0.7071,-1.0649
-0.6845,-1.0878
-0.6613,-1.1096
-0.6374,-1.1303
-0.6129,-1.1500
-0.5878,-1.1684
-0.5621,-1.1858
-0.5358,-1.2019
-0.5090,-1.2169
-0.4818,-1.2306
-0.4540,-1.2432
-0.4258,-1.2545
-0.3971,-1.2646
-0.3681,-1.2734
-0.3387,-1.2810
-0.3090,-1.2873
-0.2790,-1.2924
-0.2487,-1.2962
-0.2181,-1.2987
-0.1874,-1.2999
-0.1564,-1.2998
-0.1253,-1.2984
-0.0941,-1.2958
-0.0628,-1.2919
-0.0314,-1.2867
0.0000,-1.2802
0.0314,-1.2725
0.0628,-1.2635
0.0941,-1.2533
0.1253,-1.2419
0.1564,-1.2292
0.1874,-1.2153
0.2181,-1.2002
0.2487,-1.1839
0.2790,-1.1664
0.3090,-1.1478
0.3387,-1.1281
0.3681,-1.1072
0.3971,-1.0853
0.4258,-1.0623
0.4540,-1.0382
0.4818,-1.0131
0.5090,-0.9871
0.5358,-0.9600
0.5621,-0.9320
0.5878,-0.9031
0.6129,-0.8732
0.6374,-0.8426
0.6613,-0.8110
0.6845,-0.7787
0.7071,-0.7457
0.7290,-0.7118
0.7501,-0.6773
0.7705,-0.6421
0.7902,-0.6063
0.8090,-0.5699
0.8271,-0.5329
0.8443,-0.4954
0.8607,-0.4574
0.8763,-0.4189
0.8910,-0.3801
0.9048,-0.3408
0.9178,-0.3013
0.9298,-0.2614
0.9409,-0.2213
0.9511,-0.1809
0.9603,-0.1404
0.9686,-0.0997
0.9759,-0.0590
0.9823,-0.0182
0.9877,0.0227
0.9921,0.0635
0.9956,0.1043
0.9980,0.1449
0.9995,0.1854
1.0000,0.2257
0.9995,0.2658
0.9980,0.3057
0.9956,0.3452
0.9921,0.3844
0.9877,0.4232
0.9823,0.4616
0.9759,0.4996
0.9686,0.5370
0.9603,0.5740
0.9511,0.6103
0.9409,0.6461
0.9298,0.6812
0.9178,0.7156
0.9048,0.7494
0.8910,0.7824
0.8763,0.8146
0.8607,0.8460
0.8443,0.8766
0.8271,0.9063
0.8090,0.9351
0.7902,0.9630
0.7705,0.9900
0.7501,1.0160
0.7290,1.0410
0.7071,1.0649
0.6845,1.0878
0.6613,1.1096
0.6374,1.1303
0.6129,1.1500
0.5878,1.1684
0.5621,1.1858
0.5358,1.2019
0.5090,1.2169
0.4818,1.2306
0.4540,1.2432
0.4258,1.2545
0.3971,1.2646
0.3681,1.2734
0.3387,1.2810
0.3090,1.2873
0.2790,1.2924
0.2487,1.2962
0.2181,1.2987
0.1874,1.2999
0.1564,1.2998
0.1253,1.2984
0.0941,1.2958
0.0628,1.2919
0.0314,1.2867
0.0000,1.2802
-0.0314,1.2725
-0.0628,1.2635
-0.0941,1.2533
-0.1253,1.2419
-0.1564,1.2292
-0.1874,1.2153
-0.2181,1.2002
-0.2487,1.1839
-0.2790,1.1664
-0.3090,1.1478
-0.3387,1.1281
-0.3681,1.1072
-0.3971,1.0853
-0.4258,1.0623
-0.4540,1.0382
-0.4818,1.0131
-0.5090,0.9871
-0.5358,0.9600
-0.5621,0.9320
-0.5878,0.9031
-0.6129,0.8732
-0.6374,0.8426
-0.6613,0.8110
-0.6845,0.7787
-0.7071,0.7456
-0.7290,0.7118
-0.7501,0.6773
-0.7705,0.6421
-0.7902,0.6063
-0.8090,0.5699
-0.8271,0.5329
-0.8443,0.4954
-0.8607,0.4574
-0.8763,0.4189
-0.8910,0.3801
-0.9048,0.3408
-0.9178,0.3013
-0.9298,0.2614
-0.9409,0.2213
-0.9511,0.1809
-0.9603,0.1404
-0.9686,0.0997
-0.9759,0.0590
-0.9823,0.0181
-0.9877,-0.0227
-0.9921,-0.0635
-0.9956,-0.1043
-0.9980,-0.1449
-0.9995,-0.1854
-1.0000,-0.2257
-0.9995,-0.2658
-0.9980,-0.3057
-0.9956,-0.3452
-0.9921,-0.3844
-0.9877,-0.4232
-0.9823,-0.4616
-0.9759,-0.4996
-0.9686,-0.5370
-0.9603,-0.5740
-0.9511,-0.6103
-0.9409,-0.6461
-0.9298,-0.6812
-0.9178,-0.7156
-0.9048,-0.7494
-0.8910,-0.7824
-0.8763,-0.8146
-0.8607,-0.8460
-0.8443,-0.8766
-0.8271,-0.9063
-0.8090,-0.9351
-0.7902,-0.9630
-0.7705,-0.9900
-0.7501,-1.0160
-0.7290,-1.0409
-0.7071,-1.0649
-0.6845,-1.0878
-0.6613,-1.1096
-0.6374,-1.1303
-0.6129,-1.1500
-0.5878,-1.1684
-0.5621,-1.1858
-0.5358,-1.2019
-0.5090,-1.2169
-0.4818,-1.2306
-0.4540,-1.2432
-0.4258,-1.2545
-0.3971,-1.2646
-0.3681,-1.2734
-0.3387,-1.2810
-0.3090,-1.2873
-0.2790,-1.2924
-0.2487,-1.2962
-0.2181,-1.2987
-0.1874,-1.2999
-0.1564,-1.2998
-0.1253,-1.2984
-0.0941,-1.2958
-0.0628,-1.2919
-0.0314,-1.2867
0.0000,-1.2803
0.0314,-1.2725
0.0628,-1.2635
0.0941,-1.2533
0.1253,-1.2419
0.1564,-1.2292
0.1874,-1.2153
0.2181,-1.2002
0.2487,-1.1839
0.2790,-1.1664
0.3090,-1.1478
0.3387,-1.1281
0.3681,-1.1072
0.3971,-1.0853
0.4258,-1.0623
0.4540,-1.0382
0.4818,-1.0131
0.5090,-0.9871
0.5358,-0.9600
0.5621,-0.9320
0.5878,-0.9031
0.6129,-0.8732
0.6374,-0.8426
0.6613,-0.8110
0.6845,-0.7787
0.7071,-0.7456
0.7290,-0.7118
0.7501,-0.6773
0.7705,-0.6421
0.7902,-0.6063
0.8090,-0.5699
0.8271,-0.5329
0.8443,-0.4954
0.8607,-0.4574
0.8763,-0.4189
0.8910,-0.3801
0.9048,-0.3408
0.9178,-0.3013
0.9298,-0.2614
0.9409,-0.2213
0.9511,-0.1809
0.9603,-0.1404
0.9686,-0.0997
0.9759,-0.0590
0.9823,-0.0182
0.9877,0.0227
0.9921,0.0635
0.9956,0.1043
0.9980,0.1449
0.9995,0.1854
1.0000,0.2257
0.9995,0.2658
0.9980,0.3057
0.9956,0.3452
0.9921,0.3844
0.9877,0.4232
0.9823,0.4616
0.9759,0.4996
0.9686,0.5370
0.9603,0.5740
0.9511,0.6103
0.9409,0.6461
0.9298,0.6812
0.9178,0.7156
0.9048,0.7494
0.8910,0.7824
0.8763,0.8146
0.8607,0.8460
0.8443,0.8766
0.8271,0.9063
0.8090,0.9351
0.7902,0.9630
0.7705,0.9900
0.7501,1.0160
0.7290,1.0410
0.7071,1.0649
0.6845,1.0878
0.6613,1.1096
0.6374,1.1303
0.6129,1.1500
0.5878,1.1684
0.5621,1.1858
0.5358,1.2019
0.5090,1.2169
0.4818,1.2306
0.4540,1.2432
0.4258,1.2545
0.3971,1.2646
0.3681,1.2734
0.3387,1.2810
0.3090,1.2873
0.2790,1.2924
0.2487,1.2962
0.2181,1.2987
0.1874,1.2999
0.1564,1.2998
0.1253,1.2984
0.0941,1.2958
0.0628,1.2919
0.0314,1.2867
0.0000,1.2802
-0.0314,1.2725
-0.0628,1.2635
-0.0941,1.2533
-0.1253,1.2419
-0.1564,1.2292
-0.1874,1.2153
-0.2181,1.2002
-0.2487,1.1839
-0.2790,1.1664
-0.3090,1.1478
-0.3387,1.1281
-0.3681,1.1072
-0.3971,1.0853
-0.4258,1.0623
-0.4540,1.0382
-0.4818,1.0131
-0.5090,0.9871
-0.5358,0.9600
-0.5621,0.9320
-0.5878,0.9031
-0.6129,0.8732
-0.6374,0.8426
-0.6613,0.8110
-0.6845,0.7787
-0.7071,0.7457
-0.7290,0.7118
-0.7501,0.6773
-0.7705,0.6421
-0.7902,0.6063
-0.8090,0.5699
-0.8271,0.5329
-0.8443,0.4954
-0.8607,0.4574
-0.8763,0.4189
-0.8910,0.3801
-0.9048,0.3408
-0.9178,0.3013
-0.9298,0.2614
-0.9409,0.2213
-0.9511,0.1809
-0.9603,0.1404
-0.9686,0.0997
-0.9759,0.0590
-0.9823,0.0182
-0.9877,-0.0227
-0.9921,-0.0635
-0.9956,-0.1043
-0.9980,-0.1449
-0.9995,-0.1854
-1.0000,-0.2257
-0.9995,-0.2658
-0.9980,-0.3057
-0.9956,-0.3452
-0.9921,-0.3844
-0.9877,-0.4232
-0.9823,-0.4616
-0.9759,-0.4996
-0.9686,-0.5370
-0.9603,-0.5740
-0.9511,-0.6103
-0.9409,-0.6461
-0.9298,-0.6812
-0.9178,-0.7156
-0.9048,-0.7494
-0.8910,-0.7824
-0.8763,-0.8146
-0.8607,-0.8460
-0.8443,-0.8766
-0.8271,-0.9063
-0.8090,-0.9351
-0.7902,-0.9630
-0.7705,-0.9900
-0.7501,-1.0160
-0.7290,-1.0410
-0.7071,-1.0649
-0.6845,-1.0878
-0.6613,-1.1096
-0.6374,-1.1303
-0.6129,-1.1500
-0.5878,-1.1684
-0.5621,-1.1858
-0.5358,-1.2019
-0.5090,-1.2169
-0.4818,-1.2306
-0.4540,-1.2432
-0.4258,-1.2545
-0.3971,-1.2646
-0.3681,-1.2734
-0.3387,-1.2810
-0.3090,-1.2873
-0.2790,-1.2924
-0.2487,-1.2962
-0.2181,-1.2987
-0.1874,-1.2999
-0.1564,-1.2998
-0.1253,-1.2984
-0.0941,-1.2958
-0.0628,-1.2919
-0.0314,-1.2867
0.0000,-1.2802
0.0314,-1.2725
0.0628,-1.2635
0.0941,-1.2533
0.1253,-1.2419
0.1564,-1.2292
0.1874,-1.2153
0.2181,-1.2002
0.2487,-1.1839
0.2790,-1.1664
0.3090,-1.1478
0.3387,-1.1281
0.3681,-1.1072
0.3971,-1.0853
0.4258,-1.0623
0.4540,-1.0382
0.4818,-1.0131
0.5090,-0.9870
0.5358,-0.9600
0.5621,-0.9320
0.5878,-0.9031
0.6129,-0.8732
0.6374,-0.8426
0.6613,-0.8110
0.6845,-0.7787
0.7071,-0.7456
0.7290,-0.7118
0.7501,-0.6773
0.7705,-0.6421
0.7902,-0.6063
0.8090,-0.5699
0.8271,-0.5329
0.8443,-0.4954
0.8607,-0.4574
0.8763,-0.4189
0.8910,-0.3801
0.9048,-0.3408
0.9178,-0.3013
0.9298,-0.2614
0.9409,-0.2213
0.9511,-0.1809
0.9603,-0.1404
0.9686,-0.0997
0.9759,-0.0590
0.9823,-0.0181
0.9877,0.0227
0.9921,0.0635
0.9956,0.1043
0.9980,0.1449
0.9995,0.1854
1.0000,0.2257
0.9995,0.2658
0.9980,0.3057
0.9956,0.3452
0.9921,0.3844
0.9877,0.4232
0.9823,0.4616
0.9759,0.4996
0.9686,0.5370
0.9603,0.5740
0.9511,0.6103
0.9409,0.6461
0.9298,0.6812
0.9178,0.7156
0.9048,0.7494
0.8910,0.7824
0.8763,0.8146
0.8607,0.8460
0.8443,0.8766
0.8271,0.9063
0.8090,0.9351
0.7902,0.9630
0.7705,0.9900
0.7501,1.0160
0.7290,1.0409
0.7071,1.0649
0.6845,1.0878
0.6613,1.1096
0.6374,1.1303
0.6129,1.1500
0.5878,1.1684
0.5621,1.1858
0.5358,1.2019
0.5090,1.2169
0.4818,1.2306
0.4540,1.2432
0.4258,1.2545
0.3971,1.2646
0.3681,1.2734
0.3387,1.2810
0.3090,1.2873
0.2790,1.2924
0.2487,1.2962
0.2181,1.2987
0.1874,1.2999
0.1564,1.2998
0.1253,1.2984
0.0941,1.2958
0.0628,1.2919
0.0314,1.2867
0.0000,1.2803
-0.0314,1.2725
-0.0628,1.2635
-0.0941,1.2533
-0.1253,1.2419
-0.1564,1.2292
-0.1874,1.2153
-0.2181,1.2002
-0.2487,1.1839
-0.2790,1.1664
-0.3090,1.1478
-0.3387,1.1281
-0.3681,1.1072
-0.3971,1.0853
-0.4258,1.0623
-0.4540,1.0382
-0.4818,1.0131
-0.5090,0.9871
-0.5358,0.9600
-0.5621,0.9320
-0.5878,0.9031
-0.6129,0.8732
-0.6374,0.8426
-0.6613,0.8110
-0.6845,0.7787
-0.7071,0.7456
-0.7290,0.7118
-0.7501,0.6773
-0.7705,0.6421
-0.7902,0.6063
-0.8090,0.5699
-0.8271,0.5329
-0.8443,0.4954
-0.8607,0.4574
-0.8763,0.4189
-0.8910,0.3801
-0.9048,0.3409
-0.9178,0.3013
-0.9298,0.2614
-0.9409,0.2213
-0.9511,0.1809
-0.9603,0.1404
-0.9686,0.0997
-0.9759,0.0590
-0.9823,0.0182
-0.9877,-0.0227
-0.9921,-0.0635
-0.9956,-0.1043
-0.9980,-0.1449
-0.9995,-0.1854
-1.0000,-0.2257
-0.9995,-0.2658
-0.9980,-0.3057
-0.9956,-0.3452
-0.9921,-0.3844
-0.9877,-0.4232
-0.9823,-0.4616
-0.9759,-0.4996
-0.9686,-0.5370
-0.9603,-0.5740
-0.9511,-0.6103
-0.9409,-0.6461
-0.9298,-0.6812
-0.9178,-0.7156
-0.9048,-0.7494
-0.8910,-0.7824
-0.8763,-0.8146
-0.8607,-0.8460
-0.8443,-0.8766
-0.8271,-0.9063
-0.8090,-0.9351
-0.7902,-0.9630
-0.7705,-0.9900
-0.7501,-1.0160
-0.7290,-1.0410
-0.7071,-1.0649
-0.6845,-1.0878
-0.6613,-1.1096
-0.6374,-1.1303
-0.6129,-1.1500
-0.5878,-1.1684
-0.5621,-1.1858
-0.5358,-1.2019
-0.5090,-1.2169
-0.4818,-1.2306
-0.4540,-1.2432
-0.4258,-1.2545
-0.3971,-1.2646
-0.3681,-1.2734
-0.3387,-1.2810
-0.3090,-1.2873
-0.2790,-1.2924
-0.2487,-1.2962
-0.2181,-1.2987
-0.1874,-1.2999
-0.1564,-1.2998
-0.1253,-1.2984
-0.0941,-1.2958
-0.0628,-1.2919
-0.0314,-1.2867
0.0000,-1.2802
0.0314,-1.2725
0.0628,-1.2635
0.0941,-1.2533
0.1253,-1.2419
0.1564,-1.2292
0.1874,-1.2153
0.2181,-1.2002
0.2487,-1.1839
0.2790,-1.1664
0.3090,-1.1478
0.3387,-1.1281
0.3681,-1.1072
0.3971,-1.0853
0.4258,-1.0623
0.4540,-1.0382
0.4818,-1.0131
0.5090,-0.9871
0.5358,-0.9600
0.5621,-0.9320
0.5878,-0.9031
0.6129,-0.8732
0.6374,-0.8426
0.6613,-0.8110
0.6845,-0.7787
0.7071,-0.7457
0.7290,-0.7118
0.7501,-0.6773
0.7705,-0.6421
0.7902,-0.6063
0.8090,-0.5699
0.8271,-0.5329
0.8443,-0.4954
0.8607,-0.4574
0.8763,-0.4189
0.8910,-0.3801
0.9048,-0.3408
0.9178,-0.3013
0.9298,-0.2614
0.9409,-0.2213
0.9511,-0.1809
0.9603,-0.1404
0.9686,-0.0997
0.9759,-0.0590
0.9823,-0.0182
0.9877,0.0227
0.9921,0.0635
0.9956,0.1043
0.9980,0.1449
0.9995,0.1854
1.0000,0.2257
0.9995,0.2658
0.9980,0.3057
0.9956,0.3452
0.9921,0.3844
0.9877,0.4232
0.9823,0.4616
0.9759,0.4996
0.9686,0.5370
0.9603,0.5740
0.9511,0.6103
0.9409,0.6461
0.9298,0.6812
0.9178,0.7156
0.9048,0.7494
0.8910,0.7824
0.8763,0.8146
0.8607,0.8460
0.8443,0.8766
0.8271,0.9063
0.8090,0.9351
0.7902,0.9630
0.7705,0.9900
0.7501,1.0160
0.7290,1.0410
0.7071,1.0649
0.6845,1.0878
0.6613,1.1096
0.6374,1.1303
0.6129,1.1500
0.5878,1.1684
0.5621,1.1858
0.5358,1.2019
0.5090,1.2169
0.4818,1.2306
0.4540,1.2432
0.4258,1.2545
0.3971,1.2646
0.3681,1.2734
0.3387,1.2810
0.3090,1.2873
0.2790,1.2924
0.2487,1.2962
0.2181,1.2987
0.1874,1.2999
0.1564,1.2998
0.1253,1.2984
0.0941,1.2958
0.0628,1.2919
0.0314,1.2867
0.0000,1.2802
-0.0314,1.2725
-0.0628,1.2635
-0.0941,1.2533
-0.1253,1.2419
-0.1564,1.2292
-0.1874,1.2153
-0.2181,1.2002
-0.2487,1.1839
-0.2790,1.1664
-0.3090,1.1478
-0.3387,1.1281
-0.3681,1.1072
-0.3971,1.0853
-0.4258,1.0623
-0.4540,1.0382
-0.4818,1.0131
-0.5090,0.9871
-0.5358,0.9600
-0.5621,0.9320
-0.5878,0.9031
-0.6129,0.8732
-0.6374,0.8426
-0.6613,0.8110
-0.6845,0.7787
-0.7071,0.7456
-0.7290,0.7118
-0.7501,0.6773
-0.7705,0.6421
-0.7902,0.6063
-0.8090,0.5699
-0.8271,0.5329
-0.8443,0.4954
-0.8607,0.4574
-0.8763,0.4189
-0.8910,0.3801
-0.9048,0.3408
-0.9178,0.3013
-0.9298,0.2614
-0.9409,0.2213
-0.9511,0.1809
-0.9603,0.1404
-0.9686,0.0997
-0.9759,0.0590
-0.9823,0.0182
-0.9877,-0.0227
-0.9921,-0.0635
-0.9956,-0.1043
-0.9980,-0.1449
-0.9995,-0.1854
-1.0000,-0.2257
-0.9995,-0.2658
-0.9980,-0.3057
-0.9956,-0.3452
-0.9921,-0.3844
-0.9877,-0.4232
-0.9823,-0.4616
-0.9759,-0.4996
-0.9686,-0.5370
-0.9603,-0.5740
-0.9511,-0.6103
-0.9409,-0.6461
-0.9298,-0.6812
-0.9178,-0.7156
-0.9048,-0.7494
-0.8910,-0.7824
-0.8763,-0.8146
-0.8607,-0.8460
-0.8443,-0.8766
-0.8271,-0.9063
-0.8090,-0.9351
-0.7902,-0.9630
-0.7705,-0.9900
-0.7501,-1.0160
-0.7290,-1.0410
-0.7071,-1.0649
-0.6845,-1.0878
-0.6613,-1.1096
-0.6374,-1.1303
-0.6129,-1.1500
-0.5878,-1.1684
-0.5621,-1.1858
-0.5358,-1.2019
-0.5090,-1.2169
-0.4818,-1.2306
-0.4540,-1.2432
-0.4258,-1.2545
-0.3971,-1.2646
-0.3681,-1.2734
-0.3387,-1.2810
-0.3090,-1.2873
-0.2790,-1.2924
-0.2487,-1.2962
-0.2181,-1.2987
-0.1874,-1.2999
-0.1564,-1.2998
-0.1253,-1.2984
-0.0941,-1.2958
-0.0628,-1.2919
-0.0314,-1.2867
0.0000,-1.2802
0.0314,-1.2725
0.0628,-1.2635
0.0941,-1.2533
0.1253,-1.2419
0.1564,-1.2292
0.1874,-1.2153
0.2181,-1.2002
0.2487,-1.1839
0.2790,-1.1664
0.3090,-1.1478
0.3387,-1.1281
0.3681,-1.1072
0.3971,-1.0853
0.4258,-1.0623
0.4540,-1.0382
0.4818,-1.0131
0.5090,-0.9871
0.5358,-0.9600
0.5621,-0.9320
0.5878,-0.9031
0.6129,-0.8732
0.6374,-0.8426
0.6613,-0.8110
0.6845,-0.7787
0.7071,-0.7456
0.7290,-0.7118
0.7501,-0.6773
0.7705,-0.6421
0.7902,-0.6063
0.8090,-0.5699
0.8271,-0.5329
0.8443,-0.4954
0.8607,-0.4574
0.8763,-0.4190
0.8910,-0.3801
0.9048,-0.3408
0.9178,-0.3013
0.9298,-0.2614
0.9409,-0.2213
0.9511,-0.1809
0.9603,-0.1404
0.9686,-0.0997
0.9759,-0.0590
0.9823,-0.0181
0.9877,0.0227
0.9921,0.0635
0.9956,0.1043
0.9980,0.1449
0.9995,0.1854
1.0000,0.2257
0.9995,0.2659
0.9980,0.3057
0.9956,0.3452
0.9921,0.3844
0.9877,0.4232
0.9823,0.4616
0.9759,0.4996
0.9686,0.5370
0.9603,0.5740
0.9511,0.6103
0.9409,0.6461
0.9298,0.6812
0.9178,0.7156
0.9048,0.7494
0.8910,0.7824
0.8763,0.8146
0.8607,0.8460
0.8443,0.8766
0.8271,0.9063
0.8090,0.9351
0.7902,0.9631
0.7705,0.9900
0.7501,1.0160
0.7290,1.0410
0.7071,1.0649
0.6845,1.0878
0.6613,1.1096
0.6374,1.1303
0.6129,1.1500
0.5878,1.1684
0.5621,1.1858
0.5358,1.2019
0.5090,1.2169
0.4818,1.2306
0.4540,1.2432
0.4258,1.2545
0.3971,1.2646
0.3681,1.2734
0.3387,1.2810
0.3090,1.2873
0.2790,1.2924
0.2487,1.2962
0.2181,1.2987
0.1874,1.2999
0.1564,1.2998
0.1253,1.2984
0.0941,1.2958
0.0628,1.2919
0.0314,1.2867
0.0000,1.2803
-0.0314,1.2725
-0.0628,1.2635
-0.0941,1.2533
-0.1253,1.2419
-0.1564,1.2292
-0.1874,1.2153
-0.2181,1.2002
-0.2487,1.1839
-0.2790,1.1664
-0.3090,1.1478
-0.3387,1.1281
-0.3681,1.1072
-0.3971,1.0853
-0.4258,1.0623
-0.4540,1.0382
-0.4818,1.0131
-0.5090,0.9871
-0.5358,0.9600
-0.5621,0.9320
-0.5878,0.9031
-0.6129,0.8732
-0.6374,0.8426
-0.6613,0.8110
-0.6845,0.7787
-0.7071,0.7456
-0.7290,0.7118
-0.7501,0.6773
-0.7705,0.6421
-0.7902,0.6063
-0.8090,0.5699
-0.8271,0.5329
-0.8443,0.4954
-0.8607,0.4574
-0.8763,0.4189
-0.8910,0.3801
-0.9048,0.3409
-0.9178,0.3013
-0.9298,0.2614
-0.9409,0.2213
-0.9511,0.1809
-0.9603,0.1404
-0.9686,0.0997
-0.9759,0.0590
-0.9823,0.0182
-0.9877,-0.0227
-0.9921,-0.0635
-0.9956,-0.1043
-0.9980,-0.1449
-0.9995,-0.1854
-1.0000,-0.2257
-0.9995,-0.2658
-0.9980,-0.3057
-0.9956,-0.3452
-0.9921,-0.3844
-0.9877,-0.4232
-0.9823,-0.4616
-0.9759,-0.4996
-0.9686,-0.5370
-0.9603,-0.5740
-0.9511,-0.6103
-0.9409,-0.6461
-0.9298,-0.6812
-0.9178,-0.7156
-0.9048,-0.7494
-0.8910,-0.7824
-0.8763,-0.8146
-0.8607,-0.8460
-0.8443,-0.8766
-0.8271,-0.9063
-0.8090,-0.9351
-0.7902,-0.9630
-0.7705,-0.9900
-0.7501,-1.0160
-0.7290,-1.0409
-0.7071,-1.0649
-0.6845,-1.0878
-0.6613,-1.1096
-0.6374,-1.1303
-0.6129,-1.1500
-0.5878,-1.1684
-0.5621,-1.1858
-0.5358,-1.2019
-0.5090,-1.2169
-0.4818,-1.2306
-0.4540,-1.2432
-0.4258,-1.2545
-0.3971,-1.2646
-0.3681,-1.2734
-0.3387,-1.2810
-0.3090,-1.2873
-0.2790,-1.2924
-0.2487,-1.2962
-0.2181,-1.2987
-0.1874,-1.2999
-0.1564,-1.2998
-0.1253,-1.2984
-0.0941,-1.2958
-0.0628,-1.2919
-0.0314,-1.2867
0.0000,-1.2802
0.0314,-1.2725
0.0628,-1.2635
0.0941,-1.2533
0.1253,-1.2419
0.1564,-1.2292
0.1874,-1.2153
0.2181,-1.2002
0.2487,-1.1839
0.2790,-1.1664
0.3090,-1.1478
0.3387,-1.1281
0.3681,-1.1072
0.3971,-1.0853
0.4258,-1.0623
0.4540,-1.0382
0.4818,-1.0131
0.5090,-0.9871
0.5358,-0.9600
0.5621,-0.9320
0.5878,-0.9031
0.6129,-0.8732
0.6374,-0.8426
0.6613,-0.8110
0.6845,-0.7787
0.7071,-0.7456
0.7290,-0.7118
0.7501,-0.6773
0.7705,-0.6421
0.7902,-0.6063
0.8090,-0.5699
0.8271,-0.5329
0.8443,-0.4954
0.8607,-0.4574
0.8763,-0.4189
0.8910,-0.3801
0.9048,-0.3408
0.9178,-0.3013
0.9298,-0.2614
0.9409,-0.2213
0.9511,-0.1809
0.9603,-0.1404
0.9686,-0.0997
0.9759,-0.0590
0.9823,-0.0182
0.9877,0.0227
0.9921,0.0635
0.9956,0.1043
0.9980,0.1449
0.9995,0.1854
1.0000,0.2257
0.9995,0.2658
0.9980,0.3057
0.9956,0.3452
0.9921,0.3844
0.9877,0.4232
0.9823,0.4616
0.9759,0.4996
0.9686,0.5370
0.9603,0.5740
0.9511,0.6103
0.9409,0.6461
0.9298,0.6812
0.9178,0.7156
0.9048,0.7494
0.8910,0.7824
0.8763,0.8146
0.8607,0.8460
0.8443,0.8766
0.8271,0.9063
0.8090,0.9351
0.7902,0.9630
0.7705,0.9900
0.7501,1.0160
0.7290,1.0410
0.7071,1.0649
0.6845,1.0878
0.6613,1.1096
0.6374,1.1303
0.6129,1.1500
0.5878,1.1684
0.5621,1.1858
0.5358,1.2019
0.5090,1.2169
0.4818,1.2306
0.4540,1.2432
0.4258,1.2545
0.3971,1.2646
0.3681,1.2734
0.3387,1.2810
0.3090,1.2873
0.2790,1.2924
0.2487,1.2962
0.2181,1.2987
0.1874,1.2999
0.1564,1.2998
0.1253,1.2984
0.0941,1.2958
0.0628,1.2919
0.0314,1.2867
0.0000,1.2802
-0.0314,1.2725
-0.0628,1.2635
-0.0941,1.2533
-0.1253,1.2419
-0.1564,1.2292
-0.1874,1.2153
-0.2181,1.2002
-0.2487,1.1839
-0.2790,1.1664
-0.3090,1.1478
-0.3387,1.1281
-0.3681,1.1072
-0.3971,1.0853
-0.4258,1.0623
-0.4540,1.0382
-0.4818,1.0131
-0.5090,0.9870
-0.5358,0.9600
-0.5621,0.9320
-0.5878,0.9031
-0.6129,0.8732
-0.6374,0.8426
-0.6613,0.8110
-0.6845,0.7787
-0.7071,0.7457
-0.7290,0.7118
-0.7501,0.6773
-0.7705,0.6421
-0.7902,0.6063
-0.8090,0.5699
-0.8271,0.5329
-0.8443,0.4954
-0.8607,0.4574
-0.8763,0.4189
-0.8910,0.3801
-0.9048,0.3408
-0.9178,0.3013
-0.9298,0.2614
-0.9409,0.2213
-0.9511,0.1809
-0.9603,0.1404
-0.9686,0.0997
-0.9759,0.0590
-0.9823,0.0181
-0.9877,-0.0227
-0.9921,-0.0635
-0.9956,-0.1043
-0.9980,-0.1449
-0.9995,-0.1854
-1.0000,-0.2257
-0.9995,-0.2658
-0.9980,-0.3057
-0.9956,-0.3452
-0.9921,-0.3844
-0.9877,-0.4232
-0.9823,-0.4616
-0.9759,-0.4996
-0.9686,-0.5370
-0.9603,-0.5740
-0.9511,-0.6103
-0.9409,-0.6461
-0.9298,-0.6812
-0.9178,-0.7156
-0.9048,-0.7494
-0.8910,-0.7824
-0.8763,-0.8146
-0.8607,-0.8460
-0.8443,-0.8766
-0.8271,-0.9063
-0.8090,-0.9351
-0.7902,-0.9630
-0.7705,-0.9900
-0.7501,-1.0160
-0.7290,-1.0410
-0.7071,-1.0649
-0.6845,-1.0878
-0.6613,-1.1096
-0.6374,-1.1303
-0.6129,-1.1500
-0.5878,-1.1684
-0.5621,-1.1858
-0.5358,-1.2019
-0.5090,-1.2169
-0.4818,-1.2306
-0.4540,-1.2432
-0.4258,-1.2545
-0.3971,-1.2646
-0.3681,-1.2734
-0.3387,-1.2810
-0.3090,-1.2873
-0.2790,-1.2924
-0.2487,-1.2962
-0.2181,-1.2987
-0.1874,-1.2999
-0.1564,-1.2998
-0.1253,-1.2984
-0.0941,-1.2958
-0.0628,-1.2919
-0.0314,-1.2867
0.0000,-1.2803
0.0314,-1.2725
0.0628,-1.2635
0.0941,-1.2533
0.1253,-1.2419
0.1564,-1.2292
0.1874,-1.2153
0.2181,-1.2002
0.2487,-1.1839
0.2790,-1.1664
0.3090,-1.1478
0.3387,-1.1281
0.3681,-1.1072
0.3971,-1.0853
0.4258,-1.0623
0.4540,-1.0382
0.4818,-1.0131
0.5090,-0.9871
0.5358,-0.9600
0.5621,-0.9320
0.5878,-0.9031
0.6129,-0.8732
0.6374,-0.8426
0.6613,-0.8110
0.6845,-0.7787
0.7071,-0.7456
0.7290,-0.7118
0.7501,-0.6773
0.7705,-0.6421
0.7902,-0.6063
0.8090,-0.5699
0.8271,-0.5329
0.8443,-0.4954
0.8607,-0.4574
0.8763,-0.4189
0.8910,-0.3801
0.9048,-0.3409
0.9178,-0.3013
0.9298,-0.2614
0.9409,-0.2213
0.9511,-0.1809
0.9603,-0.1404
0.9686,-0.0997
0.9759,-0.0590
0.9823,-0.0181
0.9877,0.0227
0.9921,0.0635
0.9956,0.1043
0.9980,0.1449
0.9995,0.1854
1.0000,0.2257
0.9995,0.2658
0.9980,0.3057
0.9956,0.3452
0.9921,0.3844
0.9877,0.4232
0.9823,0.4616
0.9759,0.4996
0.9686,0.5370
0.9603,0.5740
0.9511,0.6103
0.9409,0.6461
0.9298,0.6812
0.9178,0.7156
0.9048,0.7494
0.8910,0.7824
0.8763,0.8146
0.8607,0.8460
0.8443,0.8766
0.8271,0.9063
0.8090,0.9351
0.7902,0.9630
0.7705,0.9900
0.7501,1.0160
0.7290,1.0410
0.7071,1.0649
0.6845,1.0878
0.6613,1.1096
0.6374,1.1303
0.6129,1.1500
0.5878,1.1684
0.5621,1.1858
0.5358,1.2019
0.5090,1.2169
0.4818,1.2306
0.4540,1.2432
0.4258,1.2545
0.3971,1.2646
0.3681,1.2734
0.3387,1.2810
0.3090,1.2873
0.2790,1.2924
0.2487,1.2962
0.2181,1.2987
0.1874,1.2999
0.1564,1.2998
0.1253,1.2984
0.0941,1.2958
0.0628,1.2919
0.0314,1.2867
0.0000,1.2802
-0.0314,1.2725
-0.0628,1.2635
-0.0941,1.2533
-0.1253,1.2419
-0.1564,1.2292
-0.1874,1.2153
-0.2181,1.2002
-0.2487,1.1839
-0.2790,1.1664
-0.3090,1.1478
-0.3387,1.1281
-0.3681,1.1072
-0.3971,1.0853
-0.4258,1.0623
-0.4540,1.0382
-0.4818,1.0131
-0.5090,0.9871
-0.5358,0.9600
-0.5621,0.9320
-0.5878,0.9031
-0.6129,0.8732
-0.6374,0.8426
-0.6613,0.8110
-0.6845,0.7787
-0.7071,0.7456
-0.7290,0.7118
-0.7501,0.6773
-0.7705,0.6421
-0.7902,0.6063
-0.8090,0.5699
-0.8271,0.5329
-0.8443,0.4954
-0.8607,0.4574
-0.8763,0.4189
-0.8910,0.3801
-0.9048,0.3408
-0.9178,0.3013
-0.9298,0.2614
-0.9409,0.2213
-0.9511,0.1809
-0.9603,0.1404
-0.9686,0.0997
-0.9759,0.0590
-0.9823,0.0182
-0.9877,-0.0227
-0.9921,-0.0635
-0.9956,-0.1043
-0.9980,-0.1449
-0.9995,-0.1854
-1.0000,-0.2257
-0.9995,-0.2658
-0.9980,-0.3057
-0.9956,-0.3452
-0.9921,-0.3844
-0.9877,-0.4232
-0.9823,-0.4616
-0.9759,-0.4996
-0.9686,-0.5370
-0.9603,-0.5740
-0.9511,-0.6103
-0.9409,-0.6461
-0.9298,-0.6812
-0.9178,-0.7156
-0.9048,-0.7494
-0.8910,-0.7824
-0.8763,-0.8146
-0.8607,-0.8460
-0.8443,-0.8766
-0.8271,-0.9063
-0.8090,-0.9351
-0.7902,-0.9630
-0.7705,-0.9900
-0.7501,-1.0160
-0.7290,-1.0410
-0.7071,-1.0649
-0.6845,-1.0878
-0.6613,-1.1096
-0.6374,-1.1303
-0.6129,-1.1500
-0.5878,-1.1684
-0.5621,-1.1858
-0.5358,-1.2019
-0.5090,-1.2169
-0.4818,-1.2306
-0.4540,-1.2432
-0.4258,-1.2545
-0.3971,-1.2646
-0.3681,-1.2734
-0.3387,-1.2810
-0.3090,-1.2873
-0.2790,-1.2924
-0.2487,-1.2962
-0.2181,-1.2987
-0.1874,-1.2999
-0.1564,-1.2998
-0.1253,-1.2984
-0.0941,-1.2958
-0.0628,-1.2919
-0.0314,-1.2867
0.0000,-1.2802
0.0314,-1.2725
0.0628,-1.2635
0.0941,-1.2533
0.1253,-1.2419
0.1564,-1.2292
0.1874,-1.2153
0.2181,-1.2002
0.2487,-1.1839
0.2790,-1.1664
0.3090,-1.1478
0.3387,-1.1281
0.3681,-1.1072
0.3971,-1.0853
0.4258,-1.0623
0.4540,-1.0382
0.4818,-1.0131
0.5090,-0.9871
0.5358,-0.9600
0.5621,-0.9320
0.5878,-0.9031
0.6129,-0.8732
0.6374,-0.8426
0.6613,-0.8110
0.6845,-0.7787
0.7071,-0.7456
0.7290,-0.7118
0.7501,-0.6773
0.7705,-0.6421
0.7902,-0.6063
0.8090,-0.5699
0.8271,-0.5329
0.8443,-0.4954
0.8607,-0.4574
0.8763,-0.4190
0.8910,-0.3801
0.9048,-0.3408
0.9178,-0.3013
0.9298,-0.2614
0.9409,-0.2213
0.9511,-0.1809
0.9603,-0.1404
0.9686,-0.0997
0.9759,-0.0590
0.9823,-0.0181
0.9877,0.0227
0.9921,0.0635
0.9956,0.1043
0.9980,0.1449
0.9995,0.1854
1.0000,0.2257
0.9995,0.2659
0.9980,0.3057
0.9956,0.3452
0.9921,0.3844
0.9877,0.4232
0.9823,0.4616
0.9759,0.4996
0.9686,0.5370
0.9603,0.5740
0.9511,0.6103
0.9409,0.6461
0.9298,0.6812
0.9178,0.7156
0.9048,0.7494
0.8910,0.7824
0.8763,0.8146
0.8607,0.8460
0.8443,0.8766
0.8271,0.9063
0.8090,0.9351
0.7902,0.9631
0.7705,0.9900
0.7501,1.0160
0.7290,1.0410
0.7071,1.0649
0.6845,1.0878
0.6613,1.1096
0.6374,1.1303
0.6129,1.1500
0.5878,1.1684
0.5621,1.1858
0.5358,1.2019
0.5090,1.2169
0.4818,1.2306
0.4540,1.2432
0.4258,1.2545
0.3971,1.2646
0.3681,1.2734
0.3387,1.2810
0.3090,1.2873
0.2790,1.2924
0.2487,1.2962
0.2181,1.2987
0.1874,1.2999
0.1564,1.2998
0.1253,1.2984
0.0941,1.2958
0.0628,1.2919
0.0314,1.2867
0.0000,1.2802
-0.0314,1.2725
-0.0628,1.2635
-0.0941,1.2533
-0.1253,1.2419
-0.1564,1.2292
-0.1874,1.2153
-0.2181,1.2002
-0.2487,1.1839
-0.2790,1.1664
-0.3090,1.1478
-0.3387,1.1281
-0.3681,1.1072
-0.3971,1.0853
-0.4258,1.0623
-0.4540,1.0382
-0.4818,1.0131
-0.5090,0.9871
-0.5358,0.9600
-0.5621,0.9320
-0.5878,0.9031
-0.6129,0.8732
-0.6374,0.8426
-0.6613,0.8110
-0.6845,0.7787
-0.7071,0.7457
-0.7290,0.7118
-0.7501,0.6773
-0.7705,0.6421
-0.7902,0.6063
-0.8090,0.5699
-0.8271,0.5329
-0.8443,0.4954
-0.8607,0.4574
-0.8763,0.4189
-0.8910,0.3801
-0.9048,0.3408
-0.9178,0.3013
-0.9298,0.2614
-0.9409,0.2213
-0.9511,0.1809
-0.9603,0.1404
-0.9686,0.0997
-0.9759,0.0590
-0.9823,0.0182
-0.9877,-0.0227
-0.9921,-0.0635
-0.9956,-0.1043
-0.9980,-0.1449
-0.9995,-0.1854
-1.0000,-0.2257
-0.9995,-0.2658
-0.9980,-0.3057
-0.9956,-0.3452
-0.9921,-0.3844
-0.9877,-0.4232
-0.9823,-0.4616
-0.9759,-0.4996
-0.9686,-0.5370
-0.9603,-0.5740
-0.9511,-0.6103
-0.9409,-0.6461
-0.9298,-0.6812
-0.9178,-0.7156
-0.9048,-0.7494
-0.8910,-0.7824
-0.8763,-0.8146
-0.8607,-0.8460
-0.8443,-0.8766
-0.8271,-0.9063
-0.8090,-0.9351
-0.7902,-0.9630
-0.7705,-0.9900
-0.7501,-1.0160
-0.7290,-1.0409
-0.7071,-1.0649
-0.6845,-1.0878
-0.6613,-1.1096
-0.6374,-1.1303
-0.6129,-1.1500
-0.5878,-1.1684
-0.5621,-1.1858
-0.5358,-1.2019
-0.5090,-1.2169
-0.4818,-1.2306
-0.4540,-1.2432
-0.4258,-1.2545
-0.3971,-1.2646
-0.3681,-1.2734
-0.3387,-1.2810
-0.3090,-1.2873
-0.2790,-1.2924
-0.2487,-1.2962
-0.2181,-1.2987
-0.1874,-1.2999
-0.1564,-1.2998
-0.1253,-1.2984
-0.0941,-1.2958
-0.0628,-1.2919
-0.0314,-1.2867
0.0000,-1.2802
0.0314,-1.2725
0.0628,-1.2635
0.0941,-1.2533
0.1253,-1.2419
0.1564,-1.2292
0.1874,-1.2153
0.2181,-1.2002
0.2487,-1.1839
0.2790,-1.1664
0.3090,-1.1478
0.3387,-1.1281
0.3681,-1.1072
0.3971,-1.0853
0.4258,-1.0623
0.4540,-1.0382
0.4818,-1.0131
0.5090,-0.9871
0.5358,-0.9600
0.5621,-0.9320
0.5878,-0.9031
0.6129,-0.8732
0.6374,-0.8426
0.6613,-0.8110
0.6845,-0.7787
0.7071,-0.7456
0.7290,-0.7118
0.7501,-0.6773
0.7705,-0.6421
0.7902,-0.6063
0.8090,-0.5699
0.8271,-0.5329
0.8443,-0.4954
0.8607,-0.4574
0.8763,-0.4189
0.8910,-0.3801
0.9048,-0.3408
0.9178,-0.3013
0.9298,-0.2614
0.9409,-0.2213
0.9511,-0.1809
0.9603,-0.1404
0.9686,-0.0997
0.9759,-0.0590
0.9823,-0.0181
0.9877,0.0227
0.9921,0.0635
0.9956,0.1043
0.9980,0.1449
0.9995,0.1854
1.0000,0.2257
0.9995,0.2658
0.9980,0.3057
0.9956,0.3452
0.9921,0.3844
0.9877,0.4232
0.9823,0.4616
0.9759,0.4996
0.9686,0.5370
0.9603,0.5740
0.9511,0.6103
0.9409,0.6461
0.9298,0.6812
0.9178,0.7156
0.9048,0.7494
0.8910,0.7824
0.8763,0.8146
0.8607,0.8460
0.8443,0.8766
0.8271,0.9063
0.8090,0.9351
0.7902,0.9630
0.7705,0.9900
0.7501,1.0160
0.7290,1.0410
0.7071,1.0649
0.6845,1.0878
0.6613,1.1096
0.6374,1.1303
0.6129,1.1500
0.5878,1.1684
0.5621,1.1858
0.5358,1.2019
0.5090,1.2169
0.4818,1.2306
0.4540,1.2432
0.4258,1.2545
0.3971,1.2646
0.3681,1.2734
0.3387,1.2810
0.3090,1.2873
0.2790,1.2924
0.2487,1.2962
0.2181,1.2987
0.1874,1.2999
0.1564,1.2998
0.1253,1.2984
0.0941,1.2958
0.0628,1.2919
0.0314,1.2867
0.0000,1.2802
-0.0314,1.2725
-0.0628,1.2635
-0.0941,1.2533
-0.1253,1.2419
-0.1564,1.2292
-0.1874,1.2153
-0.2181,1.2002
-0.2487,1.1839
-0.2790,1.1664
-0.3090,1.1478
-0.3387,1.1281
-0.3681,1.1072
-0.3971,1.0853
-0.4258,1.0623
-0.4540,1.0382
-0.4818,1.0131
-0.5090,0.9870
-0.5358,0.9600
-0.5621,0.9320
-0.5878,0.9031
-0.6129,0.8732
-0.6374,0.8426
-0.6613,0.8110
-0.6845,0.7787
-0.7071,0.7457
-0.7290,0.7118
-0.7501,0.6773
-0.7705,0.6421
-0.7902,0.6063
-0.8090,0.5699
-0.8271,0.5329
-0.8443,0.4954
-0.8607,0.4574
-0.8763,0.4189
-0.8910,0.3801
-0.9048,0.3408
-0.9178,0.3013
-0.9298,0.2614
-0.9409,0.2213
-0.9511,0.1809
-0.9603,0.1404
-0.9686,0.0997
-0.9759,0.0590
-0.9823,0.0181
-0.9877,-0.0227
-0.9921,-0.0635
-0.9956,-0.1043
-0.9980,-0.1449
-0.9995,-0.1854
-1.0000,-0.2257
-0.9995,-0.2658
-0.9980,-0.3057
-0.9956,-0.3452
-0.9921,-0.3844
-0.9877,-0.4232
-0.9823,-0.4616
-0.9759,-0.4996
-0.9686,-0.5370
-0.9603,-0.5740
-0.9511,-0.6103
-0.9409,-0.6461
-0.9298,-0.6812
-0.9178,-0.7156
-0.9048,-0.7494
-0.8910,-0.7824
-0.8763,-0.8146
-0.8607,-0.8460
-0.8443,-0.8766
-0.8271,-0.9063
-0.8090,-0.9351
-0.7902,-0.9630
-0.7705,-0.9900
-0.7501,-1.0160
-0.7290,-1.0410
-0.7071,-1.0649
-0.6845,-1.0878
-0.6613,-1.1096
-0.6374,-1.1303
-0.6129,-1.1500
-0.5878,-1.1684
-0.5621,-1.1858
-0.5358,-1.2019
-0.5090,-1.2169
-0.4818,-1.2306
-0.4540,-1.2432
-0.4258,-1.2545
-0.3971,-1.2646
-0.3681,-1.2734
-0.3387,-1.2810
-0.3090,-1.2873
-0.2790,-1.2924
-0.2487,-1.2962
-0.2181,-1.2987
-0.1874,-1.2999
-0.1564,-1.2998
-0.1253,-1.2984
-0.0941,-1.2958
-0.0628,-1.2919
-0.0314,-1.2867
0.0000,-1.2803
0.0314,-1.2725
0.0628,-1.2635
0.0941,-1.2533
0.1253,-1.2419
0.1564,-1.2292
0.1874,-1.2153
0.2181,-1.2002
0.2487,-1.1839
0.2790,-1.1664
0.3090,-1.1478
0.3387,-1.1281
0.3681,-1.1072
0.3971,-1.0853
0.4258,-1.0623
0.4540,-1.0382
0.4818,-1.0131
0.5090,-0.9871
0.5358,-0.9600
0.5621,-0.9320
0.5878,-0.9031
0.6129,-0.8732
0.6374,-0.8426
0.6613,-0.8110
0.6845,-0.7787
0.7071,-0.7457
0.7290,-0.7118
0.7501,-0.6773
0.7705,-0.6421
0.7902,-0.6063
0.8090,-0.5699
0.8271,-0.5329
0.8443,-0.4954
0.8607,-0.4574
0.8763,-0.4190
0.8910,-0.3801
0.9048,-0.3409
0.9178,-0.3013
0.9298,-0.2614
0.9409,-0.2213
0.9511,-0.1809
0.9603,-0.1404
0.9686,-0.0997
0.9759,-0.0590
0.9823,-0.0181
0.9877,0.0227
0.9921,0.0635
0.9956,0.1043
0.9980,0.1449
0.9995,0.1854
1.0000,0.2258
0.9995,0.2658
0.9980,0.3057
0.9956,0.3452
0.9921,0.3844
0.9877,0.4232
0.9823,0.4616
0.9759,0.4996
0.9686,0.5370
0.9603,0.5740
0.9511,0.6103
0.9409,0.6461
0.9298,0.6812
0.9178,0.7156
0.9048,0.7494
0.8910,0.7824
0.8763,0.8146
0.8607,0.8460
0.8443,0.8766
0.8271,0.9063
0.8090,0.9351
0.7902,0.9630
0.7705,0.9900
0.7501,1.0160
0.7290,1.0410
0.7071,1.0649
0.6845,1.0878
0.6613,1.1096
0.6374,1.1303
0.6129,1.1500
0.5878,1.1684
0.5621,1.1858
0.5358,1.2019
0.5090,1.2169
0.4818,1.2306
0.4540,1.2432
0.4258,1.2545
0.3971,1.2646
0.3681,1.2734
0.3387,1.2810
0.3090,1.2873
0.2790,1.2924
0.2487,1.2962
0.2181,1.2987
0.1874,1.2999
0.1564,1.2998
0.1253,1.2984
0.0941,1.2958
0.0628,1.2919
0.0314,1.2867
0.0000,1.2802
-0.0314,1.2725
-0.0628,1.2635
-0.0941,1.2533
-0.1253,1.2419
-0.1564,1.2292
-0.1874,1.2153
-0.2181,1.2002
-0.2487,1.1839
-0.2790,1.1664
-0.3090,1.1478
-0.3387,1.1281
-0.3681,1.1072
-0.3971,1.0853
-0.4258,1.0623
-0.4540,1.0382
-0.4818,1.0131
-0.5090,0.9871
-0.5358,0.9600
-0.5621,0.9320
-0.5878,0.9031
-0.6129,0.8732
-0.6374,0.8426
-0.6613,0.8110
-0.6845,0.7787
-0.7071,0.7456
-0.7290,0.7118
-0.7501,0.6773
-0.7705,0.6421
-0.7902,0.6063
-0.8090,0.5699
-0.8271,0.5329
-0.8443,0.4954
-0.8607,0.4574
-0.8763,0.4189
-0.8910,0.3801
-0.9048,0.3408
-0.9178,0.3013
-0.9298,0.2614
-0.9409,0.2213
-0.9511,0.1809
-0.9603,0.1404
-0.9686,0.0997
-0.9759,0.0590
-0.9823,0.0182
-0.9877,-0.0227
-0.9921,-0.0635
-0.9956,-0.1043
-0.9980,-0.1449
-0.9995,-0.1854
-1.0000,-0.2257
-0.9995,-0.2658
-0.9980,-0.3057
-0.9956,-0.3452
-0.9921,-0.3844
-0.9877,-0.4232
-0.9823,-0.4616
-0.9759,-0.4996
-0.9686,-0.5370
-0.9603,-0.5740
-0.9511,-0.6103
-0.9409,-0.6461
-0.9298,-0.6812
-0.9178,-0.7156
-0.9048,-0.7494
-0.8910,-0.7824
-0.8763,-0.8146
-0.8607,-0.8460
-0.8443,-0.8766
-0.8271,-0.9063
-0.8090,-0.9351
-0.7902,-0.9630
-0.7705,-0.9900
-0.7501,-1.0160
-0.7290,-1.0409
-0.7071,-1.0649
-0.6845,-1.0878
-0.6613,-1.1096
-0.6374,-1.1303
-0.6129,-1.1500
-0.5878,-1.1684
-0.5621,-1.1858
-0.5358,-1.2019
-0.5090,-1.2169
-0.4818,-1.2306
-0.4540,-1.2432
-0.4258,-1.2545
-0.3971,-1.2646
-0.3681,-1.2734
-0.3387,-1.2810
-0.3090,-1.2873
-0.2790,-1.2924
-0.2487,-1.2962
-0.2181,-1.2987
-0.1874,-1.2999
-0.1564,-1.2998
-0.1253,-1.2984
-0.0941,-1.2958
-0.0628,-1.2919
-0.0314,-1.2867
0.0000,-1.2802
0.0314,-1.2725
0.0628,-1.2635
0.0941,-1.2533
0.1253,-1.2419
0.1564,-1.2292
0.1874,-1.2153
0.2181,-1.2002
0.2487,-1.1839
0.2790,-1.1664
0.3090,-1.1478
0.3387,-1.1281
0.3681,-1.1072
0.3971,-1.0853
0.4258,-1.0623
0.4540,-1.0382
0.4818,-1.0131
0.5090,-0.9871
0.5358,-0.9600
0.5621,-0.9320
0.5878,-0.9031
0.6129,-0.8732
0.6374,-0.8426
0.6613,-0.8110
0.6845,-0.7787
0.7071,-0.7456
0.7290,-0.7118
0.7501,-0.6773
0.7705,-0.6421
0.7902,-0.6063
0.8090,-0.5699
0.8271,-0.5329
0.8443,-0.4954
0.8607,-0.4574
0.8763,-0.4189
0.8910,-0.3801
0.9048,-0.3408
0.9178,-0.3013
0.9298,-0.2614
0.9409,-0.2213
0.9511,-0.1809
0.9603,-0.1404
0.9686,-0.0997
0.9759,-0.0590
0.9823,-0.0181
0.9877,0.0227
0.9921,0.0635
0.9956,0.1043
0.9980,0.1449
0.9995,0.1854
1.0000,0.2257
0.9995,0.2659
0.9980,0.3057
0.9956,0.3452
0.9921,0.3844
0.9877,0.4232
0.9823,0.4616
0.9759,0.4996
0.9686,0.5370
0.9603,0.5740
0.9511,0.6103
0.9409,0.6461
0.9298,0.6812
0.9178,0.7156
0.9048,0.7494
0.8910,0.7824
0.8763,0.8146
0.8607,0.8460
0.8443,0.8766
0.8271,0.9063
0.8090,0.9351
0.7902,0.9630
0.7705,0.9900
0.7501,1.0160
0.7290,1.0410
0.7071,1.0649
0.6845,1.0878
0.6613,1.1096
0.6374,1.1303
0.6129,1.1500
0.5878,1.1684
0.5621,1.1858
0.5358,1.2019
0.5090,1.2169
0.4818,1.2306
0.4540,1.2432
0.4258,1.2545
0.3971,1.2646
0.3681,1.2734
0.3387,1.2810
0.3090,1.2873
0.2790,1.2924
0.2487,1.2962
0.2181,1.2987
0.1874,1.2999
0.1564,1.2998
0.1253,1.2984
0.0941,1.2958
0.0628,1.2919
0.0314,1.2867
0.0000,1.2802
-0.0314,1.2725
-0.0628,1.2635
-0.0941,1.2533
-0.1253,1.2419
-0.1564,1.2292
-0.1874,1.2153
-0.2181,1.2002
-0.2487,1.1839
-0.2790,1.1664
-0.3090,1.1478
-0.3387,1.1281
-0.3681,1.1072
-0.3971,1.0853
-0.4258,1.0623
-0.4540,1.0382
-0.4818,1.0131
-0.5090,0.9871
-0.5358,0.9600
-0.5621,0.9320
-0.5878,0.9031
-0.6129,0.8732
-0.6374,0.8426
-0.6613,0.8110
-0.6845,0.7787
-0.7071,0.7457
-0.7290,0.7118
-0.7501,0.6773
-0.7705,0.6421
-0.7902,0.6063
-0.8090,0.5699
-0.8271,0.5329
-0.8443,0.4954
-0.8607,0.4574
-0.8763,0.4189
-0.8910,0.3801
-0.9048,0.3408
-0.9178,0.3013
-0.9298,0.2614
-0.9409,0.2213
-0.9511,0.1809
-0.9603,0.1404
-0.9686,0.0997
-0.9759,0.0590
-0.9823,0.0182
-0.9877,-0.0227
-0.9921,-0.0635
-0.9956,-0.1043
-0.9980,-0.1449
-0.9995,-0.1854
-1.0000,-0.2257
-0.9995,-0.2658
-0.9980,-0.3057
-0.9956,-0.3452
-0.9921,-0.3844
-0.9877,-0.4232
-0.9823,-0.4616
-0.9759,-0.4996
-0.9686,-0.5370
-0.9603,-0.5740
-0.9511,-0.6103
-0.9409,-0.6461
-0.9298,-0.6812
-0.9178,-0.7156
-0.9048,-0.7494
-0.8910,-0.7824
-0.8763,-0.8146
-0.8607,-0.8460
-0.8443,-0.8766
-0.8271,-0.9063
-0.8090,-0.9351
-0.7902,-0.9630
-0.7705,-0.9900
-0.7501,-1.0160
-0.7290,-1.0409
-0.7071,-1.0649
-0.6845,-1.0878
-0.6613,-1.1096
-0.6374,-1.1303
-0.6129,-1.1500
-0.5878,-1.1684
-0.5621,-1.1858
-0.5358,-1.2019
-0.5090,-1.2169
-0.4818,-1.2306
-0.4540,-1.2432
-0.4258,-1.2545
-0.3971,-1.2646
-0.3681,-1.2734
-0.3387,-1.2810
-0.3090,-1.2873
-0.2790,-1.2924
-0.2487,-1.2962
-0.2181,-1.2987
-0.1874,-1.2999
-0.1564,-1.2998
-0.1253,-1.2984
-0.0941,-1.2958
-0.0628,-1.2919
-0.0314,-1.2867
0.0000,-1.2802
0.0314,-1.2725
0.0628,-1.2635
0.0941,-1.2533
0.1253,-1.2419
0.1564,-1.2292
0.1874,-1.2153
0.2181,-1.2002
0.2487,-1.1839
0.2790,-1.1664
0.3090,-1.1478
0.3387,-1.1281
0.3681,-1.1072
0.3971,-1.0853
0.4258,-1.0623
0.4540,-1.0382
0.4818,-1.0131
0.5090,-0.9871
0.5358,-0.9600
0.5621,-0.9320
0.5878,-0.9031
0.6129,-0.8732
0.6374,-0.8426
0.6613,-0.8110
0.6845,-0.7787
0.7071,-0.7456
0.7290,-0.7118
0.7501,-0.6773
0.7705,-0.6421
0.7902,-0.6063
0.8090,-0.5699
0.8271,-0.5329
0.8443,-0.4954
0.8607,-0.4574
0.8763,-0.4189
0.8910,-0.3801
0.9048,-0.3408
0.9178,-0.3013
0.9298,-0.2614
0.9409,-0.2213
0.9511,-0.1809
0.9603,-0.1404
0.9686,-0.0997
0.9759,-0.0590
0.9823,-0.0181
0.9877,0.0227
0.9921,0.0635
0.9956,0.1042
0.9980,0.1449
0.9995,0.1854
1.0000,0.2257
0.9995,0.2658
0.9980,0.3057
0.9956,0.3452
0.9921,0.3844
0.9877,0.4232
0.9823,0.4616
0.9759,0.4996
0.9686,0.5370
0.9603,0.5740
0.9511,0.6103
0.9409,0.6461
0.9298,0.6812
0.9178,0.7156
0.9048,0.7494
0.8910,0.7824
0.8763,0.8146
0.8607,0.8460
0.8443,0.8766
0.8271,0.9063
0.8090,0.9351
0.7902,0.9630
0.7705,0.9900
0.7501,1.0160
0.7290,1.0409
0.7071,1.0649
0.6845,1.0878
0.6613,1.1096
0.6374,1.1303
0.6129,1.1500
0.5878,1.1684
0.5621,1.1858
0.5358,1.2019
0.5090,1.2169
0.4818,1.2306
0.4540,1.2432
0.4258,1.2545
0.3971,1.2646
0.3681,1.2734
0.3387,1.2810
0.3090,1.2873
0.2790,1.2924
0.2487,1.2962
0.2181,1.2987
0.1874,1.2999
0.1564,1.2998
0.1253,1.2984
0.0941,1.2958
0.0628,1.2919
0.0314,1.2867
0.0000,1.2802
-0.0314,1.2725
-0.0628,1.2635
-0.0941,1.2533
-0.1253,1.2419
-0.1564,1.2292
-0.1874,1.2153
-0.2181,1.2002
-0.2487,1.1839
-0.2790,1.1664
-0.3090,1.1478
-0.3387,1.1281
-0.3681,1.1072
-0.3971,1.0853
-0.4258,1.0623
-0.4540,1.0382
-0.4818,1.0131
-0.5090,0.9871
-0.5358,0.9600
-0.5621,0.9320
-0.5878,0.9031
-0.6129,0.8732
-0.6374,0.8425
-0.6613,0.8110
-0.6845,0.7787
-0.7071,0.7457
-0.7290,0.7118
-0.7501,0.6773
-0.7705,0.6421
-0.7902,0.6063
-0.8090,0.5699
-0.8271,0.5329
-0.8443,0.4954
-0.8607,0.4574
-0.8763,0.4189
-0.8910,0.3801
-0.9048,0.3408
-0.9178,0.3013
-0.9298,0.2614
-0.9409,0.2213
-0.9511,0.1809
-0.9603,0.1404
-0.9686,0.0997
-0.9759,0.0590
-0.9823,0.0182
-0.9877,-0.0227
-0.9921,-0.0635
-0.9956,-0.1043
-0.9980,-0.1449
-0.9995,-0.1854
-1.0000,-0.2257
-0.9995,-0.2658
-0.9980,-0.3057
-0.9956,-0.3452
-0.9921,-0.3844
-0.9877,-0.4232
-0.9823,-0.4616
-0.9759,-0.4996
-0.9686,-0.5370
-0.9603,-0.5740
-0.9511,-0.6103
-0.9409,-0.6461
-0.9298,-0.6812
-0.9178,-0.7156
-0.9048,-0.7494
-0.8910,-0.7824
-0.8763,-0.8146
-0.8607,-0.8460
-0.8443,-0.8766
-0.8271,-0.9063
-0.8090,-0.9351
-0.7902,-0.9630
-0.7705,-0.9900
-0.7501,-1.0160
-0.7290,-1.0410
-0.7071,-1.0649
-0.6845,-1.0878
-0.6613,-1.1096
-0.6374,-1.1303
-0.6129,-1.1500
-0.5878,-1.1684
-0.5621,-1.1858
-0.5358,-1.2019
-0.5090,-1.2169
-0.4818,-1.2306
-0.4540,-1.2432
-0.4258,-1.2545
-0.3971,-1.2646
-0.3681,-1.2734
-0.3387,-1.2810
-0.3090,-1.2873
-0.2790,-1.2924
-0.2487,-1.2962
-0.2181,-1.2987
-0.1874,-1.2999
-0.1564,-1.2998
-0.1253,-1.2984
-0.0941,-1.2958
-0.0628,-1.2919
-0.0314,-1.2867
0.0000,-1.2803
0.0314,-1.2725
0.0628,-1.2635
0.0941,-1.2533
0.1253,-1.2419
0.1564,-1.2292
0.1874,-1.2153
0.2181,-1.2002
0.2487,-1.1839
0.2790,-1.1664
0.3090,-1.1478
0.3387,-1.1281
0.3681,-1.1072
0.3971,-1.0853
0.4258,-1.0623
0.4540,-1.0382
0.4818,-1.0131
0.5090,-0.9871
0.5358,-0.9600
0.5621,-0.9320
0.5878,-0.9031
0.6129,-0.8732
0.6374,-0.8426
0.6613,-0.8110
0.6845,-0.7787
0.7071,-0.7457
0.7290,-0.7118
0.7501,-0.6773
0.7705,-0.6421
0.7902,-0.6063
0.8090,-0.5699
0.8271,-0.5329
0.8443,-0.4954
0.8607,-0.4574
0.8763,-0.4189
0.8910,-0.3801
0.9048,-0.3408
0.9178,-0.3013
0.9298,-0.2614
0.9409,-0.2213
0.9511,-0.1809
0.9603,-0.1404
0.9686,-0.0997
0.9759,-0.0590
0.9823,-0.0181
0.9877,0.0227
0.9921,0.0635
0.9956,0.1043
0.9980,0.1449
0.9995,0.1854
1.0000,0.2257
0.9995,0.2658
0.9980,0.3057
0.9956,0.3452
0.9921,0.3844
0.9877,0.4233
0.9823,0.4616
0.9759,0.4996
0.9686,0.5370
0.9603,0.5740
0.9511,0.6103
0.9409,0.6461
0.9298,0.6812
0.9178,0.7156
0.9048,0.7494
0.8910,0.7824
0.8763,0.8146
0.8607,0.8460
0.8443,0.8766
0.8271,0.9063
0.8090,0.9351
0.7902,0.9630
0.7705,0.9900
0.7501,1.0160
0.7290,1.0410
0.7071,1.0649
0.6845,1.0878
0.6613,1.1096
0.6374,1.1303
0.6129,1.1500
0.5878,1.1684
0.5621,1.1858
0.5358,1.2019
0.5090,1.2169
0.4818,1.2306
0.4540,1.2432
0.4258,1.2545
0.3971,1.2646
0.3681,1.2734
0.3387,1.2810
0.3090,1.2873
0.2790,1.2924
0.2487,1.2962
0.2181,1.2987
0.1874,1.2999
0.1564,1.2998
0.1253,1.2984
0.0941,1.2958
0.0628,1.2919
0.0314,1.2867
0.0000,1.2802
-0.0314,1.2725
-0.0628,1.2636
-0.0941,1.2533
-0.1253,1.2419
-0.1564,1.2292
-0.1874,1.2153
-0.2181,1.2002
-0.2487,1.1839
-0.2790,1.1664
-0.3090,1.1478
-0.3387,1.1281
-0.3681,1.1072
-0.3971,1.0853
-0.4258,1.0623
-0.4540,1.0382
-0.4818,1.0131
-0.5090,0.9871
-0.5358,0.9600
-0.5621,0.9320
-0.5878,0.9031
-0.6129,0.8732
-0.6374,0.8426
-0.6613,0.8110
-0.6845,0.7787
-0.7071,0.7456
-0.7290,0.7118
-0.7501,0.6773
-0.7705,0.6421
-0.7902,0.6063
-0.8090,0.5699
-0.8271,0.5329
-0.8443,0.4954
-0.8607,0.4574
-0.8763,0.4189
-0.8910,0.3801
-0.9048,0.3408
-0.9178,0.3013
-0.9298,0.2614
-0.9409,0.2213
-0.9511,0.1809
-0.9603,0.1404
-0.9686,0.0997
-0.9759,0.0590
-0.9823,0.0182
-0.9877,-0.0227
-0.9921,-0.0635
-0.9956,-0.1042
-0.9980,-0.1449
-0.9995,-0.1854
-1.0000,-0.2258
-0.9995,-0.2658
-0.9980,-0.3057
-0.9956,-0.3452
-0.9921,-0.3844
-0.9877,-0.4232
-0.9823,-0.4616
-0.9759,-0.4996
-0.9686,-0.5370
-0.9603,-0.5740
-0.9511,-0.6103
-0.9409,-0.6461
-0.9298,-0.6812
-0.9178,-0.7156
-0.9048,-0.7494
-0.8910,-0.7824
-0.8763,-0.8146
-0.8607,-0.8460
-0.8443,-0.8766
-0.8271,-0.9063
-0.8090,-0.9351
-0.7902,-0.9630
-0.7705,-0.9900
-0.7501,-1.0160
-0.7290,-1.0409
-0.7071,-1.0649
-0.6845,-1.0878
-0.6613,-1.1096
-0.6374,-1.1303
-0.6129,-1.1500
-0.5878,-1.1684
-0.5621,-1.1858
-0.5358,-1.2019
-0.5090,-1.2169
-0.4818,-1.2306
-0.4540,-1.2432
-0.4258,-1.2545
-0.3971,-1.2646
-0.3681,-1.2734
-0.3387,-1.2810
-0.3090,-1.2873
-0.2790,-1.2924
-0.2487,-1.2962
-0.2181,-1.2987
-0.1874,-1.2999
-0.1564,-1.2998
-0.1253,-1.2984
-0.0941,-1.2958
-0.0628,-1.2919
-0.0314,-1.2867
0.0000,-1.2802
0.0314,-1.2725
0.0628,-1.2635
0.0941,-1.2533
0.1253,-1.2419
0.1564,-1.2292
0.1874,-1.2153
0.2181,-1.2002
0.2487,-1.1839
0.2790,-1.1664
0.3090,-1.1478
0.3387,-1.1281
0.3681,-1.1073
0.3971,-1.0853
0.4258,-1.0623
0.4540,-1.0382
0.4818,-1.0131
0.5090,-0.9871
0.5358,-0.9600
0.5621,-0.9320
0.5878,-0.9030
0.6129,-0.8732
0.6374,-0.8425
0.6613,-0.8110
0.6845,-0.7787
0.7071,-0.7456
0.7290,-0.7118
0.7501,-0.6773
0.7705,-0.6421
0.7902,-0.6063
0.8090,-0.5699
0.8271,-0.5329
0.8443,-0.4954
0.8607,-0.4574
0.8763,-0.4189
0.8910,-0.3801
0.9048,-0.3408
0.9178,-0.3013
0.9298,-0.2614
0.9409,-0.2213
0.9511,-0.1809
0.9603,-0.1404
0.9686,-0.0997
0.9759,-0.0590
0.9823,-0.0182
0.9877,0.0227
0.9921,0.0635
0.9956,0.1043
0.9980,0.1449
0.9995,0.1854
1.0000,0.2257
0.9995,0.2659
0.9980,0.3057
0.9956,0.3452
0.9921,0.3844
0.9877,0.4232
0.9823,0.4616
0.9759,0.4996
0.9686,0.5370
0.9603,0.5740
0.9511,0.6103
0.9409,0.6461
0.9298,0.6812
0.9178,0.7156
0.9048,0.7494
0.8910,0.7824
0.8763,0.8146
0.8607,0.8460
0.8443,0.8766
0.8271,0.9063
0.8090,0.9351
0.7902,0.9630
0.7705,0.9900
0.7501,1.0160
0.7290,1.0410
0.7071,1.0649
0.6845,1.0878
0.6613,1.1096
0.6374,1.1303
0.6129,1.1500
0.5878,1.1684
0.5621,1.1858
0.5358,1.2019
0.5090,1.2169
0.4818,1.2306
0.4540,1.2432
0.4258,1.2545
0.3971,1.2646
0.3681,1.2734
0.3387,1.2810
0.3090,1.2873
0.2790,1.2924
0.2487,1.2962
0.2181,1.2987
0.1874,1.2999
0.1564,1.2998
0.1253,1.2984
0.0941,1.2958
0.0628,1.2919
0.0314,1.2867
0.0000,1.2803
-0.0314,1.2725
-0.0628,1.2636
-0.0941,1.2533
-0.1253,1.2419
-0.1564,1.2292
-0.1874,1.2153
-0.2181,1.2002
-0.2487,1.1839
-0.2790,1.1664
-0.3090,1.1478
-0.3387,1.1281
-0.3681,1.1072
-0.3971,1.0853
-0.4258,1.0623
-0.4540,1.0382
-0.4818,1.0131
-0.5090,0.9870
-0.5358,0.9600
-0.5621,0.9320
-0.5878,0.9031
-0.6129,0.8732
-0.6374,0.8426
-0.6613,0.8111
-0.6845,0.7787
-0.7071,0.7457
-0.7290,0.7118
-0.7501,0.6773
-0.7705,0.6421
-0.7902,0.6063
-0.8090,0.5699
-0.8271,0.5329
-0.8443,0.4954
-0.8607,0.4574
-0.8763,0.4189
-0.8910,0.3801
-0.9048,0.3408
-0.9178,0.3013
-0.9298,0.2614
-0.9409,0.2213
-0.9511,0.1809
-0.9603,0.1404
-0.9686,0.0997
-0.9759,0.0590
-0.9823,0.0182
-0.9877,-0.0227
-0.9921,-0.0635
-0.9956,-0.1043
-0.9980,-0.1449
-0.9995,-0.1854
-1.0000,-0.2257
-0.9995,-0.2658
-0.9980,-0.3057
-0.9956,-0.3452
-0.9921,-0.3844
-0.9877,-0.4232
-0.9823,-0.4616
-0.9759,-0.4996
-0.9686,-0.5370
-0.9603,-0.5740
-0.9511,-0.6103
-0.9409,-0.6461
-0.9298,-0.6812
-0.9178,-0.7156
-0.9048,-0.7494
-0.8910,-0.7824
-0.8763,-0.8146
-0.8607,-0.8460
-0.8443,-0.8766
-0.8271,-0.9063
-0.8090,-0.9351
-0.7902,-0.9631
-0.7705,-0.9900
-0.7501,-1.0160
-0.7290,-1.0409
-0.7071,-1.0649
-0.6845,-1.0878
-0.6613,-1.1096
-0.6374,-1.1303
-0.6129,-1.1499
-0.5878,-1.1684
-0.5621,-1.1858
-0.5358,-1.2019
-0.5090,-1.2169
-0.4818,-1.2306
-0.4540,-1.2432
-0.4258,-1.2545
-0.3971,-1.2646
-0.3681,-1.2734
-0.3387,-1.2810
-0.3090,-1.2873
-0.2790,-1.2924
-0.2487,-1.2962
-0.2181,-1.2987
-0.1874,-1.2999
-0.1564,-1.2998
-0.1253,-1.2984
-0.0941,-1.2958
-0.0628,-1.2919
-0.0314,-1.2867
0.0000,-1.2802
0.0314,-1.2725
0.0628,-1.2636
0.0941,-1.2533
0.1253,-1.2419
0.1564,-1.2292
0.1874,-1.2153
0.2181,-1.2002
0.2487,-1.1839
0.2790,-1.1664
0.3090,-1.1478
0.3387,-1.1281
0.3681,-1.1072
0.3971,-1.0853
0.4258,-1.0623
0.4540,-1.0382
0.4818,-1.0131
0.5090,-0.9870
0.5358,-0.9600
0.5621,-0.9320
0.5878,-0.9031
0.6129,-0.8732
0.6374,-0.8426
0.6613,-0.8110
0.6845,-0.7787
0.7071,-0.7456
0.7290,-0.7118
0.7501,-0.6773
0.7705,-0.6421
0.7902,-0.6063
0.8090,-0.5699
0.8271,-0.5329
0.8443,-0.4954
0.8607,-0.4574
0.8763,-0.4189
0.8910,-0.3801
0.9048,-0.3408
0.9178,-0.3013
0.9298,-0.2614
0.9409,-0.2213
0.9511,-0.1809
0.9603,-0.1404
0.9686,-0.0997
0.9759,-0.0590
0.9823,-0.0182
0.9877,0.0227
0.9921,0.0635
0.9956,0.1043
0.9980,0.1449
0.9995,0.1854
1.0000,0.2257
0.9995,0.2658
0.9980,0.3057
0.9956,0.3452
0.9921,0.3844
0.9877,0.4232
0.9823,0.4616
0.9759,0.4996
0.9686,0.5370
0.9603,0.5740
0.9511,0.6103
0.9409,0.6461
0.9298,0.6812
0.9178,0.7156
0.9048,0.7494
0.8910,0.7824
0.8763,0.8146
0.8607,0.8460
0.8443,0.8766
0.8271,0.9063
0.8090,0.9351
0.7902,0.9630
0.7705,0.9900
0.7501,1.0160
0.7290,1.0409
0.7071,1.0649
0.6845,1.0878
0.6613,1.1096
0.6374,1.1303
0.6129,1.1500
0.5878,1.1684
0.5621,1.1858
0.5358,1.2019
0.5090,1.2169
0.4818,1.2306
0.4540,1.2432
0.4258,1.2545
0.3971,1.2646
0.3681,1.2734
0.3387,1.2810
0.3090,1.2873
0.2790,1.2924
0.2487,1.2962
0.2181,1.2987
0.1874,1.2999
0.1564,1.2998
0.1253,1.2984
0.0941,1.2958
0.0628,1.2919
0.0314,1.2867
0.0000,1.2803
-0.0314,1.2725
-0.0628,1.2635
-0.0941,1.2533
-0.1253,1.2419
-0.1564,1.2292
-0.1874,1.2153
-0.2181,1.2002
-0.2487,1.1839
-0.2790,1.1664
-0.3090,1.1478
-0.3387,1.1281
-0.3681,1.1072
-0.3971,1.0853
-0.4258,1.0623
-0.4540,1.0382
-0.4818,1.0131
-0.5090,0.9871
-0.5358,0.9600
-0.5621,0.9320
-0.5878,0.9031
-0.6129,0.8732
-0.6374,0.8425
-0.6613,0.8111
-0.6845,0.7787
-0.7071,0.7457
-0.7290,0.7118
-0.7501,0.6773
-0.7705,0.6421
-0.7902,0.6063
-0.8090,0.5699
-0.8271,0.5329
-0.8443,0.4954
-0.8607,0.4574
-0.8763,0.4189
-0.8910,0.3801
-0.9048,0.3408
-0.9178,0.3013
-0.9298,0.2614
-0.9409,0.2213
-0.9511,0.1809
-0.9603,0.1404
-0.9686,0.0997
-0.9759,0.0590
-0.9823,0.0181
-0.9877,-0.0227
-0.9921,-0.0635
-0.9956,-0.1043
-0.9980,-0.1449
-0.9995,-0.1854
-1.0000,-0.2257
-0.9995,-0.2658
-0.9980,-0.3057
-0.9956,-0.3452
-0.9921,-0.3844
-0.9877,-0.4232
-0.9823,-0.4616
-0.9759,-0.4996
-0.9686,-0.5370
-0.9603,-0.5740
-0.9511,-0.6103
-0.9409,-0.6461
-0.9298,-0.6812
-0.9178,-0.7156
-0.9048,-0.7494
-0.8910,-0.7824
-0.8763,-0.8146
-0.8607,-0.8460
-0.8443,-0.8766
-0.8271,-0.9063
-0.8090,-0.9351
-0.7902,-0.9630
-0.7705,-0.9900
-0.7501,-1.0160
-0.7290,-1.0410
-0.7071,-1.0649
-0.6845,-1.0878
-0.6613,-1.1096
-0.6374,-1.1303
-0.6129,-1.1500
-0.5878,-1.1684
-0.5621,-1.1858
-0.5358,-1.2019
-0.5090,-1.2169
-0.4818,-1.2306
-0.4540,-1.2432
-0.4258,-1.2545
-0.3971,-1.2646
-0.3681,-1.2734
-0.3387,-1.2810
-0.3090,-1.2873
-0.2790,-1.2924
-0.2487,-1.2962
-0.2181,-1.2987
-0.1874,-1.2999
-0.1564,-1.2998
-0.1253,-1.2984
-0.0941,-1.2958
-0.0628,-1.2919
-0.0314,-1.2867
0.0000,-1.2802
0.0314,-1.2725
0.0628,-1.2636
0.0941,-1.2533
0.1253,-1.2419
0.1564,-1.2292
0.1874,-1.2153
0.2181,-1.2002
0.2487,-1.1839
0.2790,-1.1664
0.3090,-1.1478
0.3387,-1.1281
0.3681,-1.1072
0.3971,-1.0853
0.4258,-1.0623
0.4540,-1.0382
0.4818,-1.0131
0.5090,-0.9870
0.5358,-0.9600
0.5621,-0.9320
0.5878,-0.9031
0.6129,-0.8732
0.6374,-0.8426
0.6613,-0.8110
0.6845,-0.7787
0.7071,-0.7457
0.7290,-0.7118
0.7501,-0.6773
0.7705,-0.6421
0.7902,-0.6063
0.8090,-0.5699
0.8271,-0.5329
0.8443,-0.4954
0.8607,-0.4574
0.8763,-0.4190
0.8910,-0.3801
0.9048,-0.3409
0.9178,-0.3013
0.9298,-0.2614
0.9409,-0.2213
0.9511,-0.1809
0.9603,-0.1404
0.9686,-0.0997
0.9759,-0.0590
0.9823,-0.0182
0.9877,0.0227
0.9921,0.0635
0.9956,0.1043
0.9980,0.1449
0.9995,0.1854
1.0000,0.2257
0.9995,0.2658
0.9980,0.3057
0.9956,0.3452
0.9921,0.3844
0.9877,0.4232
0.9823,0.4616
0.9759,0.4996
0.9686,0.5370
0.9603,0.5740
0.9511,0.6103
0.9409,0.6461
0.9298,0.6812
0.9178,0.7156
0.9048,0.7494
0.8910,0.7824
0.8763,0.8146
0.8607,0.8460
0.8443,0.8766
0.8271,0.9063
0.8090,0.9351
0.7902,0.9630
0.7705,0.9900
0.7501,1.0160
0.7290,1.0409
0.7071,1.0649
0.6845,1.0878
0.6613,1.1096
0.6374,1.1303
0.6129,1.1500
0.5878,1.1684
0.5621,1.1858
0.5358,1.2019
0.5090,1.2169
0.4818,1.2306
0.4540,1.2432
0.4258,1.2545
0.3971,1.2646
0.3681,1.2734
0.3387,1.2810
0.3090,1.2873
0.2790,1.2924
0.2487,1.2962
0.2181,1.2987
0.1874,1.2999
0.1564,1.2998
0.1253,1.2984
0.0941,1.2958
0.0628,1.2919
0.0314,1.2867
0.0000,1.2803
-0.0314,1.2725
-0.0628,1.2635
-0.0941,1.2533
-0.1253,1.2419
-0.1564,1.2292
-0.1874,1.2153
-0.2181,1.2002
-0.2487,1.1839
-0.2790,1.1664
-0.3090,1.1478
-0.3387,1.1281
-0.3681,1.1072
-0.3971,1.0853
-0.4258,1.0623
-0.4540,1.0382
-0.4818,1.0131
-0.5090,0.9871
-0.5358,0.9600
-0.5621,0.9320
-0.5878,0.9031
-0.6129,0.8732
-0.6374,0.8426
-0.6613,0.8110
-0.6845,0.7787
-0.7071,0.7456
-0.7290,0.7118
-0.7501,0.6773
-0.7705,0.6421
-0.7902,0.6063
-0.8090,0.5699
-0.8271,0.5329
-0.8443,0.4954
-0.8607,0.4574
-0.8763,0.4189
-0.8910,0.3801
-0.9048,0.3409
-0.9178,0.3013
-0.9298,0.2614
-0.9409,0.2213
-0.9511,0.1809
-0.9603,0.1404
-0.9686,0.0997
-0.9759,0.0590
-0.9823,0.0181
-0.9877,-0.0227
-0.9921,-0.0635
-0.9956,-0.1043
-0.9980,-0.1449
-0.9995,-0.1854
-1.0000,-0.2257
-0.9995,-0.2658
-0.9980,-0.3057
-0.9956,-0.3452
-0.9921,-0.3844
-0.9877,-0.4232
-0.9823,-0.4616
-0.9759,-0.4996
-0.9686,-0.5370
-0.9603,-0.5740
-0.9511,-0.6103
-0.9409,-0.6461
-0.9298,-0.6812
-0.9178,-0.7156
-0.9048,-0.7494
-0.8910,-0.7824
-0.8763,-0.8146
-0.8607,-0.8460
-0.8443,-0.8766
-0.8271,-0.9063
-0.8090,-0.9352
-0.7902,-0.9630
-0.7705,-0.9900
-0.7501,-1.0160
-0.7290,-1.0410
-0.7071,-1.0649
-0.6845,-1.0878
-0.6613,-1.1096
-0.6374,-1.1303
-0.6129,-1.1500
-0.5878,-1.1684
-0.5621,-1.1858
-0.5358,-1.2019
-0.5090,-1.2169
-0.4818,-1.2306
-0.4540,-1.2432
-0.4258,-1.2545
-0.3971,-1.2646
-0.3681,-1.2734
-0.3387,-1.2810
-0.3090,-1.2873
-0.2790,-1.2924
-0.2487,-1.2962
-0.2181,-1.2987
-0.1874,-1.2999
-0.1564,-1.2998
-0.1253,-1.2984
-0.0941,-1.2958
-0.0628,-1.2919
-0.0314,-1.2867
0.0000,-1.2802
0.0314,-1.2725
0.0628,-1.2635
0.0941,-1.2533
0.1253,-1.2419
0.1564,-1.2292
0.1874,-1.2153
0.2181,-1.2002
0.2487,-1.1839
0.2790,-1.1664
0.3090,-1.1478
0.3387,-1.1281
0.3681,-1.1072
0.3971,-1.0853
0.4258,-1.0623
0.4540,-1.0382
0.4818,-1.0131
0.5090,-0.9871
0.5358,-0.9600
0.5621,-0.9320
0.5878,-0.9031
0.6129,-0.8732
0.6374,-0.8426
0.6613,-0.8110
0.6845,-0.7787
0.7071,-0.7456
0.7290,-0.7118
0.7501,-0.6773
0.7705,-0.6421
0.7902,-0.6063
0.8090,-0.5699
0.8271,-0.5329
0.8443,-0.4954
0.8607,-0.4574
0.8763,-0.4190
0.8910,-0.3801
0.9048,-0.3408
0.9178,-0.3013
0.9298,-0.2614
0.9409,-0.2213
0.9511,-0.1809
0.9603,-0.1404
0.9686,-0.0997
0.9759,-0.0590
0.9823,-0.0182
0.9877,0.0227
0.9921,0.0635
0.9956,0.1043
0.9980,0.1449
0.9995,0.1854
1.0000,0.2257
0.9995,0.2659
0.9980,0.3057
0.9956,0.3452
0.9921,0.3844
0.9877,0.4232
0.9823,0.4616
0.9759,0.4996
0.9686,0.5370
0.9603,0.5740
0.9511,0.6103
0.9409,0.6461
0.9298,0.6812
0.9178,0.7156
0.9048,0.7494
0.8910,0.7824
0.8763,0.8146
0.8607,0.8460
0.8443,0.8766
0.8271,0.9063
0.8090,0.9351
0.7902,0.9630
0.7705,0.9900
0.7501,1.0160
0.7290,1.0409
0.7071,1.0649
0.6845,1.0878
0.6613,1.1096
0.6374,1.1303
0.6129,1.1500
0.5878,1.1684
0.5621,1.1858
0.5358,1.2019
0.5090,1.2169
0.4818,1.2306
0.4540,1.2432
0.4258,1.2545
0.3971,1.2646
0.3681,1.2734
0.3387,1.2810
0.3090,1.2873
0.2790,1.2924
0.2487,1.2962
0.2181,1.2987
0.1874,1.2999
0.1564,1.2998
0.1253,1.2984
0.0941,1.2958
0.0628,1.2919
0.0314,1.2867
0.0000,1.2802
-0.0314,1.2725
-0.0628,1.2635
-0.0941,1.2533
-0.1253,1.2419
-0.1564,1.2292
-0.1874,1.2153
-0.2181,1.2002
-0.2487,1.1839
-0.2790,1.1664
-0.3090,1.1478
-0.3387,1.1281
-0.3681,1.1072
-0.3971,1.0853
-0.4258,1.0623
-0.4540,1.0382
-0.4818,1.0131
-0.5090,0.9871
-0.5358,0.9600
-0.5621,0.9320
-0.5878,0.9030
-0.6129,0.8732
-0.6374,0.8426
-0.6613,0.8110
-0.6845,0.7787
-0.7071,0.7456
-0.7290,0.7118
-0.7501,0.6773
-0.7705,0.6421
-0.7902,0.6063
-0.8090,0.5699
-0.8271,0.5329
-0.8443,0.4954
-0.8607,0.4574
-0.8763,0.4189
-0.8910,0.3801
-0.9048,0.3409
-0.9178,0.3013
-0.9298,0.2614
-0.9409,0.2213
-0.9511,0.1809
-0.9603,0.1404
-0.9686,0.0997
-0.9759,0.0590
-0.9823,0.0181
-0.9877,-0.0227
-0.9921,-0.0635
-0.9956,-0.1043
-0.9980,-0.1449
-0.9995,-0.1854
-1.0000,-0.2257
-0.9995,-0.2659
-0.9980,-0.3057
-0.9956,-0.3452
-0.9921,-0.3844
-0.9877,-0.4232
-0.9823,-0.4616
-0.9759,-0.4996
-0.9686,-0.5370
-0.9603,-0.5740
-0.9511,-0.6103
-0.9409,-0.6461
-0.9298,-0.6812
-0.9178,-0.7156
-0.9048,-0.7494
-0.8910,-0.7824
-0.8763,-0.8146
-0.8607,-0.8460
-0.8443,-0.8766
-0.8271,-0.9063
-0.8090,-0.9352
-0.7902,-0.9630
-0.7705,-0.9900
-0.7501,-1.0160
-0.7290,-1.0409
-0.7071,-1.0649
-0.6845,-1.0878
-0.6613,-1.1096
-0.6374,-1.1303
-0.6129,-1.1500
-0.5878,-1.1684
-0.5621,-1.1858
-0.5358,-1.2019
-0.5090,-1.2169
-0.4818,-1.2306
-0.4540,-1.2432
-0.4258,-1.2545
-0.3971,-1.2646
-0.3681,-1.2734
-0.3387,-1.2810
-0.3090,-1.2873
-0.2790,-1.2924
-0.2487,-1.2962
-0.2181,-1.2987
-0.1874,-1.2999
-0.1564,-1.2998
-0.1253,-1.2984
-0.0941,-1.2958
-0.0628,-1.2919
-0.0314,-1.2867
0.0000,-1.2803
0.0314,-1.2725
0.0628,-1.2635
0.0941,-1.2533
0.1253,-1.2419
0.1564,-1.2292
0.1874,-1.2153
0.2181,-1.2002
0.2487,-1.1839
0.2790,-1.1664
0.3090,-1.1478
0.3387,-1.1281
0.3681,-1.1072
0.3971,-1.0853
0.4258,-1.0623
0.4540,-1.0382
0.4818,-1.0131
0.5090,-0.9870
0.5358,-0.9600
0.5621,-0.9320
0.5878,-0.9031
0.6129,-0.8732
0.6374,-0.8426
0.6613,-0.8110
0.6845,-0.7787
0.7071,-0.7457
0.7290,-0.7118
0.7501,-0.6773
0.7705,-0.6421
0.7902,-0.6063
0.8090,-0.5699
0.8271,-0.5329
0.8443,-0.4954
0.8607,-0.4574
0.8763,-0.4189
0.8910,-0.3801
0.9048,-0.3408
0.9178,-0.3013
0.9298,-0.2614
0.9409,-0.2213
0.9511,-0.1809
0.9603,-0.1404
0.9686,-0.0997
0.9759,-0.0590
0.9823,-0.0181
0.9877,0.0227
0.9921,0.0635
0.9956,0.1042
0.9980,0.1449
0.9995,0.1854
1.0000,0.2257
0.9995,0.2658
0.9980,0.3057
0.9956,0.3452
0.9921,0.3844
0.9877,0.4232
0.9823,0.4617
0.9759,0.4996
0.9686,0.5370
0.9603,0.5740
0.9511,0.6103
0.9409,0.6461
0.9298,0.6812
0.9178,0.7156
0.9048,0.7494
0.8910,0.7824
0.8763,0.8146
0.8607,0.8460
0.8443,0.8766
0.8271,0.9063
0.8090,0.9351
0.7902,0.9630
0.7705,0.9900
0.7501,1.0160
0.7290,1.0410
0.7071,1.0649
0.6845,1.0878
0.6613,1.1096
0.6374,1.1303
0.6129,1.1500
0.5878,1.1684
0.5621,1.1858
0.5358,1.2019
0.5090,1.2169
0.4818,1.2306
0.4540,1.2432
0.4258,1.2545
0.3971,1.2646
0.3681,1.2735
0.3387,1.2810
0.3090,1.2873
0.2790,1.2924
0.2487,1.2962
0.2181,1.2987
0.1874,1.2999
0.1564,1.2998
0.1253,1.2984
0.0941,1.2958
0.0628,1.2919
0.0314,1.2867
0.0000,1.2803
-0.0314,1.2725
-0.0628,1.2635
-0.0941,1.2533
-0.1253,1.2419
-0.1564,1.2292
-0.1874,1.2153
-0.2181,1.2002
-0.2487,1.1839
-0.2790,1.1664
-0.3090,1.1478
-0.3387,1.1281
-0.3681,1.1072
-0.3971,1.0853
-0.4258,1.0623
-0.4540,1.0382
-0.4818,1.0131
-0.5090,0.9870
-0.5358,0.9600
-0.5621,0.9320
-0.5878,0.9030
-0.6129,0.8732
-0.6374,0.8426
-0.6613,0.8110
-0.6845,0.7787
-0.7071,0.7457
-0.7290,0.7118
-0.7501,0.6773
-0.7705,0.6421
-0.7902,0.6063
-0.8090,0.5699
-0.8271,0.5329
-0.8443,0.4954
-0.8607,0.4574
-0.8763,0.4189
-0.8910,0.3801
-0.9048,0.3409
-0.9178,0.3013
-0.9298,0.2614
-0.9409,0.2213
-0.9511,0.1809
-0.9603,0.1404
-0.9686,0.0997
-0.9759,0.0590
-0.9823,0.0182
-0.9877,-0.0227
-0.9921,-0.0635
-0.9956,-0.1043
-0.9980,-0.1449
-0.9995,-0.1854
-1.0000,-0.2257
-0.9995,-0.2658
-0.9980,-0.3057
-0.9956,-0.3452
-0.9921,-0.3844
-0.9877,-0.4232
-0.9823,-0.4616
-0.9759,-0.4996
-0.9686,-0.5370
-0.9603,-0.5740
-0.9511,-0.6103
-0.9409,-0.6461
-0.9298,-0.6812
-0.9178,-0.7156
-0.9048,-0.7494
-0.8910,-0.7823
-0.8763,-0.8146
-0.8607,-0.8460
-0.8443,-0.8766
-0.8271,-0.9063
-0.8090,-0.9351
-0.7902,-0.9630
-0.7705,-0.9900
-0.7501,-1.0160
-0.7290,-1.0410
-0.7071,-1.0649
-0.6845,-1.0878
-0.6613,-1.1096
-0.6374,-1.1303
-0.6129,-1.1499
-0.5878,-1.1684
-0.5621,-1.1858
-0.5358,-1.2019
-0.5090,-1.2169
-0.4818,-1.2306
-0.4540,-1.2432
-0.4258,-1.2545
-0.3971,-1.2646
-0.3681,-1.2734
-0.3387,-1.2810
-0.3090,-1.2873
-0.2790,-1.2924
-0.2487,-1.2962
-0.2181,-1.2987
-0.1874,-1.2999
-0.1564,-1.2998
-0.1253,-1.2984
-0.0941,-1.2958
-0.0628,-1.2919
-0.0314,-1.2867
0.0000,-1.2802
0.0314,-1.2725
0.0628,-1.2635
0.0941,-1.2533
0.1253,-1.2419
0.1564,-1.2292
0.1874,-1.2153
0.2181,-1.2002
0.2487,-1.1839
0.2790,-1.1664
0.3090,-1.1478
0.3387,-1.1281
0.3681,-1.1073
0.3971,-1.0853
0.4258,-1.0623
0.4540,-1.0382
0.4818,-1.0131
0.5090,-0.9871
0.5358,-0.9600
0.5621,-0.9320
0.5878,-0.9031
0.6129,-0.8732
0.6374,-0.8426
0.6613,-0.8110
0.6845,-0.7787
0.7071,-0.7456
0.7290,-0.7118
0.7501,-0.6773
0.7705,-0.6421
0.7902,-0.6063
0.8090,-0.5699
0.8271,-0.5329
0.8443,-0.4954
0.8607,-0.4574
0.8763,-0.4189
0.8910,-0.3801
0.9048,-0.3408
0.9178,-0.3013
0.9298,-0.2614
0.9409,-0.2213
0.9511,-0.1809
0.9603,-0.1404
0.9686,-0.0997
0.9759,-0.0590
0.9823,-0.0182
0.9877,0.0227
0.9921,0.0635
0.9956,0.1043
0.9980,0.1449
0.9995,0.1854
1.0000,0.2257
0.9995,0.2658
0.9980,0.3057
0.9956,0.3452
0.9921,0.3844
0.9877,0.4232
0.9823,0.4616
0.9759,0.4996
0.9686,0.5370
0.9603,0.5740
0.9511,0.6103
0.9409,0.6461
0.9298,0.6812
0.9178,0.7156
0.9048,0.7494
0.8910,0.7824
0.8763,0.8146
0.8607,0.8460
0.8443,0.8766
0.8271,0.9063
0.8090,0.9351
0.7902,0.9631
0.7705,0.9900
0.7501,1.0160
0.7290,1.0410
0.7071,1.0649
0.6845,1.0878
0.6613,1.1096
0.6374,1.1303
0.6129,1.1500
0.5878,1.1684
0.5621,1.1858
0.5358,1.2019
0.5090,1.2169
0.4818,1.2306
0.4540,1.2432
0.4258,1.2545
0.3971,1.2646
0.3681,1.2734
0.3387,1.2810
0.3090,1.2874
0.2790,1.2924
0.2487,1.2962
0.2181,1.2987
0.1874,1.2999
0.1564,1.2998
0.1253,1.2984
0.0941,1.2958
0.0628,1.2919
0.0314,1.2867
0.0000,1.2802
-0.0314,1.2725
-0.0628,1.2636
-0.0941,1.2533
-0.1253,1.2419
-0.1564,1.2292
-0.1874,1.2153
-0.2181,1.2002
-0.2487,1.1839
-0.2790,1.1664
-0.3090,1.1478
-0.3387,1.1281
-0.3681,1.1072
-0.3971,1.0853
-0.4258,1.0623
-0.4540,1.0382
-0.4818,1.0131
-0.5090,0.9870
-0.5358,0.9600
-0.5621,0.9320
-0.5878,0.9031
-0.6129,0.8732
-0.6374,0.8426
-0.6613,0.8111
-0.6845,0.7787
-0.7071,0.7456
-0.7290,0.7118
-0.7501,0.6773
-0.7705,0.6421
-0.7902,0.6063
-0.8090,0.5699
-0.8271,0.5329
-0.8443,0.4954
-0.8607,0.4574
-0.8763,0.4190
-0.8910,0.3801
-0.9048,0.3408
-0.9178,0.3013
-0.9298,0.2614
-0.9409,0.2213
-0.9511,0.1809
-0.9603,0.1404
-0.9686,0.0997
-0.9759,0.0590
-0.9823,0.0182
-0.9877,-0.0227
-0.9921,-0.0635
-0.9956,-0.1043
-0.9980,-0.1449
-0.9995,-0.1854
-1.0000,-0.2258
-0.9995,-0.2659
-0.9980,-0.3057
-0.9956,-0.3452
-0.9921,-0.3844
-0.9877,-0.4232
-0.9823,-0.4616
-0.9759,-0.4996
-0.9686,-0.5370
-0.9603,-0.5740
-0.9511,-0.6103
-0.9409,-0.6461
-0.9298,-0.6812
-0.9178,-0.7156
-0.9048,-0.7494
-0.8910,-0.7824
-0.8763,-0.8146
-0.8607,-0.8460
-0.8443,-0.8766
-0.8271,-0.9063
-0.8090,-0.9351
-0.7902,-0.9630
-0.7705,-0.9900
-0.7501,-1.0160
-0.7290,-1.0409
-0.7071,-1.0649
-0.6845,-1.0878
-0.6613,-1.1096
-0.6374,-1.1303
-0.6129,-1.1500
-0.5878,-1.1684
-0.5621,-1.1858
-0.5358,-1.2019
-0.5090,-1.2169
-0.4818,-1.2306
-0.4540,-1.2432
-0.4258,-1.2545
-0.3971,-1.2646
-0.3681,-1.2734
-0.3387,-1.2810
-0.3090,-1.2874
-0.2790,-1.2924
-0.2487,-1.2962
-0.2181,-1.2987
-0.1874,-1.2999
-0.1564,-1.2998
-0.1253,-1.2984
-0.0941,-1.2958
-0.0628,-1.2919
-0.0314,-1.2867
0.0000,-1.2803
0.0314,-1.2725
0.0628,-1.2636
0.0941,-1.2533
0.1253,-1.2419
0.1564,-1.2292
0.1874,-1.2153
0.2181,-1.2002
0.2487,-1.1839
0.2790,-1.1664
0.3090,-1.1478
0.3387,-1.1281
0.3681,-1.1072
0.3971,-1.0853
0.4258,-1.0623
0.4540,-1.0382
0.4818,-1.0131
0.5090,-0.9871
0.5358,-0.9600
0.5621,-0.9320
0.5878,-0.9031
0.6129,-0.8732
0.6374,-0.8425
0.6613,-0.8110
0.6845,-0.7787
0.7071,-0.7456
0.7290,-0.7118
0.7501,-0.6773
0.7705,-0.6421
0.7902,-0.6063
0.8090,-0.5699
0.8271,-0.5329
0.8443,-0.4954
0.8607,-0.4574
0.8763,-0.4190
0.8910,-0.3801
0.9048,-0.3408
0.9178,-0.3013
0.9298,-0.2614
0.9409,-0.2213
0.9511,-0.1809
0.9603,-0.1404
0.9686,-0.0997
0.9759,-0.0590
0.9823,-0.0181
0.9877,0.0227
0.9921,0.0635
0.9956,0.1043
0.9980,0.1449
0.9995,0.1854
1.0000,0.2257
0.9995,0.2659
0.9980,0.3057
0.9956,0.3452
0.9921,0.3844
0.9877,0.4233
0.9823,0.4616
0.9759,0.4996
0.9686,0.5370
0.9603,0.5739
0.9511,0.6103
0.9409,0.6461
0.9298,0.6812
0.9178,0.7156
0.9048,0.7494
0.8910,0.7824
0.8763,0.8146
0.8607,0.8460
0.8443,0.8766
0.8271,0.9063
0.8090,0.9351
0.7902,0.9630
0.7705,0.9900
0.7501,1.0160
0.7290,1.0409
0.7071,1.0649
0.6845,1.0878
0.6613,1.1096
0.6374,1.1303
0.6129,1.1500
0.5878,1.1684
0.5621,1.1857
0.5358,1.2019
0.5090,1.2169
0.4818,1.2306
0.4540,1.2432
0.4258,1.2545
0.3971,1.2646
0.3681,1.2734
0.3387,1.2810
0.3090,1.2873
0.2790,1.2924
0.2487,1.2962
0.2181,1.2987
0.1874,1.2999
0.1564,1.2998
0.1253,1.2984
0.0941,1.2958
0.0628,1.2919
0.0314,1.2867
0.0000,1.2803
-0.0314,1.2725
-0.0628,1.2636
-0.0941,1.2533
-0.1253,1.2419
-0.1564,1.2292
-0.1874,1.2153
-0.2181,1.2002
-0.2487,1.1839
-0.2790,1.1664
-0.3090,1.1478
-0.3387,1.1281
-0.3681,1.1072
-0.3971,1.0853
-0.4258,1.0623
-0.4540,1.0382
-0.4818,1.0131
-0.5090,0.9871
-0.5358,0.9600
-0.5621,0.9320
-0.5878,0.9031
-0.6129,0.8732
-0.6374,0.8426
-0.6613,0.8110
-0.6845,0.7787
-0.7071,0.7457
-0.7290,0.7118
-0.7501,0.6773
-0.7705,0.6421
-0.7902,0.6063
-0.8090,0.5699
-0.8271,0.5329
-0.8443,0.4954
-0.8607,0.4574
-0.8763,0.4189
-0.8910,0.3801
-0.9048,0.3408
-0.9178,0.3013
-0.9298,0.2614
-0.9409,0.2213
-0.9511,0.1809
-0.9603,0.1404
-0.9686,0.0997
-0.9759,0.0590
-0.9823,0.0181
-0.9877,-0.0227
-0.9921,-0.0635
-0.9956,-0.1043
-0.9980,-0.1449
-0.9995,-0.1854
-1.0000,-0.2257
-0.9995,-0.2658
-0.9980,-0.3057
-0.9956,-0.3452
-0.9921,-0.3844
-0.9877,-0.4232
-0.9823,-0.4616
-0.9759,-0.4996
-0.9686,-0.5370
-0.9603,-0.5740
-0.9511,-0.6103
-0.9409,-0.6461
-0.9298,-0.6812
-0.9178,-0.7156
-0.9048,-0.7494
-0.8910,-0.7824
-0.8763,-0.8146
-0.8607,-0.8460
-0.8443,-0.8766
-0.8271,-0.9063
-0.8090,-0.9351
-0.7902,-0.9630
-0.7705,-0.9900
-0.7501,-1.0160
-0.7290,-1.0409
-0.7071,-1.0649
-0.6845,-1.0878
-0.6613,-1.1096
-0.6374,-1.1303
-0.6129,-1.1500
-0.5878,-1.1684
-0.5621,-1.1858
-0.5358,-1.2019
-0.5090,-1.2169
-0.4818,-1.2306
-0.4540,-1.2432
-0.4258,-1.2545
-0.3971,-1.2646
-0.3681,-1.2735
-0.3387,-1.2810
-0.3090,-1.2873
-0.2790,-1.2924
-0.2487,-1.2962
-0.2181,-1.2987
-0.1874,-1.2999
-0.1564,-1.2998
-0.1253,-1.2984
-0.0941,-1.2958
-0.0628,-1.2919
-0.0314,-1.2867
0.0000,-1.2803
0.0314,-1.2725
0.0628,-1.2635
0.0941,-1.2533
0.1253,-1.2419
0.1564,-1.2292
0.1874,-1.2153
0.2181,-1.2002
0.2487,-1.1839
0.2790,-1.1664
0.3090,-1.1478
0.3387,-1.1281
0.3681,-1.1072
0.3971,-1.0853
0.4258,-1.0623
0.4540,-1.0382
0.4818,-1.0131
0.5090,-0.9871
0.5358,-0.9600
0.5621,-0.9320
0.5878,-0.9030
0.6129,-0.8732
0.6374,-0.8426
0.6613,-0.8110
0.6845,-0.7787
0.7071,-0.7457
0.7290,-0.7118
0.7501,-0.6773
0.7705,-0.6421
0.7902,-0.6063
0.8090,-0.5699
0.8271,-0.5329
0.8443,-0.4954
0.8607,-0.4574
0.8763,-0.4189
0.8910,-0.3801
0.9048,-0.3409
0.9178,-0.3013
0.9298,-0.2614
0.9409,-0.2213
0.9511,-0.1809
0.9603,-0.1404
0.9686,-0.0997
0.9759,-0.0590
0.9823,-0.0182
0.9877,0.0227
0.9921,0.0635
0.9956,0.1043
0.9980,0.1449
0.9995,0.1854
1.0000,0.2257
0.9995,0.2658
0.9980,0.3057
0.9956,0.3452
0.9921,0.3844
0.9877,0.4232
0.9823,0.4616
0.9759,0.4996
0.9686,0.5370
0.9603,0.5740
0.9511,0.6103
0.9409,0.6461
0.9298,0.6812
0.9178,0.7156
0.9048,0.7493
0.8910,0.7824
0.8763,0.8146
0.8607,0.8460
0.8443,0.8766
0.8271,0.9063
0.8090,0.9351
0.7902,0.9630
0.7705,0.9900
0.7501,1.0160
0.7290,1.0410
0.7071,1.0649
0.6845,1.0878
0.6613,1.1096
0.6374,1.1303
0.6129,1.1500
0.5878,1.1684
0.5621,1.1858
0.5358,1.2019
0.5090,1.2169
0.4818,1.2306
0.4540,1.2432
0.4258,1.2545
0.3971,1.2646
0.3681,1.2734
0.3387,1.2810
0.3090,1.2873
0.2790,1.2924
0.2487,1.2962
0.2181,1.2987
0.1874,1.2999
0.1564,1.2998
0.1253,1.2984
0.0941,1.2958
0.0628,1.2919
0.0314,1.2867
0.0000,1.2803
-0.0314,1.2725
-0.0628,1.2635
-0.0941,1.2533
-0.1253,1.2419
-0.1564,1.2292
-0.1874,1.2153
-0.2181,1.2002
-0.2487,1.1839
-0.2790,1.1664
-0.3090,1.1478
-0.3387,1.1281
-0.3681,1.1072
-0.3971,1.0853
-0.4258,1.0623
-0.4540,1.0382
-0.4818,1.0131
-0.5090,0.9870
-0.5358,0.9600
-0.5621,0.9320
-0.5878,0.9031
-0.6129,0.8732
-0.6374,0.8426
-0.6613,0.8111
-0.6845,0.7787
-0.7071,0.7457
-0.7290,0.7118
-0.7501,0.6773
-0.7705,0.6421
-0.7902,0.6063
-0.8090,0.5699
-0.8271,0.5329
-0.8443,0.4954
-0.8607,0.4574
-0.8763,0.4189
-0.8910,0.3801
-0.9048,0.3409
-0.9178,0.3013
-0.9298,0.2614
-0.9409,0.2213
-0.9511,0.1809
-0.9603,0.1404
-0.9686,0.0997
-0.9759,0.0590
-0.9823,0.0181
-0.9877,-0.0227
-0.9921,-0.0635
-0.9956,-0.1043
-0.9980,-0.1449
-0.9995,-0.1854
-1.0000,-0.2257
-0.9995,-0.2658
-0.9980,-0.3057
-0.9956,-0.3452
-0.9921,-0.3844
-0.9877,-0.4232
-0.9823,-0.4617
-0.9759,-0.4996
-0.9686,-0.5370
-0.9603,-0.5740
-0.9511,-0.6103
-0.9409,-0.6461
-0.9298,-0.6812
-0.9178,-0.7156
-0.9048,-0.7494
-0.8910,-0.7824
-0.8763,-0.8146
-0.8607,-0.8460
-0.8443,-0.8766
-0.8271,-0.9063
-0.8090,-0.9351
-0.7902,-0.9631
-0.7705,-0.9900
-0.7501,-1.0160
-0.7290,-1.0410
-0.7071,-1.0649
-0.6845,-1.0878
-0.6613,-1.1096
-0.6374,-1.1303
-0.6129,-1.1500
-0.5878,-1.1684
-0.5621,-1.1858
-0.5358,-1.2019
-0.5090,-1.2169
-0.4818,-1.2306
-0.4540,-1.2432
-0.4258,-1.2545
-0.3971,-1.2646
-0.3681,-1.2734
-0.3387,-1.2810
-0.3090,-1.2873
-0.2790,-1.2924
-0.2487,-1.2962
-0.2181,-1.2987
-0.1874,-1.2999
-0.1564,-1.2998
-0.1253,-1.2984
-0.0941,-1.2958
-0.0628,-1.2919
-0.0314,-1.2867
0.0000,-1.2802
0.0314,-1.2725
0.0628,-1.2635
0.0941,-1.2533
0.1253,-1.2419
0.1564,-1.2292
0.1874,-1.2153
0.2181,-1.2002
0.2487,-1.1839
0.2790,-1.1664
0.3090,-1.1478
0.3387,-1.1281
0.3681,-1.1072
0.3971,-1.0853
0.4258,-1.0623
0.4540,-1.0382
0.4818,-1.0131
0.5090,-0.9870
0.5358,-0.9600
0.5621,-0.9320
0.5878,-0.9031
0.6129,-0.8732
0.6374,-0.8426
0.6613,-0.8110
0.6845,-0.7787
0.7071,-0.7456
0.7290,-0.7118
0.7501,-0.6773
0.7705,-0.6421
0.7902,-0.6063
0.8090,-0.5699
0.8271,-0.5329
0.8443,-0.4954
0.8607,-0.4574
0.8763,-0.4190
0.8910,-0.3801
0.9048,-0.3409
0.9178,-0.3013
0.9298,-0.2614
0.9409,-0.2213
0.9511,-0.1809
0.9603,-0.1404
0.9686,-0.0997
0.9759,-0.0590
0.9823,-0.0182
0.9877,0.0227
0.9921,0.0635
0.9956,0.1042
0.9980,0.1449
0.9995,0.1854
1.0000,0.2258
0.9995,0.2658
0.9980,0.3057
0.9956,0.3452
0.9921,0.3844
0.9877,0.4232
0.9823,0.4616
0.9759,0.4996
0.9686,0.5370
0.9603,0.5740
0.9511,0.6103
0.9409,0.6461
0.9298,0.6812
0.9178,0.7156
0.9048,0.7494
0.8910,0.7824
0.8763,0.8146
0.8607,0.8460
0.8443,0.8766
0.8271,0.9063
0.8090,0.9351
0.7902,0.9630
0.7705,0.9900
0.7501,1.0160
0.7290,1.0410
0.7071,1.0649
0.6845,1.0878
0.6613,1.1096
0.6374,1.1303
0.6129,1.1500
0.5878,1.1684
0.5621,1.1858
0.5358,1.2019
0.5090,1.2169
0.4818,1.2306
0.4540,1.2432
0.4258,1.2545
0.3971,1.2646
0.3681,1.2734
0.3387,1.2810
0.3090,1.2873
0.2790,1.2924
0.2487,1.2962
0.2181,1.2987
0.1874,1.2999
0.1564,1.2998
0.1253,1.2984
0.0941,1.2958
0.0628,1.2919
0.0314,1.2867
0.0000,1.2802
-0.0314,1.2725
-0.0628,1.2635
-0.0941,1.2533
-0.1253,1.2419
-0.1564,1.2292
-0.1874,1.2153
-0.2181,1.2002
-0.2487,1.1839
-0.2790,1.1664
-0.3090,1.1478
-0.3387,1.1281
-0.3681,1.1073
-0.3971,1.0853
-0.4258,1.0623
-0.4540,1.0382
-0.4818,1.0131
-0.5090,0.9871
-0.5358,0.9600
-0.5621,0.9320
-0.5878,0.9031
-0.6129,0.8732
-0.6374,0.8425
-0.6613,0.8110
-0.6845,0.7787
-0.7071,0.7456
-0.7290,0.7118
-0.7501,0.6773
-0.7705,0.6421
-0.7902,0.6063
-0.8090,0.5699
-0.8271,0.5329
-0.8443,0.4954
-0.8607,0.4574
-0.8763,0.4189
-0.8910,0.3801
-0.9048,0.3408
-0.9178,0.3013
-0.9298,0.2614
-0.9409,0.2213
-0.9511,0.1809
-0.9603,0.1404
-0.9686,0.0997
-0.9759,0.0590
-0.9823,0.0182
-0.9877,-0.0227
-0.9921,-0.0635
-0.9956,-0.1043
-0.9980,-0.1449
-0.9995,-0.1854
-1.0000,-0.2257
-0.9995,-0.2658
-0.9980,-0.3057
-0.9956,-0.3452
-0.9921,-0.3844
-0.9877,-0.4232
-0.9823,-0.4616
-0.9759,-0.4996
-0.9686,-0.5370
-0.9603,-0.5739
-0.9511,-0.6103
-0.9409,-0.6461
-0.9298,-0.6812
-0.9178,-0.7156
-0.9048,-0.7494
-0.8910,-0.7824
-0.8763,-0.8146
-0.8607,-0.8460
-0.8443,-0.8766
-0.8271,-0.9063
-0.8090,-0.9351
-0.7902,-0.9630
-0.7705,-0.9900
-0.7501,-1.0160
-0.7290,-1.0410
-0.7071,-1.0649
-0.6845,-1.0878
-0.6613,-1.1096
-0.6374,-1.1303
-0.6129,-1.1500
-0.5878,-1.1684
-0.5621,-1.1858
-0.5358,-1.2019
-0.5090,-1.2169
-0.4818,-1.2306
-0.4540,-1.2432
-0.4258,-1.2545
-0.3971,-1.2646
-0.3681,-1.2734
-0.3387,-1.2810
-0.3090,-1.2873
-0.2790,-1.2924
-0.2487,-1.2962
-0.2181,-1.2987
-0.1874,-1.2999
-0.1564,-1.2998
-0.1253,-1.2984
-0.0941,-1.2958
-0.0628,-1.2919
-0.0314,-1.2867
0.0000,-1.2802
0.0314,-1.2725
0.0628,-1.2636
0.0941,-1.2533
0.1253,-1.2419
0.1564,-1.2292
0.1874,-1.2153
0.2181,-1.2002
0.2487,-1.1839
0.2790,-1.1664
0.3090,-1.1478
0.3387,-1.1281
0.3681,-1.1073
0.3971,-1.0853
0.4258,-1.0623
0.4540,-1.0382
0.4818,-1.0131
0.5090,-0.9871
0.5358,-0.9600
0.5621,-0.9320
0.5878,-0.9031
0.6129,-0.8732
0.6374,-0.8426
0.6613,-0.8111
0.6845,-0.7787
0.7071,-0.7456
0.7290,-0.7118
0.7501,-0.6773
0.7705,-0.6421
0.7902,-0.6063
0.8090,-0.5699
0.8271,-0.5329
0.8443,-0.4954
0.8607,-0.4574
0.8763,-0.4190
0.8910,-0.3801
0.9048,-0.3408
0.9178,-0.3013
0.9298,-0.2614
0.9409,-0.2213
0.9511,-0.1809
0.9603,-0.1404
0.9686,-0.0997
0.9759,-0.0590
0.9823,-0.0181
0.9877,0.0227
0.9921,0.0635
0.9956,0.1043
0.9980,0.1449
0.9995,0.1854
1.0000,0.2257
0.9995,0.2659
0.9980,0.3057
0.9956,0.3452
0.9921,0.3844
0.9877,0.4232
0.9823,0.4616
0.9759,0.4996
0.9686,0.5370
0.9603,0.5740
0.9511,0.6103
0.9409,0.6461
0.9298,0.6812
0.9178,0.7156
0.9048,0.7494
0.8910,0.7824
0.8763,0.8146
0.8607,0.8460
0.8443,0.8766
0.8271,0.9063
0.8090,0.9351
0.7902,0.9631
0.7705,0.9900
0.7501,1.0160
0.7290,1.0409
0.7071,1.0649
0.6845,1.0878
0.6613,1.1096
0.6374,1.1303
0.6129,1.1500
0.5878,1.1684
0.5621,1.1858
0.5358,1.2019
0.5090,1.2169
0.4818,1.2306
0.4540,1.2432
0.4258,1.2545
0.3971,1.2646
0.3681,1.2734
0.3387,1.2810
0.3090,1.2874
0.2790,1.2924
0.2487,1.2962
0.2181,1.2987
0.1874,1.2999
0.1564,1.2998
0.1253,1.2984
0.0941,1.2958
0.0628,1.2919
0.0314,1.2867
0.0000,1.2803
-0.0314,1.2725
-0.0628,1.2636
-0.0941,1.2533
-0.1253,1.2419
-0.1564,1.2292
-0.1874,1.2153
-0.2181,1.2002
-0.2487,1.1839
-0.2790,1.1664
-0.3090,1.1478
-0.3387,1.1281
-0.3681,1.1072
-0.3971,1.0853
-0.4258,1.0623
-0.4540,1.0382
-0.4818,1.0131
-0.5090,0.9871
-0.5358,0.9600
-0.5621,0.9320
-0.5878,0.9031
-0.6129,0.8732
-0.6374,0.8426
-0.6613,0.8110
-0.6845,0.7787
-0.7071,0.7456
-0.7290,0.7118
-0.7501,0.6773
-0.7705,0.6421
-0.7902,0.6063
-0.8090,0.5699
-0.8271,0.5329
-0.8443,0.4954
-0.8607,0.4574
-0.8763,0.4189
-0.8910,0.3801
-0.9048,0.3409
-0.9178,0.3013
-0.9298,0.2614
-0.9409,0.2213
-0.9511,0.1809
-0.9603,0.1404
-0.9686,0.0997
-0.9759,0.0590
-0.9823,0.0181
-0.9877,-0.0227
-0.9921,-0.0635
-0.9956,-0.1043
-0.9980,-0.1449
-0.9995,-0.1854
-1.0000,-0.2257
-0.9995,-0.2659
-0.9980,-0.3057
-0.9956,-0.3452
-0.9921,-0.3844
-0.9877,-0.4232
-0.9823,-0.4616
-0.9759,-0.4996
-0.9686,-0.5370
-0.9603,-0.5740
-0.9511,-0.6103
-0.9409,-0.6461
-0.9298,-0.6812
-0.9178,-0.7156
-0.9048,-0.7494
-0.8910,-0.7824
-0.8763,-0.8146
-0.8607,-0.8460
-0.8443,-0.8766
-0.8271,-0.9063
-0.8090,-0.9352
-0.7902,-0.9630
-0.7705,-0.9900
-0.7501,-1.0160
-0.7290,-1.0409
-0.7071,-1.0649
-0.6845,-1.0878
-0.6613,-1.1096
-0.6374,-1.1303
-0.6129,-1.1500
-0.5878,-1.1684
-0.5621,-1.1857
-0.5358,-1.2019
-0.5090,-1.2169
-0.4818,-1.2306
-0.4540,-1.2432
-0.4258,-1.2545
-0.3971,-1.2646
-0.3681,-1.2735
-0.3387,-1.2810
-0.3090,-1.2873
-0.2790,-1.2924
-0.2487,-1.2962
-0.2181,-1.2987
-0.1874,-1.2999
-0.1564,-1.2998
-0.1253,-1.2984
-0.0941,-1.2958
-0.0628,-1.2919
-0.0314,-1.2867
0.0000,-1.2803
0.0314,-1.2725
0.0628,-1.2635
0.0941,-1.2533
0.1253,-1.2419
0.1564,-1.2292
0.1874,-1.2153
0.2181,-1.2002
0.2487,-1.1839
0.2790,-1.1664
0.3090,-1.1478
0.3387,-1.1281
0.3681,-1.1072
0.3971,-1.0853
0.4258,-1.0623
0.4540,-1.0382
0.4818,-1.0131
0.5090,-0.9871
0.5358,-0.9600
0.5621,-0.9320
0.5878,-0.9031
0.6129,-0.8732
0.6374,-0.8426
0.6613,-0.8110
0.6845,-0.7787
0.7071,-0.7457
0.7290,-0.7118
0.7501,-0.6773
0.7705,-0.6421
0.7902,-0.6063
0.8090,-0.5699
0.8271,-0.5329
0.8443,-0.4954
0.8607,-0.4574
0.8763,-0.4189
0.8910,-0.3801
0.9048,-0.3408
0.9178,-0.3013
0.9298,-0.2614
0.9409,-0.2213
0.9511,-0.1809
0.9603,-0.1404
0.9686,-0.0997
0.9759,-0.0590
0.9823,-0.0181
0.9877,0.0227
0.9921,0.0635
0.9956,0.1042
0.9980,0.1449
0.9995,0.1854
1.0000,0.2257
0.9995,0.2658
0.9980,0.3057
0.9956,0.3452
0.9921,0.3844
0.9877,0.4232
0.9823,0.4617
0.9759,0.4996
0.9686,0.5370
0.9603,0.5740
0.9511,0.6103
0.9409,0.6461
0.9298,0.6812
0.9178,0.7156
0.9048,0.7494
0.8910,0.7824
0.8763,0.8146
0.8607,0.8460
0.8443,0.8766
0.8271,0.9063
0.8090,0.9351
0.7902,0.9630
0.7705,0.9900
0.7501,1.0160
0.7290,1.0410
0.7071,1.0649
0.6845,1.0878
0.6613,1.1096
0.6374,1.1303
0.6129,1.1500
0.5878,1.1684
0.5621,1.1858
0.5358,1.2019
0.5090,1.2169
0.4818,1.2306
0.4540,1.2432
0.4258,1.2545
0.3971,1.2646
0.3681,1.2735
0.3387,1.2810
0.3090,1.2873
0.2790,1.2924
0.2487,1.2962
0.2181,1.2987
0.1874,1.2999
0.1564,1.2998
0.1253,1.2984
0.0941,1.2958
0.0628,1.2919
0.0314,1.2867
0.0000,1.2803
-0.0314,1.2725
-0.0628,1.2635
-0.0941,1.2533
-0.1253,1.2419
-0.1564,1.2292
-0.1874,1.2153
-0.2181,1.2002
-0.2487,1.1839
-0.2790,1.1664
-0.3090,1.1478
-0.3387,1.1281
-0.3681,1.1072
-0.3971,1.0853
-0.4258,1.0623
-0.4540,1.0382
-0.4818,1.0131
-0.5090,0.9870
-0.5358,0.9600
-0.5621,0.9320
-0.5878,0.9030
-0.6129,0.8732
-0.6374,0.8426
-0.6613,0.8110
-0.6845,0.7787
-0.7071,0.7457
-0.7290,0.7118
-0.7501,0.6773
-0.7705,0.6421
-0.7902,0.6063
-0.8090,0.5699
-0.8271,0.5329
-0.8443,0.4954
-0.8607,0.4574
-0.8763,0.4189
-0.8910,0.3801
-0.9048,0.3409
-0.9178,0.3013
-0.9298,0.2614
-0.9409,0.2213
-0.9511,0.1809
-0.9603,0.1404
-0.9686,0.0997
-0.9759,0.0590
-0.9823,0.0182
-0.9877,-0.0227
-0.9921,-0.0635
-0.9956,-0.1043
-0.9980,-0.1449
-0.9995,-0.1854
-1.0000,-0.2257
-0.9995,-0.2658
-0.9980,-0.3057
-0.9956,-0.3452
-0.9921,-0.3844
-0.9877,-0.4232
-0.9823,-0.4616
-0.9759,-0.4996
-0.9686,-0.5370
-0.9603,-0.5740
-0.9511,-0.6103
-0.9409,-0.6461
-0.9298,-0.6812
-0.9178,-0.7156
-0.9048,-0.7494
-0.8910,-0.7823
-0.8763,-0.8146
-0.8607,-0.8460
-0.8443,-0.8766
-0.8271,-0.9063
-0.8090,-0.9351
-0.7902,-0.9630
-0.7705,-0.9900
-0.7501,-1.0160
-0.7290,-1.0410
-0.7071,-1.0649
-0.6845,-1.0878
-0.6613,-1.1096
-0.6374,-1.1304
-0.6129,-1.1499
-0.5878,-1.1684
-0.5621,-1.1858
-0.5358,-1.2019
-0.5090,-1.2169
-0.4818,-1.2306
-0.4540,-1.2432
-0.4258,-1.2545
-0.3971,-1.2646
-0.3681,-1.2734
-0.3387,-1.2810
-0.3090,-1.2873
-0.2790,-1.2924
-0.2487,-1.2962
-0.2181,-1.2987
-0.1874,-1.2999
-0.1564,-1.2998
-0.1253,-1.2984
-0.0941,-1.2958
-0.0628,-1.2919
-0.0314,-1.2867
0.0000,-1.2803
0.0314,-1.2725
0.0628,-1.2635
0.0941,-1.2533
0.1253,-1.2419
0.1564,-1.2292
0.1874,-1.2153
0.2181,-1.2002
0.2487,-1.1839
0.2790,-1.1664
0.3090,-1.1478
0.3387,-1.1281
0.3681,-1.1072
0.3971,-1.0853
0.4258,-1.0623
0.4540,-1.0382
0.4818,-1.0131
0.5090,-0.9871
0.5358,-0.9600
0.5621,-0.9320
0.5878,-0.9031
0.6129,-0.8732
0.6374,-0.8426
0.6613,-0.8110
0.6845,-0.7787
0.7071,-0.7456
0.7290,-0.7118
0.7501,-0.6773
0.7705,-0.6421
0.7902,-0.6063
0.8090,-0.5699
0.8271,-0.5329
0.8443,-0.4954
0.8607,-0.4574
0.8763,-0.4189
0.8910,-0.3801
0.9048,-0.3409
0.9178,-0.3013
0.9298,-0.2614
0.9409,-0.2213
0.9511,-0.1809
0.9603,-0.1404
0.9686,-0.0997
0.9759,-0.0590
0.9823,-0.0182
0.9877,0.0227
0.9921,0.0635
0.9956,0.1043
0.9980,0.1449
0.9995,0.1854
1.0000,0.2257
0.9995,0.2658
0.9980,0.3057
0.9956,0.3452
0.9921,0.3844
0.9877,0.4232
0.9823,0.4616
0.9759,0.4996
0.9686,0.5370
0.9603,0.5740
0.9511,0.6103
0.9409,0.6461
0.9298,0.6812
0.9178,0.7156
0.9048,0.7494
0.8910,0.7824
0.8763,0.8146
0.8607,0.8460
0.8443,0.8766
0.8271,0.9063
0.8090,0.9351
0.7902,0.9631
0.7705,0.9900
0.7501,1.0160
0.7290,1.0410
0.7071,1.0649
0.6845,1.0878
0.6613,1.1096
0.6374,1.1303
0.6129,1.1500
0.5878,1.1684
0.5621,1.1858
0.5358,1.2019
0.5090,1.2169
0.4818,1.2306
0.4540,1.2432
0.4258,1.2545
0.3971,1.2646
0.3681,1.2734
0.3387,1.2810
0.3090,1.2873
0.2790,1.2924
0.2487,1.2962
0.2181,1.2987
0.1874,1.2999
0.1564,1.2998
0.1253,1.2984
0.0941,1.2958
0.0628,1.2919
0.0314,1.2867
0.0000,1.2802
-0.0314,1.2725
-0.0628,1.2636
-0.0941,1.2533
-0.1253,1.2419
-0.1564,1.2292
-0.1874,1.2153
-0.2181,1.2002
-0.2487,1.1839
-0.2790,1.1664
-0.3090,1.1478
-0.3387,1.1281
-0.3681,1.1072
-0.3971,1.0853
-0.4258,1.0623
-0.4540,1.0382
-0.4818,1.0131
-0.5090,0.9870
-0.5358,0.9600
-0.5621,0.9320
-0.5878,0.9031
-0.6129,0.8732
-0.6374,0.8425
-0.6613,0.8111
-0.6845,0.7787
-0.7071,0.7456
-0.7290,0.7118
-0.7501,0.6773
-0.7705,0.6421
-0.7902,0.6063
-0.8090,0.5699
-0.8271,0.5329
-0.8443,0.4954
-0.8607,0.4574
-0.8763,0.4190
-0.8910,0.3801
-0.9048,0.3408
-0.9178,0.3013
-0.9298,0.2614
-0.9409,0.2213
-0.9511,0.1809
-0.9603,0.1404
-0.9686,0.0997
-0.9759,0.0590
-0.9823,0.0182
-0.9877,-0.0227
-0.9921,-0.0635
-0.9956,-0.1043
-0.9980,-0.1449
-0.9995,-0.1854
-1.0000,-0.2258
-0.9995,-0.2658
-0.9980,-0.3057
-0.9956,-0.3452
-0.9921,-0.3844
-0.9877,-0.4232
-0.9823,-0.4616
-0.9759,-0.4996
-0.9686,-0.5370
-0.9603,-0.5740
-0.9511,-0.6103
-0.9409,-0.6461
-0.9298,-0.6812
-0.9178,-0.7156
-0.9048,-0.7494
-0.8910,-0.7824
-0.8763,-0.8146
-0.8607,-0.8460
-0.8443,-0.8766
-0.8271,-0.9063
-0.8090,-0.9351
-0.7902,-0.9630
-0.7705,-0.9900
-0.7501,-1.0160
-0.7290,-1.0409
-0.7071,-1.0649
-0.6845,-1.0878
-0.6613,-1.1096
-0.6374,-1.1303
-0.6129,-1.1500
-0.5878,-1.1684
-0.5621,-1.1858
-0.5358,-1.2019
-0.5090,-1.2169
-0.4818,-1.2306
-0.4540,-1.2432
-0.4258,-1.2545
-0.3971,-1.2646
-0.3681,-1.2734
-0.3387,-1.2810
-0.3090,-1.2873
-0.2790,-1.2924
-0.2487,-1.2962
-0.2181,-1.2987
-0.1874,-1.2999
-0.1564,-1.2998
-0.1253,-1.2984
-0.0941,-1.2958
-0.0628,-1.2919
-0.0314,-1.2867
0.0000,-1.2802
0.0314,-1.2725
0.0628,-1.2635
0.0941,-1.2533
0.1253,-1.2419
0.1564,-1.2292
0.1874,-1.2153
0.2181,-1.2002
0.2487,-1.1839
0.2790,-1.1664
0.3090,-1.1478
0.3387,-1.1281
0.3681,-1.1072
0.3971,-1.0853
0.4258,-1.0623
0.4540,-1.0382
0.4818,-1.0131
0.5090,-0.9871
0.5358,-0.9600
0.5621,-0.9320
0.5878,-0.9031
0.6129,-0.8732
0.6374,-0.8425
0.6613,-0.8110
0.6845,-0.7787
0.7071,-0.7456
0.7290,-0.7118
0.7501,-0.6773
0.7705,-0.6421
0.7902,-0.6063
0.8090,-0.5699
0.8271,-0.5329
0.8443,-0.4954
0.8607,-0.4574
0.8763,-0.4190
0.8910,-0.3801
0.9048,-0.3408
0.9178,-0.3013
0.9298,-0.2614
0.9409,-0.2213
0.9511,-0.1809
0.9603,-0.1404
0.9686,-0.0997
0.9759,-0.0590
0.9823,-0.0181
0.9877,0.0227
0.9921,0.0635
0.9956,0.1043
0.9980,0.1449
0.9995,0.1854
1.0000,0.2257
0.9995,0.2659
0.9980,0.3057
0.9956,0.3452
0.9921,0.3844
0.9877,0.4232
0.9823,0.4616
0.9759,0.4996
0.9686,0.5370
0.9603,0.5739
0.9511,0.6103
0.9409,0.6461
0.9298,0.6812
0.9178,0.7156
0.9048,0.7494
0.8910,0.7824
0.8763,0.8146
0.8607,0.8460
0.8443,0.8766
0.8271,0.9063
0.8090,0.9351
0.7902,0.9630
0.7705,0.9900
0.7501,1.0160
0.7290,1.0410
0.7071,1.0649
0.6845,1.0878
0.6613,1.1096
0.6374,1.1303
0.6129,1.1500
0.5878,1.1684
0.5621,1.1858
0.5358,1.2019
0.5090,1.2169
0.4818,1.2306
0.4540,1.2432
0.4258,1.2545
0.3971,1.2646
0.3681,1.2734
0.3387,1.2810
0.3090,1.2873
0.2790,1.2924
0.2487,1.2962
0.2181,1.2987
0.1874,1.2999
0.1564,1.2998
0.1253,1.2984
0.0941,1.2958
0.0628,1.2919
0.0314,1.2867
0.0000,1.2802
-0.0314,1.2725
-0.0628,1.2635
-0.0941,1.2533
-0.1253,1.2419
-0.1564,1.2292
-0.1874,1.2153
-0.2181,1.2002
-0.2487,1.1839
-0.2790,1.1664
-0.3090,1.1478
-0.3387,1.1281
-0.3681,1.1072
-0.3971,1.0853
-0.4258,1.0623
-0.4540,1.0382
-0.4818,1.0131
-0.5090,0.9871
-0.5358,0.9600
-0.5621,0.9320
-0.5878,0.9031
-0.6129,0.8732
-0.6374,0.8426
-0.6613,0.8110
-0.6845,0.7787
-0.7071,0.7457
-0.7290,0.7118
-0.7501,0.6773
-0.7705,0.6421
-0.7902,0.6063
-0.8090,0.5699
-0.8271,0.5329
-0.8443,0.4954
-0.8607,0.4574
-0.8763,0.4189
-0.8910,0.3801
-0.9048,0.3408
-0.9178,0.3013
-0.9298,0.2614
-0.9409,0.2213
-0.9511,0.1809
-0.9603,0.1404
-0.9686,0.0997
-0.9759,0.0590
-0.9823,0.0181
-0.9877,-0.0227
-0.9921,-0.0635
-0.9956,-0.1043
-0.9980,-0.1449
-0.9995,-0.1854
-1.0000,-0.2257
-0.9995,-0.2658
-0.9980,-0.3057
-0.9956,-0.3452
-0.9921,-0.3844
-0.9877,-0.4232
-0.9823,-0.4616
-0.9759,-0.4996
-0.9686,-0.5370
-0.9603,-0.5740
-0.9511,-0.6103
-0.9409,-0.6461
-0.9298,-0.6812
-0.9178,-0.7156
-0.9048,-0.7494
-0.8910,-0.7824
-0.8763,-0.8146
-0.8607,-0.8460
-0.8443,-0.8766
-0.8271,-0.9063
-0.8090,-0.9351
-0.7902,-0.9630
-0.7705,-0.9900
-0.7501,-1.0160
-0.7290,-1.0409
-0.7071,-1.0649
-0.6845,-1.0878
-0.6613,-1.1096
-0.6374,-1.1303
-0.6129,-1.1500
-0.5878,-1.1684
-0.5621,-1.1858
-0.5358,-1.2019
-0.5090,-1.2169
-0.4818,-1.2306
-0.4540,-1.2432
-0.4258,-1.2545
-0.3971,-1.2646
-0.3681,-1.2734
-0.3387,-1.2810
-0.3090,-1.2873
-0.2790,-1.2924
-0.2487,-1.2962
-0.2181,-1.2987
-0.1874,-1.2999
-0.1564,-1.2998
-0.1253,-1.2984
-0.0941,-1.2958
-0.0628,-1.2919
-0.0314,-1.2867
0.0000,-1.2802
0.0314,-1.2725
0.0628,-1.2635
0.0941,-1.2533
0.1253,-1.2419
0.1564,-1.2292
0.1874,-1.2153
0.2181,-1.2002
0.2487,-1.1839
0.2790,-1.1664
0.3090,-1.1478
0.3387,-1.1281
0.3681,-1.1072
0.3971,-1.0853
0.4258,-1.0623
0.4540,-1.0382
0.4818,-1.0131
0.5090,-0.9871
0.5358,-0.9600
0.5621,-0.9320
0.5878,-0.9030
0.6129,-0.8732
0.6374,-0.8426
0.6613,-0.8110
0.6845,-0.7787
0.7071,-0.7456
0.7290,-0.7118
0.7501,-0.6773
0.7705,-0.6421
0.7902,-0.6063
0.8090,-0.5699
0.8271,-0.5329
0.8443,-0.4954
0.8607,-0.4574
0.8763,-0.4189
0.8910,-0.3801
0.9048,-0.3409
0.9178,-0.3013
0.9298,-0.2614
0.9409,-0.2213
0.9511,-0.1809
0.9603,-0.1404
0.9686,-0.0997
0.9759,-0.0590
0.9823,-0.0181
0.9877,0.0227
0.9921,0.0635
0.9956,0.1043
0.9980,0.1449
0.9995,0.1854
1.0000,0.2257
0.9995,0.2659
0.9980,0.3057
0.9956,0.3452
0.9921,0.3844
0.9877,0.4232
0.9823,0.4616
0.9759,0.4996
0.9686,0.5370
0.9603,0.5740
0.9511,0.6103
0.9409,0.6461
0.9298,0.6812
0.9178,0.7156
0.9048,0.7493
0.8910,0.7824
0.8763,0.8146
0.8607,0.8460
0.8443,0.8766
0.8271,0.9063
0.8090,0.9352
0.7902,0.9630
0.7705,0.9900
0.7501,1.0160
0.7290,1.0410
0.7071,1.0649
0.6845,1.0878
0.6613,1.1096
0.6374,1.1303
0.6129,1.1500
0.5878,1.1684
0.5621,1.1858
0.5358,1.2019
0.5090,1.2169
0.4818,1.2306
0.4540,1.2432
0.4258,1.2545
0.3971,1.2646
0.3681,1.2734
0.3387,1.2810
0.3090,1.2873
0.2790,1.2924
0.2487,1.2962
0.2181,1.2987
0.1874,1.2999
0.1564,1.2998
0.1253,1.2984
0.0941,1.2958
0.0628,1.2919
0.0314,1.2867
0.0000,1.2803
-0.0314,1.2725
-0.0628,1.2635
-0.0941,1.2533
-0.1253,1.2419
-0.1564,1.2292
-0.1874,1.2153
-0.2181,1.2002
-0.2487,1.1839
-0.2790,1.1664
-0.3090,1.1478
-0.3387,1.1281
-0.3681,1.1072
-0.3971,1.0853
-0.4258,1.0623
-0.4540,1.0382
-0.4818,1.0131
-0.5090,0.9870
-0.5358,0.9600
-0.5621,0.9320
-0.5878,0.9031
-0.6129,0.8732
-0.6374,0.8426
-0.6613,0.8110
-0.6845,0.7787
-0.7071,0.7457
-0.7290,0.7118
-0.7501,0.6773
-0.7705,0.6421
-0.7902,0.6063
-0.8090,0.5699
-0.8271,0.5329
-0.8443,0.4954
-0.8607,0.4574
-0.8763,0.4189
-0.8910,0.3801
-0.9048,0.3409
-0.9178,0.3013
-0.9298,0.2614
-0.9409,0.2213
-0.9511,0.1809
-0.9603,0.1404
-0.9686,0.0997
-0.9759,0.0590
-0.9823,0.0181
-0.9877,-0.0227
-0.9921,-0.0635
-0.9956,-0.1043
-0.9980,-0.1449
-0.9995,-0.1854
-1.0000,-0.2257
-0.9995,-0.2658
-0.9980,-0.3057
-0.9956,-0.3452
-0.9921,-0.3844
-0.9877,-0.4232
-0.9823,-0.4617
-0.9759,-0.4996
-0.9686,-0.5370
-0.9603,-0.5740
-0.9511,-0.6103
-0.9409,-0.6461
-0.9298,-0.6812
-0.9178,-0.7156
-0.9048,-0.7494
-0.8910,-0.7824
-0.8763,-0.8146
-0.8607,-0.8460
-0.8443,-0.8766
-0.8271,-0.9063
-0.8090,-0.9351
-0.7902,-0.9631
-0.7705,-0.9900
-0.7501,-1.0160
-0.7290,-1.0409
-0.7071,-1.0649
-0.6845,-1.0878
-0.6613,-1.1096
-0.6374,-1.1303
-0.6129,-1.1500
-0.5878,-1.1684
-0.5621,-1.1858
-0.5358,-1.2019
-0.5090,-1.2169
-0.4818,-1.2306
-0.4540,-1.2432
-0.4258,-1.2545
-0.3971,-1.2646
-0.3681,-1.2734
-0.3387,-1.2810
-0.3090,-1.2873
-0.2790,-1.2924
-0.2487,-1.2962
-0.2181,-1.2987
-0.1874,-1.2999
-0.1564,-1.2998
-0.1253,-1.2984
-0.0941,-1.2958
-0.0628,-1.2919
-0.0314,-1.2867
0.0000,-1.2803
0.0314,-1.2725
0.0628,-1.2635
0.0941,-1.2533
0.1253,-1.2419
0.1564,-1.2292
0.1874,-1.2153
0.2181,-1.2002
0.2487,-1.1839
0.2790,-1.1664
0.3090,-1.1478
0.3387,-1.1281
0.3681,-1.1072
0.3971,-1.0853
0.4258,-1.0623
0.4540,-1.0382
0.4818,-1.0131
0.5090,-0.9870
0.5358,-0.9600
0.5621,-0.9320
0.5878,-0.9031
0.6129,-0.8732
0.6374,-0.8426
0.6613,-0.8110
0.6845,-0.7787
0.7071,-0.7457
0.7290,-0.7118
0.7501,-0.6773
0.7705,-0.6421
0.7902,-0.6063
0.8090,-0.5699
0.8271,-0.5329
0.8443,-0.4954
0.8607,-0.4574
0.8763,-0.4190
0.8910,-0.3801
0.9048,-0.3408
0.9178,-0.3013
0.9298,-0.2614
0.9409,-0.2213
0.9511,-0.1809
0.9603,-0.1404
0.9686,-0.0997
0.9759,-0.0590
0.9823,-0.0182
0.9877,0.0227
0.9921,0.0635
0.9956,0.1042
0.9980,0.1449
0.9995,0.1854
1.0000,0.2258
0.9995,0.2658
0.9980,0.3057
0.9956,0.3452
0.9921,0.3844
0.9877,0.4232
0.9823,0.4616
0.9759,0.4996
0.9686,0.5370
0.9603,0.5740
0.9511,0.6103
0.9409,0.6461
0.9298,0.6812
0.9178,0.7156
0.9048,0.7494
0.8910,0.7824
0.8763,0.8146
0.8607,0.8460
0.8443,0.8766
0.8271,0.9063
0.8090,0.9351
0.7902,0.9630
0.7705,0.9900
0.7501,1.0160
0.7290,1.0410
0.7071,1.0649
0.6845,1.0878
0.6613,1.1096
0.6374,1.1303
0.6129,1.1499
0.5878,1.1684
0.5621,1.1858
0.5358,1.2019
0.5090,1.2169
0.4818,1.2306
0.4540,1.2432
0.4258,1.2545
0.3971,1.2646
0.3681,1.2734
0.3387,1.2810
0.3090,1.2873
0.2790,1.2924
0.2487,1.2962
0.2181,1.2987
0.1874,1.2999
0.1564,1.2998
0.1253,1.2984
0.0941,1.2958
0.0628,1.2919
0.0314,1.2867
0.0000,1.2802
-0.0314,1.2725
-0.0628,1.2635
-0.0941,1.2533
-0.1253,1.2419
-0.1564,1.2292
-0.1874,1.2153
-0.2181,1.2002
-0.2487,1.1839
-0.2790,1.1664
-0.3090,1.1478
-0.3387,1.1281
-0.3681,1.1073
-0.3971,1.0853
-0.4258,1.0623
-0.4540,1.0382
-0.4818,1.0131
-0.5090,0.9871
-0.5358,0.9600
-0.5621,0.9320
-0.5878,0.9030
-0.6129,0.8732
-0.6374,0.8426
-0.6613,0.8110
-0.6845,0.7787
-0.7071,0.7456
-0.7290,0.7118
-0.7501,0.6773
-0.7705,0.6421
-0.7902,0.6063
-0.8090,0.5699
-0.8271,0.5329
-0.8443,0.4954
-0.8607,0.4574
-0.8763,0.4189
-0.8910,0.3801
-0.9048,0.3408
-0.9178,0.3013
-0.9298,0.2614
-0.9409,0.2213
-0.9511,0.1809
-0.9603,0.1404
-0.9686,0.0997
-0.9759,0.0590
-0.9823,0.0182
-0.9877,-0.0227
-0.9921,-0.0635
-0.9956,-0.1043
-0.9980,-0.1449
-0.9995,-0.1854
-1.0000,-0.2257
-0.9995,-0.2658
-0.9980,-0.3057
-0.9956,-0.3452
-0.9921,-0.3844
-0.9877,-0.4232
-0.9823,-0.4616
-0.9759,-0.4996
-0.9686,-0.5370
-0.9603,-0.5740
-0.9511,-0.6103
-0.9409,-0.6461
-0.9298,-0.6812
-0.9178,-0.7156
-0.9048,-0.7494
-0.8910,-0.7824
-0.8763,-0.8146
-0.8607,-0.8460
-0.8443,-0.8766
-0.8271,-0.9063
-0.8090,-0.9351
-0.7902,-0.9630
-0.7705,-0.9900
-0.7501,-1.0160
-0.7290,-1.0410
-0.7071,-1.0649
-0.6845,-1.0878
-0.6613,-1.1096
-0.6374,-1.1303
-0.6129,-1.1500
-0.5878,-1.1684
-0.5621,-1.1858
-0.5358,-1.2019
-0.5090,-1.2169
-0.4818,-1.2306
-0.4540,-1.2432
-0.4258,-1.2545
-0.3971,-1.2646
-0.3681,-1.2734
-0.3387,-1.2810
-0.3090,-1.2873
-0.2790,-1.2924
-0.2487,-1.2962
-0.2181,-1.2987
-0.1874,-1.2999
-0.1564,-1.2998
-0.1253,-1.2984
-0.0941,-1.2958
-0.0628,-1.2919
-0.0314,-1.2867
0.0000,-1.2802
0.0314,-1.2725
0.0628,-1.2635
0.0941,-1.2533
0.1253,-1.2419
0.1564,-1.2292
0.1874,-1.2153
0.2181,-1.2002
0.2487,-1.1839
0.2790,-1.1664
0.3090,-1.1478
0.3387,-1.1281
0.3681,-1.1072
0.3971,-1.0853
0.4258,-1.0623
0.4540,-1.0382
0.4818,-1.0131
0.5090,-0.9871
0.5358,-0.9600
0.5621,-0.9320
0.5878,-0.9031
0.6129,-0.8732
0.6374,-0.8426
0.6613,-0.8111
0.6845,-0.7787
0.7071,-0.7456
0.7290,-0.7118
0.7501,-0.6773
0.7705,-0.6421
0.7902,-0.6063
0.8090,-0.5699
0.8271,-0.5329
0.8443,-0.4954
0.8607,-0.4574
0.8763,-0.4190
0.8910,-0.3801
0.9048,-0.3408
0.9178,-0.3013
0.9298,-0.2614
0.9409,-0.2213
0.9511,-0.1809
0.9603,-0.1404
0.9686,-0.0997
0.9759,-0.0590
0.9823,-0.0181
0.9877,0.0227
0.9921,0.0635
0.9956,0.1043
0.9980,0.1449
0.9995,0.1854
1.0000,0.2257
0.9995,0.2659
0.9980,0.3057
0.9956,0.3452
0.9921,0.3844
0.9877,0.4232
0.9823,0.4616
0.9759,0.4996
0.9686,0.5370
0.9603,0.5740
0.9511,0.6103
0.9409,0.6461
0.9298,0.6812
0.9178,0.7156
0.9048,0.7494
0.8910,0.7824
0.8763,0.8146
0.8607,0.8460
0.8443,0.8766
0.8271,0.9063
0.8090,0.9351
0.7902,0.9631
0.7705,0.9900
0.7501,1.0160
0.7290,1.0409
0.7071,1.0649
0.6845,1.0878
0.6613,1.1096
0.6374,1.1303
0.6129,1.1500
0.5878,1.1684
0.5621,1.1858
0.5358,1.2019
0.5090,1.2169
0.4818,1.2306
0.4540,1.2432
0.4258,1.2545
0.3971,1.2646
0.3681,1.2734
0.3387,1.2810
0.3090,1.2873
0.2790,1.2924
0.2487,1.2962
0.2181,1.2987
0.1874,1.2999
0.1564,1.2998
0.1253,1.2984
0.0941,1.2958
0.0628,1.2919
0.0314,1.2867
0.0000,1.2802
-0.0314,1.2725
-0.0628,1.2636
-0.0941,1.2533
-0.1253,1.2419
-0.1564,1.2292
-0.1874,1.2153
-0.2181,1.2002
-0.2487,1.1839
-0.2790,1.1664
-0.3090,1.1478
-0.3387,1.1281
-0.3681,1.1072
-0.3971,1.0853
-0.4258,1.0623
-0.4540,1.0382
-0.4818,1.0132
-0.5090,0.9871
-0.5358,0.9600
-0.5621,0.9320
-0.5878,0.9031
-0.6129,0.8732
-0.6374,0.8426
-0.6613,0.8110
-0.6845,0.7787
-0.7071,0.7456
-0.7290,0.7118
-0.7501,0.6773
-0.7705,0.6421
-0.7902,0.6063
-0.8090,0.5699
-0.8271,0.5329
-0.8443,0.4954
-0.8607,0.4574
-0.8763,0.4190
-0.8910,0.3801
-0.9048,0.3408
-0.9178,0.3013
-0.9298,0.2614
-0.9409,0.2213
-0.9511,0.1809
-0.9603,0.1404
-0.9686,0.0997
-0.9759,0.0590
-0.9823,0.0181
-0.9877,-0.0227
-0.9921,-0.0635
-0.9956,-0.1043
-0.9980,-0.1449
-0.9995,-0.1854
-1.0000,-0.2257
-0.9995,-0.2659
-0.9980,-0.3057
-0.9956,-0.3452
-0.9921,-0.3844
-0.9877,-0.4233
-0.9823,-0.4616
-0.9759,-0.4996
-0.9686,-0.5370
-0.9603,-0.5739
-0.9511,-0.6103
-0.9409,-0.6461
-0.9298,-0.6812
-0.9178,-0.7156
-0.9048,-0.7494
-0.8910,-0.7824
-0.8763,-0.8146
-0.8607,-0.8460
-0.8443,-0.8766
-0.8271,-0.9063
-0.8090,-0.9351
-0.7902,-0.9630
-0.7705,-0.9900
-0.7501,-1.0160
-0.7290,-1.0409
-0.7071,-1.0649
-0.6845,-1.0878
-0.6613,-1.1096
-0.6374,-1.1303
-0.6129,-1.1500
-0.5878,-1.1684
-0.5621,-1.1857
-0.5358,-1.2019
-0.5090,-1.2169
-0.4818,-1.2306
-0.4540,-1.2432
-0.4258,-1.2545
-0.3971,-1.2646
-0.3681,-1.2734
-0.3387,-1.2810
-0.3090,-1.2873
-0.2790,-1.2924
-0.2487,-1.2962
-0.2181,-1.2987
-0.1874,-1.2999
-0.1564,-1.2998
-0.1253,-1.2984
-0.0941,-1.2958
-0.0628,-1.2919
-0.0314,-1.2867
0.0000,-1.2803
0.0314,-1.2725
0.0628,-1.2635
0.0941,-1.2533
0.1253,-1.2419
0.1564,-1.2292
0.1874,-1.2153
0.2181,-1.2002
0.2487,-1.1839
0.2790,-1.1664
0.3090,-1.1478
0.3387,-1.1281
0.3681,-1.1072
0.3971,-1.0853
0.4258,-1.0623
0.4540,-1.0382
0.4818,-1.0131
0.5090,-0.9871
0.5358,-0.9600
0.5621,-0.9320
0.5878,-0.9031
0.6129,-0.8732
0.6374,-0.8425
0.6613,-0.8110
0.6845,-0.7787
0.7071,-0.7457
0.7290,-0.7118
0.7501,-0.6773
0.7705,-0.6421
0.7902,-0.6063
0.8090,-0.5699
0.8271,-0.5329
0.8443,-0.4954
0.8607,-0.4574
0.8763,-0.4189
0.8910,-0.3801
0.9048,-0.3408
0.9178,-0.3013
0.9298,-0.2614
0.9409,-0.2213
0.9511,-0.1809
0.9603,-0.1404
0.9686,-0.0997
0.9759,-0.0590
0.9823,-0.0181
0.9877,0.0227
0.9921,0.0635
0.9956,0.1043
0.9980,0.1449
0.9995,0.1854
1.0000,0.2257
0.9995,0.2658
0.9980,0.3057
0.9956,0.3452
0.9921,0.3844
0.9877,0.4232
0.9823,0.4616
0.9759,0.4996
0.9686,0.5370
0.9603,0.5740
0.9511,0.6103
0.9409,0.6461
0.9298,0.6812
0.9178,0.7156
0.9048,0.7494
0.8910,0.7824
0.8763,0.8146
0.8607,0.8460
0.8443,0.8766
0.8271,0.9063
0.8090,0.9351
0.7902,0.9630
0.7705,0.9900
0.7501,1.0160
0.7290,1.0409
0.7071,1.0649
0.6845,1.0878
0.6613,1.1096
0.6374,1.1303
0.6129,1.1500
0.5878,1.1684
0.5621,1.1858
0.5358,1.2019
0.5090,1.2169
0.4818,1.2306
0.4540,1.2432
0.4258,1.2545
0.3971,1.2646
0.3681,1.2734
0.3387,1.2810
0.3090,1.2873
0.2790,1.2924
0.2487,1.2962
0.2181,1.2987
0.1874,1.2999
0.1564,1.2998
0.1253,1.2984
0.0941,1.2958
0.0628,1.2919
0.0314,1.2867
0.0000,1.2802
-0.0314,1.2725
-0.0628,1.2635
-0.0941,1.2533
-0.1253,1.2419
-0.1564,1.2292
-0.1874,1.2153
-0.2181,1.2002
-0.2487,1.1839
-0.2790,1.1664
-0.3090,1.1478
-0.3387,1.1281
-0.3681,1.1072
-0.3971,1.0853
-0.4258,1.0623
-0.4540,1.0382
-0.4818,1.0131
-0.5090,0.9870
-0.5358,0.9600
-0.5621,0.9320
-0.5878,0.9030
-0.6129,0.8732
-0.6374,0.8426
-0.6613,0.8110
-0.6845,0.7787
-0.7071,0.7457
-0.7290,0.7118
-0.7501,0.6773
-0.7705,0.6421
-0.7902,0.6063
-0.8090,0.5699
-0.8271,0.5329
-0.8443,0.4954
-0.8607,0.4574
-0.8763,0.4189
-0.8910,0.3801
-0.9048,0.3409
-0.9178,0.3013
-0.9298,0.2614
-0.9409,0.2213
-0.9511,0.1809
-0.9603,0.1404
-0.9686,0.0997
-0.9759,0.0590
-0.9823,0.0182
-0.9877,-0.0227
-0.9921,-0.0635
-0.9956,-0.1043
-0.9980,-0.1449
-0.9995,-0.1854
-1.0000,-0.2257
-0.9995,-0.2658
-0.9980,-0.3057
-0.9956,-0.3452
-0.9921,-0.3844
-0.9877,-0.4232
-0.9823,-0.4616
-0.9759,-0.4996
-0.9686,-0.5370
-0.9603,-0.5740
-0.9511,-0.6103
-0.9409,-0.6461
-0.9298,-0.6812
-0.9178,-0.7156
-0.9048,-0.7493
-0.8910,-0.7823
-0.8763,-0.8146
-0.8607,-0.8460
-0.8443,-0.8766
-0.8271,-0.9063
-0.8090,-0.9351
-0.7902,-0.9630
-0.7705,-0.9900
-0.7501,-1.0160
-0.7290,-1.0410
-0.7071,-1.0649
-0.6845,-1.0878
-0.6613,-1.1096
-0.6374,-1.1304
-0.6129,-1.1500
-0.5878,-1.1684
-0.5621,-1.1858
-0.5358,-1.2019
-0.5090,-1.2169
-0.4818,-1.2306
-0.4540,-1.2432
-0.4258,-1.2545
-0.3971,-1.2646
-0.3681,-1.2734
-0.3387,-1.2810
-0.3090,-1.2873
-0.2790,-1.2924
-0.2487,-1.2962
-0.2181,-1.2987
-0.1874,-1.2999
-0.1564,-1.2998
-0.1253,-1.2984
-0.0941,-1.2958
-0.0628,-1.2919
-0.0314,-1.2867
0.0000,-1.2803
0.0314,-1.2725
0.0628,-1.2635
0.0941,-1.2533
0.1253,-1.2419
0.1564,-1.2292
0.1874,-1.2153
0.2181,-1.2002
0.2487,-1.1839
0.2790,-1.1664
0.3090,-1.1478
0.3387,-1.1281
0.3681,-1.1072
0.3971,-1.0853
0.4258,-1.0623
0.4540,-1.0382
0.4818,-1.0131
0.5090,-0.9870
0.5358,-0.9600
0.5621,-0.9320
0.5878,-0.9031
0.6129,-0.8732
0.6374,-0.8426
0.6613,-0.8110
0.6845,-0.7787
0.7071,-0.7457
0.7290,-0.7118
0.7501,-0.6773
0.7705,-0.6421
0.7902,-0.6063
0.8090,-0.5699
0.8271,-0.5329
0.8443,-0.4954
0.8607,-0.4574
0.8763,-0.4189
0.8910,-0.3801
0.9048,-0.3409
0.9178,-0.3013
0.9298,-0.2614
0.9409,-0.2213
0.9511,-0.1809
0.9603,-0.1404
0.9686,-0.0997
0.9759,-0.0590
0.9823,-0.0181
0.9877,0.0227
0.9921,0.0635
0.9956,0.1043
0.9980,0.1449
0.9995,0.1854
1.0000,0.2257
0.9995,0.2658
0.9980,0.3057
0.9956,0.3452
0.9921,0.3844
0.9877,0.4232
0.9823,0.4616
0.9759,0.4996
0.9686,0.5370
0.9603,0.5740
0.9511,0.6103
0.9409,0.6461
0.9298,0.6812
0.9178,0.7156
0.9048,0.7494
0.8910,0.7824
0.8763,0.8146
0.8607,0.8460
0.8443,0.8766
0.8271,0.9063
0.8090,0.9351
0.7902,0.9631
0.7705,0.9900
0.7501,1.0160
0.7290,1.0410
0.7071,1.0649
0.6845,1.0878
0.6613,1.1096
0.6374,1.1303
0.6129,1.1500
0.5878,1.1684
0.5621,1.1858
0.5358,1.2019
0.5090,1.2169
0.4818,1.2306
0.4540,1.2432
0.4258,1.2545
0.3971,1.2646
0.3681,1.2734
0.3387,1.2810
0.3090,1.2873
0.2790,1.2924
0.2487,1.2962
0.2181,1.2987
0.1874,1.2999
0.1564,1.2998
0.1253,1.2984
0.0941,1.2958
0.0628,1.2919
0.0314,1.2867
0.0000,1.2802
-0.0314,1.2725
-0.0628,1.2636
-0.0941,1.2533
-0.1253,1.2419
-0.1564,1.2292
-0.1874,1.2153
-0.2181,1.2002
-0.2487,1.1839
-0.2790,1.1664
-0.3090,1.1478
-0.3387,1.1281
-0.3681,1.1072
-0.3971,1.0853
-0.4258,1.0623
-0.4540,1.0382
-0.4818,1.0131
-0.5090,0.9870
-0.5358,0.9600
-0.5621,0.9320
-0.5878,0.9031
-0.6129,0.8732
-0.6374,0.8426
-0.6613,0.8110
-0.6845,0.7787
-0.7071,0.7456
-0.7290,0.7118
-0.7501,0.6773
-0.7705,0.6421
-0.7902,0.6063
-0.8090,0.5699
-0.8271,0.5329
-0.8443,0.4954
-0.8607,0.4574
-0.8763,0.4190
-0.8910,0.3801
-0.9048,0.3408
-0.9178,0.3013
-0.9298,0.2614
-0.9409,0.2213
-0.9511,0.1809
-0.9603,0.1404
-0.9686,0.0997
-0.9759,0.0590
-0.9823,0.0182
-0.9877,-0.0227
-0.9921,-0.0635
-0.9956,-0.1042
-0.9980,-0.1449
-0.9995,-0.1854
-1.0000,-0.2258
-0.9995,-0.2658
-0.9980,-0.3057
-0.9956,-0.3452
-0.9921,-0.3844
-0.9877,-0.4232
-0.9823,-0.4616
-0.9759,-0.4996
-0.9686,-0.5370
-0.9603,-0.5740
-0.9511,-0.6103
-0.9409,-0.6461
-0.9298,-0.6812
-0.9178,-0.7156
-0.9048,-0.7494
-0.8910,-0.7824
-0.8763,-0.8146
-0.8607,-0.8460
-0.8443,-0.8766
-0.8271,-0.9063
-0.8090,-0.9351
-0.7902,-0.9630
-0.7705,-0.9900
-0.7501,-1.0160
-0.7290,-1.0409
-0.7071,-1.0649
-0.6845,-1.0878
-0.6613,-1.1096
-0.6374,-1.1303
-0.6129,-1.1500
-0.5878,-1.1684
-0.5621,-1.1858
-0.5358,-1.2019
-0.5090,-1.2169
-0.4818,-1.2306
-0.4540,-1.2432
-0.4258,-1.2545
-0.3971,-1.2646
-0.3681,-1.2734
-0.3387,-1.2810
-0.3090,-1.2873
-0.2790,-1.2924
-0.2487,-1.2962
-0.2181,-1.2987
-0.1874,-1.2999
-0.1564,-1.2998
-0.1253,-1.2984
-0.0941,-1.2958
-0.0628,-1.2919
-0.0314,-1.2867
0.0000,-1.2802
0.0314,-1.2725
0.0628,-1.2635
0.0941,-1.2533
0.1253,-1.2419
0.1564,-1.2292
0.1874,-1.2153
0.2181,-1.2002
0.2487,-1.1839
0.2790,-1.1664
0.3090,-1.1478
0.3387,-1.1281
0.3681,-1.1073
0.3971,-1.0853
0.4258,-1.0623
0.4540,-1.0382
0.4818,-1.0131
0.5090,-0.9871
0.5358,-0.9600
0.5621,-0.9320
0.5878,-0.9031
0.6129,-0.8732
0.6374,-0.8425
0.6613,-0.8110
0.6845,-0.7787
0.7071,-0.7456
0.7290,-0.7118
0.7501,-0.6773
0.7705,-0.6421
0.7902,-0.6063
0.8090,-0.5699
0.8271,-0.5329
0.8443,-0.4954
0.8607,-0.4574
0.8763,-0.4190
0.8910,-0.3801
0.9048,-0.3408
0.9178,-0.3013
0.9298,-0.2614
0.9409,-0.2213
0.9511,-0.1809
0.9603,-0.1404
0.9686,-0.0997
0.9759,-0.0590
0.9823,-0.0182
0.9877,0.0227
0.9921,0.0635
0.9956,0.1043
0.9980,0.1449
0.9995,0.1854
1.0000,0.2257
0.9995,0.2659
0.9980,0.3057
0.9956,0.3452
0.9921,0.3844
0.9877,0.4232
0.9823,0.4616
0.9759,0.4996
0.9686,0.5370
0.9603,0.5739
0.9511,0.6103
0.9409,0.6461
0.9298,0.6812
0.9178,0.7156
0.9048,0.7494
0.8910,0.7824
0.8763,0.8146
0.8607,0.8460
0.8443,0.8766
0.8271,0.9063
0.8090,0.9351
0.7902,0.9630
0.7705,0.9900
0.7501,1.0160
0.7290,1.0410
0.7071,1.0649
0.6845,1.0878
0.6613,1.1096
0.6374,1.1303
0.6129,1.1500
0.5878,1.1684
0.5621,1.1858
0.5358,1.2019
0.5090,1.2169
0.4818,1.2306
0.4540,1.2432
0.4258,1.2545
0.3971,1.2646
0.3681,1.2734
0.3387,1.2810
0.3090,1.2873
0.2790,1.2924
0.2487,1.2962
0.2181,1.2987
0.1874,1.2999
0.1564,1.2998
0.1253,1.2984
0.0941,1.2958
0.0628,1.2919
0.0314,1.2867
0.0000,1.2802
-0.0314,1.2725
-0.0628,1.2636
-0.0941,1.2533
-0.1253,1.2419
-0.1564,1.2292
-0.1874,1.2153
-0.2181,1.2002
-0.2487,1.1839
-0.2790,1.1664
-0.3090,1.1478
-0.3387,1.1281
-0.3681,1.1072
-0.3971,1.0853
-0.4258,1.0623
-0.4540,1.0382
-0.4818,1.0131
-0.5090,0.9871
-0.5358,0.9600
-0.5621,0.9320
-0.5878,0.9031
-0.6129,0.8732
-0.6374,0.8426
-0.6613,0.8111
-0.6845,0.7787
-0.7071,0.7457
-0.7290,0.7118
-0.7501,0.6773
-0.7705,0.6421
-0.7902,0.6063
-0.8090,0.5699
-0.8271,0.5329
-0.8443,0.4954
-0.8607,0.4574
-0.8763,0.4189
-0.8910,0.3801
-0.9048,0.3408
-0.9178,0.3013
-0.9298,0.2614
-0.9409,0.2213
-0.9511,0.1809
-0.9603,0.1404
-0.9686,0.0997
-0.9759,0.0590
-0.9823,0.0181
-0.9877,-0.0227
-0.9921,-0.0635
-0.9956,-0.1043
-0.9980,-0.1449
-0.9995,-0.1854
-1.0000,-0.2257
-0.9995,-0.2658
-0.9980,-0.3057
-0.9956,-0.3452
-0.9921,-0.3844
-0.9877,-0.4232
-0.9823,-0.4616
-0.9759,-0.4996
-0.9686,-0.5371
-0.9603,-0.5740
-0.9511,-0.6103
-0.9409,-0.6461
-0.9298,-0.6812
-0.9178,-0.7156
-0.9048,-0.7494
-0.8910,-0.7824
-0.8763,-0.8146
-0.8607,-0.8460
-0.8443,-0.8766
-0.8271,-0.9063
-0.8090,-0.9351
-0.7902,-0.9630
-0.7705,-0.9900
-0.7501,-1.0160
-0.7290,-1.0409
-0.7071,-1.0649
-0.6845,-1.0878
-0.6613,-1.1096
-0.6374,-1.1303
-0.6129,-1.1500
-0.5878,-1.1684
-0.5621,-1.1858
-0.5358,-1.2019
-0.5090,-1.2169
-0.4818,-1.2306
-0.4540,-1.2432
-0.4258,-1.2545
-0.3971,-1.2646
-0.3681,-1.2734
-0.3387,-1.2810
-0.3090,-1.2873
-0.2790,-1.2924
-0.2487,-1.2962
-0.2181,-1.2987
-0.1874,-1.2999
-0.1564,-1.2998
-0.1253,-1.2984
-0.0941,-1.2958
-0.0628,-1.2919
-0.0314,-1.2867
0.0000,-1.2802
0.0314,-1.2725
0.0628,-1.2636
0.0941,-1.2533
0.1253,-1.2419
0.1564,-1.2292
0.1874,-1.2153
0.2181,-1.2002
0.2487,-1.1839
0.2790,-1.1664
0.3090,-1.1478
0.3387,-1.1281
0.3681,-1.1072
0.3971,-1.0853
0.4258,-1.0623
0.4540,-1.0382
0.4818,-1.0131
0.5090,-0.9871
0.5358,-0.9600
0.5621,-0.9320
0.5878,-0.9031
0.6129,-0.8732
0.6374,-0.8426
0.6613,-0.8110
0.6845,-0.7787
0.7071,-0.7456
0.7290,-0.7118
0.7501,-0.6773
0.7705,-0.6421
0.7902,-0.6063
0.8090,-0.5699
0.8271,-0.5329
0.8443,-0.4954
0.8607,-0.4574
0.8763,-0.4189
0.8910,-0.3801
0.9048,-0.3409
0.9178,-0.3013
0.9298,-0.2614
0.9409,-0.2213
0.9511,-0.1809
0.9603,-0.1404
0.9686,-0.0997
0.9759,-0.0590
0.9823,-0.0181
0.9877,0.0227
0.9921,0.0635
0.9956,0.1043
0.9980,0.1449
0.9995,0.1854
1.0000,0.2257
0.9995,0.2659
0.9980,0.3057
0.9956,0.3452
0.9921,0.3844
0.9877,0.4233
0.9823,0.4616
0.9759,0.4996
0.9686,0.5370
0.9603,0.5739
0.9511,0.6103
0.9409,0.6461
0.9298,0.6812
0.9178,0.7156
0.9048,0.7493
0.8910,0.7824
0.8763,0.8146
0.8607,0.8460
0.8443,0.8766
0.8271,0.9063
0.8090,0.9351
0.7902,0.9630
0.7705,0.9900
0.7501,1.0160
0.7290,1.0410
0.7071,1.0649
0.6845,1.0878
0.6613,1.1096
0.6374,1.1303
0.6129,1.1500
0.5878,1.1684
0.5621,1.1858
0.5358,1.2019
0.5090,1.2169
0.4818,1.2306
0.4540,1.2432
0.4258,1.2545
0.3971,1.2646
0.3681,1.2734
0.3387,1.2810
0.3090,1.2873
0.2790,1.2924
0.2487,1.2962
0.2181,1.2987
0.1874,1.2999
0.1564,1.2998
0.1253,1.2984
0.0941,1.2958
0.0628,1.2919
0.0314,1.2867
0.0000,1.2803
-0.0314,1.2725
-0.0628,1.2635
-0.0941,1.2533
-0.1253,1.2419
-0.1564,1.2292
-0.1874,1.2153
-0.2181,1.2002
-0.2487,1.1839
-0.2790,1.1664
-0.3090,1.1478
-0.3387,1.1281
-0.3681,1.1073
-0.3971,1.0853
-0.4258,1.0623
-0.4540,1.0382
-0.4818,1.0131
-0.5090,0.9871
-0.5358,0.9600
-0.5621,0.9320
-0.5878,0.9031
-0.6129,0.8732
-0.6374,0.8425
-0.6613,0.8110
-0.6845,0.7787
-0.7071,0.7457
-0.7290,0.7118
-0.7501,0.6773
-0.7705,0.6421
-0.7902,0.6063
-0.8090,0.5699
-0.8271,0.5329
-0.8443,0.4954
-0.8607,0.4574
-0.8763,0.4189
-0.8910,0.3801
-0.9048,0.3408
-0.9178,0.3013
-0.9298,0.2614
-0.9409,0.2213
-0.9511,0.1809
-0.9603,0.1404
-0.9686,0.0997
-0.9759,0.0590
-0.9823,0.0182
-0.9877,-0.0227
-0.9921,-0.0635
-0.9956,-0.1043
-0.9980,-0.1449
-0.9995,-0.1854
-1.0000,-0.2257
-0.9995,-0.2658
-0.9980,-0.3057
-0.9956,-0.3452
-0.9921,-0.3844
-0.9877,-0.4232
-0.9823,-0.4617
-0.9759,-0.4996
-0.9686,-0.5370
-0.9603,-0.5740
-0.9511,-0.6103
-0.9409,-0.6461
-0.9298,-0.6812
-0.9178,-0.7156
-0.9048,-0.7494
-0.8910,-0.7824
-0.8763,-0.8146
-0.8607,-0.8460
-0.8443,-0.8766
-0.8271,-0.9063
-0.8090,-0.9351
-0.7902,-0.9630
-0.7705,-0.9900
-0.7501,-1.0160
-0.7290,-1.0410
-0.7071,-1.0649
-0.6845,-1.0878
-0.6613,-1.1096
-0.6374,-1.1303
-0.6129,-1.1500
-0.5878,-1.1684
-0.5621,-1.1858
-0.5358,-1.2019
-0.5090,-1.2169
-0.4818,-1.2306
-0.4540,-1.2432
-0.4258,-1.2545
-0.3971,-1.2646
-0.3681,-1.2735
-0.3387,-1.2810
-0.3090,-1.2873
-0.2790,-1.2924
-0.2487,-1.2962
-0.2181,-1.2987
-0.1874,-1.2999
-0.1564,-1.2998
-0.1253,-1.2984
-0.0941,-1.2958
-0.0628,-1.2919
-0.0314,-1.2867
0.0000,-1.2802
0.0314,-1.2725
0.0628,-1.2635
0.0941,-1.2533
0.1253,-1.2419
0.1564,-1.2292
0.1874,-1.2153
0.2181,-1.2002
0.2487,-1.1839
0.2790,-1.1664
0.3090,-1.1478
0.3387,-1.1281
0.3681,-1.1072
0.3971,-1.0853
0.4258,-1.0623
0.4540,-1.0382
0.4818,-1.0131
0.5090,-0.9870
0.5358,-0.9600
0.5621,-0.9320
0.5878,-0.9030
0.6129,-0.8732
0.6374,-0.8426
0.6613,-0.8110
0.6845,-0.7787
0.7071,-0.7456
0.7290,-0.7118
0.7501,-0.6773
0.7705,-0.6421
0.7902,-0.6063
0.8090,-0.5699
0.8271,-0.5329
0.8443,-0.4954
0.8607,-0.4574
0.8763,-0.4189
0.8910,-0.3801
0.9048,-0.3409
0.9178,-0.3013
0.9298,-0.2614
0.9409,-0.2213
0.9511,-0.1809
0.9603,-0.1404
0.9686,-0.0997
0.9759,-0.0590
0.9823,-0.0182
0.9877,0.0227
0.9921,0.0635
0.9956,0.1042
0.9980,0.1449
0.9995,0.1854
1.0000,0.2257
0.9995,0.2658
0.9980,0.3057
0.9956,0.3452
0.9921,0.3844
0.9877,0.4232
0.9823,0.4616
0.9759,0.4996
0.9686,0.5370
0.9603,0.5740
0.9511,0.6103
0.9409,0.6460
0.9298,0.6812
0.9178,0.7156
0.9048,0.7494
0.8910,0.7824
0.8763,0.8146
0.8607,0.8460
0.8443,0.8766
0.8271,0.9063
0.8090,0.9352
0.7902,0.9630
0.7705,0.9900
0.7501,1.0160
0.7290,1.0409
0.7071,1.0649
0.6845,1.0878
0.6613,1.1096
0.6374,1.1303
0.6129,1.1499
0.5878,1.1684
0.5621,1.1858
0.5358,1.2019
0.5090,1.2169
0.4818,1.2306
0.4540,1.2432
0.4258,1.2545
0.3971,1.2646
0.3681,1.2734
0.3387,1.2810
0.3090,1.2873
0.2790,1.2924
0.2487,1.2962
0.2181,1.2987
0.1874,1.2999
0.1564,1.2998
0.1253,1.2984
0.0941,1.2958
0.0628,1.2919
0.0314,1.2867
0.0000,1.2802
-0.0314,1.2725
-0.0628,1.2636
-0.0941,1.2533
-0.1253,1.2419
-0.1564,1.2292
-0.1874,1.2153
-0.2181,1.2002
-0.2487,1.1839
-0.2790,1.1664
-0.3090,1.1478
-0.3387,1.1281
-0.3681,1.1072
-0.3971,1.0853
-0.4258,1.0623
-0.4540,1.0382
-0.4818,1.0131
-0.5090,0.9871
-0.5358,0.9600
-0.5621,0.9320
-0.5878,0.9031
-0.6129,0.8732
-0.6374,0.8426
-0.6613,0.8110
-0.6845,0.7787
-0.7071,0.7456
-0.7290,0.7118
-0.7501,0.6773
-0.7705,0.6421
-0.7902,0.6063
-0.8090,0.5699
-0.8271,0.5329
-0.8443,0.4954
-0.8607,0.4574
-0.8763,0.4190
-0.8910,0.3801
-0.9048,0.3409
-0.9178,0.3013
-0.9298,0.2614
-0.9409,0.2213
-0.9511,0.1809
-0.9603,0.1404
-0.9686,0.0997
-0.9759,0.0589
-0.9823,0.0181
-0.9877,-0.0227
-0.9921,-0.0635
-0.9956,-0.1043
-0.9980,-0.1449
-0.9995,-0.1854
-1.0000,-0.2258
-0.9995,-0.2659
-0.9980,-0.3057
-0.9956,-0.3452
-0.9921,-0.3844
-0.9877,-0.4232
-0.9823,-0.4616
-0.9759,-0.4996
-0.9686,-0.5370
-0.9603,-0.5739
-0.9511,-0.6103
-0.9409,-0.6461
-0.9298,-0.6812
-0.9178,-0.7156
-0.9048,-0.7494
-0.8910,-0.7824
-0.8763,-0.8146
-0.8607,-0.8460
-0.8443,-0.8766
-0.8271,-0.9063
-0.8090,-0.9351
-0.7902,-0.9631
-0.7705,-0.9900
-0.7501,-1.0160
-0.7290,-1.0410
-0.7071,-1.0649
-0.6845,-1.0878
-0.6613,-1.1096
-0.6374,-1.1303
-0.6129,-1.1500
-0.5878,-1.1684
-0.5621,-1.1858
-0.5358,-1.2019
-0.5090,-1.2169
-0.4818,-1.2306
-0.4540,-1.2432
-0.4258,-1.2545
-0.3971,-1.2646
-0.3681,-1.2734
-0.3387,-1.2810
-0.3090,-1.2873
-0.2790,-1.2924
-0.2487,-1.2962
-0.2181,-1.2987
-0.1874,-1.2999
-0.1564,-1.2998
-0.1253,-1.2984
-0.0941,-1.2958
-0.0628,-1.2919
-0.0314,-1.2867
0.0000,-1.2803
0.0314,-1.2725
0.0628,-1.2636
0.0941,-1.2533
0.1253,-1.2419
0.1564,-1.2292
0.1874,-1.2153
0.2181,-1.2002
0.2487,-1.1839
0.2790,-1.1664
0.3090,-1.1478
0.3387,-1.1281
0.3681,-1.1073
0.3971,-1.0853
0.4258,-1.0623
0.4540,-1.0382
0.4818,-1.0131
0.5090,-0.9870
0.5358,-0.9600
0.5621,-0.9320
0.5878,-0.9031
0.6129,-0.8732
0.6374,-0.8426
0.6613,-0.8111
0.6845,-0.7787
0.7071,-0.7457
0.7290,-0.7119
0.7501,-0.6773
0.7705,-0.6421
0.7902,-0.6063
0.8090,-0.5699
0.8271,-0.5329
0.8443,-0.4954
0.8607,-0.4574
0.8763,-0.4190
0.8910,-0.3801
0.9048,-0.3408
0.9178,-0.3013
0.9298,-0.2614
0.9409,-0.2213
0.9511,-0.1809
0.9603,-0.1404
0.9686,-0.0997
0.9759,-0.0590
0.9823,-0.0182
0.9877,0.0227
0.9921,0.0635
0.9956,0.1043
0.9980,0.1449
0.9995,0.1854
1.0000,0.2257
0.9995,0.2658
0.9980,0.3057
0.9956,0.3452
0.9921,0.3844
0.9877,0.4232
0.9823,0.4616
0.9759,0.4996
0.9686,0.5370
0.9603,0.5740
0.9511,0.6103
0.9409,0.6461
0.9298,0.6812
0.9178,0.7156
0.9048,0.7494
0.8910,0.7824
0.8763,0.8146
0.8607,0.8460
0.8443,0.8766
0.8271,0.9063
0.8090,0.9351
0.7902,0.9630
0.7705,0.9900
0.7501,1.0160
0.7290,1.0410
0.7071,1.0649
0.6845,1.0878
0.6613,1.1096
0.6374,1.1303
0.6129,1.1500
0.5878,1.1684
0.5621,1.1858
0.5358,1.2019
0.5090,1.2169
0.4818,1.2306
0.4540,1.2432
0.4258,1.2545
0.3971,1.2646
0.3681,1.2735
0.3387,1.2810
0.3090,1.2874
0.2790,1.2924
0.2487,1.2962
0.2181,1.2987
0.1874,1.2999
0.1564,1.2998
0.1253,1.2984
0.0941,1.2958
0.0628,1.2919
0.0314,1.2867
0.0000,1.2803
-0.0314,1.2725
-0.0628,1.2635
-0.0941,1.2533
-0.1253,1.2419
-0.1564,1.2292
-0.1874,1.2153
-0.2181,1.2002
-0.2487,1.1839
-0.2790,1.1664
-0.3090,1.1478
-0.3387,1.1281
-0.3681,1.1072
-0.3971,1.0853
-0.4258,1.0623
-0.4540,1.0382
-0.4818,1.0131
-0.5090,0.9871
-0.5358,0.9600
-0.5621,0.9320
-0.5878,0.9030
-0.6129,0.8732
-0.6374,0.8425
-0.6613,0.8110
-0.6845,0.7787
-0.7071,0.7456
-0.7290,0.7118
-0.7501,0.6773
-0.7705,0.6421
-0.7902,0.6063
-0.8090,0.5699
-0.8271,0.5329
-0.8443,0.4954
-0.8607,0.4574
-0.8763,0.4189
-0.8910,0.3801
-0.9048,0.3408
-0.9178,0.3013
-0.9298,0.2614
-0.9409,0.2213
-0.9511,0.1809
-0.9603,0.1404
-0.9686,0.0997
-0.9759,0.0590
-0.9823,0.0182
-0.9877,-0.0227
-0.9921,-0.0635
-0.9956,-0.1043
-0.9980,-0.1449
-0.9995,-0.1854
-1.0000,-0.2257
-0.9995,-0.2659
-0.9980,-0.3057
-0.9956,-0.3452
-0.9921,-0.3844
-0.9877,-0.4232
-0.9823,-0.4616
-0.9759,-0.4996
-0.9686,-0.5371
-0.9603,-0.5740
-0.9511,-0.6103
-0.9409,-0.6461
-0.9298,-0.6812
-0.9178,-0.7156
-0.9048,-0.7494
-0.8910,-0.7824
-0.8763,-0.8146
-0.8607,-0.8460
-0.8443,-0.8766
-0.8271,-0.9063
-0.8090,-0.9351
-0.7902,-0.9630
-0.7705,-0.9900
-0.7501,-1.0160
-0.7290,-1.0409
-0.7071,-1.0649
-0.6845,-1.0878
-0.6613,-1.1096
-0.6374,-1.1303
-0.6129,-1.1500
-0.5878,-1.1684
-0.5621,-1.1857
-0.5358,-1.2019
-0.5090,-1.2169
-0.4818,-1.2306
-0.4540,-1.2432
-0.4258,-1.2545
-0.3971,-1.2646
-0.3681,-1.2734
-0.3387,-1.2810
-0.3090,-1.2873
-0.2790,-1.2924
-0.2487,-1.2962
-0.2181,-1.2987
-0.1874,-1.2999
-0.1564,-1.2998
-0.1253,-1.2984
-0.0941,-1.2958
-0.0628,-1.2919
-0.0314,-1.2867
0.0000,-1.2802
0.0314,-1.2725
0.0628,-1.2636
0.0941,-1.2533
0.1253,-1.2419
0.1564,-1.2292
0.1874,-1.2153
0.2181,-1.2002
0.2487,-1.1839
0.2790,-1.1664
0.3090,-1.1478
0.3387,-1.1281
0.3681,-1.1072
0.3971,-1.0853
0.4258,-1.0623
0.4540,-1.0382
0.4818,-1.0131
0.5090,-0.9871
0.5358,-0.9600
0.5621,-0.9320
0.5878,-0.9031
0.6129,-0.8732
0.6374,-0.8426
0.6613,-0.8110
0.6845,-0.7787
0.7071,-0.7456
0.7290,-0.7118
0.7501,-0.6773
0.7705,-0.6421
0.7902,-0.6063
0.8090,-0.5699
0.8271,-0.5329
0.8443,-0.4954
0.8607,-0.4574
0.8763,-0.4189
0.8910,-0.3801
0.9048,-0.3409
0.9178,-0.3013
0.9298,-0.2614
0.9409,-0.2213
0.9511,-0.1809
0.9603,-0.1404
0.9686,-0.0997
0.9759,-0.0590
0.9823,-0.0181
0.9877,0.0227
0.9921,0.0635
0.9956,0.1042
0.9980,0.1449
0.9995,0.1854
1.0000,0.2258
0.9995,0.2658
0.9980,0.3057
0.9956,0.3452
0.9921,0.3844
0.9877,0.4232
0.9823,0.4616
0.9759,0.4996
0.9686,0.5370
0.9603,0.5740
0.9511,0.6103
0.9409,0.6461
0.9298,0.6812
0.9178,0.7156
0.9048,0.7494
0.8910,0.7824
0.8763,0.8146
0.8607,0.8460
0.8443,0.8766
0.8271,0.9063
0.8090,0.9352
0.7902,0.9631
0.7705,0.9900
0.7501,1.0160
0.7290,1.0409
0.7071,1.0649
0.6845,1.0878
0.6613,1.1096
0.6374,1.1303
0.6129,1.1500
0.5878,1.1684
0.5621,1.1858
0.5358,1.2019
0.5090,1.2169
0.4818,1.2307
0.4540,1.2432
0.4258,1.2545
0.3971,1.2646
0.3681,1.2734
0.3387,1.2810
0.3090,1.2873
0.2790,1.2924
0.2487,1.2962
0.2181,1.2987
0.1874,1.2999
0.1564,1.2998
0.1253,1.2984
0.0941,1.2958
0.0628,1.2919
0.0314,1.2867
0.0000,1.2803
-0.0314,1.2725
-0.0628,1.2635
-0.0941,1.2533
-0.1253,1.2419
-0.1564,1.2292
-0.1874,1.2153
-0.2181,1.2002
-0.2487,1.1839
-0.2790,1.1664
-0.3090,1.1478
-0.3387,1.1281
-0.3681,1.1072
-0.3971,1.0853
-0.4258,1.0623
-0.4540,1.0382
-0.4818,1.0131
-0.5090,0.9870
-0.5358,0.9600
-0.5621,0.9320
-0.5878,0.9031
-0.6129,0.8733
-0.6374,0.8426
-0.6613,0.8110
-0.6845,0.7787
-0.7071,0.7457
-0.7290,0.7118
-0.7501,0.6773
-0.7705,0.6421
-0.7902,0.6063
-0.8090,0.5699
-0.8271,0.5329
-0.8443,0.4954
-0.8607,0.4574
-0.8763,0.4190
-0.8910,0.3801
-0.9048,0.3409
-0.9178,0.3013
-0.9298,0.2614
-0.9409,0.2213
-0.9511,0.1809
-0.9603,0.1404
-0.9686,0.0998
-0.9759,0.0590
-0.9823,0.0181
-0.9877,-0.0227
-0.9921,-0.0635
-0.9956,-0.1043
-0.9980,-0.1449
-0.9995,-0.1854
-1.0000,-0.2257
-0.9995,-0.2659
-0.9980,-0.3057
-0.9956,-0.3452
-0.9921,-0.3844
-0.9877,-0.4233
-0.9823,-0.4616
-0.9759,-0.4996
-0.9686,-0.5370
-0.9603,-0.5740
-0.9511,-0.6103
-0.9409,-0.6461
-0.9298,-0.6812
-0.9178,-0.7156
-0.9048,-0.7493
-0.8910,-0.7824
-0.8763,-0.8146
-0.8607,-0.8460
-0.8443,-0.8766
-0.8271,-0.9063
-0.8090,-0.9351
-0.7902,-0.9630
-0.7705,-0.9900
-0.7501,-1.0160
-0.7290,-1.0410
-0.7071,-1.0649
-0.6845,-1.0878
-0.6613,-1.1096
-0.6374,-1.1303
-0.6129,-1.1500
-0.5878,-1.1684
-0.5621,-1.1858
-0.5358,-1.2019
-0.5090,-1.2169
-0.4818,-1.2306
-0.4540,-1.2432
-0.4258,-1.2545
-0.3971,-1.2646
-0.3681,-1.2734
-0.3387,-1.2810
-0.3090,-1.2873
-0.2790,-1.2924
-0.2487,-1.2962
-0.2181,-1.2987
-0.1874,-1.2999
-0.1564,-1.2998
-0.1253,-1.2984
-0.0941,-1.2958
-0.0628,-1.2919
-0.0314,-1.2867
0.0000,-1.2803
0.0314,-1.2725
0.0628,-1.2635
0.0941,-1.2533
0.1253,-1.2419
0.1564,-1.2292
0.1874,-1.2153
0.2181,-1.2002
0.2487,-1.1839
0.2790,-1.1664
0.3090,-1.1478
0.3387,-1.1281
0.3681,-1.1073
0.3971,-1.0853
0.4258,-1.0623
0.4540,-1.0382
0.4818,-1.0131
0.5090,-0.9870
0.5358,-0.9600
0.5621,-0.9320
0.5878,-0.9031
0.6129,-0.8732
0.6374,-0.8425
0.6613,-0.8110
0.6845,-0.7787
0.7071,-0.7457
0.7290,-0.7118
0.7501,-0.6773
0.7705,-0.6421
0.7902,-0.6063
0.8090,-0.5699
0.8271,-0.5329
0.8443,-0.4954
0.8607,-0.4574
0.8763,-0.4189
0.8910,-0.3801
0.9048,-0.3408
0.9178,-0.3013
0.9298,-0.2614
0.9409,-0.2213
0.9511,-0.1809
0.9603,-0.1404
0.9686,-0.0997
0.9759,-0.0590
0.9823,-0.0182
0.9877,0.0227
0.9921,0.0635
0.9956,0.1043
0.9980,0.1449
0.9995,0.1854
1.0000,0.2257
0.9995,0.2658
0.9980,0.3057
0.9956,0.3453
0.9921,0.3844
0.9877,0.4232
0.9823,0.4617
0.9759,0.4996
0.9686,0.5370
0.9603,0.5740
0.9511,0.6103
0.9409,0.6461
0.9298,0.6812
0.9178,0.7156
0.9048,0.7494
0.8910,0.7823
0.8763,0.8146
0.8607,0.8460
0.8443,0.8766
0.8271,0.9063
0.8090,0.9351
0.7902,0.9630
0.7705,0.9900
0.7501,1.0160
0.7290,1.0410
0.7071,1.0649
0.6845,1.0878
0.6613,1.1096
0.6374,1.1303
0.6129,1.1499
0.5878,1.1684
0.5621,1.1858
0.5358,1.2019
0.5090,1.2169
0.4818,1.2306
0.4540,1.2432
0.4258,1.2545
0.3971,1.2646
0.3681,1.2735
0.3387,1.2810
0.3090,1.2873
0.2790,1.2924
0.2487,1.2962
0.2181,1.2987
0.1874,1.2999
0.1564,1.2998
0.1253,1.2984
0.0941,1.2958
0.0628,1.2919
0.0314,1.2867
0.0000,1.2802
-0.0314,1.2725
-0.0628,1.2635
-0.0941,1.2533
-0.1253,1.2419
-0.1564,1.2292
-0.1874,1.2153
-0.2181,1.2002
-0.2487,1.1839
-0.2790,1.1664
-0.3090,1.1478
-0.3387,1.1281
-0.3681,1.1072
-0.3971,1.0853
-0.4258,1.0623
-0.4540,1.0382
-0.4818,1.0131
-0.5090,0.9871
-0.5358,0.9600
-0.5621,0.9320
-0.5878,0.9030
-0.6129,0.8732
-0.6374,0.8426
-0.6613,0.8110
-0.6845,0.7787
-0.7071,0.7456
-0.7290,0.7118
-0.7501,0.6773
-0.7705,0.6421
-0.7902,0.6063
-0.8090,0.5699
-0.8271,0.5329
-0.8443,0.4954
-0.8607,0.4574
-0.8763,0.4189
-0.8910,0.3801
-0.9048,0.3409
-0.9178,0.3013
-0.9298,0.2614
-0.9409,0.2213
-0.9511,0.1809
-0.9603,0.1404
-0.9686,0.0997
-0.9759,0.0590
-0.9823,0.0182
-0.9877,-0.0227
-0.9921,-0.0635
-0.9956,-0.1042
-0.9980,-0.1449
-0.9995,-0.1854
-1.0000,-0.2258
-0.9995,-0.2658
-0.9980,-0.3057
-0.9956,-0.3452
-0.9921,-0.3844
-0.9877,-0.4232
-0.9823,-0.4616
-0.9759,-0.4996
-0.9686,-0.5370
-0.9603,-0.5740
-0.9511,-0.6103
-0.9409,-0.6460
-0.9298,-0.6812
-0.9178,-0.7156
-0.9048,-0.7494
-0.8910,-0.7824
-0.8763,-0.8146
-0.8607,-0.8460
-0.8443,-0.8766
-0.8271,-0.9063
-0.8090,-0.9351
-0.7902,-0.9630
-0.7705,-0.9900
-0.7501,-1.0160
-0.7290,-1.0409
-0.7071,-1.0649
-0.6845,-1.0878
-0.6613,-1.1096
-0.6374,-1.1303
-0.6129,-1.1499
-0.5878,-1.1684
-0.5621,-1.1858
-0.5358,-1.2019
-0.5090,-1.2169
-0.4818,-1.2306
-0.4540,-1.2432
-0.4258,-1.2545
-0.3971,-1.2646
-0.3681,-1.2734
-0.3387,-1.2810
-0.3090,-1.2873
-0.2790,-1.2924
-0.2487,-1.2962
-0.2181,-1.2987
-0.1874,-1.2999
-0.1564,-1.2998
-0.1253,-1.2984
-0.0941,-1.2958
-0.0628,-1.2919
-0.0314,-1.2867
0.0000,-1.2802
0.0314,-1.2725
0.0628,-1.2636
0.0941,-1.2533
0.1253,-1.2419
0.1564,-1.2292
0.1874,-1.2153
0.2181,-1.2002
0.2487,-1.1839
0.2790,-1.1664
0.3090,-1.1478
0.3387,-1.1281
0.3681,-1.1072
0.3971,-1.0853
0.4258,-1.0623
0.4540,-1.0382
0.4818,-1.0132
0.5090,-0.9871
0.5358,-0.9600
0.5621,-0.9320
0.5878,-0.9031
0.6129,-0.8732
0.6374,-0.8426
0.6613,-0.8111
0.6845,-0.7787
0.7071,-0.7456
0.7290,-0.7118
0.7501,-0.6773
0.7705,-0.6421
0.7902,-0.6063
0.8090,-0.5699
0.8271,-0.5329
0.8443,-0.4954
0.8607,-0.4574
0.8763,-0.4190
0.8910,-0.3801
0.9048,-0.3408
0.9178,-0.3013
0.9298,-0.2614
0.9409,-0.2213
0.9511,-0.1809
0.9603,-0.1404
0.9686,-0.0997
0.9759,-0.0589
0.9823,-0.0181
0.9877,0.0227
0.9921,0.0635
0.9956,0.1043
0.9980,0.1449
0.9995,0.1854
1.0000,0.2258
0.9995,0.2659
0.9980,0.3057
0.9956,0.3452
0.9921,0.3844
0.9877,0.4232
0.9823,0.4616
0.9759,0.4996
0.9686,0.5370
0.9603,0.5739
0.9511,0.6103
0.9409,0.6461
0.9298,0.6812
0.9178,0.7156
0.9048,0.7494
0.8910,0.7824
0.8763,0.8146
0.8607,0.8460
0.8443,0.8766
0.8271,0.9063
0.8090,0.9351
0.7902,0.9631
0.7705,0.9900
0.7501,1.0160
0.7290,1.0410
0.7071,1.0649
0.6845,1.0878
0.6613,1.1096
0.6374,1.1304
0.6129,1.1500
0.5878,1.1684
0.5621,1.1858
0.5358,1.2019
0.5090,1.2169
0.4818,1.2306
0.4540,1.2432
0.4258,1.2545
0.3971,1.2646
0.3681,1.2734
0.3387,1.2810
0.3090,1.2873
0.2790,1.2924
0.2487,1.2962
0.2181,1.2987
0.1874,1.2999
0.1564,1.2998
0.1253,1.2984
0.0941,1.2958
0.0628,1.2919
0.0314,1.2867
0.0000,1.2803
-0.0314,1.2725
-0.0628,1.2636
-0.0941,1.2533
-0.1253,1.2419
-0.1564,1.2292
-0.1874,1.2153
-0.2181,1.2002
-0.2487,1.1839
-0.2790,1.1664
-0.3090,1.1478
-0.3387,1.1281
-0.3681,1.1073
-0.3971,1.0853
-0.4258,1.0623
-0.4540,1.0382
-0.4818,1.0131
-0.5090,0.9870
-0.5358,0.9600
-0.5621,0.9320
-0.5878,0.9031
-0.6129,0.8732
-0.6374,0.8426
-0.6613,0.8111
-0.6845,0.7787
-0.7071,0.7457
-0.7290,0.7118
-0.7501,0.6773
-0.7705,0.6421
-0.7902,0.6063
-0.8090,0.5699
-0.8271,0.5329
-0.8443,0.4954
-0.8607,0.4574
-0.8763,0.4189
-0.8910,0.3801
-0.9048,0.3408
-0.9178,0.3013
-0.9298,0.2614
-0.9409,0.2213
-0.9511,0.1809
-0.9603,0.1404
-0.9686,0.0997
-0.9759,0.0590
-0.9823,0.0181
-0.9877,-0.0227
-0.9921,-0.0635
-0.9956,-0.1043
-0.9980,-0.1449
-0.9995,-0.1854
-1.0000,-0.2257
-0.9995,-0.2659
-0.9980,-0.3057
-0.9956,-0.3452
-0.9921,-0.3844
-0.9877,-0.4232
-0.9823,-0.4616
-0.9759,-0.4996
-0.9686,-0.5371
-0.9603,-0.5740
-0.9511,-0.6103
-0.9409,-0.6461
-0.9298,-0.6812
-0.9178,-0.7156
-0.9048,-0.7494
-0.8910,-0.7824
-0.8763,-0.8146
-0.8607,-0.8460
-0.8443,-0.8766
-0.8271,-0.9063
-0.8090,-0.9351
-0.7902,-0.9630
-0.7705,-0.9900
-0.7501,-1.0160
-0.7290,-1.0409
-0.7071,-1.0649
-0.6845,-1.0878
-0.6613,-1.1096
-0.6374,-1.1303
-0.6129,-1.1500
-0.5878,-1.1684
-0.5621,-1.1857
-0.5358,-1.2019
-0.5090,-1.2169
-0.4818,-1.2306
-0.4540,-1.2432
-0.4258,-1.2545
-0.3971,-1.2646
-0.3681,-1.2735
-0.3387,-1.2810
-0.3090,-1.2874
-0.2790,-1.2924
-0.2487,-1.2962
-0.2181,-1.2987
-0.1874,-1.2999
-0.1564,-1.2998
-0.1253,-1.2984
-0.0941,-1.2958
-0.0628,-1.2919
-0.0314,-1.2867
0.0000,-1.2802
0.0314,-1.2725
0.0628,-1.2635
0.0941,-1.2533
0.1253,-1.2419
0.1564,-1.2292
0.1874,-1.2153
0.2181,-1.2002
0.2487,-1.1839
0.2790,-1.1664
0.3090,-1.1478
0.3387,-1.1281
0.3681,-1.1072
0.3971,-1.0853
0.4258,-1.0623
0.4540,-1.0382
0.4818,-1.0131
0.5090,-0.9871
0.5358,-0.9600
0.5621,-0.9320
0.5878,-0.9031
0.6129,-0.8732
0.6374,-0.8425
0.6613,-0.8110
0.6845,-0.7787
0.7071,-0.7456
0.7290,-0.7118
0.7501,-0.6773
0.7705,-0.6421
0.7902,-0.6063
0.8090,-0.5699
0.8271,-0.5329
0.8443,-0.4954
0.8607,-0.4574
0.8763,-0.4189
0.8910,-0.3801
0.9048,-0.3408
0.9178,-0.3013
0.9298,-0.2614
0.9409,-0.2213
0.9511,-0.1809
0.9603,-0.1404
0.9686,-0.0997
0.9759,-0.0590
0.9823,-0.0182
0.9877,0.0227
0.9921,0.0635
0.9956,0.1043
0.9980,0.1449
0.9995,0.1854
1.0000,0.2258
0.9995,0.2658
0.9980,0.3057
0.9956,0.3452
0.9921,0.3844
0.9877,0.4232
0.9823,0.4616
0.9759,0.4996
0.9686,0.5370
0.9603,0.5740
0.9511,0.6103
0.9409,0.6461
0.9298,0.6812
0.9178,0.7156
0.9048,0.7494
0.8910,0.7823
0.8763,0.8146
0.8607,0.8460
0.8443,0.8766
0.8271,0.9063
0.8090,0.9351
0.7902,0.9630
0.7705,0.9900
0.7501,1.0160
0.7290,1.0409
0.7071,1.0649
0.6845,1.0878
0.6613,1.1096
0.6374,1.1303
0.6129,1.1500
0.5878,1.1684
0.5621,1.1858
0.5358,1.2019
0.5090,1.2169
0.4818,1.2306
0.4540,1.2432
0.4258,1.2545
0.3971,1.2646
0.3681,1.2734
0.3387,1.2810
0.3090,1.2873
0.2790,1.2924
0.2487,1.2962
0.2181,1.2987
0.1874,1.2999
0.1564,1.2998
0.1253,1.2984
0.0941,1.2958
0.0628,1.2919
0.0314,1.2867
0.0000,1.2802
-0.0314,1.2725
-0.0628,1.2635
-0.0941,1.2533
-0.1253,1.2419
-0.1564,1.2292
-0.1874,1.2153
-0.2181,1.2002
-0.2487,1.1839
-0.2790,1.1664
-0.3090,1.1478
-0.3387,1.1281
-0.3681,1.1072
-0.3971,1.0853
-0.4258,1.0623
-0.4540,1.0382
-0.4818,1.0131
-0.5090,0.9871
-0.5358,0.9600
-0.5621,0.9320
-0.5878,0.9030
-0.6129,0.8732
-0.6374,0.8426
-0.6613,0.8110
-0.6845,0.7787
-0.7071,0.7457
-0.7290,0.7118
-0.7501,0.6773
-0.7705,0.6421
-0.7902,0.6063
-0.8090,0.5699
-0.8271,0.5329
-0.8443,0.4954
-0.8607,0.4574
-0.8763,0.4189
-0.8910,0.3801
-0.9048,0.3409
-0.9178,0.3013
-0.9298,0.2614
-0.9409,0.2213
-0.9511,0.1809
-0.9603,0.1404
-0.9686,0.0997
-0.9759,0.0590
-0.9823,0.0181
-0.9877,-0.0227
-0.9921,-0.0635
-0.9956,-0.1043
-0.9980,-0.1449
-0.9995,-0.1854
-1.0000,-0.2257
-0.9995,-0.2658
-0.9980,-0.3057
-0.9956,-0.3452
-0.9921,-0.3844
-0.9877,-0.4233
-0.9823,-0.4616
-0.9759,-0.4996
-0.9686,-0.5370
-0.9603,-0.5740
-0.9511,-0.6103
-0.9409,-0.6461
-0.9298,-0.6812
-0.9178,-0.7156
-0.9048,-0.7493
-0.8910,-0.7824
-0.8763,-0.8146
-0.8607,-0.8460
-0.8443,-0.8766
-0.8271,-0.9063
-0.8090,-0.9351
-0.7902,-0.9630
-0.7705,-0.9900
-0.7501,-1.0160
-0.7290,-1.0410
-0.7071,-1.0649
-0.6845,-1.0878
-0.6613,-1.1096
-0.6374,-1.1303
-0.6129,-1.1500
-0.5878,-1.1684
-0.5621,-1.1858
-0.5358,-1.2019
-0.5090,-1.2169
-0.4818,-1.2307
-0.4540,-1.2432
-0.4258,-1.2545
-0.3971,-1.2646
-0.3681,-1.2734
-0.3387,-1.2810
-0.3090,-1.2873
-0.2790,-1.2924
-0.2487,-1.2962
-0.2181,-1.2987
-0.1874,-1.2999
-0.1564,-1.2998
-0.1253,-1.2984
-0.0941,-1.2958
-0.0628,-1.2919
-0.0314,-1.2867
0.0000,-1.2803
0.0314,-1.2725
0.0628,-1.2636
0.0941,-1.2533
0.1253,-1.2419
0.1564,-1.2292
0.1874,-1.2153
0.2181,-1.2002
0.2487,-1.1839
0.2790,-1.1664
0.3090,-1.1478
0.3387,-1.1281
0.3681,-1.1072
0.3971,-1.0853
0.4258,-1.0623
0.4540,-1.0382
0.4818,-1.0131
0.5090,-0.9870
0.5358,-0.9600
0.5621,-0.9320
0.5878,-0.9031
0.6129,-0.8733
0.6374,-0.8426
0.6613,-0.8111
0.6845,-0.7787
0.7071,-0.7457
0.7290,-0.7118
0.7501,-0.6773
0.7705,-0.6421
0.7902,-0.6063
0.8090,-0.5699
0.8271,-0.5329
0.8443,-0.4954
0.8607,-0.4574
0.8763,-0.4190
0.8910,-0.3801
0.9048,-0.3408
0.9178,-0.3013
0.9298,-0.2614
0.9409,-0.2213
0.9511,-0.1809
0.9603,-0.1404
0.9686,-0.0997
0.9759,-0.0590
0.9823,-0.0181
0.9877,0.0227
0.9921,0.0635
0.9956,0.1043
0.9980,0.1449
0.9995,0.1854
1.0000,0.2257
0.9995,0.2659
0.9980,0.3057
0.9956,0.3452
0.9921,0.3844
0.9877,0.4232
0.9823,0.4616
0.9759,0.4996
0.9686,0.5370
0.9603,0.5740
0.9511,0.6103
0.9409,0.6461
0.9298,0.6812
0.9178,0.7156
0.9048,0.7494
0.8910,0.7824
0.8763,0.8146
0.8607,0.8460
0.8443,0.8766
0.8271,0.9063
0.8090,0.9351
0.7902,0.9631
0.7705,0.9900
0.7501,1.0160
0.7290,1.0410
0.7071,1.0649
0.6845,1.0878
0.6613,1.1096
0.6374,1.1304
0.6129,1.1500
0.5878,1.1684
0.5621,1.1858
0.5358,1.2019
0.5090,1.2169
0.4818,1.2306
0.4540,1.2432
0.4258,1.2545
0.3971,1.2646
0.3681,1.2734
0.3387,1.2810
0.3090,1.2874
0.2790,1.2924
0.2487,1.2962
0.2181,1.2987
0.1874,1.2999
0.1564,1.2998
0.1253,1.2984
0.0941,1.2958
0.0628,1.2919
0.0314,1.2867
0.0000,1.2803
-0.0314,1.2725
-0.0628,1.2635
-0.0941,1.2533
-0.1253,1.2419
-0.1564,1.2292
-0.1874,1.2153
-0.2181,1.2002
-0.2487,1.1839
-0.2790,1.1664
-0.3090,1.1478
-0.3387,1.1281
-0.3681,1.1073
-0.3971,1.0853
-0.4258,1.0623
-0.4540,1.0382
-0.4818,1.0131
-0.5090,0.9870
-0.5358,0.9600
-0.5621,0.9320
-0.5878,0.9031
-0.6129,0.8732
-0.6374,0.8425
-0.6613,0.8110
-0.6845,0.7787
-0.7071,0.7456
-0.7290,0.7118
-0.7501,0.6773
-0.7705,0.6421
-0.7902,0.6063
-0.8090,0.5699
-0.8271,0.5329
-0.8443,0.4954
-0.8607,0.4574
-0.8763,0.4189
-0.8910,0.3801
-0.9048,0.3408
-0.9178,0.3013
-0.9298,0.2614
-0.9409,0.2213
-0.9511,0.1809
-0.9603,0.1404
-0.9686,0.0997
-0.9759,0.0590
-0.9823,0.0182
-0.9877,-0.0227
-0.9921,-0.0635
-0.9956,-0.1042
-0.9980,-0.1449
-0.9995,-0.1854
-1.0000,-0.2257
-0.9995,-0.2658
-0.9980,-0.3057
-0.9956,-0.3452
-0.9921,-0.3844
-0.9877,-0.4232
-0.9823,-0.4617
-0.9759,-0.4996
-0.9686,-0.5370
-0.9603,-0.5740
-0.9511,-0.6103
-0.9409,-0.6460
-0.9298,-0.6812
-0.9178,-0.7156
-0.9048,-0.7494
-0.8910,-0.7823
-0.8763,-0.8146
-0.8607,-0.8460
-0.8443,-0.8766
-0.8271,-0.9063
-0.8090,-0.9352
-0.7902,-0.9630
-0.7705,-0.9900
-0.7501,-1.0160
-0.7290,-1.0410
-0.7071,-1.0649
-0.6845,-1.0878
-0.6613,-1.1096
-0.6374,-1.1303
-0.6129,-1.1499
-0.5878,-1.1684
-0.5621,-1.1858
-0.5358,-1.2019
-0.5090,-1.2169
-0.4818,-1.2306
-0.4540,-1.2432
-0.4258,-1.2545
-0.3971,-1.2646
-0.3681,-1.2735
-0.3387,-1.2810
-0.3090,-1.2873
-0.2790,-1.2924
-0.2487,-1.2962
-0.2181,-1.2987
-0.1874,-1.2999
-0.1564,-1.2998
-0.1253,-1.2984
-0.0941,-1.2958
-0.0628,-1.2919
-0.0314,-1.2867
0.0000,-1.2802
0.0314,-1.2725
0.0628,-1.2635
0.0941,-1.2533
0.1253,-1.2419
0.1564,-1.2292
0.1874,-1.2153
0.2181,-1.2002
0.2487,-1.1839
0.2790,-1.1664
0.3090,-1.1478
0.3387,-1.1281
0.3681,-1.1072
0.3971,-1.0853
0.4258,-1.0623
0.4540,-1.0382
0.4818,-1.0131
0.5090,-0.9871
0.5358,-0.9600
0.5621,-0.9320
0.5878,-0.9030
0.6129,-0.8732
0.6374,-0.8426
0.6613,-0.8110
0.6845,-0.7787
0.7071,-0.7456
0.7290,-0.7118
0.7501,-0.6773
0.7705,-0.6421
0.7902,-0.6063
0.8090,-0.5699
0.8271,-0.5329
0.8443,-0.4954
0.8607,-0.4574
0.8763,-0.4189
0.8910,-0.3801
0.9048,-0.3408
0.9178,-0.3013
0.9298,-0.2614
0.9409,-0.2213
0.9511,-0.1809
0.9603,-0.1404
0.9686,-0.0997
0.9759,-0.0590
0.9823,-0.0182
0.9877,0.0227
0.9921,0.0635
0.9956,0.1043
0.9980,0.1449
0.9995,0.1854
1.0000,0.2258
0.9995,0.2658
0.9980,0.3057
0.9956,0.3452
0.9921,0.3844
0.9877,0.4232
0.9823,0.4616
0.9759,0.4996
0.9686,0.5370
0.9603,0.5739
0.9511,0.6103
0.9409,0.6461
0.9298,0.6812
0.9178,0.7156
0.9048,0.7494
0.8910,0.7824
0.8763,0.8146
0.8607,0.8460
0.8443,0.8766
0.8271,0.9063
0.8090,0.9351
0.7902,0.9631
0.7705,0.9900
0.7501,1.0160
0.7290,1.0409
0.7071,1.0649
0.6845,1.0878
0.6613,1.1096
0.6374,1.1303
0.6129,1.1500
0.5878,1.1684
0.5621,1.1858
0.5358,1.2019
0.5090,1.2169
0.4818,1.2306
0.4540,1.2432
0.4258,1.2545
0.3971,1.2646
0.3681,1.2734
0.3387,1.2810
0.3090,1.2873
0.2790,1.2924
0.2487,1.2962
0.2181,1.2987
0.1874,1.2999
0.1564,1.2998
0.1253,1.2984
0.0941,1.2958
0.0628,1.2919
0.0314,1.2867
0.0000,1.2802
-0.0314,1.2725
-0.0628,1.2636
-0.0941,1.2533
-0.1253,1.2419
-0.1564,1.2292
-0.1874,1.2153
-0.2181,1.2002
-0.2487,1.1839
-0.2790,1.1664
-0.3090,1.1478
-0.3387,1.1281
-0.3681,1.1073
-0.3971,1.0853
-0.4258,1.0623
-0.4540,1.0382
-0.4818,1.0132
-0.5090,0.9871
-0.5358,0.9600
-0.5621,0.9320
-0.5878,0.9031
-0.6129,0.8732
-0.6374,0.8426
-0.6613,0.8111
-0.6845,0.7787
-0.7071,0.7456
-0.7290,0.7118
-0.7501,0.6773
-0.7705,0.6421
-0.7902,0.6063
-0.8090,0.5699
-0.8271,0.5329
-0.8443,0.4954
-0.8607,0.4574
-0.8763,0.4190
-0.8910,0.3801
-0.9048,0.3409
-0.9178,0.3013
-0.9298,0.2614
-0.9409,0.2213
-0.9511,0.1809
-0.9603,0.1404
-0.9686,0.0997
-0.9759,0.0590
-0.9823,0.0181
-0.9877,-0.0227
-0.9921,-0.0635
-0.9956,-0.1043
-0.9980,-0.1449
-0.9995,-0.1854
-1.0000,-0.2257
-0.9995,-0.2659
-0.9980,-0.3057
-0.9956,-0.3452
-0.9921,-0.3844
-0.9877,-0.4232
-0.9823,-0.4616
-0.9759,-0.4996
-0.9686,-0.5370
-0.9603,-0.5739
-0.9511,-0.6103
-0.9409,-0.6461
-0.9298,-0.6812
-0.9178,-0.7156
-0.9048,-0.7494
-0.8910,-0.7824
-0.8763,-0.8146
-0.8607,-0.8460
-0.8443,-0.8766
-0.8271,-0.9063
-0.8090,-0.9351
-0.7902,-0.9631
-0.7705,-0.9900
-0.7501,-1.0160
-0.7290,-1.0410
-0.7071,-1.0649
-0.6845,-1.0878
-0.6613,-1.1096
-0.6374,-1.1304
-0.6129,-1.1500
-0.5878,-1.1684
-0.5621,-1.1858
-0.5358,-1.2019
-0.5090,-1.2169
-0.4818,-1.2306
-0.4540,-1.2432
-0.4258,-1.2545
-0.3971,-1.2646
-0.3681,-1.2734
-0.3387,-1.2810
-0.3090,-1.2873
-0.2790,-1.2924
-0.2487,-1.2962
-0.2181,-1.2987
-0.1874,-1.2999
-0.1564,-1.2998
-0.1253,-1.2984
-0.0941,-1.2958
-0.0628,-1.2919
-0.0314,-1.2867
0.0000,-1.2803
0.0314,-1.2725
0.0628,-1.2636
0.0941,-1.2533
0.1253,-1.2419
0.1564,-1.2292
0.1874,-1.2153
0.2181,-1.2002
0.2487,-1.1839
0.2790,-1.1664
0.3090,-1.1478
0.3387,-1.1281
0.3681,-1.1072
0.3971,-1.0853
0.4258,-1.0623
0.4540,-1.0382
0.4818,-1.0131
0.5090,-0.9870
0.5358,-0.9600
0.5621,-0.9320
0.5878,-0.9031
0.6129,-0.8732
0.6374,-0.8426
0.6613,-0.8110
0.6845,-0.7787
0.7071,-0.7457
0.7290,-0.7118
0.7501,-0.6773
0.7705,-0.6421
0.7902,-0.6063
0.8090,-0.5699
0.8271,-0.5329
0.8443,-0.4954
0.8607,-0.4574
0.8763,-0.4189
0.8910,-0.3801
0.9048,-0.3408
0.9178,-0.3012
0.9298,-0.2614
0.9409,-0.2213
0.9511,-0.1809
0.9603,-0.1404
0.9686,-0.0998
0.9759,-0.0590
0.9823,-0.0181
0.9877,0.0227
0.9921,0.0635
0.9956,0.1043
0.9980,0.1449
0.9995,0.1854
1.0000,0.2257
0.9995,0.2659
0.9980,0.3057
0.9956,0.3452
0.9921,0.3844
0.9877,0.4232
0.9823,0.4616
0.9759,0.4996
0.9686,0.5371
0.9603,0.5740
0.9511,0.6103
0.9409,0.6460
0.9298,0.6812
0.9178,0.7156
0.9048,0.7494
0.8910,0.7824
0.8763,0.8146
0.8607,0.8460
0.8443,0.8766
0.8271,0.9063
0.8090,0.9351
0.7902,0.9630
0.7705,0.9900
0.7501,1.0160
0.7290,1.0410
0.7071,1.0649
0.6845,1.0878
0.6613,1.1096
0.6374,1.1303
0.6129,1.1500
0.5878,1.1684
0.5621,1.1858
0.5358,1.2019
0.5090,1.2169
0.4818,1.2306
0.4540,1.2432
0.4258,1.2545
0.3971,1.2646
0.3681,1.2735
0.3387,1.2810
0.3090,1.2873
0.2790,1.2924
0.2487,1.2962
0.2181,1.2987
0.1874,1.2999
0.1564,1.2998
0.1253,1.2984
0.0941,1.2958
0.0628,1.2919
0.0314,1.2867
0.0000,1.2802
-0.0314,1.2725
-0.0628,1.2635
-0.0941,1.2533
-0.1253,1.2419
-0.1564,1.2292
-0.1874,1.2153
-0.2181,1.2002
-0.2487,1.1839
-0.2790,1.1664
-0.3090,1.1478
-0.3387,1.1281
-0.3681,1.1072
-0.3971,1.0853
-0.4258,1.0623
-0.4540,1.0382
-0.4818,1.0131
-0.5090,0.9870
-0.5358,0.9600
-0.5621,0.9320
-0.5878,0.9031
-0.6129,0.8732
-0.6374,0.8425
-0.6613,0.8110
-0.6845,0.7787
-0.7071,0.7456
-0.7290,0.7118
-0.7501,0.6773
-0.7705,0.6421
-0.7902,0.6063
-0.8090,0.5699
-0.8271,0.5329
-0.8443,0.4954
-0.8607,0.4574
-0.8763,0.4190
-0.8910,0.3801
-0.9048,0.3408
-0.9178,0.3013
-0.9298,0.2614
-0.9409,0.2213
-0.9511,0.1809
-0.9603,0.1404
-0.9686,0.0997
-0.9759,0.0590
-0.9823,0.0182
-0.9877,-0.0227
-0.9921,-0.0635
-0.9956,-0.1042
-0.9980,-0.1449
-0.9995,-0.1854
-1.0000,-0.2258
-0.9995,-0.2658
-0.9980,-0.3057
-0.9956,-0.3452
-0.9921,-0.3844
-0.9877,-0.4232
-0.9823,-0.4616
-0.9759,-0.4996
-0.9686,-0.5370
-0.9603,-0.5740
-0.9511,-0.6103
-0.9409,-0.6461
-0.9298,-0.6812
-0.9178,-0.7156
-0.9048,-0.7494
-0.8910,-0.7823
-0.8763,-0.8146
-0.8607,-0.8460
-0.8443,-0.8766
-0.8271,-0.9063
-0.8090,-0.9351
-0.7902,-0.9630
-0.7705,-0.9900
-0.7501,-1.0160
-0.7290,-1.0410
-0.7071,-1.0649
-0.6845,-1.0878
-0.6613,-1.1096
-0.6374,-1.1303
-0.6129,-1.1499
-0.5878,-1.1684
-0.5621,-1.1858
-0.5358,-1.2019
-0.5090,-1.2169
-0.4818,-1.2306
-0.4540,-1.2432
-0.4258,-1.2545
-0.3971,-1.2646
-0.3681,-1.2735
-0.3387,-1.2810
-0.3090,-1.2874
-0.2790,-1.2924
-0.2487,-1.2962
-0.2181,-1.2987
-0.1874,-1.2999
-0.1564,-1.2998
-0.1253,-1.2984
-0.0941,-1.2958
-0.0628,-1.2919
-0.0314,-1.2867
0.0000,-1.2803
0.0314,-1.2725
0.0628,-1.2635
0.0941,-1.2533
0.1253,-1.2419
0.1564,-1.2292
0.1874,-1.2153
0.2181,-1.2002
0.2487,-1.1839
0.2790,-1.1664
0.3090,-1.1478
0.3387,-1.1281
0.3681,-1.1073
0.3971,-1.0853
0.4258,-1.0623
0.4540,-1.0382
0.4818,-1.0131
0.5090,-0.9871
0.5358,-0.9600
0.5621,-0.9320
0.5878,-0.9031
0.6129,-0.8732
0.6374,-0.8426
0.6613,-0.8110
0.6845,-0.7787
0.7071,-0.7456
0.7290,-0.7118
0.7501,-0.6773
0.7705,-0.6421
0.7902,-0.6063
0.8090,-0.5699
0.8271,-0.5329
0.8443,-0.4954
0.8607,-0.4574
0.8763,-0.4190
0.8910,-0.3801
0.9048,-0.3409
0.9178,-0.3013
0.9298,-0.2614
0.9409,-0.2213
0.9511,-0.1809
0.9603,-0.1404
0.9686,-0.0997
0.9759,-0.0590
0.9823,-0.0181
0.9877,0.0227
0.9921,0.0635
0.9956,0.1043
0.9980,0.1449
0.9995,0.1854
1.0000,0.2257
0.9995,0.2658
0.9980,0.3057
0.9956,0.3452
0.9921,0.3845
0.9877,0.4232
0.9823,0.4616
0.9759,0.4996
0.9686,0.5370
0.9603,0.5740
0.9511,0.6103
0.9409,0.6461
0.9298,0.6812
0.9178,0.7156
0.9048,0.7493
0.8910,0.7824
0.8763,0.8146
0.8607,0.8460
0.8443,0.8766
0.8271,0.9063
0.8090,0.9351
0.7902,0.9630
0.7705,0.9900
0.7501,1.0160
0.7290,1.0410
0.7071,1.0649
0.6845,1.0878
0.6613,1.1096
0.6374,1.1303
0.6129,1.1500
0.5878,1.1684
0.5621,1.1858
0.5358,1.2019
0.5090,1.2169
0.4818,1.2306
0.4540,1.2432
0.4258,1.2545
0.3971,1.2646
0.3681,1.2734
0.3387,1.2810
0.3090,1.2873
0.2790,1.2924
0.2487,1.2962
0.2181,1.2987
0.1874,1.2999
0.1564,1.2998
0.1253,1.2984
0.0941,1.2958
0.0628,1.2919
0.0314,1.2867
0.0000,1.2803
-0.0314,1.2725
-0.0628,1.2636
-0.0941,1.2533
-0.1253,1.2419
-0.1564,1.2292
-0.1874,1.2153
-0.2181,1.2002
-0.2487,1.1839
-0.2790,1.1664
-0.3090,1.1478
-0.3387,1.1281
-0.3681,1.1072
-0.3971,1.0853
-0.4258,1.0623
-0.4540,1.0382
-0.4818,1.0131
-0.5090,0.9870
-0.5358,0.9600
-0.5621,0.9320
-0.5878,0.9031
-0.6129,0.8733
-0.6374,0.8426
-0.6613,0.8111
-0.6845,0.7787
-0.7071,0.7456
-0.7290,0.7118
-0.7501,0.6773
-0.7705,0.6421
-0.7902,0.6063
-0.8090,0.5699
-0.8271,0.5329
-0.8443,0.4954
-0.8607,0.4574
-0.8763,0.4190
-0.8910,0.3801
-0.9048,0.3408
-0.9178,0.3013
-0.9298,0.2614
-0.9409,0.2212
-0.9511,0.1809
-0.9603,0.1404
-0.9686,0.0998
-0.9759,0.0590
-0.9823,0.0182
-0.9877,-0.0227
-0.9921,-0.0635
-0.9956,-0.1043
-0.9980,-0.1449
-0.9995,-0.1854
-1.0000,-0.2257
-0.9995,-0.2658
-0.9980,-0.3057
-0.9956,-0.3452
-0.9921,-0.3844
-0.9877,-0.4233
-0.9823,-0.4616
-0.9759,-0.4996
-0.9686,-0.5370
-0.9603,-0.5740
-0.9511,-0.6103
-0.9409,-0.6461
-0.9298,-0.6812
-0.9178,-0.7156
-0.9048,-0.7494
-0.8910,-0.7824
-0.8763,-0.8146
-0.8607,-0.8460
-0.8443,-0.8766
-0.8271,-0.9063
-0.8090,-0.9351
-0.7902,-0.9630
-0.7705,-0.9900
-0.7501,-1.0160
-0.7290,-1.0410
-0.7071,-1.0649
-0.6845,-1.0878
-0.6613,-1.1096
-0.6374,-1.1303
-0.6129,-1.1500
-0.5878,-1.1684
-0.5621,-1.1858
-0.5358,-1.2019
-0.5090,-1.2169
-0.4818,-1.2307
-0.4540,-1.2432
-0.4258,-1.2545
-0.3971,-1.2646
-0.3681,-1.2734
-0.3387,-1.2810
-0.3090,-1.2874
-0.2790,-1.2924
-0.2487,-1.2962
-0.2181,-1.2987
-0.1874,-1.2999
-0.1564,-1.2998
-0.1253,-1.2984
-0.0941,-1.2958
-0.0628,-1.2919
-0.0314,-1.2867
0.0000,-1.2803
0.0314,-1.2725
0.0628,-1.2635
0.0941,-1.2533
0.1253,-1.2419
0.1564,-1.2292
0.1874,-1.2153
0.2181,-1.2002
0.2487,-1.1839
0.2790,-1.1664
0.3090,-1.1478
0.3387,-1.1281
0.3681,-1.1072
0.3971,-1.0853
0.4258,-1.0623
0.4540,-1.0382
0.4818,-1.0131
0.5090,-0.9870
0.5358,-0.9600
0.5621,-0.9320
0.5878,-0.9031
0.6129,-0.8732
0.6374,-0.8426
0.6613,-0.8110
0.6845,-0.7787
0.7071,-0.7456
0.7290,-0.7118
0.7501,-0.6773
0.7705,-0.6421
0.7902,-0.6063
0.8090,-0.5699
0.8271,-0.5329
0.8443,-0.4954
0.8607,-0.4574
0.8763,-0.4189
0.8910,-0.3801
0.9048,-0.3409
0.9178,-0.3013
0.9298,-0.2614
0.9409,-0.2213
0.9511,-0.1809
0.9603,-0.1404
0.9686,-0.0997
0.9759,-0.0590
0.9823,-0.0182
0.9877,0.0227
0.9921,0.0635
0.9956,0.1043
0.9980,0.1449
0.9995,0.1854
1.0000,0.2257
0.9995,0.2658
0.9980,0.3057
0.9956,0.3452
0.9921,0.3844
0.9877,0.4233
0.9823,0.4616
0.9759,0.4996
0.9686,0.5370
0.9603,0.5740
0.9511,0.6103
0.9409,0.6461
0.9298,0.6812
0.9178,0.7156
0.9048,0.7494
0.8910,0.7823
0.8763,0.8146
0.8607,0.8460
0.8443,0.8766
0.8271,0.9063
0.8090,0.9352
0.7902,0.9630
0.7705,0.9900
0.7501,1.0160
0.7290,1.0409
0.7071,1.0649
0.6845,1.0878
0.6613,1.1096
0.6374,1.1303
0.6129,1.1499
0.5878,1.1684
0.5621,1.1857
0.5358,1.2019
0.5090,1.2169
0.4818,1.2306
0.4540,1.2432
0.4258,1.2545
0.3971,1.2646
0.3681,1.2734
0.3387,1.2810
0.3090,1.2874
0.2790,1.2924
0.2487,1.2962
0.2181,1.2987
0.1874,1.2999
0.1564,1.2998
0.1253,1.2984
0.0941,1.2958
0.0628,1.2919
0.0314,1.2867
0.0000,1.2803
-0.0314,1.2725
-0.0628,1.2635
-0.0941,1.2533
-0.1253,1.2419
-0.1564,1.2292
-0.1874,1.2153
-0.2181,1.2002
-0.2487,1.1839
-0.2790,1.1664
-0.3090,1.1478
-0.3387,1.1281
-0.3681,1.1072
-0.3971,1.0853
-0.4258,1.0623
-0.4540,1.0382
-0.4818,1.0131
-0.5090,0.9871
-0.5358,0.9600
-0.5621,0.9320
-0.5878,0.9030
-0.6129,0.8733
-0.6374,0.8426
-0.6613,0.8110
-0.6845,0.7787
-0.7071,0.7456
-0.7290,0.7118
-0.7501,0.6773
-0.7705,0.6422
-0.7902,0.6063
-0.8090,0.5699
-0.8271,0.5329
-0.8443,0.4954
-0.8607,0.4574
-0.8763,0.4189
-0.8910,0.3801
-0.9048,0.3409
-0.9178,0.3013
-0.9298,0.2614
-0.9409,0.2213
-0.9511,0.1809
-0.9603,0.1404
-0.9686,0.0997
-0.9759,0.0590
-0.9823,0.0181
-0.9877,-0.0227
-0.9921,-0.0635
-0.9956,-0.1043
-0.9980,-0.1449
-0.9995,-0.1855
-1.0000,-0.2257
-0.9995,-0.2658
-0.9980,-0.3057
-0.9956,-0.3452
-0.9921,-0.3844
-0.9877,-0.4232
-0.9823,-0.4617
-0.9759,-0.4996
-0.9686,-0.5370
-0.9603,-0.5739
-0.9511,-0.6103
-0.9409,-0.6461
-0.9298,-0.6812
-0.9178,-0.7156
-0.9048,-0.7493
-0.8910,-0.7824
-0.8763,-0.8146
-0.8607,-0.8460
-0.8443,-0.8766
-0.8271,-0.9063
-0.8090,-0.9352
-0.7902,-0.9630
-0.7705,-0.9900
-0.7501,-1.0160
-0.7290,-1.0409
-0.7071,-1.0649
-0.6845,-1.0878
-0.6613,-1.1096
-0.6374,-1.1303
-0.6129,-1.1500
-0.5878,-1.1684
-0.5621,-1.1858
-0.5358,-1.2019
-0.5090,-1.2169
-0.4818,-1.2307
-0.4540,-1.2432
-0.4258,-1.2545
-0.3971,-1.2646
-0.3681,-1.2734
-0.3387,-1.2810
-0.3090,-1.2873
-0.2790,-1.2924
-0.2487,-1.2962
-0.2181,-1.2987
-0.1874,-1.2999
-0.1564,-1.2998
-0.1253,-1.2984
-0.0941,-1.2958
-0.0628,-1.2919
-0.0314,-1.2867
0.0000,-1.2803
0.0314,-1.2725
0.0628,-1.2636
0.0941,-1.2533
0.1253,-1.2419
0.1564,-1.2292
0.1874,-1.2153
0.2181,-1.2002
0.2487,-1.1839
0.2790,-1.1664
0.3090,-1.1478
0.3387,-1.1281
0.3681,-1.1072
0.3971,-1.0853
0.4258,-1.0623
0.4540,-1.0382
0.4818,-1.0132
0.5090,-0.9870
0.5358,-0.9600
0.5621,-0.9320
0.5878,-0.9030
0.6129,-0.8732
0.6374,-0.8426
0.6613,-0.8111
0.6845,-0.7787
0.7071,-0.7457
0.7290,-0.7118
0.7501,-0.6773
0.7705,-0.6421
0.7902,-0.6063
0.8090,-0.5699
0.8271,-0.5329
0.8443,-0.4954
0.8607,-0.4574
0.8763,-0.4189
0.8910,-0.3801
0.9048,-0.3409
0.9178,-0.3013
0.9298,-0.2614
0.9409,-0.2213
0.9511,-0.1809
0.9603,-0.1404
0.9686,-0.0997
0.9759,-0.0590
0.9823,-0.0182
0.9877,0.0227
0.9921,0.0635
0.9956,0.1043
0.9980,0.1449
0.9995,0.1854
1.0000,0.2257
0.9995,0.2658
0.9980,0.3057
0.9956,0.3452
0.9921,0.3844
0.9877,0.4233
0.9823,0.4616
0.9759,0.4996
0.9686,0.5370
0.9603,0.5739
0.9511,0.6103
0.9409,0.6461
0.9298,0.6812
0.9178,0.7156
0.9048,0.7494
0.8910,0.7823
0.8763,0.8146
0.8607,0.8460
0.8443,0.8766
0.8271,0.9063
0.8090,0.9351
0.7902,0.9631
0.7705,0.9900
0.7501,1.0160
0.7290,1.0410
0.7071,1.0649
0.6845,1.0878
0.6613,1.1096
0.6374,1.1304
0.6129,1.1499
0.5878,1.1684
0.5621,1.1858
0.5358,1.2019
0.5090,1.2169
0.4818,1.2306
0.4540,1.2432
0.4258,1.2545
0.3971,1.2646
0.3681,1.2734
0.3387,1.2810
0.3090,1.2874
0.2790,1.2924
0.2487,1.2962
0.2181,1.2987
0.1874,1.2999
0.1564,1.2998
0.1253,1.2984
0.0941,1.2958
0.0628,1.2919
0.0314,1.2867
0.0000,1.2802
-0.0314,1.2725
-0.0628,1.2636
-0.0941,1.2533
-0.1253,1.2419
-0.1564,1.2292
-0.1874,1.2153
-0.2181,1.2002
-0.2487,1.1839
-0.2790,1.1664
-0.3090,1.1478
-0.3387,1.1281
-0.3681,1.1072
-0.3971,1.0853
-0.4258,1.0623
-0.4540,1.0382
-0.4818,1.0131
-0.5090,0.9871
-0.5358,0.9600
-0.5621,0.9320
-0.5878,0.9031
-0.6129,0.8732
-0.6374,0.8426
-0.6613,0.8111
-0.6845,0.7788
-0.7071,0.7457
-0.7290,0.7118
-0.7501,0.6773
-0.7705,0.6421
-0.7902,0.6063
-0.8090,0.5699
-0.8271,0.5329
-0.8443,0.4954
-0.8607,0.4574
-0.8763,0.4189
-0.8910,0.3801
-0.9048,0.3408
-0.9178,0.3013
-0.9298,0.2614
-0.9409,0.2213
-0.9511,0.1809
-0.9603,0.1404
-0.9686,0.0997
-0.9759,0.0589
-0.9823,0.0182
-0.9877,-0.0227
-0.9921,-0.0635
-0.9956,-0.1043
-0.9980,-0.1449
-0.9995,-0.1854
-1.0000,-0.2258
-0.9995,-0.2658
-0.9980,-0.3057
-0.9956,-0.3452
-0.9921,-0.3844
-0.9877,-0.4232
-0.9823,-0.4617
-0.9759,-0.4996
-0.9686,-0.5370
-0.9603,-0.5740
-0.9511,-0.6103
-0.9409,-0.6461
-0.9298,-0.6812
-0.9178,-0.7156
-0.9048,-0.7494
-0.8910,-0.7823
-0.8763,-0.8146
-0.8607,-0.8460
-0.8443,-0.8766
-0.8271,-0.9063
-0.8090,-0.9351
-0.7902,-0.9631
-0.7705,-0.9900
-0.7501,-1.0160
-0.7290,-1.0409
-0.7071,-1.0649
-0.6845,-1.0878
-0.6613,-1.1096
-0.6374,-1.1304
-0.6129,-1.1500
-0.5878,-1.1684
-0.5621,-1.1857
-0.5358,-1.2019
-0.5090,-1.2169
-0.4818,-1.2306
-0.4540,-1.2432
-0.4258,-1.2545
-0.3971,-1.2646
-0.3681,-1.2734
-0.3387,-1.2810
-0.3090,-1.2874
-0.2790,-1.2924
-0.2487,-1.2962
-0.2181,-1.2987
-0.1874,-1.2999
-0.1564,-1.2998
-0.1253,-1.2984
-0.0941,-1.2958
-0.0628,-1.2919
-0.0314,-1.2867
0.0000,-1.2803
0.0314,-1.2725
0.0628,-1.2636
0.0941,-1.2533
0.1253,-1.2419
0.1564,-1.2292
0.1874,-1.2153
0.2181,-1.2002
0.2487,-1.1839
0.2790,-1.1665
0.3090,-1.1478
0.3387,-1.1281
0.3681,-1.1072
0.3971,-1.0853
0.4258,-1.0623
0.4540,-1.0382
0.4818,-1.0132
0.5090,-0.9871
0.5358,-0.9600
0.5621,-0.9320
0.5878,-0.9030
0.6129,-0.8732
0.6374,-0.8425
0.6613,-0.8111
0.6845,-0.7787
0.7071,-0.7456
0.7290,-0.7118
0.7501,-0.6773
0.7705,-0.6421
0.7902,-0.6063
0.8090,-0.5699
0.8271,-0.5329
0.8443,-0.4954
0.8607,-0.4574
0.8763,-0.4189
0.8910,-0.3801
0.9048,-0.3408
0.9178,-0.3013
0.9298,-0.2614
0.9409,-0.2213
0.9511,-0.1809
0.9603,-0.1404
0.9686,-0.0997
0.9759,-0.0590
0.9823,-0.0182
0.9877,0.0227
0.9921,0.0635
0.9956,0.1042
0.9980,0.1449
0.9995,0.1854
1.0000,0.2258
0.9995,0.2659
0.9980,0.3057
0.9956,0.3452
0.9921,0.3844
0.9877,0.4232
0.9823,0.4617
0.9759,0.4996
0.9686,0.5371
0.9603,0.5739
0.9511,0.6103
0.9409,0.6460
0.9298,0.6812
0.9178,0.7156
0.9048,0.7494
0.8910,0.7824
0.8763,0.8146
0.8607,0.8460
0.8443,0.8766
0.8271,0.9063
0.8090,0.9352
0.7902,0.9630
0.7705,0.9900
0.7501,1.0160
0.7290,1.0409
0.7071,1.0649
0.6845,1.0878
0.6613,1.1096
0.6374,1.1303
0.6129,1.1500
0.5878,1.1684
0.5621,1.1858
0.5358,1.2019
0.5090,1.2169
0.4818,1.2307
0.4540,1.2432
0.4258,1.2545
0.3971,1.2646
0.3681,1.2734
0.3387,1.2810
0.3090,1.2873
0.2790,1.2924
0.2487,1.2962
0.2181,1.2987
0.1874,1.2999
0.1564,1.2998
0.1253,1.2984
0.0941,1.2958
0.0628,1.2919
0.0314,1.2867
0.0000,1.2802
-0.0314,1.2725
-0.0628,1.2636
-0.0941,1.2533
-0.1253,1.2419
-0.1564,1.2292
-0.1874,1.2153
-0.2181,1.2002
-0.2487,1.1839
-0.2790,1.1664
-0.3090,1.1478
-0.3387,1.1281
-0.3681,1.1072
-0.3971,1.0853
-0.4258,1.0623
-0.4540,1.0382
-0.4818,1.0132
-0.5090,0.9871
-0.5358,0.9600
-0.5621,0.9320
-0.5878,0.9031
-0.6129,0.8732
-0.6374,0.8425
-0.6613,0.8111
-0.6845,0.7787
-0.7071,0.7457
-0.7290,0.7118
-0.7501,0.6773
-0.7705,0.6421
-0.7902,0.6063
-0.8090,0.5699
-0.8271,0.5329
-0.8443,0.4954
-0.8607,0.4574
-0.8763,0.4190
-0.8910,0.3801
-0.9048,0.3408
-0.9178,0.3013
-0.9298,0.2614
-0.9409,0.2213
-0.9511,0.1809
-0.9603,0.1404
-0.9686,0.0997
-0.9759,0.0589
-0.9823,0.0181
-0.9877,-0.0227
-0.9921,-0.0635
-0.9956,-0.1043
-0.9980,-0.1449
-0.9995,-0.1854
-1.0000,-0.2258
-0.9995,-0.2659
-0.9980,-0.3057
-0.9956,-0.3452
-0.9921,-0.3844
-0.9877,-0.4233
-0.9823,-0.4616
-0.9759,-0.4996
-0.9686,-0.5370
-0.9603,-0.5739
-0.9511,-0.6103
-0.9409,-0.6461
-0.9298,-0.6812
-0.9178,-0.7156
-0.9048,-0.7494
-0.8910,-0.7824
-0.8763,-0.8146
-0.8607,-0.8460
-0.8443,-0.8766
-0.8271,-0.9063
-0.8090,-0.9351
-0.7902,-0.9631
-0.7705,-0.9900
-0.7501,-1.0160
-0.7290,-1.0409
-0.7071,-1.0649
-0.6845,-1.0878
-0.6613,-1.1096
-0.6374,-1.1304
-0.6129,-1.1500
-0.5878,-1.1684
-0.5621,-1.1857
-0.5358,-1.2019
-0.5090,-1.2169
-0.4818,-1.2306
-0.4540,-1.2432
-0.4258,-1.2545
-0.3971,-1.2646
-0.3681,-1.2734
-0.3387,-1.2810
-0.3090,-1.2873
-0.2790,-1.2924
-0.2487,-1.2962
-0.2181,-1.2987
-0.1874,-1.2999
-0.1564,-1.2998
-0.1253,-1.2984
-0.0941,-1.2958
-0.0628,-1.2919
-0.0314,-1.2867
0.0000,-1.2802
0.0314,-1.2725
0.0628,-1.2636
0.0941,-1.2533
0.1253,-1.2419
0.1564,-1.2292
0.1874,-1.2153
0.2181,-1.2002
0.2487,-1.1839
0.2790,-1.1664
0.3090,-1.1478
0.3387,-1.1281
0.3681,-1.1073
0.3971,-1.0853
0.4258,-1.0623
0.4540,-1.0382
0.4818,-1.0131
0.5090,-0.9871
0.5358,-0.9600
0.5621,-0.9320
0.5878,-0.9031
0.6129,-0.8732
0.6374,-0.8426
0.6613,-0.8110
0.6845,-0.7788
0.7071,-0.7457
0.7290,-0.7119
0.7501,-0.6773
0.7705,-0.6421
0.7902,-0.6063
0.8090,-0.5699
0.8271,-0.5329
0.8443,-0.4954
0.8607,-0.4574
0.8763,-0.4190
0.8910,-0.3801
0.9048,-0.3408
0.9178,-0.3013
0.9298,-0.2614
0.9409,-0.2213
0.9511,-0.1809
0.9603,-0.1404
0.9686,-0.0997
0.9759,-0.0590
0.9823,-0.0181
0.9877,0.0227
0.9921,0.0635
0.9956,0.1043
0.9980,0.1449
0.9995,0.1854
1.0000,0.2257
0.9995,0.2659
0.9980,0.3057
0.9956,0.3452
0.9921,0.3844
0.9877,0.4232
0.9823,0.4616
0.9759,0.4996
0.9686,0.5370
0.9603,0.5740
0.9511,0.6103
0.9409,0.6461
0.9298,0.6812
0.9178,0.7156
0.9048,0.7494
0.8910,0.7824
0.8763,0.8146
0.8607,0.8460
0.8443,0.8766
0.8271,0.9063
0.8090,0.9351
0.7902,0.9630
0.7705,0.9900
0.7501,1.0160
0.7290,1.0409
0.7071,1.0649
0.6845,1.0878
0.6613,1.1096
0.6374,1.1303
0.6129,1.1500
0.5878,1.1684
0.5621,1.1857
0.5358,1.2019
0.5090,1.2169
0.4818,1.2306
0.4540,1.2432
0.4258,1.2545
0.3971,1.2646
0.3681,1.2735
0.3387,1.2810
0.3090,1.2873
0.2790,1.2924
0.2487,1.2962
0.2181,1.2987
0.1874,1.2999
0.1564,1.2998
0.1253,1.2984
0.0941,1.2958
0.0628,1.2919
0.0314,1.2867
0.0000,1.2803
-0.0314,1.2725
-0.0628,1.2635
-0.0941,1.2533
-0.1253,1.2419
-0.1564,1.2292
-0.1874,1.2153
-0.2181,1.2002
-0.2487,1.1839
-0.2790,1.1664
-0.3090,1.1478
-0.3387,1.1281
-0.3681,1.1073
-0.3971,1.0853
-0.4258,1.0623
-0.4540,1.0382
-0.4818,1.0131
-0.5090,0.9871
-0.5358,0.9600
-0.5621,0.9320
-0.5878,0.9030
-0.6129,0.8732
-0.6374,0.8425
-0.6613,0.8110
-0.6845,0.7787
-0.7071,0.7457
-0.7290,0.7118
-0.7501,0.6773
-0.7705,0.6421
-0.7902,0.6063
-0.8090,0.5699
-0.8271,0.5329
-0.8443,0.4954
-0.8607,0.4574
-0.8763,0.4189
-0.8910,0.3801
-0.9048,0.3408
-0.9178,0.3012
-0.9298,0.2614
-0.9409,0.2213
-0.9511,0.1809
-0.9603,0.1404
-0.9686,0.0997
-0.9759,0.0590
-0.9823,0.0181
-0.9877,-0.0227
-0.9921,-0.0635
-0.9956,-0.1042
-0.9980,-0.1449
-0.9995,-0.1854
-1.0000,-0.2257
-0.9995,-0.2659
-0.9980,-0.3057
-0.9956,-0.3452
-0.9921,-0.3844
-0.9877,-0.4232
-0.9823,-0.4616
-0.9759,-0.4996
-0.9686,-0.5371
-0.9603,-0.5740
-0.9511,-0.6103
-0.9409,-0.6460
-0.9298,-0.6812
-0.9178,-0.7156
-0.9048,-0.7494
-0.8910,-0.7824
-0.8763,-0.8146
-0.8607,-0.8460
-0.8443,-0.8766
-0.8271,-0.9063
-0.8090,-0.9351
-0.7902,-0.9630
-0.7705,-0.9900
-0.7501,-1.0160
-0.7290,-1.0410
-0.7071,-1.0649
-0.6845,-1.0878
-0.6613,-1.1096
-0.6374,-1.1303
-0.6129,-1.1500
-0.5878,-1.1684
-0.5621,-1.1858
-0.5358,-1.2019
-0.5090,-1.2169
-0.4818,-1.2306
-0.4540,-1.2432
-0.4258,-1.2545
-0.3971,-1.2646
-0.3681,-1.2735
-0.3387,-1.2810
-0.3090,-1.2873
-0.2790,-1.2924
-0.2487,-1.2962
-0.2181,-1.2987
-0.1874,-1.2999
-0.1564,-1.2998
-0.1253,-1.2985
-0.0941,-1.2958
-0.0628,-1.2919
-0.0314,-1.2867
0.0000,-1.2802
0.0314,-1.2725
0.0628,-1.2635
0.0941,-1.2533
0.1253,-1.2419
0.1564,-1.2292
0.1874,-1.2153
0.2181,-1.2002
0.2487,-1.1839
0.2790,-1.1664
0.3090,-1.1478
0.3387,-1.1281
0.3681,-1.1072
0.3971,-1.0853
0.4258,-1.0623
0.4540,-1.0382
0.4818,-1.0131
0.5090,-0.9870
0.5358,-0.9600
0.5621,-0.9320
0.5878,-0.9031
0.6129,-0.8732
0.6374,-0.8426
0.6613,-0.8110
0.6845,-0.7787
0.7071,-0.7457
0.7290,-0.7118
0.7501,-0.6773
0.7705,-0.6421
0.7902,-0.6063
0.8090,-0.5699
0.8271,-0.5329
0.8443,-0.4954
0.8607,-0.4574
0.8763,-0.4190
0.8910,-0.3801
0.9048,-0.3408
0.9178,-0.3013
0.9298,-0.2614
0.9409,-0.2213
0.9511,-0.1809
0.9603,-0.1404
0.9686,-0.0997
0.9759,-0.0590
0.9823,-0.0181
0.9877,0.0227
0.9921,0.0635
0.9956,0.1042
0.9980,0.1449
0.9995,0.1854
1.0000,0.2258
0.9995,0.2658
0.9980,0.3057
0.9956,0.3452
0.9921,0.3844
0.9877,0.4232
0.9823,0.4616
0.9759,0.4996
0.9686,0.5370
0.9603,0.5740
0.9511,0.6103
0.9409,0.6461
0.9298,0.6812
0.9178,0.7156
0.9048,0.7494
0.8910,0.7824
0.8763,0.8146
0.8607,0.8460
0.8443,0.8766
0.8271,0.9063
0.8090,0.9351
0.7902,0.9631
0.7705,0.9900
0.7501,1.0160
0.7290,1.0410
0.7071,1.0649
0.6845,1.0878
0.6613,1.1096
0.6374,1.1303
0.6129,1.1500
0.5878,1.1684
0.5621,1.1858
0.5358,1.2019
0.5090,1.2169
0.4818,1.2306
0.4540,1.2432
0.4258,1.2545
0.3971,1.2646
0.3681,1.2735
0.3387,1.2810
0.3090,1.2873
0.2790,1.2924
0.2487,1.2962
0.2181,1.2987
0.1874,1.2999
0.1564,1.2998
0.1253,1.2984
0.0941,1.2958
0.0628,1.2919
0.0314,1.2867
0.0000,1.2803
-0.0314,1.2725
-0.0628,1.2635
-0.0941,1.2533
-0.1253,1.2419
-0.1564,1.2292
-0.1874,1.2153
-0.2181,1.2002
-0.2487,1.1839
-0.2790,1.1664
-0.3090,1.1478
-0.3387,1.1281
-0.3681,1.1073
-0.3971,1.0853
-0.4258,1.0623
-0.4540,1.0382
-0.4818,1.0131
-0.5090,0.9870
-0.5358,0.9600
-0.5621,0.9320
-0.5878,0.9031
-0.6129,0.8733
-0.6374,0.8426
-0.6613,0.8110
-0.6845,0.7787
-0.7071,0.7456
-0.7290,0.7119
-0.7501,0.6773
-0.7705,0.6421
-0.7902,0.6063
-0.8090,0.5699
-0.8271,0.5329
-0.8443,0.4954
-0.8607,0.4574
-0.8763,0.4190
-0.8910,0.3801
-0.9048,0.3409
-0.9178,0.3013
-0.9298,0.2614
-0.9409,0.2213
-0.9511,0.1810
-0.9603,0.1404
-0.9686,0.0997
-0.9759,0.0590
-0.9823,0.0181
-0.9877,-0.0227
-0.9921,-0.0635
-0.9956,-0.1042
-0.9980,-0.1449
-0.9995,-0.1854
-1.0000,-0.2257
-0.9995,-0.2659
-0.9980,-0.3057
-0.9956,-0.3452
-0.9921,-0.3844
-0.9877,-0.4232
-0.9823,-0.4616
-0.9759,-0.4996
-0.9686,-0.5370
-0.9603,-0.5740
-0.9511,-0.6103
-0.9409,-0.6461
-0.9298,-0.6812
-0.9178,-0.7156
-0.9048,-0.7494
-0.8910,-0.7824
-0.8763,-0.8146
-0.8607,-0.8460
-0.8443,-0.8766
-0.8271,-0.9063
-0.8090,-0.9351
-0.7902,-0.9630
-0.7705,-0.9900
-0.7501,-1.0160
-0.7290,-1.0410
-0.7071,-1.0649
-0.6845,-1.0878
-0.6613,-1.1096
-0.6374,-1.1303
-0.6129,-1.1500
-0.5878,-1.1684
-0.5621,-1.1858
-0.5358,-1.2019
-0.5090,-1.2169
-0.4818,-1.2306
-0.4540,-1.2432
-0.4258,-1.2545
-0.3971,-1.2646
-0.3681,-1.2734
-0.3387,-1.2810
-0.3090,-1.2873
-0.2790,-1.2924
-0.2487,-1.2962
-0.2181,-1.2987
-0.1874,-1.2999
-0.1564,-1.2998
-0.1253,-1.2984
-0.0941,-1.2958
-0.0628,-1.2919
-0.0314,-1.2867
0.0000,-1.2803
0.0314,-1.2725
0.0628,-1.2635
0.0941,-1.2533
0.1253,-1.2419
0.1564,-1.2292
0.1874,-1.2153
0.2181,-1.2002
0.2487,-1.1839
0.2790,-1.1664
0.3090,-1.1478
0.3387,-1.1281
0.3681,-1.1073
0.3971,-1.0853
0.4258,-1.0623
0.4540,-1.0382
0.4818,-1.0131
0.5090,-0.9870
0.5358,-0.9600
0.5621,-0.9320
0.5878,-0.9031
0.6129,-0.8732
0.6374,-0.8425
0.6613,-0.8110
0.6845,-0.7787
0.7071,-0.7456
0.7290,-0.7118
0.7501,-0.6773
0.7705,-0.6421
0.7902,-0.6063
0.8090,-0.5699
0.8271,-0.5329
0.8443,-0.4954
0.8607,-0.4574
0.8763,-0.4189
0.8910,-0.3801
0.9048,-0.3408
0.9178,-0.3013
0.9298,-0.2614
0.9409,-0.2212
0.9511,-0.1809
0.9603,-0.1404
0.9686,-0.0998
0.9759,-0.0590
0.9823,-0.0182
0.9877,0.0227
0.9921,0.0635
0.9956,0.1043
0.9980,0.1449
0.9995,0.1854
1.0000,0.2257
0.9995,0.2658
0.9980,0.3057
0.9956,0.3453
0.9921,0.3844
0.9877,0.4232
0.9823,0.4616
0.9759,0.4996
0.9686,0.5370
0.9603,0.5740
0.9511,0.6103
0.9409,0.6461
0.9298,0.6812
0.9178,0.7156
0.9048,0.7494
0.8910,0.7823
0.8763,0.8146
0.8607,0.8460
0.8443,0.8766
0.8271,0.9063
0.8090,0.9351
0.7902,0.9630
0.7705,0.9900
0.7501,1.0160
0.7290,1.0410
0.7071,1.0649
0.6845,1.0878
0.6613,1.1096
0.6374,1.1303
0.6129,1.1500
0.5878,1.1684
0.5621,1.1858
0.5358,1.2019
0.5090,1.2169
0.4818,1.2306
0.4540,1.2432
0.4258,1.2545
0.3971,1.2646
0.3681,1.2735
0.3387,1.2810
0.3090,1.2874
0.2790,1.2924
0.2487,1.2962
0.2181,1.2987
0.1874,1.2999
0.1564,1.2998
0.1253,1.2984
0.0941,1.2958
0.0628,1.2919
0.0314,1.2867
0.0000,1.2802
-0.0314,1.2725
-0.0628,1.2635
-0.0941,1.2533
-0.1253,1.2419
-0.1564,1.2292
-0.1874,1.2153
-0.2181,1.2002
-0.2487,1.1839
-0.2790,1.1664
-0.3090,1.1478
-0.3387,1.1281
-0.3681,1.1073
-0.3971,1.0853
-0.4258,1.0623
-0.4540,1.0382
-0.4818,1.0131
-0.5090,0.9870
-0.5358,0.9600
-0.5621,0.9320
-0.5878,0.9031
-0.6129,0.8732
-0.6374,0.8426
-0.6613,0.8110
-0.6845,0.7787
-0.7071,0.7456
-0.7290,0.7118
-0.7501,0.6773
-0.7705,0.6421
-0.7902,0.6063
-0.8090,0.5699
-0.8271,0.5329
-0.8443,0.4954
-0.8607,0.4574
-0.8763,0.4190
-0.8910,0.3801
-0.9048,0.3409
-0.9178,0.3013
-0.9298,0.2614
-0.9409,0.2213
-0.9511,0.1809
-0.9603,0.1404
-0.9686,0.0997
-0.9759,0.0590
-0.9823,0.0182
-0.9877,-0.0227
-0.9921,-0.0635
-0.9956,-0.1043
-0.9980,-0.1449
-0.9995,-0.1854
-1.0000,-0.2257
-0.9995,-0.2658
-0.9980,-0.3057
-0.9956,-0.3452
-0.9921,-0.3844
-0.9877,-0.4232
-0.9823,-0.4616
-0.9759,-0.4996
-0.9686,-0.5370
-0.9603,-0.5740
-0.9511,-0.6103
-0.9409,-0.6461
-0.9298,-0.6812
-0.9178,-0.7156
-0.9048,-0.7493
-0.8910,-0.7824
-0.8763,-0.8146
-0.8607,-0.8460
-0.8443,-0.8766
-0.8271,-0.9063
-0.8090,-0.9351
-0.7902,-0.9631
-0.7705,-0.9900
-0.7501,-1.0160
-0.7290,-1.0409
-0.7071,-1.0649
-0.6845,-1.0878
-0.6613,-1.1096
-0.6374,-1.1303
-0.6129,-1.1499
-0.5878,-1.1684
-0.5621,-1.1858
-0.5358,-1.2019
-0.5090,-1.2169
-0.4818,-1.2306
-0.4540,-1.2432
-0.4258,-1.2545
-0.3971,-1.2646
-0.3681,-1.2734
-0.3387,-1.2810
-0.3090,-1.2874
-0.2790,-1.2924
-0.2487,-1.2962
-0.2181,-1.2987
-0.1874,-1.2999
-0.1564,-1.2998
-0.1253,-1.2984
-0.0941,-1.2958
-0.0628,-1.2919
-0.0314,-1.2867
0.0000,-1.2803
0.0314,-1.2725
0.0628,-1.2636
0.0941,-1.2533
0.1253,-1.2419
0.1564,-1.2292
0.1874,-1.2153
0.2181,-1.2002
0.2487,-1.1839
0.2790,-1.1664
0.3090,-1.1478
0.3387,-1.1281
0.3681,-1.1072
0.3971,-1.0853
0.4258,-1.0623
0.4540,-1.0382
0.4818,-1.0131
0.5090,-0.9871
0.5358,-0.9600
0.5621,-0.9320
0.5878,-0.9031
0.6129,-0.8733
0.6374,-0.8426
0.6613,-0.8110
0.6845,-0.7787
0.7071,-0.7456
0.7290,-0.7118
0.7501,-0.6773
0.7705,-0.6422
0.7902,-0.6063
0.8090,-0.5699
0.8271,-0.5329
0.8443,-0.4954
0.8607,-0.4574
0.8763,-0.4189
0.8910,-0.3801
0.9048,-0.3409
0.9178,-0.3013
0.9298,-0.2614
0.9409,-0.2213
0.9511,-0.1809
0.9603,-0.1404
0.9686,-0.0998
0.9759,-0.0590
0.9823,-0.0181
0.9877,0.0227
0.9921,0.0635
0.9956,0.1043
0.9980,0.1449
0.9995,0.1854
1.0000,0.2257
0.9995,0.2659
0.9980,0.3057
0.9956,0.3452
0.9921,0.3844
0.9877,0.4233
0.9823,0.4616
0.9759,0.4996
0.9686,0.5370
0.9603,0.5739
0.9511,0.6103
0.9409,0.6461
0.9298,0.6812
0.9178,0.7156
0.9048,0.7493
0.8910,0.7824
0.8763,0.8146
0.8607,0.8460
0.8443,0.8766
0.8271,0.9063
0.8090,0.9351
0.7902,0.9630
0.7705,0.9900
0.7501,1.0160
0.7290,1.0410
0.7071,1.0649
0.6845,1.0878
0.6613,1.1096
0.6374,1.1303
0.6129,1.1500
0.5878,1.1684
0.5621,1.1858
0.5358,1.2019
0.5090,1.2169
0.4818,1.2307
0.4540,1.2432
0.4258,1.2545
0.3971,1.2646
0.3681,1.2734
0.3387,1.2810
0.3090,1.2873
0.2790,1.2924
0.2487,1.2962
0.2181,1.2987
0.1874,1.2999
0.1564,1.2998
0.1253,1.2984
0.0941,1.2958
0.0628,1.2919
0.0314,1.2867
0.0000,1.2803
-0.0314,1.2725
-0.0628,1.2636
-0.0941,1.2533
-0.1253,1.2419
-0.1564,1.2292
-0.1874,1.2153
-0.2181,1.2002
-0.2487,1.1839
-0.2790,1.1664
-0.3090,1.1478
-0.3387,1.1281
-0.3681,1.1072
-0.3971,1.0853
-0.4258,1.0623
-0.4540,1.0382
-0.4818,1.0131
-0.5090,0.9870
-0.5358,0.9600
-0.5621,0.9320
-0.5878,0.9030
-0.6129,0.8732
-0.6374,0.8426
-0.6613,0.8111
-0.6845,0.7787
-0.7071,0.7457
-0.7290,0.7118
-0.7501,0.6773
-0.7705,0.6421
-0.7902,0.6063
-0.8090,0.5699
-0.8271,0.5329
-0.8443,0.4954
-0.8607,0.4574
-0.8763,0.4189
-0.8910,0.3801
-0.9048,0.3408
-0.9178,0.3013
-0.9298,0.2614
-0.9409,0.2213
-0.9511,0.1809
-0.9603,0.1404
-0.9686,0.0998
-0.9759,0.0590
-0.9823,0.0182
-0.9877,-0.0227
-0.9921,-0.0635
-0.9956,-0.1043
-0.9980,-0.1449
-0.9995,-0.1854
-1.0000,-0.2257
-0.9995,-0.2658
-0.9980,-0.3057
-0.9956,-0.3452
-0.9921,-0.3844
-0.9877,-0.4233
-0.9823,-0.4616
-0.9759,-0.4996
-0.9686,-0.5370
-0.9603,-0.5740
-0.9511,-0.6103
-0.9409,-0.6461
-0.9298,-0.6812
-0.9178,-0.7156
-0.9048,-0.7494
-0.8910,-0.7823
-0.8763,-0.8146
-0.8607,-0.8460
-0.8443,-0.8766
-0.8271,-0.9063
-0.8090,-0.9351
-0.7902,-0.9630
-0.7705,-0.9900
-0.7501,-1.0160
-0.7290,-1.0410
-0.7071,-1.0649
-0.6845,-1.0878
-0.6613,-1.1096
-0.6374,-1.1303
-0.6129,-1.1499
-0.5878,-1.1684
-0.5621,-1.1858
-0.5358,-1.2019
-0.5090,-1.2169
-0.4818,-1.2306
-0.4540,-1.2432
-0.4258,-1.2545
-0.3971,-1.2646
-0.3681,-1.2735
-0.3387,-1.2810
-0.3090,-1.2874
-0.2790,-1.2924
-0.2487,-1.2962
-0.2181,-1.2987
-0.1874,-1.2999
-0.1564,-1.2998
-0.1253,-1.2984
-0.0941,-1.2958
-0.0628,-1.2919
-0.0314,-1.2867
0.0000,-1.2803
0.0314,-1.2725
0.0628,-1.2635
0.0941,-1.2533
0.1253,-1.2419
0.1564,-1.2292
0.1874,-1.2153
0.2181,-1.2002
0.2487,-1.1839
0.2790,-1.1664
0.3090,-1.1478
0.3387,-1.1281
0.3681,-1.1072
0.3971,-1.0853
0.4258,-1.0623
0.4540,-1.0382
0.4818,-1.0131
0.5090,-0.9871
0.5358,-0.9600
0.5621,-0.9320
0.5878,-0.9030
0.6129,-0.8732
0.6374,-0.8426
0.6613,-0.8110
0.6845,-0.7787
0.7071,-0.7456
0.7290,-0.7118
0.7501,-0.6773
0.7705,-0.6421
0.7902,-0.6063
0.8090,-0.5699
0.8271,-0.5329
0.8443,-0.4954
0.8607,-0.4574
0.8763,-0.4189
0.8910,-0.3801
0.9048,-0.3409
0.9178,-0.3013
0.9298,-0.2614
0.9409,-0.2213
0.9511,-0.1809
0.9603,-0.1404
0.9686,-0.0997
0.9759,-0.0590
0.9823,-0.0182
0.9877,0.0227
0.9921,0.0635
0.9956,0.1043
0.9980,0.1449
0.9995,0.1854
1.0000,0.2257
0.9995,0.2658
0.9980,0.3057
0.9956,0.3452
0.9921,0.3844
0.9877,0.4232
0.9823,0.4617
0.9759,0.4996
0.9686,0.5370
0.9603,0.5739
0.9511,0.6103
0.9409,0.6461
0.9298,0.6812
0.9178,0.7156
0.9048,0.7493
0.8910,0.7823
0.8763,0.8146
0.8607,0.8460
0.8443,0.8766
0.8271,0.9063
0.8090,0.9352
0.7902,0.9631
0.7705,0.9900
0.7501,1.0160
0.7290,1.0409
0.7071,1.0649
0.6845,1.0878
0.6613,1.1096
0.6374,1.1304
0.6129,1.1499
0.5878,1.1684
0.5621,1.1858
0.5358,1.2019
0.5090,1.2169
0.4818,1.2306
0.4540,1.2432
0.4258,1.2545
0.3971,1.2646
0.3681,1.2734
0.3387,1.2810
0.3090,1.2873
0.2790,1.2924
0.2487,1.2962
0.2181,1.2987
0.1874,1.2999
0.1564,1.2998
0.1253,1.2984
0.0941,1.2958
0.0628,1.2919
0.0314,1.2867
0.0000,1.2803
-0.0314,1.2725
-0.0628,1.2636
-0.0941,1.2533
-0.1253,1.2419
-0.1564,1.2292
-0.1874,1.2153
-0.2181,1.2002
-0.2487,1.1839
-0.2790,1.1664
-0.3090,1.1478
-0.3387,1.1281
-0.3681,1.1072
-0.3971,1.0853
-0.4258,1.0623
-0.4540,1.0382
-0.4818,1.0132
-0.5090,0.9871
-0.5358,0.9600
-0.5621,0.9320
-0.5878,0.9030
-0.6129,0.8732
-0.6374,0.8426
-0.6613,0.8111
-0.6845,0.7787
-0.7071,0.7456
-0.7290,0.7118
-0.7501,0.6773
-0.7705,0.6421
-0.7902,0.6063
-0.8090,0.5699
-0.8271,0.5329
-0.8443,0.4954
-0.8607,0.4574
-0.8763,0.4189
-0.8910,0.3801
-0.9048,0.3409
-0.9178,0.3013
-0.9298,0.2614
-0.9409,0.2213
-0.9511,0.1809
-0.9603,0.1404
-0.9686,0.0997
-0.9759,0.0590
-0.9823,0.0182
-0.9877,-0.0227
-0.9921,-0.0635
-0.9956,-0.1043
-0.9980,-0.1449
-0.9995,-0.1854
-1.0000,-0.2258
-0.9995,-0.2658
-0.9980,-0.3057
-0.9956,-0.3452
-0.9921,-0.3844
-0.9877,-0.4233
-0.9823,-0.4617
-0.9759,-0.4996
-0.9686,-0.5370
-0.9603,-0.5739
-0.9511,-0.6103
-0.9409,-0.6461
-0.9298,-0.6812
-0.9178,-0.7157
-0.9048,-0.7494
-0.8910,-0.7824
-0.8763,-0.8146
-0.8607,-0.8460
-0.8443,-0.8766
-0.8271,-0.9063
-0.8090,-0.9352
-0.7902,-0.9631
-0.7705,-0.9900
-0.7501,-1.0160
-0.7290,-1.0410
-0.7071,-1.0649
-0.6845,-1.0878
-0.6613,-1.1096
-0.6374,-1.1303
-0.6129,-1.1500
-0.5878,-1.1684
-0.5621,-1.1858
-0.5358,-1.2019
-0.5090,-1.2169
-0.4818,-1.2307
-0.4540,-1.2432
-0.4258,-1.2545
-0.3971,-1.2646
-0.3681,-1.2734
-0.3387,-1.2810
-0.3090,-1.2873
-0.2790,-1.2924
-0.2487,-1.2962
-0.2181,-1.2987
-0.1874,-1.2999
-0.1564,-1.2998
-0.1253,-1.2984
-0.0941,-1.2958
-0.0628,-1.2919
-0.0314,-1.2867
0.0000,-1.2802
0.0314,-1.2725
0.0628,-1.2636
0.0941,-1.2533
0.1253,-1.2419
0.1564,-1.2292
0.1874,-1.2153
0.2181,-1.2002
0.2487,-1.1839
0.2790,-1.1664
0.3090,-1.1478
0.3387,-1.1281
0.3681,-1.1072
0.3971,-1.0853
0.4258,-1.0623
0.4540,-1.0382
0.4818,-1.0131
0.5090,-0.9870
0.5358,-0.9600
0.5621,-0.9320
0.5878,-0.9031
0.6129,-0.8732
0.6374,-0.8426
0.6613,-0.8111
0.6845,-0.7787
0.7071,-0.7457
0.7290,-0.7118
0.7501,-0.6773
0.7705,-0.6421
0.7902,-0.6063
0.8090,-0.5699
0.8271,-0.5329
0.8443,-0.4954
0.8607,-0.4574
0.8763,-0.4190
0.8910,-0.3801
0.9048,-0.3408
0.9178,-0.3013
0.9298,-0.2614
0.9409,-0.2213
0.9511,-0.1809
0.9603,-0.1404
0.9686,-0.0997
0.9759,-0.0589
0.9823,-0.0182
0.9877,0.0227
0.9921,0.0635
0.9956,0.1043
0.9980,0.1449
0.9995,0.1854
1.0000,0.2258
0.9995,0.2658
0.9980,0.3057
0.9956,0.3452
0.9921,0.3844
0.9877,0.4233
0.9823,0.4616
0.9759,0.4996
0.9686,0.5370
0.9603,0.5740
0.9511,0.6103
0.9409,0.6461
0.9298,0.6812
0.9178,0.7156
0.9048,0.7494
0.8910,0.7824
0.8763,0.8146
0.8607,0.8460
0.8443,0.8766
0.8271,0.9063
0.8090,0.9351
0.7902,0.9631
0.7705,0.9900
0.7501,1.0160
0.7290,1.0409
0.7071,1.0649
0.6845,1.0878
0.6613,1.1096
0.6374,1.1304
0.6129,1.1500
0.5878,1.1684
0.5621,1.1857
0.5358,1.2019
0.5090,1.2169
0.4818,1.2306
0.4540,1.2432
0.4258,1.2545
0.3971,1.2646
0.3681,1.2734
0.3387,1.2810
0.3090,1.2874
0.2790,1.2924
0.2487,1.2962
0.2181,1.2987
0.1874,1.2999
0.1564,1.2998
0.1253,1.2984
0.0941,1.2958
0.0628,1.2919
0.0314,1.2867
0.0000,1.2802
-0.0314,1.2725
-0.0628,1.2636
-0.0941,1.2533
-0.1253,1.2419
-0.1564,1.2292
-0.1874,1.2153
-0.2181,1.2002
-0.2487,1.1839
-0.2790,1.1664
-0.3090,1.1478
-0.3387,1.1281
-0.3681,1.1073
-0.3971,1.0853
-0.4258,1.0623
-0.4540,1.0382
-0.4818,1.0131
-0.5090,0.9871
-0.5358,0.9600
-0.5621,0.9320
-0.5878,0.9031
-0.6129,0.8732
-0.6374,0.8425
-0.6613,0.8110
-0.6845,0.7787
-0.7071,0.7456
-0.7290,0.7118
-0.7501,0.6773
-0.7705,0.6421
-0.7902,0.6063
-0.8090,0.5699
-0.8271,0.5329
-0.8443,0.4954
-0.8607,0.4574
-0.8763,0.4189
-0.8910,0.3801
-0.9048,0.3408
-0.9178,0.3013
-0.9298,0.2614
-0.9409,0.2213
-0.9511,0.1809
-0.9603,0.1404
-0.9686,0.0997
-0.9759,0.0590
-0.9823,0.0181
-0.9877,-0.0227
-0.9921,-0.0635
-0.9956,-0.1042
-0.9980,-0.1449
-0.9995,-0.1854
-1.0000,-0.2257
-0.9995,-0.2659
-0.9980,-0.3057
-0.9956,-0.3452
-0.9921,-0.3844
-0.9877,-0.4232
-0.9823,-0.4617
-0.9759,-0.4996
-0.9686,-0.5371
-0.9603,-0.5739
-0.9511,-0.6103
-0.9409,-0.6461
-0.9298,-0.6812
-0.9178,-0.7156
-0.9048,-0.7494
-0.8910,-0.7824
-0.8763,-0.8146
-0.8607,-0.8460
-0.8443,-0.8766
-0.8271,-0.9063
-0.8090,-0.9352
-0.7902,-0.9630
-0.7705,-0.9900
-0.7501,-1.0160
-0.7290,-1.0409
-0.7071,-1.0649
-0.6845,-1.0878
-0.6613,-1.1096
-0.6374,-1.1303
-0.6129,-1.1500
-0.5878,-1.1684
-0.5621,-1.1857
-0.5358,-1.2019
-0.5090,-1.2169
-0.4818,-1.2306
-0.4540,-1.2432
-0.4258,-1.2545
-0.3971,-1.2646
-0.3681,-1.2734
-0.3387,-1.2810
-0.3090,-1.2873
-0.2790,-1.2924
-0.2487,-1.2962
-0.2181,-1.2987
-0.1874,-1.2999
-0.1564,-1.2998
-0.1253,-1.2984
-0.0941,-1.2958
-0.0628,-1.2919
-0.0314,-1.2867
0.0000,-1.2802
0.0314,-1.2725
0.0628,-1.2636
0.0941,-1.2533
0.1253,-1.2419
0.1564,-1.2292
0.1874,-1.2153
0.2181,-1.2002
0.2487,-1.1839
0.2790,-1.1664
0.3090,-1.1478
0.3387,-1.1281
0.3681,-1.1072
0.3971,-1.0853
0.4258,-1.0623
0.4540,-1.0382
0.4818,-1.0132
0.5090,-0.9871
0.5358,-0.9600
0.5621,-0.9320
0.5878,-0.9030
0.6129,-0.8732
0.6374,-0.8425
0.6613,-0.8110
0.6845,-0.7787
0.7071,-0.7457
0.7290,-0.7118
0.7501,-0.6773
0.7705,-0.6421
0.7902,-0.6063
0.8090,-0.5699
0.8271,-0.5329
0.8443,-0.4954
0.8607,-0.4574
0.8763,-0.4189
0.8910,-0.3801
0.9048,-0.3408
0.9178,-0.3013
0.9298,-0.2614
0.9409,-0.2213
0.9511,-0.1809
0.9603,-0.1404
0.9686,-0.0997
0.9759,-0.0590
0.9823,-0.0181
0.9877,0.0227
0.9921,0.0635
0.9956,0.1042
0.9980,0.1449
0.9995,0.1854
1.0000,0.2258
0.9995,0.2659
0.9980,0.3057
0.9956,0.3452
0.9921,0.3844
0.9877,0.4232
0.9823,0.4616
0.9759,0.4996
0.9686,0.5371
0.9603,0.5740
0.9511,0.6103
0.9409,0.6461
0.9298,0.6812
0.9178,0.7156
0.9048,0.7494
0.8910,0.7824
0.8763,0.8146
0.8607,0.8460
0.8443,0.8766
0.8271,0.9063
0.8090,0.9351
0.7902,0.9631
0.7705,0.9900
0.7501,1.0160
0.7290,1.0409
0.7071,1.0649
0.6845,1.0878
0.6613,1.1096
0.6374,1.1303
0.6129,1.1500
0.5878,1.1684
0.5621,1.1858
0.5358,1.2019
0.5090,1.2169
0.4818,1.2306
0.4540,1.2432
0.4258,1.2545
0.3971,1.2646
0.3681,1.2734
0.3387,1.2810
0.3090,1.2873
0.2790,1.2924
0.2487,1.2962
0.2181,1.2987
0.1874,1.2999
0.1564,1.2998
0.1253,1.2984
0.0941,1.2958
0.0628,1.2919
0.0314,1.2867
0.0000,1.2802
-0.0314,1.2725
-0.0628,1.2635
-0.0941,1.2533
-0.1253,1.2419
-0.1564,1.2292
-0.1874,1.2153
-0.2181,1.2002
-0.2487,1.1839
-0.2790,1.1664
-0.3090,1.1478
-0.3387,1.1281
-0.3681,1.1072
-0.3971,1.0853
-0.4258,1.0623
-0.4540,1.0382
-0.4818,1.0131
-0.5090,0.9871
-0.5358,0.9600
-0.5621,0.9320
-0.5878,0.9031
-0.6129,0.8732
-0.6374,0.8426
-0.6613,0.8110
-0.6845,0.7788
-0.7071,0.7457
-0.7290,0.7118
-0.7501,0.6773
-0.7705,0.6421
-0.7902,0.6063
-0.8090,0.5699
-0.8271,0.5329
-0.8443,0.4954
-0.8607,0.4574
-0.8763,0.4190
-0.8910,0.3801
-0.9048,0.3409
-0.9178,0.3013
-0.9298,0.2614
-0.9409,0.2213
-0.9511,0.1809
-0.9603,0.1404
-0.9686,0.0997
-0.9759,0.0589
-0.9823,0.0181
-0.9877,-0.0227
-0.9921,-0.0635
-0.9956,-0.1043
-0.9980,-0.1449
-0.9995,-0.1854
-1.0000,-0.2258
-0.9995,-0.2659
-0.9980,-0.3057
-0.9956,-0.3452
-0.9921,-0.3844
-0.9877,-0.4232
-0.9823,-0.4616
-0.9759,-0.4996
-0.9686,-0.5370
-0.9603,-0.5740
-0.9511,-0.6103
-0.9409,-0.6461
-0.9298,-0.6812
-0.9178,-0.7156
-0.9048,-0.7494
-0.8910,-0.7824
-0.8763,-0.8146
-0.8607,-0.8460
-0.8443,-0.8766
-0.8271,-0.9063
-0.8090,-0.9351
-0.7902,-0.9631
-0.7705,-0.9900
-0.7501,-1.0160
-0.7290,-1.0409
-0.7071,-1.0649
-0.6845,-1.0878
-0.6613,-1.1096
-0.6374,-1.1304
-0.6129,-1.1500
-0.5878,-1.1684
-0.5621,-1.1858
-0.5358,-1.2019
-0.5090,-1.2169
-0.4818,-1.2306
-0.4540,-1.2432
-0.4258,-1.2545
-0.3971,-1.2646
-0.3681,-1.2734
-0.3387,-1.2810
-0.3090,-1.2873
-0.2790,-1.2924
-0.2487,-1.2962
-0.2181,-1.2987
-0.1874,-1.2999
-0.1564,-1.2998
-0.1253,-1.2984
-0.0941,-1.2958
-0.0628,-1.2919
-0.0314,-1.2867
0.0000,-1.2803
0.0314,-1.2725
0.0628,-1.2635
0.0941,-1.2533
0.1253,-1.2419
0.1564,-1.2292
0.1874,-1.2153
0.2181,-1.2002
0.2487,-1.1839
0.2790,-1.1664
0.3090,-1.1478
0.3387,-1.1281
0.3681,-1.1073
0.3971,-1.0853
0.4258,-1.0623
0.4540,-1.0382
0.4818,-1.0131
0.5090,-0.9870
0.5358,-0.9600
0.5621,-0.9320
0.5878,-0.9031
0.6129,-0.8732
0.6374,-0.8425
0.6613,-0.8110
0.6845,-0.7787
0.7071,-0.7457
0.7290,-0.7119
0.7501,-0.6773
0.7705,-0.6421
0.7902,-0.6063
0.8090,-0.5699
0.8271,-0.5329
0.8443,-0.4954
0.8607,-0.4574
0.8763,-0.4189
0.8910,-0.3801
0.9048,-0.3408
0.9178,-0.3012
0.9298,-0.2614
0.9409,-0.2213
0.9511,-0.1810
0.9603,-0.1404
0.9686,-0.0997
0.9759,-0.0590
0.9823,-0.0181
0.9877,0.0227
0.9921,0.0635
0.9956,0.1042
0.9980,0.1449
0.9995,0.1854
1.0000,0.2257
0.9995,0.2659
0.9980,0.3057
0.9956,0.3452
0.9921,0.3844
0.9877,0.4232
0.9823,0.4617
0.9759,0.4996
0.9686,0.5371
0.9603,0.5740
0.9511,0.6103
0.9409,0.6460
0.9298,0.6812
0.9178,0.7156
0.9048,0.7494
0.8910,0.7824
0.8763,0.8146
0.8607,0.8460
0.8443,0.8766
0.8271,0.9063
0.8090,0.9351
0.7902,0.9630
0.7705,0.9900
0.7501,1.0160
0.7290,1.0410
0.7071,1.0649
0.6845,1.0878
0.6613,1.1096
0.6374,1.1303
0.6129,1.1500
0.5878,1.1684
0.5621,1.1858
0.5358,1.2019
0.5090,1.2169
0.4818,1.2306
0.4540,1.2432
0.4258,1.2545
0.3971,1.2646
0.3681,1.2735
0.3387,1.2810
0.3090,1.2873
0.2790,1.2924
0.2487,1.2962
0.2181,1.2987
0.1874,1.2999
0.1564,1.2998
0.1253,1.2984
0.0941,1.2958
0.0628,1.2919
0.0314,1.2867
0.0000,1.2802
-0.0314,1.2725
-0.0628,1.2635
-0.0941,1.2533
-0.1253,1.2419
-0.1564,1.2292
-0.1874,1.2153
-0.2181,1.2002
-0.2487,1.1839
-0.2790,1.1664
-0.3090,1.1478
-0.3387,1.1281
-0.3681,1.1072
-0.3971,1.0853
-0.4258,1.0623
-0.4540,1.0382
-0.4818,1.0131
-0.5090,0.9870
-0.5358,0.9600
-0.5621,0.9320
-0.5878,0.9031
-0.6129,0.8732
-0.6374,0.8425
-0.6613,0.8110
-0.6845,0.7787
-0.7071,0.7457
-0.7290,0.7118
-0.7501,0.6773
-0.7705,0.6421
-0.7902,0.6063
-0.8090,0.5699
-0.8271,0.5329
-0.8443,0.4954
-0.8607,0.4574
-0.8763,0.4190
-0.8910,0.3801
-0.9048,0.3408
-0.9178,0.3013
-0.9298,0.2614
-0.9409,0.2212
-0.9511,0.1809
-0.9603,0.1404
-0.9686,0.0997
-0.9759,0.0590
-0.9823,0.0182
-0.9877,-0.0227
-0.9921,-0.0635
-0.9956,-0.1042
-0.9980,-0.1449
-0.9995,-0.1854
-1.0000,-0.2258
-0.9995,-0.2658
-0.9980,-0.3057
-0.9956,-0.3453
-0.9921,-0.3844
-0.9877,-0.4232
-0.9823,-0.4616
-0.9759,-0.4996
-0.9686,-0.5370
-0.9603,-0.5740
-0.9511,-0.6103
-0.9409,-0.6460
-0.9298,-0.6812
-0.9178,-0.7156
-0.9048,-0.7494
-0.8910,-0.7823
-0.8763,-0.8146
-0.8607,-0.8460
-0.8443,-0.8766
-0.8271,-0.9063
-0.8090,-0.9351
-0.7902,-0.9630
-0.7705,-0.9900
-0.7501,-1.0160
-0.7290,-1.0410
-0.7071,-1.0649
-0.6845,-1.0878
-0.6613,-1.1096
-0.6374,-1.1303
-0.6129,-1.1499
-0.5878,-1.1684
-0.5621,-1.1858
-0.5358,-1.2019
-0.5090,-1.2169
-0.4818,-1.2306
-0.4540,-1.2432
-0.4258,-1.2545
-0.3971,-1.2646
-0.3681,-1.2735
-0.3387,-1.2810
-0.3090,-1.2873
-0.2790,-1.2924
-0.2487,-1.2962
-0.2181,-1.2987
-0.1874,-1.2999
-0.1564,-1.2998
-0.1253,-1.2984
-0.0941,-1.2958
-0.0628,-1.2919
-0.0314,-1.2867
0.0000,-1.2802
0.0314,-1.2725
0.0628,-1.2635
0.0941,-1.2533
0.1253,-1.2419
0.1564,-1.2292
0.1874,-1.2153
0.2181,-1.2002
0.2487,-1.1839
0.2790,-1.1664
0.3090,-1.1478
0.3387,-1.1281
0.3681,-1.1073
0.3971,-1.0853
0.4258,-1.0623
0.4540,-1.0382
0.4818,-1.0131
0.5090,-0.9871
0.5358,-0.9600
0.5621,-0.9320
0.5878,-0.9031
0.6129,-0.8732
0.6374,-0.8426
0.6613,-0.8110
0.6845,-0.7787
0.7071,-0.7456
0.7290,-0.7119
0.7501,-0.6773
0.7705,-0.6421
0.7902,-0.6063
0.8090,-0.5699
0.8271,-0.5329
0.8443,-0.4954
0.8607,-0.4574
0.8763,-0.4190
0.8910,-0.3801
0.9048,-0.3409
0.9178,-0.3013
0.9298,-0.2614
0.9409,-0.2213
0.9511,-0.1809
0.9603,-0.1404
0.9686,-0.0997
0.9759,-0.0590
0.9823,-0.0181
0.9877,0.0227
0.9921,0.0635
0.9956,0.1043
0.9980,0.1449
0.9995,0.1854
1.0000,0.2257
0.9995,0.2658
0.9980,0.3057
0.9956,0.3452
0.9921,0.3845
0.9877,0.4232
0.9823,0.4616
0.9759,0.4996
0.9686,0.5370
0.9603,0.5740
0.9511,0.6103
0.9409,0.6461
0.9298,0.6812
0.9178,0.7156
0.9048,0.7493
0.8910,0.7824
0.8763,0.8146
0.8607,0.8460
0.8443,0.8766
0.8271,0.9063
0.8090,0.9351
0.7902,0.9630
0.7705,0.9900
0.7501,1.0160
0.7290,1.0410
0.7071,1.0649
0.6845,1.0878
0.6613,1.1096
0.6374,1.1303
0.6129,1.1500
0.5878,1.1684
0.5621,1.1858
0.5358,1.2019
0.5090,1.2169
0.4818,1.2306
0.4540,1.2432
0.4258,1.2545
0.3971,1.2646
0.3681,1.2734
0.3387,1.2810
0.3090,1.2874
0.2790,1.2924
0.2487,1.2962
0.2181,1.2987
0.1874,1.2999
0.1564,1.2998
0.1253,1.2984
0.0941,1.2958
0.0628,1.2919
0.0314,1.2867
0.0000,1.2803
-0.0314,1.2725
-0.0628,1.2636
-0.0941,1.2533
-0.1253,1.2419
-0.1564,1.2292
-0.1874,1.2153
-0.2181,1.2002
-0.2487,1.1839
-0.2790,1.1664
-0.3090,1.1478
-0.3387,1.1281
-0.3681,1.1073
-0.3971,1.0853
-0.4258,1.0623
-0.4540,1.0382
-0.4818,1.0131
-0.5090,0.9870
-0.5358,0.9600
-0.5621,0.9320
-0.5878,0.9031
-0.6129,0.8733
-0.6374,0.8426
-0.6613,0.8111
-0.6845,0.7787
-0.7071,0.7456
-0.7290,0.7118
-0.7501,0.6773
-0.7705,0.6421
-0.7902,0.6063
-0.8090,0.5699
-0.8271,0.5329
-0.8443,0.4954
-0.8607,0.4574
-0.8763,0.4190
-0.8910,0.3801
-0.9048,0.3408
-0.9178,0.3013
-0.9298,0.2614
-0.9409,0.2212
-0.9511,0.1809
-0.9603,0.1404
-0.9686,0.0998
-0.9759,0.0590
-0.9823,0.0181
-0.9877,-0.0227
-0.9921,-0.0635
-0.9956,-0.1043
-0.9980,-0.1449
-0.9995,-0.1854
-1.0000,-0.2257
-0.9995,-0.2659
-0.9980,-0.3057
-0.9956,-0.3452
-0.9921,-0.3844
-0.9877,-0.4232
-0.9823,-0.4616
-0.9759,-0.4996
-0.9686,-0.5370
-0.9603,-0.5740
-0.9511,-0.6103
-0.9409,-0.6461
-0.9298,-0.6812
-0.9178,-0.7156
-0.9048,-0.7494
-0.8910,-0.7824
-0.8763,-0.8146
-0.8607,-0.8460
-0.8443,-0.8766
-0.8271,-0.9063
-0.8090,-0.9351
-0.7902,-0.9630
-0.7705,-0.9900
-0.7501,-1.0160
-0.7290,-1.0410
-0.7071,-1.0649
-0.6845,-1.0878
-0.6613,-1.1096
-0.6374,-1.1303
-0.6129,-1.1500
-0.5878,-1.1684
-0.5621,-1.1858
-0.5358,-1.2019
-0.5090,-1.2169
-0.4818,-1.2306
-0.4540,-1.2432
-0.4258,-1.2545
-0.3971,-1.2646
-0.3681,-1.2734
-0.3387,-1.2810
-0.3090,-1.2873
-0.2790,-1.2924
-0.2487,-1.2962
-0.2181,-1.2987
-0.1874,-1.2999
-0.1564,-1.2998
-0.1253,-1.2984
-0.0941,-1.2958
-0.0628,-1.2919
-0.0314,-1.2867
0.0000,-1.2802
0.0314,-1.2725
0.0628,-1.2635
0.0941,-1.2533
0.1253,-1.2419
0.1564,-1.2292
0.1874,-1.2153
0.2181,-1.2002
0.2487,-1.1839
0.2790,-1.1664
0.3090,-1.1478
0.3387,-1.1281
0.3681,-1.1072
0.3971,-1.0853
0.4258,-1.0623
0.4540,-1.0382
0.4818,-1.0131
0.5090,-0.9870
0.5358,-0.9600
0.5621,-0.9320
0.5878,-0.9031
0.6129,-0.8732
0.6374,-0.8426
0.6613,-0.8110
0.6845,-0.7787
0.7071,-0.7456
0.7290,-0.7118
0.7501,-0.6773
0.7705,-0.6421
0.7902,-0.6063
0.8090,-0.5699
0.8271,-0.5329
0.8443,-0.4954
0.8607,-0.4574
0.8763,-0.4190
0.8910,-0.3801
0.9048,-0.3408
0.9178,-0.3013
0.9298,-0.2614
0.9409,-0.2213
0.9511,-0.1809
0.9603,-0.1404
0.9686,-0.0997
0.9759,-0.0590
0.9823,-0.0182
0.9877,0.0227
0.9921,0.0635
0.9956,0.1043
0.9980,0.1449
0.9995,0.1854
1.0000,0.2257
0.9995,0.2658
0.9980,0.3057
0.9956,0.3452
0.9921,0.3844
0.9877,0.4233
0.9823,0.4616
0.9759,0.4996
0.9686,0.5370
0.9603,0.5740
0.9511,0.6103
0.9409,0.6461
0.9298,0.6812
0.9178,0.7156
0.9048,0.7494
0.8910,0.7823
0.8763,0.8146
0.8607,0.8460
0.8443,0.8766
0.8271,0.9063
0.8090,0.9351
0.7902,0.9630
0.7705,0.9900
0.7501,1.0160
0.7290,1.0409
0.7071,1.0649
0.6845,1.0878
0.6613,1.1096
0.6374,1.1303
0.6129,1.1499
0.5878,1.1684
0.5621,1.1858
0.5358,1.2019
0.5090,1.2169
0.4818,1.2306
0.4540,1.2432
0.4258,1.2545
0.3971,1.2646
0.3681,1.2735
0.3387,1.2810
0.3090,1.2874
0.2790,1.2924
0.2487,1.2962
0.2181,1.2987
0.1874,1.2999
0.1564,1.2998
0.1253,1.2984
0.0941,1.2958
0.0628,1.2919
0.0314,1.2867
0.0000,1.2803
-0.0314,1.2725
-0.0628,1.2635
-0.0941,1.2533
-0.1253,1.2419
-0.1564,1.2292
-0.1874,1.2153
-0.2181,1.2002
-0.2487,1.1839
-0.2790,1.1664
-0.3090,1.1478
-0.3387,1.1281
-0.3681,1.1072
-0.3971,1.0853
-0.4258,1.0623
-0.4540,1.0382
-0.4818,1.0131
-0.5090,0.9871
-0.5358,0.9600
-0.5621,0.9320
-0.5878,0.9031
-0.6129,0.8733
-0.6374,0.8426
-0.6613,0.8110
-0.6845,0.7787
-0.7071,0.7456
-0.7290,0.7118
-0.7501,0.6773
-0.7705,0.6421
-0.7902,0.6063
-0.8090,0.5699
-0.8271,0.5329
-0.8443,0.4954
-0.8607,0.4574
-0.8763,0.4189
-0.8910,0.3801
-0.9048,0.3409
-0.9178,0.3013
-0.9298,0.2614
-0.9409,0.2213
-0.9511,0.1809
-0.9603,0.1404
-0.9686,0.0997
-0.9759,0.0590
-0.9823,0.0181
-0.9877,-0.0227
-0.9921,-0.0635
-0.9956,-0.1043
-0.9980,-0.1449
-0.9995,-0.1854
-1.0000,-0.2257
-0.9995,-0.2658
-0.9980,-0.3057
-0.9956,-0.3452
-0.9921,-0.3844
-0.9877,-0.4232
-0.9823,-0.4616
-0.9759,-0.4996
-0.9686,-0.5370
-0.9603,-0.5739
-0.9511,-0.6103
-0.9409,-0.6461
-0.9298,-0.6812
-0.9178,-0.7156
-0.9048,-0.7493
-0.8910,-0.7824
-0.8763,-0.8146
-0.8607,-0.8460
-0.8443,-0.8766
-0.8271,-0.9063
-0.8090,-0.9352
-0.7902,-0.9630
-0.7705,-0.9900
-0.7501,-1.0160
-0.7290,-1.0409
-0.7071,-1.0649
-0.6845,-1.0878
-0.6613,-1.1096
-0.6374,-1.1303
-0.6129,-1.1499
-0.5878,-1.1684
-0.5621,-1.1858
-0.5358,-1.2019
-0.5090,-1.2169
-0.4818,-1.2307
-0.4540,-1.2432
-0.4258,-1.2545
-0.3971,-1.2646
-0.3681,-1.2734
-0.3387,-1.2810
-0.3090,-1.2873
-0.2790,-1.2924
-0.2487,-1.2962
-0.2181,-1.2987
-0.1874,-1.2999
-0.1564,-1.2998
-0.1253,-1.2984
-0.0941,-1.2958
-0.0628,-1.2919
-0.0314,-1.2867
0.0000,-1.2803
0.0314,-1.2725
0.0628,-1.2636
0.0941,-1.2533
0.1253,-1.2419
0.1564,-1.2292
0.1874,-1.2153
0.2181,-1.2002
0.2487,-1.1839
0.2790,-1.1664
0.3090,-1.1478
0.3387,-1.1281
0.3681,-1.1072
0.3971,-1.0853
0.4258,-1.0623
0.4540,-1.0382
0.4818,-1.0131
0.5090,-0.9870
0.5358,-0.9600
0.5621,-0.9320
0.5878,-0.9030
0.6129,-0.8733
0.6374,-0.8426
0.6613,-0.8111
0.6845,-0.7787
0.7071,-0.7456
0.7290,-0.7118
0.7501,-0.6773
0.7705,-0.6421
0.7902,-0.6063
0.8090,-0.5699
0.8271,-0.5329
0.8443,-0.4954
0.8607,-0.4574
0.8763,-0.4189
0.8910,-0.3801
0.9048,-0.3409
0.9178,-0.3013
0.9298,-0.2614
0.9409,-0.2213
0.9511,-0.1809
0.9603,-0.1404
0.9686,-0.0997
0.9759,-0.0590
0.9823,-0.0182
0.9877,0.0227
0.9921,0.0635
0.9956,0.1043
0.9980,0.1449
0.9995,0.1854
1.0000,0.2257
0.9995,0.2658
0.9980,0.3057
0.9956,0.3452
0.9921,0.3844
0.9877,0.4233
0.9823,0.4616
0.9759,0.4996
0.9686,0.5370
0.9603,0.5739
0.9511,0.6103
0.9409,0.6461
0.9298,0.6812
0.9178,0.7156
0.9048,0.7493
0.8910,0.7823
0.8763,0.8146
0.8607,0.8460
0.8443,0.8766
0.8271,0.9063
0.8090,0.9352
0.7902,0.9630
0.7705,0.9900
0.7501,1.0160
0.7290,1.0410
0.7071,1.0649
0.6845,1.0878
0.6613,1.1096
0.6374,1.1304
0.6129,1.1500
0.5878,1.1684
0.5621,1.1858
0.5358,1.2019
0.5090,1.2169
0.4818,1.2307
0.4540,1.2432
0.4258,1.2545
0.3971,1.2646
0.3681,1.2734
0.3387,1.2810
0.3090,1.2873
0.2790,1.2924
0.2487,1.2962
0.2181,1.2987
0.1874,1.2999
0.1564,1.2998
0.1253,1.2984
0.0941,1.2958
0.0628,1.2919
0.0314,1.2867
0.0000,1.2802
-0.0314,1.2725
-0.0628,1.2635
-0.0941,1.2533
-0.1253,1.2419
-0.1564,1.2292
-0.1874,1.2153
-0.2181,1.2002
-0.2487,1.1839
-0.2790,1.1664
-0.3090,1.1478
-0.3387,1.1281
-0.3681,1.1072
-0.3971,1.0853
-0.4258,1.0623
-0.4540,1.0382
-0.4818,1.0131
-0.5090,0.9871
-0.5358,0.9600
-0.5621,0.9320
-0.5878,0.9031
-0.6129,0.8732
-0.6374,0.8426
-0.6613,0.8110
-0.6845,0.7787
-0.7071,0.7457
-0.7290,0.7118
-0.7501,0.6773
-0.7705,0.6421
-0.7902,0.6063
-0.8090,0.5699
-0.8271,0.5329
-0.8443,0.4954
-0.8607,0.4574
-0.8763,0.4189
-0.8910,0.3801
-0.9048,0.3409
-0.9178,0.3013
-0.9298,0.2614
-0.9409,0.2213
-0.9511,0.1809
-0.9603,0.1404
-0.9686,0.0997
-0.9759,0.0590
-0.9823,0.0182
-0.9877,-0.0227
-0.9921,-0.0635
-0.9956,-0.1043
-0.9980,-0.1449
-0.9995,-0.1854
-1.0000,-0.2257
-0.9995,-0.2658
-0.9980,-0.3057
-0.9956,-0.3452
-0.9921,-0.3844
-0.9877,-0.4232
-0.9823,-0.4617
-0.9759,-0.4996
-0.9686,-0.5370
-0.9603,-0.5740
-0.9511,-0.6103
-0.9409,-0.6461
-0.9298,-0.6812
-0.9178,-0.7156
-0.9048,-0.7494
-0.8910,-0.7823
-0.8763,-0.8146
-0.8607,-0.8460
-0.8443,-0.8766
-0.8271,-0.9063
-0.8090,-0.9351
-0.7902,-0.9631
-0.7705,-0.9900
-0.7501,-1.0160
-0.7290,-1.0409
-0.7071,-1.0649
-0.6845,-1.0878
-0.6613,-1.1096
-0.6374,-1.1304
-0.6129,-1.1499
-0.5878,-1.1684
-0.5621,-1.1857
-0.5358,-1.2019
-0.5090,-1.2169
-0.4818,-1.2306
-0.4540,-1.2432
-0.4258,-1.2545
-0.3971,-1.2646
-0.3681,-1.2734
-0.3387,-1.2810
-0.3090,-1.2874
-0.2790,-1.2924
-0.2487,-1.2962
-0.2181,-1.2987
-0.1874,-1.2999
-0.1564,-1.2998
-0.1253,-1.2984
-0.0941,-1.2958
-0.0628,-1.2919
-0.0314,-1.2867
0.0000,-1.2802
0.0314,-1.2725
0.0628,-1.2636
0.0941,-1.2533
0.1253,-1.2419
0.1564,-1.2292
0.1874,-1.2153
0.2181,-1.2002
0.2487,-1.1839
0.2790,-1.1664
0.3090,-1.1478
0.3387,-1.1281
0.3681,-1.1072
0.3971,-1.0853
0.4258,-1.0623
0.4540,-1.0382
0.4818,-1.0132
0.5090,-0.9871
0.5358,-0.9600
0.5621,-0.9320
0.5878,-0.9030
0.6129,-0.8732
0.6374,-0.8426
0.6613,-0.8110
0.6845,-0.7787
0.7071,-0.7456
0.7290,-0.7118
0.7501,-0.6773
0.7705,-0.6421
0.7902,-0.6063
0.8090,-0.5699
0.8271,-0.5329
0.8443,-0.4954
0.8607,-0.4574
0.8763,-0.4189
0.8910,-0.3801
0.9048,-0.3408
0.9178,-0.3013
0.9298,-0.2614
0.9409,-0.2213
0.9511,-0.1809
0.9603,-0.1404
0.9686,-0.0997
0.9759,-0.0590
0.9823,-0.0182
0.9877,0.0227
0.9921,0.0635
0.9956,0.1042
0.9980,0.1449
0.9995,0.1854
1.0000,0.2258
0.9995,0.2658
0.9980,0.3057
0.9956,0.3452
0.9921,0.3844
0.9877,0.4232
0.9823,0.4617
0.9759,0.4996
0.9686,0.5370
0.9603,0.5739
0.9511,0.6103
0.9409,0.6460
0.9298,0.6812
0.9178,0.7156
0.9048,0.7494
0.8910,0.7824
0.8763,0.8146
0.8607,0.8460
0.8443,0.8766
0.8271,0.9063
0.8090,0.9352
0.7902,0.9630
0.7705,0.9900
0.7501,1.0160
0.7290,1.0409
0.7071,1.0649
0.6845,1.0878
0.6613,1.1096
0.6374,1.1303
0.6129,1.1500
0.5878,1.1684
0.5621,1.1858
0.5358,1.2019
0.5090,1.2169
0.4818,1.2306
0.4540,1.2432
0.4258,1.2545
0.3971,1.2646
0.3681,1.2734
0.3387,1.2810
0.3090,1.2873
0.2790,1.2924
0.2487,1.2962
0.2181,1.2987
0.1874,1.2999
0.1564,1.2998
0.1253,1.2984
0.0941,1.2958
0.0628,1.2919
0.0314,1.2867
0.0000,1.2802
-0.0314,1.2725
-0.0628,1.2636
-0.0941,1.2533
-0.1253,1.2419
-0.1564,1.2292
-0.1874,1.2153
-0.2181,1.2002
-0.2487,1.1839
-0.2790,1.1664
-0.3090,1.1478
-0.3387,1.1281
-0.3681,1.1072
-0.3971,1.0853
-0.4258,1.0623
-0.4540,1.0382
-0.4818,1.0132
-0.5090,0.9871
-0.5358,0.9600
-0.5621,0.9320
-0.5878,0.9030
-0.6129,0.8732
-0.6374,0.8425
-0.6613,0.8111
-0.6845,0.7787
-0.7071,0.7457
-0.7290,0.7118
-0.7501,0.6773
-0.7705,0.6421
-0.7902,0.6063
-0.8090,0.5699
-0.8271,0.5329
-0.8443,0.4954
-0.8607,0.4574
-0.8763,0.4189
-0.8910,0.3801
-0.9048,0.3408
-0.9178,0.3013
-0.9298,0.2614
-0.9409,0.2213
-0.9511,0.1809
-0.9603,0.1404
-0.9686,0.0997
-0.9759,0.0589
-0.9823,0.0182
-0.9877,-0.0227
-0.9921,-0.0635
-0.9956,-0.1043
-0.9980,-0.1449
-0.9995,-0.1854
-1.0000,-0.2258
-0.9995,-0.2659
-0.9980,-0.3057
-0.9956,-0.3452
-0.9921,-0.3844
-0.9877,-0.4233
-0.9823,-0.4616
-0.9759,-0.4996
-0.9686,-0.5371
-0.9603,-0.5739
-0.9511,-0.6103
-0.9409,-0.6461
-0.9298,-0.6812
-0.9178,-0.7156
-0.9048,-0.7494
-0.8910,-0.7824
-0.8763,-0.8146
-0.8607,-0.8460
-0.8443,-0.8766
-0.8271,-0.9063
-0.8090,-0.9351
-0.7902,-0.9631
-0.7705,-0.9900
-0.7501,-1.0160
-0.7290,-1.0410
-0.7071,-1.0649
-0.6845,-1.0878
-0.6613,-1.1096
-0.6374,-1.1303
-0.6129,-1.1500
-0.5878,-1.1684
-0.5621,-1.1858
-0.5358,-1.2019
-0.5090,-1.2169
-0.4818,-1.2306
-0.4540,-1.2432
-0.4258,-1.2545
-0.3971,-1.2646
-0.3681,-1.2734
-0.3387,-1.2810
-0.3090,-1.2873
-0.2790,-1.2924
-0.2487,-1.2962
-0.2181,-1.2987
-0.1874,-1.2999
-0.1564,-1.2998
-0.1253,-1.2984
-0.0941,-1.2958
-0.0628,-1.2919
-0.0314,-1.2867
0.0000,-1.2802
0.0314,-1.2725
0.0628,-1.2635
0.0941,-1.2533
0.1253,-1.2419
0.1564,-1.2292
0.1874,-1.2153
0.2181,-1.2002
0.2487,-1.1839
0.2790,-1.1664
0.3090,-1.1478
0.3387,-1.1281
0.3681,-1.1072
0.3971,-1.0853
0.4258,-1.0623
0.4540,-1.0382
0.4818,-1.0131
0.5090,-0.9871
0.5358,-0.9600
0.5621,-0.9320
0.5878,-0.9031
0.6129,-0.8732
0.6374,-0.8426
0.6613,-0.8111
0.6845,-0.7788
0.7071,-0.7457
0.7290,-0.7118
0.7501,-0.6773
0.7705,-0.6421
0.7902,-0.6063
0.8090,-0.5699
0.8271,-0.5329
0.8443,-0.4954
0.8607,-0.4574
0.8763,-0.4189
0.8910,-0.3801
0.9048,-0.3408
0.9178,-0.3013
0.9298,-0.2614
0.9409,-0.2213
0.9511,-0.1809
0.9603,-0.1404
0.9686,-0.0997
0.9759,-0.0590
0.9823,-0.0181
0.9877,0.0227
0.9921,0.0635
0.9956,0.1043
0.9980,0.1449
0.9995,0.1854
1.0000,0.2257
0.9995,0.2659
0.9980,0.3056
0.9956,0.3452
0.9921,0.3844
0.9877,0.4232
0.9823,0.4616
0.9759,0.4996
0.9686,0.5370
0.9603,0.5739
0.9511,0.6103
0.9409,0.6461
0.9298,0.6812
0.9178,0.7156
0.9048,0.7494
0.8910,0.7824
0.8763,0.8146
0.8607,0.8460
0.8443,0.8766
0.8271,0.9063
0.8090,0.9351
0.7902,0.9631
0.7705,0.9900
0.7501,1.0160
0.7290,1.0409
0.7071,1.0649
0.6845,1.0878
0.6613,1.1096
0.6374,1.1304
0.6129,1.1500
0.5878,1.1684
0.5621,1.1857
0.5358,1.2019
0.5090,1.2169
0.4818,1.2306
0.4540,1.2432
0.4258,1.2545
0.3971,1.2646
0.3681,1.2734
0.3387,1.2810
0.3090,1.2873
0.2790,1.2924
0.2487,1.2962
0.2181,1.2987
0.1874,1.2999
0.1564,1.2998
0.1253,1.2984
0.0941,1.2958
0.0628,1.2919
0.0314,1.2867
0.0000,1.2802
-0.0314,1.2725
-0.0628,1.2636
-0.0941,1.2533
-0.1253,1.2419
-0.1564,1.2292
-0.1874,1.2153
-0.2181,1.2002
-0.2487,1.1839
-0.2790,1.1664
-0.3090,1.1478
-0.3387,1.1281
-0.3681,1.1072
-0.3971,1.0853
-0.4258,1.0623
-0.4540,1.0382
-0.4818,1.0131
-0.5090,0.9871
-0.5358,0.9600
-0.5621,0.9320
-0.5878,0.9030
-0.6129,0.8732
-0.6374,0.8425
-0.6613,0.8110
-0.6845,0.7787
-0.7071,0.7456
-0.7290,0.7118
-0.7501,0.6773
-0.7705,0.6421
-0.7902,0.6063
-0.8090,0.5698
-0.8271,0.5329
-0.8443,0.4954
-0.8607,0.4574
-0.8763,0.4189
-0.8910,0.3801
-0.9048,0.3408
-0.9178,0.3012
-0.9298,0.2614
-0.9409,0.2213
-0.9511,0.1809
-0.9603,0.1404
-0.9686,0.0997
-0.9759,0.0590
-0.9823,0.0181
-0.9877,-0.0227
-0.9921,-0.0635
-0.9956,-0.1042
-0.9980,-0.1449
-0.9995,-0.1854
-1.0000,-0.2257
-0.9995,-0.2659
-0.9980,-0.3057
-0.9956,-0.3452
-0.9921,-0.3844
-0.9877,-0.4232
-0.9823,-0.4617
-0.9759,-0.4996
-0.9686,-0.5371
-0.9603,-0.5740
-0.9511,-0.6103
-0.9409,-0.6460
-0.9298,-0.6812
-0.9178,-0.7156
-0.9048,-0.7494
-0.8910,-0.7824
-0.8763,-0.8146
-0.8607,-0.8460
-0.8443,-0.8766
-0.8271,-0.9063
-0.8090,-0.9352
-0.7902,-0.9630
-0.7705,-0.9900
-0.7501,-1.0160
-0.7290,-1.0409
-0.7071,-1.0649
-0.6845,-1.0878
-0.6613,-1.1096
-0.6374,-1.1303
-0.6129,-1.1500
-0.5878,-1.1684
-0.5621,-1.1857
-0.5358,-1.2019
-0.5090,-1.2169
-0.4818,-1.2306
-0.4540,-1.2432
-0.4258,-1.2545
-0.3971,-1.2646
-0.3681,-1.2735
-0.3387,-1.2810
-0.3090,-1.2873
-0.2790,-1.2924
-0.2487,-1.2962
-0.2181,-1.2987
-0.1874,-1.2999
-0.1564,-1.2998
-0.1253,-1.2984
-0.0941,-1.2958
-0.0628,-1.2919
-0.0314,-1.2867
0.0000,-1.2802
0.0314,-1.2725
0.0628,-1.2635
0.0941,-1.2533
0.1253,-1.2419
0.1564,-1.2292
0.1874,-1.2153
0.2181,-1.2002
0.2487,-1.1839
0.2790,-1.1664
0.3090,-1.1478
0.3387,-1.1281
0.3681,-1.1072
0.3971,-1.0853
0.4258,-1.0623
0.4540,-1.0382
0.4818,-1.0131
0.5090,-0.9871
0.5358,-0.9600
0.5621,-0.9320
0.5878,-0.9031
0.6129,-0.8732
0.6374,-0.8425
0.6613,-0.8110
0.6845,-0.7787
0.7071,-0.7457
0.7290,-0.7118
0.7501,-0.6773
0.7705,-0.6421
0.7902,-0.6063
0.8090,-0.5699
0.8271,-0.5329
0.8443,-0.4954
0.8607,-0.4574
0.8763,-0.4190
0.8910,-0.3801
0.9048,-0.3408
0.9178,-0.3013
0.9298,-0.2614
0.9409,-0.2213
0.9511,-0.1809
0.9603,-0.1404
0.9686,-0.0997
0.9759,-0.0590
0.9823,-0.0181
0.9877,0.0227
0.9921,0.0635
0.9956,0.1042
0.9980,0.1449
0.9995,0.1854
1.0000,0.2258
0.9995,0.2658
0.9980,0.3057
0.9956,0.3452
0.9921,0.3844
0.9877,0.4232
0.9823,0.4616
0.9759,0.4996
0.9686,0.5370
0.9603,0.5740
0.9511,0.6103
0.9409,0.6461
0.9298,0.6812
0.9178,0.7156
0.9048,0.7494
0.8910,0.7824
0.8763,0.8146
0.8607,0.8460
0.8443,0.8766
0.8271,0.9063
0.8090,0.9351
0.7902,0.9631
0.7705,0.9900
0.7501,1.0160
0.7290,1.0410
0.7071,1.0649
0.6845,1.0878
0.6613,1.1096
0.6374,1.1303
0.6129,1.1500
0.5878,1.1684
0.5621,1.1858
0.5358,1.2019
0.5090,1.2169
0.4818,1.2306
0.4540,1.2432
0.4258,1.2545
0.3971,1.2646
0.3681,1.2735
0.3387,1.2810
0.3090,1.2873
0.2790,1.2924
0.2487,1.2962
0.2181,1.2987
0.1874,1.2999
0.1564,1.2998
0.1253,1.2984
0.0941,1.2958
0.0628,1.2919
0.0314,1.2867
0.0000,1.2803
-0.0314,1.2725
-0.0628,1.2635
-0.0941,1.2533
-0.1253,1.2419
-0.1564,1.2292
-0.1874,1.2153
-0.2181,1.2002
-0.2487,1.1839
-0.2790,1.1664
-0.3090,1.1478
-0.3387,1.1281
-0.3681,1.1073
-0.3971,1.0853
-0.4258,1.0623
-0.4540,1.0382
-0.4818,1.0131
-0.5090,0.9870
-0.5358,0.9600
-0.5621,0.9320
-0.5878,0.9031
-0.6129,0.8732
-0.6374,0.8426
-0.6613,0.8110
-0.6845,0.7787
-0.7071,0.7457
-0.7290,0.7119
-0.7501,0.6773
-0.7705,0.6421
-0.7902,0.6063
-0.8090,0.5699
-0.8271,0.5329
-0.8443,0.4954
-0.8607,0.4574
-0.8763,0.4190
-0.8910,0.3801
-0.9048,0.3409
-0.9178,0.3013
-0.9298,0.2614
-0.9409,0.2213
-0.9511,0.1810
-0.9603,0.1404
-0.9686,0.0997
-0.9759,0.0590
-0.9823,0.0181
-0.9877,-0.0227
-0.9921,-0.0635
-0.9956,-0.1042
-0.9980,-0.1449
-0.9995,-0.1854
-1.0000,-0.2257
-0.9995,-0.2659
-0.9980,-0.3057
-0.9956,-0.3452
-0.9921,-0.3844
-0.9877,-0.4232
-0.9823,-0.4616
-0.9759,-0.4996
-0.9686,-0.5370
-0.9603,-0.5740
-0.9511,-0.6103
-0.9409,-0.6461
-0.9298,-0.6812
-0.9178,-0.7156
-0.9048,-0.7493
-0.8910,-0.7824
-0.8763,-0.8146
-0.8607,-0.8460
-0.8443,-0.8766
-0.8271,-0.9063
-0.8090,-0.9351
-0.7902,-0.9630
-0.7705,-0.9900
-0.7501,-1.0160
-0.7290,-1.0410
-0.7071,-1.0649
-0.6845,-1.0878
-0.6613,-1.1096
-0.6374,-1.1303
-0.6129,-1.1500
-0.5878,-1.1684
-0.5621,-1.1858
-0.5358,-1.2019
-0.5090,-1.2169
-0.4818,-1.2306
-0.4540,-1.2432
-0.4258,-1.2545
-0.3971,-1.2646
-0.3681,-1.2734
-0.3387,-1.2810
-0.3090,-1.2873
-0.2790,-1.2924
-0.2487,-1.2962
-0.2181,-1.2987
-0.1874,-1.2999
-0.1564,-1.2998
-0.1253,-1.2984
-0.0941,-1.2958
-0.0628,-1.2919
-0.0314,-1.2867
0.0000,-1.2802
0.0314,-1.2725
0.0628,-1.2635
0.0941,-1.2533
0.1253,-1.2419
0.1564,-1.2292
0.1874,-1.2153
0.2181,-1.2002
0.2487,-1.1839
0.2790,-1.1664
0.3090,-1.1478
0.3387,-1.1281
0.3681,-1.1073
0.3971,-1.0853
0.4258,-1.0623
0.4540,-1.0382
0.4818,-1.0131
0.5090,-0.9870
0.5358,-0.9600
0.5621,-0.9320
0.5878,-0.9031
0.6129,-0.8732
0.6374,-0.8425
0.6613,-0.8110
0.6845,-0.7787
0.7071,-0.7456
0.7290,-0.7118
0.7501,-0.6773
0.7705,-0.6421
0.7902,-0.6063
0.8090,-0.5699
0.8271,-0.5329
0.8443,-0.4954
0.8607,-0.4574
0.8763,-0.4189
0.8910,-0.3801
0.9048,-0.3408
0.9178,-0.3013
0.9298,-0.2614
0.9409,-0.2212
0.9511,-0.1809
0.9603,-0.1404
0.9686,-0.0998
0.9759,-0.0590
0.9823,-0.0182
0.9877,0.0227
0.9921,0.0635
0.9956,0.1042
0.9980,0.1449
0.9995,0.1854
1.0000,0.2257
0.9995,0.2659
0.9980,0.3057
0.9956,0.3453
0.9921,0.3844
0.9877,0.4232
0.9823,0.4616
0.9759,0.4996
0.9686,0.5371
0.9603,0.5740
0.9511,0.6103
0.9409,0.6461
0.9298,0.6812
0.9178,0.7156
0.9048,0.7494
0.8910,0.7824
0.8763,0.8146
0.8607,0.8460
0.8443,0.8766
0.8271,0.9063
0.8090,0.9351
0.7902,0.9630
0.7705,0.9900
0.7501,1.0160
0.7290,1.0410
0.7071,1.0649
0.6845,1.0878
0.6613,1.1096
0.6374,1.1303
0.6129,1.1500
0.5878,1.1684
0.5621,1.1858
0.5358,1.2019
0.5090,1.2169
0.4818,1.2306
0.4540,1.2432
0.4258,1.2545
0.3971,1.2646
0.3681,1.2735
0.3387,1.2810
0.3090,1.2873
0.2790,1.2924
0.2487,1.2962
0.2181,1.2987
0.1874,1.2999
0.1564,1.2998
0.1253,1.2984
0.0941,1.2958
0.0628,1.2919
0.0314,1.2867
0.0000,1.2802
-0.0314,1.2725
-0.0628,1.2635
-0.0941,1.2533
-0.1253,1.2419
-0.1564,1.2292
-0.1874,1.2153
-0.2181,1.2002
-0.2487,1.1839
-0.2790,1.1664
-0.3090,1.1478
-0.3387,1.1281
-0.3681,1.1072
-0.3971,1.0853
-0.4258,1.0623
-0.4540,1.0382
-0.4818,1.0131
-0.5090,0.9870
-0.5358,0.9600
-0.5621,0.9320
-0.5878,0.9031
-0.6129,0.8732
-0.6374,0.8426
-0.6613,0.8110
-0.6845,0.7787
-0.7071,0.7456
-0.7290,0.7118
-0.7501,0.6773
-0.7705,0.6421
-0.7902,0.6063
-0.8090,0.5699
-0.8271,0.5329
-0.8443,0.4954
-0.8607,0.4574
-0.8763,0.4190
-0.8910,0.3801
-0.9048,0.3409
-0.9178,0.3013
-0.9298,0.2614
-0.9409,0.2213
-0.9511,0.1809
-0.9603,0.1404
-0.9686,0.0997
-0.9759,0.0590
-0.9823,0.0182
-0.9877,-0.0227
-0.9921,-0.0635
-0.9956,-0.1043
-0.9980,-0.1449
-0.9995,-0.1854
-1.0000,-0.2258
-0.9995,-0.2658
-0.9980,-0.3057
-0.9956,-0.3452
-0.9921,-0.3844
-0.9877,-0.4232
-0.9823,-0.4616
-0.9759,-0.4996
-0.9686,-0.5370
-0.9603,-0.5740
-0.9511,-0.6103
-0.9409,-0.6461
-0.9298,-0.6812
-0.9178,-0.7156
-0.9048,-0.7494
-0.8910,-0.7824
-0.8763,-0.8146
-0.8607,-0.8460
-0.8443,-0.8766
-0.8271,-0.9063
-0.8090,-0.9351
-0.7902,-0.9630
-0.7705,-0.9900
-0.7501,-1.0160
-0.7290,-1.0409
-0.7071,-1.0649
-0.6845,-1.0878
-0.6613,-1.1096
-0.6374,-1.1303
-0.6129,-1.1499
-0.5878,-1.1684
-0.5621,-1.1858
-0.5358,-1.2019
-0.5090,-1.2169
-0.4818,-1.2306
-0.4540,-1.2432
-0.4258,-1.2545
-0.3971,-1.2646
-0.3681,-1.2734
-0.3387,-1.2810
-0.3090,-1.2874
-0.2790,-1.2924
-0.2487,-1.2962
-0.2181,-1.2987
-0.1874,-1.2999
-0.1564,-1.2998
-0.1253,-1.2984
-0.0941,-1.2958
-0.0628,-1.2919
-0.0314,-1.2867
0.0000,-1.2803
0.0314,-1.2725
0.0628,-1.2635
0.0941,-1.2533
0.1253,-1.2419
0.1564,-1.2292
0.1874,-1.2153
0.2181,-1.2002
0.2487,-1.1839
0.2790,-1.1664
0.3090,-1.1478
0.3387,-1.1281
0.3681,-1.1073
0.3971,-1.0853
0.4258,-1.0623
0.4540,-1.0382
0.4818,-1.0131
0.5090,-0.9871
0.5358,-0.9600
0.5621,-0.9320
0.5878,-0.9031
0.6129,-0.8733
0.6374,-0.8426
0.6613,-0.8110
0.6845,-0.7787
0.7071,-0.7456
0.7290,-0.7118
0.7501,-0.6773
0.7705,-0.6421
0.7902,-0.6063
0.8090,-0.5699
0.8271,-0.5329
0.8443,-0.4954
0.8607,-0.4574
0.8763,-0.4190
0.8910,-0.3801
0.9048,-0.3409
0.9178,-0.3013
0.9298,-0.2614
0.9409,-0.2213
0.9511,-0.1809
0.9603,-0.1404
0.9686,-0.0998
0.9759,-0.0590
0.9823,-0.0181
0.9877,0.0227
0.9921,0.0635
0.9956,0.1043
0.9980,0.1449
0.9995,0.1854
1.0000,0.2257
0.9995,0.2659
0.9980,0.3057
0.9956,0.3452
0.9921,0.3845
0.9877,0.4233
0.9823,0.4616
0.9759,0.4996
0.9686,0.5370
0.9603,0.5739
0.9511,0.6103
0.9409,0.6461
0.9298,0.6812
0.9178,0.7156
0.9048,0.7493
0.8910,0.7824
0.8763,0.8146
0.8607,0.8460
0.8443,0.8766
0.8271,0.9063
0.8090,0.9351
0.7902,0.9630
0.7705,0.9900
0.7501,1.0160
0.7290,1.0410
0.7071,1.0649
0.6845,1.0878
0.6613,1.1096
0.6374,1.1303
0.6129,1.1500
0.5878,1.1684
0.5621,1.1858
0.5358,1.2019
0.5090,1.2169
0.4818,1.2306
0.4540,1.2432
0.4258,1.2545
0.3971,1.2646
0.3681,1.2734
0.3387,1.2810
0.3090,1.2873
0.2790,1.2924
0.2487,1.2962
0.2181,1.2987
0.1874,1.2999
0.1564,1.2998
0.1253,1.2984
0.0941,1.2958
0.0628,1.2919
0.0314,1.2867
0.0000,1.2803
-0.0314,1.2725
-0.0628,1.2635
-0.0941,1.2533
-0.1253,1.2419
-0.1564,1.2292
-0.1874,1.2153
-0.2181,1.2002
-0.2487,1.1839
-0.2790,1.1664
-0.3090,1.1478
-0.3387,1.1281
-0.3681,1.1072
-0.3971,1.0853
-0.4258,1.0623
-0.4540,1.0382
-0.4818,1.0131
-0.5090,0.9870
-0.5358,0.9600
-0.5621,0.9320
-0.5878,0.9031
-0.6129,0.8732
-0.6374,0.8426
-0.6613,0.8111
-0.6845,0.7787
-0.7071,0.7457
-0.7290,0.7118
-0.7501,0.6773
-0.7705,0.6421
-0.7902,0.6063
-0.8090,0.5699
-0.8271,0.5329
-0.8443,0.4954
-0.8607,0.4574
-0.8763,0.4189
-0.8910,0.3801
-0.9048,0.3408
-0.9178,0.3013
-0.9298,0.2614
-0.9409,0.2212
-0.9511,0.1809
-0.9603,0.1404
-0.9686,0.0998
-0.9759,0.0590
-0.9823,0.0182
-0.9877,-0.0227
-0.9921,-0.0635
-0.9956,-0.1043
-0.9980,-0.1449
-0.9995,-0.1854
-1.0000,-0.2257
-0.9995,-0.2658
-0.9980,-0.3057
-0.9956,-0.3452
-0.9921,-0.3844
-0.9877,-0.4233
-0.9823,-0.4616
-0.9759,-0.4996
-0.9686,-0.5370
-0.9603,-0.5740
-0.9511,-0.6103
-0.9409,-0.6461
-0.9298,-0.6812
-0.9178,-0.7156
-0.9048,-0.7494
-0.8910,-0.7823
-0.8763,-0.8146
-0.8607,-0.8460
-0.8443,-0.8766
-0.8271,-0.9063
-0.8090,-0.9351
-0.7902,-0.9630
-0.7705,-0.9900
-0.7501,-1.0160
-0.7290,-1.0410
-0.7071,-1.0649
-0.6845,-1.0878
-0.6613,-1.1096
-0.6374,-1.1303
-0.6129,-1.1499
-0.5878,-1.1684
-0.5621,-1.1858
-0.5358,-1.2019
-0.5090,-1.2169
-0.4818,-1.2307
-0.4540,-1.2432
-0.4258,-1.2545
-0.3971,-1.2646
-0.3681,-1.2734
-0.3387,-1.2810
-0.3090,-1.2873
-0.2790,-1.2924
-0.2487,-1.2962
-0.2181,-1.2987
-0.1874,-1.2999
-0.1564,-1.2998
-0.1253,-1.2984
-0.0941,-1.2958
-0.0628,-1.2919
-0.0314,-1.2867
0.0000,-1.2802
0.0314,-1.2725
0.0628,-1.2635
0.0941,-1.2533
0.1253,-1.2419
0.1564,-1.2292
0.1874,-1.2153
0.2181,-1.2002
0.2487,-1.1839
0.2790,-1.1664
0.3090,-1.1478
0.3387,-1.1281
0.3681,-1.1072
0.3971,-1.0853
0.4258,-1.0623
0.4540,-1.0382
0.4818,-1.0131
0.5090,-0.9871
0.5358,-0.9600
0.5621,-0.9320
0.5878,-0.9030
0.6129,-0.8732
0.6374,-0.8426
0.6613,-0.8110
0.6845,-0.7787
0.7071,-0.7456
0.7290,-0.7118
0.7501,-0.6773
0.7705,-0.6421
0.7902,-0.6063
0.8090,-0.5699
0.8271,-0.5329
0.8443,-0.4954
0.8607,-0.4574
0.8763,-0.4189
0.8910,-0.3801
0.9048,-0.3409
0.9178,-0.3013
0.9298,-0.2614
0.9409,-0.2213
0.9511,-0.1809
0.9603,-0.1404
0.9686,-0.0997
0.9759,-0.0590
0.9823,-0.0182
0.9877,0.0227
0.9921,0.0635
0.9956,0.1043
0.9980,0.1449
0.9995,0.1854
1.0000,0.2257
0.9995,0.2658
0.9980,0.3057
0.9956,0.3452
0.9921,0.3844
0.9877,0.4232
0.9823,0.4617
0.9759,0.4996
0.9686,0.5370
0.9603,0.5740
0.9511,0.6103
0.9409,0.6461
0.9298,0.6812
0.9178,0.7156
0.9048,0.7493
0.8910,0.7823
0.8763,0.8146
0.8607,0.8460
0.8443,0.8766
0.8271,0.9063
0.8090,0.9352
0.7902,0.9630
0.7705,0.9900
0.7501,1.0160
0.7290,1.0409
0.7071,1.0649
0.6845,1.0878
0.6613,1.1096
0.6374,1.1303
0.6129,1.1499
0.5878,1.1684
0.5621,1.1857
0.5358,1.2019
0.5090,1.2169
0.4818,1.2306
0.4540,1.2432
0.4258,1.2545
0.3971,1.2646
0.3681,1.2734
0.3387,1.2810
0.3090,1.2874
0.2790,1.2924
0.2487,1.2962
0.2181,1.2987
0.1874,1.2999
0.1564,1.2998
0.1253,1.2984
0.0941,1.2958
0.0628,1.2919
0.0314,1.2867
0.0000,1.2803
-0.0314,1.2725
-0.0628,1.2636
-0.0941,1.2533
-0.1253,1.2419
-0.1564,1.2292
-0.1874,1.2153
-0.2181,1.2002
-0.2487,1.1839
-0.2790,1.1664
-0.3090,1.1478
-0.3387,1.1281
-0.3681,1.1072
-0.3971,1.0853
-0.4258,1.0623
-0.4540,1.0382
-0.4818,1.0132
-0.5090,0.9871
-0.5358,0.9600
-0.5621,0.9320
-0.5878,0.9030
-0.6129,0.8733
-0.6374,0.8426
-0.6613,0.8111
-0.6845,0.7787
-0.7071,0.7456
-0.7290,0.7118
-0.7501,0.6773
-0.7705,0.6421
-0.7902,0.6063
-0.8090,0.5699
-0.8271,0.5329
-0.8443,0.4954
-0.8607,0.4574
-0.8763,0.4189
-0.8910,0.3800
-0.9048,0.3409
-0.9178,0.3013
-0.9298,0.2614
-0.9409,0.2213
-0.9511,0.1809
-0.9603,0.1404
-0.9686,0.0997
-0.9759,0.0590
-0.9823,0.0181
-0.9877,-0.0227
-0.9921,-0.0635
-0.9956,-0.1043
-0.9980,-0.1449
-0.9995,-0.1855
-1.0000,-0.2257
-0.9995,-0.2658
-0.9980,-0.3057
-0.9956,-0.3452
-0.9921,-0.3844
-0.9877,-0.4233
-0.9823,-0.4617
-0.9759,-0.4996
-0.9686,-0.5370
-0.9603,-0.5739
-0.9511,-0.6103
-0.9409,-0.6461
-0.9298,-0.6812
-0.9178,-0.7157
-0.9048,-0.7493
-0.8910,-0.7824
-0.8763,-0.8146
-0.8607,-0.8460
-0.8443,-0.8766
-0.8271,-0.9063
-0.8090,-0.9352
-0.7902,-0.9631
-0.7705,-0.9900
-0.7501,-1.0160
-0.7290,-1.0410
-0.7071,-1.0649
-0.6845,-1.0878
-0.6613,-1.1096
-0.6374,-1.1303
-0.6129,-1.1500
-0.5878,-1.1684
-0.5621,-1.1858
-0.5358,-1.2019
-0.5090,-1.2169
-0.4818,-1.2307
-0.4540,-1.2432
-0.4258,-1.2545
-0.3971,-1.2646
-0.3681,-1.2734
-0.3387,-1.2810
-0.3090,-1.2873
-0.2790,-1.2924
-0.2487,-1.2962
-0.2181,-1.2987
-0.1874,-1.2999
-0.1564,-1.2998
-0.1253,-1.2984
-0.0941,-1.2958
-0.0628,-1.2919
-0.0314,-1.2867
0.0000,-1.2803
0.0314,-1.2725
0.0628,-1.2636
0.0941,-1.2533
0.1253,-1.2419
0.1564,-1.2292
0.1874,-1.2153
0.2181,-1.2002
0.2487,-1.1839
0.2790,-1.1664
0.3090,-1.1478
0.3387,-1.1281
0.3681,-1.1072
0.3971,-1.0853
0.4258,-1.0623
0.4540,-1.0382
0.4818,-1.0131
0.5090,-0.9870
0.5358,-0.9600
0.5621,-0.9320
0.5878,-0.9031
0.6129,-0.8732
0.6374,-0.8426
0.6613,-0.8111
0.6845,-0.7787
0.7071,-0.7457
0.7290,-0.7118
0.7501,-0.6773
0.7705,-0.6421
0.7902,-0.6063
0.8090,-0.5699
0.8271,-0.5329
0.8443,-0.4954
0.8607,-0.4574
0.8763,-0.4189
0.8910,-0.3801
0.9048,-0.3408
0.9178,-0.3013
0.9298,-0.2614
0.9409,-0.2213
0.9511,-0.1809
0.9603,-0.1404
0.9686,-0.0997
0.9759,-0.0590
0.9823,-0.0182
0.9877,0.0227
0.9921,0.0635
0.9956,0.1043
0.9980,0.1449
0.9995,0.1854
1.0000,0.2258
0.9995,0.2658
0.9980,0.3057
0.9956,0.3452
0.9921,0.3844
0.9877,0.4233
0.9823,0.4616
0.9759,0.4996
0.9686,0.5370
0.9603,0.5740
0.9511,0.6103
0.9409,0.6461
0.9298,0.6812
0.9178,0.7156
0.9048,0.7494
0.8910,0.7823
0.8763,0.8146
0.8607,0.8460
0.8443,0.8766
0.8271,0.9063
0.8090,0.9351
0.7902,0.9631
0.7705,0.9900
0.7501,1.0160
0.7290,1.0409
0.7071,1.0649
0.6845,1.0878
0.6613,1.1096
0.6374,1.1304
0.6129,1.1499
0.5878,1.1684
0.5621,1.1858
0.5358,1.2019
0.5090,1.2169
0.4818,1.2306
0.4540,1.2432
0.4258,1.2545
0.3971,1.2646
0.3681,1.2734
0.3387,1.2810
0.3090,1.2873
0.2790,1.2924
0.2487,1.2962
0.2181,1.2987
0.1874,1.2999
0.1564,1.2998
0.1253,1.2984
0.0941,1.2958
0.0628,1.2919
0.0314,1.2867
0.0000,1.2802
-0.0314,1.2725
-0.0628,1.2635
-0.0941,1.2533
-0.1253,1.2419
-0.1564,1.2292
-0.1874,1.2153
-0.2181,1.2002
-0.2487,1.1839
-0.2790,1.1664
-0.3090,1.1478
-0.3387,1.1281
-0.3681,1.1073
-0.3971,1.0853
-0.4258,1.0623
-0.4540,1.0382
-0.4818,1.0131
-0.5090,0.9871
-0.5358,0.9600
-0.5621,0.9320
-0.5878,0.9031
-0.6129,0.8732
-0.6374,0.8426
-0.6613,0.8110
-0.6845,0.7787
-0.7071,0.7456
-0.7290,0.7118
-0.7501,0.6773
-0.7705,0.6421
-0.7902,0.6063
-0.8090,0.5699
-0.8271,0.5329
-0.8443,0.4954
-0.8607,0.4574
-0.8763,0.4189
-0.8910,0.3801
-0.9048,0.3408
-0.9178,0.3013
-0.9298,0.2614
-0.9409,0.2213
-0.9511,0.1809
-0.9603,0.1404
-0.9686,0.0997
-0.9759,0.0590
-0.9823,0.0182
-0.9877,-0.0227
-0.9921,-0.0635
-0.9956,-0.1043
-0.9980,-0.1449
-0.9995,-0.1854
-1.0000,-0.2257
-0.9995,-0.2658
-0.9980,-0.3057
-0.9956,-0.3452
-0.9921,-0.3844
-0.9877,-0.4232
-0.9823,-0.4617
-0.9759,-0.4996
-0.9686,-0.5370
-0.9603,-0.5739
-0.9511,-0.6103
-0.9409,-0.6461
-0.9298,-0.6812
-0.9178,-0.7156
-0.9048,-0.7494
-0.8910,-0.7824
-0.8763,-0.8146
-0.8607,-0.8460
-0.8443,-0.8766
-0.8271,-0.9063
-0.8090,-0.9352
-0.7902,-0.9630
-0.7705,-0.9900
-0.7501,-1.0160
-0.7290,-1.0409
-0.7071,-1.0649
-0.6845,-1.0878
-0.6613,-1.1096
-0.6374,-1.1304
-0.6129,-1.1500
-0.5878,-1.1684
-0.5621,-1.1857
-0.5358,-1.2019
-0.5090,-1.2169
-0.4818,-1.2306
-0.4540,-1.2432
-0.4258,-1.2545
-0.3971,-1.2646
-0.3681,-1.2734
-0.3387,-1.2810
-0.3090,-1.2873
-0.2790,-1.2924
-0.2487,-1.2962
-0.2181,-1.2987
-0.1874,-1.2999
-0.1564,-1.2998
-0.1253,-1.2984
-0.0941,-1.2958
-0.0628,-1.2919
-0.0314,-1.2867
0.0000,-1.2802
0.0314,-1.2725
0.0628,-1.2636
0.0941,-1.2533
0.1253,-1.2419
0.1564,-1.2292
0.1874,-1.2153
0.2181,-1.2002
0.2487,-1.1839
0.2790,-1.1664
0.3090,-1.1478
0.3387,-1.1281
0.3681,-1.1072
0.3971,-1.0853
0.4258,-1.0623
0.4540,-1.0382
0.4818,-1.0132
0.5090,-0.9871
0.5358,-0.9600
0.5621,-0.9320
0.5878,-0.9030
0.6129,-0.8732
0.6374,-0.8425
0.6613,-0.8111
0.6845,-0.7787
0.7071,-0.7457
0.7290,-0.7118
0.7501,-0.6773
0.7705,-0.6421
0.7902,-0.6063
0.8090,-0.5699
0.8271,-0.5329
0.8443,-0.4954
0.8607,-0.4574
0.8763,-0.4189
0.8910,-0.3801
0.9048,-0.3408
0.9178,-0.3013
0.9298,-0.2614
0.9409,-0.2213
0.9511,-0.1809
0.9603,-0.1404
0.9686,-0.0997
0.9759,-0.0590
0.9823,-0.0181
0.9877,0.0227
0.9921,0.0635
0.9956,0.1042
0.9980,0.1449
0.9995,0.1854
1.0000,0.2258
0.9995,0.2659
0.9980,0.3057
0.9956,0.3452
0.9921,0.3844
0.9877,0.4232
0.9823,0.4616
0.9759,0.4996
0.9686,0.5371
0.9603,0.5739
0.9511,0.6103
0.9409,0.6461
0.9298,0.6812
0.9178,0.7156
0.9048,0.7494
0.8910,0.7824
0.8763,0.8146
0.8607,0.8460
0.8443,0.8766
0.8271,0.9063
0.8090,0.9351
0.7902,0.9631
0.7705,0.9900
0.7501,1.0160
0.7290,1.0409
0.7071,1.0649
0.6845,1.0878
0.6613,1.1096
0.6374,1.1303
0.6129,1.1500
0.5878,1.1684
0.5621,1.1858
0.5358,1.2019
0.5090,1.2169
0.4818,1.2307
0.4540,1.2432
0.4258,1.2545
0.3971,1.2646
0.3681,1.2734
0.3387,1.2810
0.3090,1.2873
0.2790,1.2924
0.2487,1.2962
0.2181,1.2987
0.1874,1.2999
0.1564,1.2998
0.1253,1.2984
0.0941,1.2958
0.0628,1.2919
0.0314,1.2867
0.0000,1.2802
-0.0314,1.2725
-0.0628,1.2636
-0.0941,1.2533
-0.1253,1.2419
-0.1564,1.2292
-0.1874,1.2153
-0.2181,1.2002
-0.2487,1.1839
-0.2790,1.1664
-0.3090,1.1478
-0.3387,1.1281
-0.3681,1.1072
-0.3971,1.0853
-0.4258,1.0623
-0.4540,1.0382
-0.4818,1.0132
-0.5090,0.9871
-0.5358,0.9600
-0.5621,0.9320
-0.5878,0.9031
-0.6129,0.8732
-0.6374,0.8425
-0.6613,0.8110
-0.6845,0.7788
-0.7071,0.7457
-0.7290,0.7118
-0.7501,0.6773
-0.7705,0.6421
-0.7902,0.6063
-0.8090,0.5699
-0.8271,0.5329
-0.8443,0.4954
-0.8607,0.4574
-0.8763,0.4190
-0.8910,0.3801
-0.9048,0.3408
-0.9178,0.3013
-0.9298,0.2614
-0.9409,0.2213
-0.9511,0.1809
-0.9603,0.1404
-0.9686,0.0997
-0.9759,0.0589
-0.9823,0.0181
-0.9877,-0.0227
-0.9921,-0.0635
-0.9956,-0.1043
-0.9980,-0.1449
-0.9995,-0.1854
-1.0000,-0.2258
-0.9995,-0.2659
-0.9980,-0.3057
-0.9956,-0.3452
-0.9921,-0.3844
-0.9877,-0.4232
-0.9823,-0.4616
-0.9759,-0.4996
-0.9686,-0.5370
-0.9603,-0.5740
-0.9511,-0.6103
-0.9409,-0.6461
-0.9298,-0.6812
-0.9178,-0.7156
-0.9048,-0.7494
-0.8910,-0.7824
-0.8763,-0.8146
-0.8607,-0.8460
-0.8443,-0.8766
-0.8271,-0.9063
-0.8090,-0.9351
-0.7902,-0.9631
-0.7705,-0.9900
-0.7501,-1.0160
-0.7290,-1.0409
-0.7071,-1.0649
-0.6845,-1.0878
-0.6613,-1.1096
-0.6374,-1.1304
-0.6129,-1.1500
-0.5878,-1.1684
-0.5621,-1.1857
-0.5358,-1.2019
-0.5090,-1.2169
-0.4818,-1.2306
-0.4540,-1.2432
-0.4258,-1.2545
-0.3971,-1.2646
-0.3681,-1.2734
-0.3387,-1.2810
-0.3090,-1.2873
-0.2790,-1.2924
-0.2487,-1.2962
-0.2181,-1.2987
-0.1874,-1.2999
-0.1564,-1.2998
-0.1253,-1.2984
-0.0941,-1.2958
-0.0628,-1.2919
-0.0314,-1.2867
0.0000,-1.2803
0.0314,-1.2725
0.0628,-1.2635
0.0941,-1.2533
0.1253,-1.2419
0.1564,-1.2292
0.1874,-1.2153
0.2181,-1.2002
0.2487,-1.1839
0.2790,-1.1664
0.3090,-1.1478
0.3387,-1.1281
0.3681,-1.1073
0.3971,-1.0853
0.4258,-1.0623
0.4540,-1.0382
0.4818,-1.0131
0.5090,-0.9871
0.5358,-0.9600
0.5621,-0.9320
0.5878,-0.9031
0.6129,-0.8732
0.6374,-0.8426
0.6613,-0.8110
0.6845,-0.7788
0.7071,-0.7457
0.7290,-0.7119
0.7501,-0.6773
0.7705,-0.6421
0.7902,-0.6063
0.8090,-0.5699
0.8271,-0.5329
0.8443,-0.4954
0.8607,-0.4574
0.8763,-0.4189
0.8910,-0.3801
0.9048,-0.3408
0.9178,-0.3012
0.9298,-0.2614
0.9409,-0.2213
0.9511,-0.1810
0.9603,-0.1404
0.9686,-0.0997
0.9759,-0.0590
0.9823,-0.0181
0.9877,0.0227
0.9921,0.0635
0.9956,0.1042
0.9980,0.1449
0.9995,0.1854
1.0000,0.2257
0.9995,0.2659
0.9980,0.3057
0.9956,0.3452
0.9921,0.3844
0.9877,0.4232
0.9823,0.4617
0.9759,0.4996
0.9686,0.5371
0.9603,0.5740
0.9511,0.6103
0.9409,0.6460
0.9298,0.6812
0.9178,0.7156
0.9048,0.7494
0.8910,0.7824
0.8763,0.8146
0.8607,0.8460
0.8443,0.8766
0.8271,0.9063
0.8090,0.9351
0.7902,0.9630
0.7705,0.9900
0.7501,1.0160
0.7290,1.0409
0.7071,1.0649
0.6845,1.0878
0.6613,1.1096
0.6374,1.1303
0.6129,1.1500
0.5878,1.1684
0.5621,1.1858
0.5358,1.2019
0.5090,1.2169
0.4818,1.2306
0.4540,1.2432
0.4258,1.2545
0.3971,1.2646
0.3681,1.2735
0.3387,1.2810
0.3090,1.2873
0.2790,1.2924
0.2487,1.2962
0.2181,1.2987
0.1874,1.2999
0.1564,1.2998
0.1253,1.2984
0.0941,1.2958
0.0628,1.2919
0.0314,1.2867
0.0000,1.2802
-0.0314,1.2725
-0.0628,1.2635
-0.0941,1.2533
-0.1253,1.2419
-0.1564,1.2292
-0.1874,1.2153
-0.2181,1.2002
-0.2487,1.1839
-0.2790,1.1664
-0.3090,1.1478
-0.3387,1.1281
-0.3681,1.1072
-0.3971,1.0853
-0.4258,1.0623
-0.4540,1.0382
-0.4818,1.0131
-0.5090,0.9870
-0.5358,0.9600
-0.5621,0.9320
-0.5878,0.9030
-0.6129,0.8732
-0.6374,0.8425
-0.6613,0.8110
-0.6845,0.7787
-0.7071,0.7457
-0.7290,0.7118
-0.7501,0.6773
-0.7705,0.6421
-0.7902,0.6063
-0.8090,0.5699
-0.8271,0.5329
-0.8443,0.4954
-0.8607,0.4574
-0.8763,0.4189
-0.8910,0.3801
-0.9048,0.3408
-0.9178,0.3013
-0.9298,0.2614
-0.9409,0.2213
-0.9511,0.1809
-0.9603,0.1404
-0.9686,0.0997
-0.9759,0.0590
-0.9823,0.0182
-0.9877,-0.0227
-0.9921,-0.0635
-0.9956,-0.1042
-0.9980,-0.1449
-0.9995,-0.1854
-1.0000,-0.2258
-0.9995,-0.2658
-0.9980,-0.3057
-0.9956,-0.3453
-0.9921,-0.3844
-0.9877,-0.4232
-0.9823,-0.4616
-0.9759,-0.4996
-0.9686,-0.5370
-0.9603,-0.5740
-0.9511,-0.6103
-0.9409,-0.6460
-0.9298,-0.6812
-0.9178,-0.7156
-0.9048,-0.7494
-0.8910,-0.7824
-0.8763,-0.8146
-0.8607,-0.8460
-0.8443,-0.8766
-0.8271,-0.9063
-0.8090,-0.9351
-0.7902,-0.9630
-0.7705,-0.9900
-0.7501,-1.0160
-0.7290,-1.0410
-0.7071,-1.0649
-0.6845,-1.0878
-0.6613,-1.1096
-0.6374,-1.1303
-0.6129,-1.1500
-0.5878,-1.1684
-0.5621,-1.1858
-0.5358,-1.2019
-0.5090,-1.2169
-0.4818,-1.2306
-0.4540,-1.2432
-0.4258,-1.2545
-0.3971,-1.2646
-0.3681,-1.2735
-0.3387,-1.2810
-0.3090,-1.2873
-0.2790,-1.2924
-0.2487,-1.2962
-0.2181,-1.2987
-0.1874,-1.2999
-0.1564,-1.2998
-0.1253,-1.2984
-0.0941,-1.2958
-0.0628,-1.2919
-0.0314,-1.2867
0.0000,-1.2802
0.0314,-1.2725
0.0628,-1.2635
0.0941,-1.2533
0.1253,-1.2419
0.1564,-1.2292
0.1874,-1.2153
0.2181,-1.2002
0.2487,-1.1839
0.2790,-1.1664
0.3090,-1.1478
0.3387,-1.1281
0.3681,-1.1073
0.3971,-1.0853
0.4258,-1.0623
0.4540,-1.0382
0.4818,-1.0131
0.5090,-0.9870
0.5358,-0.9600
0.5621,-0.9320
0.5878,-0.9031
0.6129,-0.8732
0.6374,-0.8426
0.6613,-0.8110
0.6845,-0.7787
0.7071,-0.7457
0.7290,-0.7118
0.7501,-0.6773
0.7705,-0.6421
0.7902,-0.6063
0.8090,-0.5699
0.8271,-0.5329
0.8443,-0.4954
0.8607,-0.4574
0.8763,-0.4190
0.8910,-0.3801
0.9048,-0.3409
0.9178,-0.3013
0.9298,-0.2614
0.9409,-0.2213
0.9511,-0.1809
0.9603,-0.1404
0.9686,-0.0997
0.9759,-0.0590
0.9823,-0.0181
0.9877,0.0227
0.9921,0.0635
0.9956,0.1043
0.9980,0.1449
0.9995,0.1854
1.0000,0.2257
0.9995,0.2658
0.9980,0.3057
0.9956,0.3452
0.9921,0.3844
0.9877,0.4232
0.9823,0.4616
0.9759,0.4996
0.9686,0.5370
0.9603,0.5740
0.9511,0.6103
0.9409,0.6461
0.9298,0.6812
0.9178,0.7156
0.9048,0.7494
0.8910,0.7824
0.8763,0.8146
0.8607,0.8460
0.8443,0.8766
0.8271,0.9063
0.8090,0.9351
0.7902,0.9631
0.7705,0.9900
0.7501,1.0160
0.7290,1.0410
0.7071,1.0649
0.6845,1.0878
0.6613,1.1096
0.6374,1.1304
0.6129,1.1500
0.5878,1.1684
0.5621,1.1858
0.5358,1.2019
0.5090,1.2169
0.4818,1.2306
0.4540,1.2432
0.4258,1.2545
0.3971,1.2646
0.3681,1.2734
0.3387,1.2810
0.3090,1.2873
0.2790,1.2924
0.2487,1.2962
0.2181,1.2987
0.1874,1.2999
0.1564,1.2998
0.1253,1.2984
0.0941,1.2958
0.0628,1.2919
0.0314,1.2867
0.0000,1.2803
-0.0314,1.2725
-0.0628,1.2636
-0.0941,1.2533
-0.1253,1.2419
-0.1564,1.2292
-0.1874,1.2153
-0.2181,1.2002
-0.2487,1.1839
-0.2790,1.1664
-0.3090,1.1478
-0.3387,1.1281
-0.3681,1.1073
-0.3971,1.0853
-0.4258,1.0623
-0.4540,1.0382
-0.4818,1.0131
-0.5090,0.9870
-0.5358,0.9600
-0.5621,0.9320
-0.5878,0.9031
-0.6129,0.8733
-0.6374,0.8426
-0.6613,0.8110
-0.6845,0.7787
-0.7071,0.7456
-0.7290,0.7119
-0.7501,0.6773
-0.7705,0.6421
-0.7902,0.6063
-0.8090,0.5699
-0.8271,0.5329
-0.8443,0.4954
-0.8607,0.4574
-0.8763,0.4190
-0.8910,0.3801
-0.9048,0.3408
-0.9178,0.3013
-0.9298,0.2614
-0.9409,0.2212
-0.9511,0.1810
-0.9603,0.1404
-0.9686,0.0998
-0.9759,0.0590
-0.9823,0.0181
-0.9877,-0.0227
-0.9921,-0.0635
-0.9956,-0.1042
-0.9980,-0.1449
-0.9995,-0.1854
-1.0000,-0.2257
-0.9995,-0.2659
-0.9980,-0.3057
-0.9956,-0.3452
-0.9921,-0.3844
-0.9877,-0.4232
-0.9823,-0.4616
-0.9759,-0.4996
-0.9686,-0.5370
-0.9603,-0.5740
-0.9511,-0.6103
-0.9409,-0.6461
-0.9298,-0.6812
-0.9178,-0.7156
-0.9048,-0.7494
-0.8910,-0.7824
-0.8763,-0.8146
-0.8607,-0.8460
-0.8443,-0.8766
-0.8271,-0.9063
-0.8090,-0.9351
-0.7902,-0.9630
-0.7705,-0.9900
-0.7501,-1.0160
-0.7290,-1.0410
-0.7071,-1.0649
-0.6845,-1.0878
-0.6613,-1.1096
-0.6374,-1.1303
-0.6129,-1.1500
-0.5878,-1.1684
-0.5621,-1.1858
-0.5358,-1.2019
-0.5090,-1.2169
-0.4818,-1.2306
-0.4540,-1.2432
-0.4258,-1.2545
-0.3971,-1.2646
-0.3681,-1.2735
-0.3387,-1.2810
-0.3090,-1.2874
-0.2790,-1.2924
-0.2487,-1.2962
-0.2181,-1.2987
-0.1874,-1.2999
-0.1564,-1.2998
-0.1253,-1.2984
-0.0941,-1.2958
-0.0628,-1.2919
-0.0314,-1.2867
0.0000,-1.2803
0.0314,-1.2725
0.0628,-1.2635
0.0941,-1.2533
0.1253,-1.2419
0.1564,-1.2292
0.1874,-1.2153
0.2181,-1.2002
0.2487,-1.1839
0.2790,-1.1664
0.3090,-1.1478
0.3387,-1.1281
0.3681,-1.1073
0.3971,-1.0853
0.4258,-1.0623
0.4540,-1.0382
0.4818,-1.0131
0.5090,-0.9870
0.5358,-0.9600
0.5621,-0.9320
0.5878,-0.9031
0.6129,-0.8732
0.6374,-0.8425
0.6613,-0.8110
0.6845,-0.7787
0.7071,-0.7456
0.7290,-0.7118
0.7501,-0.6773
0.7705,-0.6421
0.7902,-0.6063
0.8090,-0.5699
0.8271,-0.5329
0.8443,-0.4954
0.8607,-0.4574
0.8763,-0.4190
0.8910,-0.3801
0.9048,-0.3408
0.9178,-0.3013
0.9298,-0.2614
0.9409,-0.2213
0.9511,-0.1809
0.9603,-0.1404
0.9686,-0.0997
0.9759,-0.0590
0.9823,-0.0182
0.9877,0.0227
0.9921,0.0635
0.9956,0.1043
0.9980,0.1449
0.9995,0.1854
1.0000,0.2257
0.9995,0.2658
0.9980,0.3057
0.9956,0.3452
0.9921,0.3844
0.9877,0.4232
0.9823,0.4616
0.9759,0.4996
0.9686,0.5370
0.9603,0.5740
0.9511,0.6103
0.9409,0.6461
0.9298,0.6812
0.9178,0.7156
0.9048,0.7494
0.8910,0.7823
0.8763,0.8146
0.8607,0.8460
0.8443,0.8766
0.8271,0.9063
0.8090,0.9351
0.7902,0.9630
0.7705,0.9900
0.7501,1.0160
0.7290,1.0410
0.7071,1.0649
0.6845,1.0878
0.6613,1.1096
0.6374,1.1303
0.6129,1.1499
0.5878,1.1684
0.5621,1.1858
0.5358,1.2019
0.5090,1.2169
0.4818,1.2306
0.4540,1.2432
0.4258,1.2545
0.3971,1.2646
0.3681,1.2735
0.3387,1.2810
0.3090,1.2874
0.2790,1.2924
0.2487,1.2962
0.2181,1.2987
0.1874,1.2999
0.1564,1.2998
0.1253,1.2984
0.0941,1.2958
0.0628,1.2919
0.0314,1.2867
0.0000,1.2803
-0.0314,1.2725
-0.0628,1.2635
-0.0941,1.2533
-0.1253,1.2419
-0.1564,1.2292
-0.1874,1.2153
-0.2181,1.2002
-0.2487,1.1839
-0.2790,1.1664
-0.3090,1.1478
-0.3387,1.1281
-0.3681,1.1072
-0.3971,1.0853
-0.4258,1.0623
-0.4540,1.0382
-0.4818,1.0131
-0.5090,0.9871
-0.5358,0.9600
-0.5621,0.9320
-0.5878,0.9031
-0.6129,0.8732
-0.6374,0.8426
-0.6613,0.8110
-0.6845,0.7787
-0.7071,0.7456
-0.7290,0.7118
-0.7501,0.6773
-0.7705,0.6421
-0.7902,0.6063
-0.8090,0.5699
-0.8271,0.5329
-0.8443,0.4954
-0.8607,0.4574
-0.8763,0.4190
-0.8910,0.3801
-0.9048,0.3409
-0.9178,0.3013
-0.9298,0.2614
-0.9409,0.2213
-0.9511,0.1809
-0.9603,0.1404
-0.9686,0.0997
-0.9759,0.0590
-0.9823,0.0181
-0.9877,-0.0227
-0.9921,-0.0635
-0.9956,-0.1043
-0.9980,-0.1449
-0.9995,-0.1854
-1.0000,-0.2257
-0.9995,-0.2658
-0.9980,-0.3057
-0.9956,-0.3452
-0.9921,-0.3844
-0.9877,-0.4232
-0.9823,-0.4616
-0.9759,-0.4996
-0.9686,-0.5370
-0.9603,-0.5740
-0.9511,-0.6103
-0.9409,-0.6461
-0.9298,-0.6812
-0.9178,-0.7156
-0.9048,-0.7493
-0.8910,-0.7824
-0.8763,-0.8146
-0.8607,-0.8460
-0.8443,-0.8766
-0.8271,-0.9063
-0.8090,-0.9351
-0.7902,-0.9630
-0.7705,-0.9900
-0.7501,-1.0160
-0.7290,-1.0409
-0.7071,-1.0649
-0.6845,-1.0878
-0.6613,-1.1096
-0.6374,-1.1303
-0.6129,-1.1500
-0.5878,-1.1684
-0.5621,-1.1858
-0.5358,-1.2019
-0.5090,-1.2169
-0.4818,-1.2307
-0.4540,-1.2432
-0.4258,-1.2545
-0.3971,-1.2646
-0.3681,-1.2734
-0.3387,-1.2810
-0.3090,-1.2873
-0.2790,-1.2924
-0.2487,-1.2962
-0.2181,-1.2987
-0.1874,-1.2999
-0.1564,-1.2998
-0.1253,-1.2984
-0.0941,-1.2958
-0.0628,-1.2919
-0.0314,-1.2867
0.0000,-1.2803
0.0314,-1.2725
0.0628,-1.2636
0.0941,-1.2533
0.1253,-1.2419
0.1564,-1.2292
0.1874,-1.2153
0.2181,-1.2002
0.2487,-1.1839
0.2790,-1.1664
0.3090,-1.1478
0.3387,-1.1281
0.3681,-1.1072
0.3971,-1.0853
0.4258,-1.0623
0.4540,-1.0382
0.4818,-1.0132
0.5090,-0.9870
0.5358,-0.9600
0.5621,-0.9320
0.5878,-0.9031
0.6129,-0.8733
0.6374,-0.8426
0.6613,-0.8111
0.6845,-0.7787
0.7071,-0.7456
0.7290,-0.7118
0.7501,-0.6773
0.7705,-0.6421
0.7902,-0.6063
0.8090,-0.5699
0.8271,-0.5329
0.8443,-0.4954
0.8607,-0.4574
0.8763,-0.4189
0.8910,-0.3801
0.9048,-0.3409
0.9178,-0.3013
0.9298,-0.2614
0.9409,-0.2213
0.9511,-0.1809
0.9603,-0.1404
0.9686,-0.0998
0.9759,-0.0590
0.9823,-0.0182
0.9877,0.0227
0.9921,0.0635
0.9956,0.1043
0.9980,0.1449
0.9995,0.1854
1.0000,0.2257
0.9995,0.2659
0.9980,0.3057
0.9956,0.3452
0.9921,0.3844
0.9877,0.4233
0.9823,0.4616
0.9759,0.4996
0.9686,0.5370
0.9603,0.5740
0.9511,0.6103
0.9409,0.6461
0.9298,0.6812
0.9178,0.7157
0.9048,0.7493
0.8910,0.7824
0.8763,0.8146
0.8607,0.8460
0.8443,0.8766
0.8271,0.9063
0.8090,0.9352
0.7902,0.9630
0.7705,0.9900
0.7501,1.0160
0.7290,1.0410
0.7071,1.0649
0.6845,1.0878
0.6613,1.1096
0.6374,1.1303
0.6129,1.1500
0.5878,1.1684
0.5621,1.1858
0.5358,1.2019
0.5090,1.2169
0.4818,1.2307
0.4540,1.2432
0.4258,1.2545
0.3971,1.2646
0.3681,1.2734
0.3387,1.2810
0.3090,1.2874
0.2790,1.2924
0.2487,1.2962
0.2181,1.2987
0.1874,1.2999
0.1564,1.2998
0.1253,1.2984
0.0941,1.2958
0.0628,1.2919
0.0314,1.2867
0.0000,1.2803
-0.0314,1.2725
-0.0628,1.2636
-0.0941,1.2533
-0.1253,1.2419
-0.1564,1.2292
-0.1874,1.2153
-0.2181,1.2002
-0.2487,1.1839
-0.2790,1.1664
-0.3090,1.1478
-0.3387,1.1281
-0.3681,1.1072
-0.3971,1.0853
-0.4258,1.0623
-0.4540,1.0382
-0.4818,1.0131
-0.5090,0.9870
-0.5358,0.9600
-0.5621,0.9320
-0.5878,0.9031
-0.6129,0.8732
-0.6374,0.8426
-0.6613,0.8110
-0.6845,0.7787
-0.7071,0.7457
-0.7290,0.7118
-0.7501,0.6773
-0.7705,0.6421
-0.7902,0.6063
-0.8090,0.5699
-0.8271,0.5329
-0.8443,0.4954
-0.8607,0.4574
-0.8763,0.4189
-0.8910,0.3801
-0.9048,0.3409
-0.9178,0.3013
-0.9298,0.2614
-0.9409,0.2213
-0.9511,0.1809
-0.9603,0.1404
-0.9686,0.0997
-0.9759,0.0590
-0.9823,0.0182
-0.9877,-0.0227
-0.9921,-0.0635
-0.9956,-0.1043
-0.9980,-0.1449
-0.9995,-0.1854
-1.0000,-0.2257
-0.9995,-0.2658
-0.9980,-0.3057
-0.9956,-0.3452
-0.9921,-0.3844
-0.9877,-0.4233
-0.9823,-0.4617
-0.9759,-0.4996
-0.9686,-0.5370
-0.9603,-0.5740
-0.9511,-0.6103
-0.9409,-0.6461
-0.9298,-0.6812
-0.9178,-0.7156
-0.9048,-0.7494
-0.8910,-0.7823
-0.8763,-0.8146
-0.8607,-0.8460
-0.8443,-0.8766
-0.8271,-0.9063
-0.8090,-0.9351
-0.7902,-0.9630
-0.7705,-0.9900
-0.7501,-1.0160
-0.7290,-1.0409
-0.7071,-1.0649
-0.6845,-1.0878
-0.6613,-1.1096
-0.6374,-1.1304
-0.6129,-1.1499
-0.5878,-1.1684
-0.5621,-1.1857
-0.5358,-1.2019
-0.5090,-1.2169
-0.4818,-1.2306
-0.4540,-1.2432
-0.4258,-1.2545
-0.3971,-1.2646
-0.3681,-1.2734
-0.3387,-1.2810
-0.3090,-1.2874
-0.2790,-1.2924
-0.2487,-1.2962
-0.2181,-1.2987
-0.1874,-1.2999
-0.1564,-1.2998
-0.1253,-1.2984
-0.0941,-1.2958
-0.0628,-1.2919
-0.0314,-1.2867
0.0000,-1.2803
0.0314,-1.2725
0.0628,-1.2635
0.0941,-1.2533
0.1253,-1.2419
0.1564,-1.2292
0.1874,-1.2153
0.2181,-1.2002
0.2487,-1.1839
0.2790,-1.1664
0.3090,-1.1478
0.3387,-1.1281
0.3681,-1.1072
0.3971,-1.0853
0.4258,-1.0623
0.4540,-1.0382
0.4818,-1.0131
0.5090,-0.9871
0.5358,-0.9600
0.5621,-0.9320
0.5878,-0.9030
0.6129,-0.8732
0.6374,-0.8426
0.6613,-0.8110
0.6845,-0.7787
0.7071,-0.7456
0.7290,-0.7118
0.7501,-0.6773
0.7705,-0.6421
0.7902,-0.6063
0.8090,-0.5699
0.8271,-0.5329
0.8443,-0.4954
0.8607,-0.4574
0.8763,-0.4189
0.8910,-0.3801
0.9048,-0.3409
0.9178,-0.3013
0.9298,-0.2614
0.9409,-0.2213
0.9511,-0.1809
0.9603,-0.1404
0.9686,-0.0997
0.9759,-0.0590
0.9823,-0.0182
0.9877,0.0227
0.9921,0.0635
0.9956,0.1043
0.9980,0.1449
0.9995,0.1854
1.0000,0.2257
0.9995,0.2658
0.9980,0.3057
0.9956,0.3452
0.9921,0.3844
0.9877,0.4232
0.9823,0.4617
0.9759,0.4996
0.9686,0.5370
0.9603,0.5739
0.9511,0.6103
0.9409,0.6461
0.9298,0.6812
0.9178,0.7156
0.9048,0.7494
0.8910,0.7824
0.8763,0.8146
0.8607,0.8460
0.8443,0.8766
0.8271,0.9063
0.8090,0.9352
0.7902,0.9631
0.7705,0.9900
0.7501,1.0160
0.7290,1.0409
0.7071,1.0649
0.6845,1.0878
0.6613,1.1096
0.6374,1.1303
0.6129,1.1499
0.5878,1.1684
0.5621,1.1858
0.5358,1.2019
0.5090,1.2169
0.4818,1.2307
0.4540,1.2432
0.4258,1.2545
0.3971,1.2646
0.3681,1.2734
0.3387,1.2810
0.3090,1.2873
0.2790,1.2924
0.2487,1.2962
0.2181,1.2987
0.1874,1.2999
0.1564,1.2998
0.1253,1.2984
0.0941,1.2958
0.0628,1.2919
0.0314,1.2867
0.0000,1.2802
-0.0314,1.2725
-0.0628,1.2636
-0.0941,1.2533
-0.1253,1.2419
-0.1564,1.2292
-0.1874,1.2153
-0.2181,1.2002
-0.2487,1.1839
-0.2790,1.1664
-0.3090,1.1478
-0.3387,1.1281
-0.3681,1.1072
-0.3971,1.0853
-0.4258,1.0623
-0.4540,1.0382
-0.4818,1.0132
-0.5090,0.9871
-0.5358,0.9600
-0.5621,0.9320
-0.5878,0.9030
-0.6129,0.8732
-0.6374,0.8426
-0.6613,0.8111
-0.6845,0.7787
-0.7071,0.7457
-0.7290,0.7118
-0.7501,0.6773
-0.7705,0.6421
-0.7902,0.6063
-0.8090,0.5699
-0.8271,0.5329
-0.8443,0.4954
-0.8607,0.4574
-0.8763,0.4189
-0.8910,0.3801
-0.9048,0.3408
-0.9178,0.3013
-0.9298,0.2614
-0.9409,0.2213
-0.9511,0.1809
-0.9603,0.1404
-0.9686,0.0997
-0.9759,0.0589
-0.9823,0.0182
-0.9877,-0.0227
-0.9921,-0.0635
-0.9956,-0.1043
-0.9980,-0.1449
-0.9995,-0.1854
-1.0000,-0.2258
-0.9995,-0.2658
-0.9980,-0.3057
-0.9956,-0.3452
-0.9921,-0.3844
-0.9877,-0.4233
-0.9823,-0.4616
-0.9759,-0.4996
-0.9686,-0.5370
-0.9603,-0.5739
-0.9511,-0.6103
-0.9409,-0.6461
-0.9298,-0.6812
-0.9178,-0.7156
-0.9048,-0.7494
-0.8910,-0.7823
-0.8763,-0.8146
-0.8607,-0.8460
-0.8443,-0.8766
-0.8271,-0.9063
-0.8090,-0.9351
-0.7902,-0.9631
-0.7705,-0.9900
-0.7501,-1.0160
-0.7290,-1.0410
-0.7071,-1.0649
-0.6845,-1.0878
-0.6613,-1.1096
-0.6374,-1.1304
-0.6129,-1.1500
-0.5878,-1.1684
-0.5621,-1.1858
-0.5358,-1.2019
-0.5090,-1.2169
-0.4818,-1.2306
-0.4540,-1.2432
-0.4258,-1.2545
-0.3971,-1.2646
-0.3681,-1.2734
-0.3387,-1.2810
-0.3090,-1.2874
-0.2790,-1.2924
-0.2487,-1.2962
-0.2181,-1.2987
-0.1874,-1.2999
-0.1564,-1.2998
-0.1253,-1.2984
-0.0941,-1.2958
-0.0628,-1.2919
-0.0314,-1.2867
0.0000,-1.2802
0.0314,-1.2725
0.0628,-1.2636
0.0941,-1.2533
0.1253,-1.2419
0.1564,-1.2292
0.1874,-1.2153
0.2181,-1.2002
0.2487,-1.1839
0.2790,-1.1664
0.3090,-1.1478
0.3387,-1.1281
0.3681,-1.1072
0.3971,-1.0853
0.4258,-1.0623
0.4540,-1.0382
0.4818,-1.0131
0.5090,-0.9871
0.5358,-0.9600
0.5621,-0.9320
0.5878,-0.9031
0.6129,-0.8732
0.6374,-0.8426
0.6613,-0.8111
0.6845,-0.7788
0.7071,-0.7457
0.7290,-0.7118
0.7501,-0.6773
0.7705,-0.6421
0.7902,-0.6063
0.8090,-0.5699
0.8271,-0.5329
0.8443,-0.4954
0.8607,-0.4574
0.8763,-0.4190
0.8910,-0.3801
0.9048,-0.3408
0.9178,-0.3013
0.9298,-0.2614
0.9409,-0.2213
0.9511,-0.1809
0.9603,-0.1404
0.9686,-0.0997
0.9759,-0.0589
0.9823,-0.0182
0.9877,0.0227
0.9921,0.0635
0.9956,0.1043
0.9980,0.1449
0.9995,0.1854
1.0000,0.2258
0.9995,0.2659
0.9980,0.3057
0.9956,0.3452
0.9921,0.3844
0.9877,0.4232
0.9823,0.4616
0.9759,0.4996
0.9686,0.5371
0.9603,0.5740
0.9511,0.6103
0.9409,0.6461
0.9298,0.6812
0.9178,0.7156
0.9048,0.7494
0.8910,0.7824
0.8763,0.8146
0.8607,0.8460
0.8443,0.8766
0.8271,0.9063
0.8090,0.9351
0.7902,0.9631
0.7705,0.9900
0.7501,1.0160
0.7290,1.0409
0.7071,1.0649
0.6845,1.0878
0.6613,1.1096
0.6374,1.1304
0.6129,1.1500
0.5878,1.1684
0.5621,1.1857
0.5358,1.2019
0.5090,1.2169
0.4818,1.2306
0.4540,1.2432
0.4258,1.2545
0.3971,1.2646
0.3681,1.2734
0.3387,1.2810
0.3090,1.2874
0.2790,1.2924
0.2487,1.2962
0.2181,1.2987
0.1874,1.2999
0.1564,1.2998
0.1253,1.2984
0.0941,1.2958
0.0628,1.2919
0.0314,1.2867
0.0000,1.2803
-0.0314,1.2725
-0.0628,1.2636
-0.0941,1.2533
-0.1253,1.2419
-0.1564,1.2292
-0.1874,1.2153
-0.2181,1.2002
-0.2487,1.1839
-0.2790,1.1665
-0.3090,1.1478
-0.3387,1.1281
-0.3681,1.1073
-0.3971,1.0853
-0.4258,1.0623
-0.4540,1.0382
-0.4818,1.0132
-0.5090,0.9871
-0.5358,0.9600
-0.5621,0.9320
-0.5878,0.9030
-0.6129,0.8732
-0.6374,0.8425
-0.6613,0.8111
-0.6845,0.7787
-0.7071,0.7456
-0.7290,0.7118
-0.7501,0.6773
-0.7705,0.6421
-0.7902,0.6063
-0.8090,0.5699
-0.8271,0.5329
-0.8443,0.4954
-0.8607,0.4574
-0.8763,0.4189
-0.8910,0.3801
-0.9048,0.3408
-0.9178,0.3012
-0.9298,0.2614
-0.9409,0.2213
-0.9511,0.1809
-0.9603,0.1404
-0.9686,0.0997
-0.9759,0.0590
-0.9823,0.0181
-0.9877,-0.0227
-0.9921,-0.0635
-0.9956,-0.1042
-0.9980,-0.1449
-0.9995,-0.1854
-1.0000,-0.2257
-0.9995,-0.2659
-0.9980,-0.3057
-0.9956,-0.3452
-0.9921,-0.3844
-0.9877,-0.4232
-0.9823,-0.4617
-0.9759,-0.4996
-0.9686,-0.5371
-0.9603,-0.5739
-0.9511,-0.6103
-0.9409,-0.6460
-0.9298,-0.6812
-0.9178,-0.7156
-0.9048,-0.7494
-0.8910,-0.7824
-0.8763,-0.8146
-0.8607,-0.8460
-0.8443,-0.8766
-0.8271,-0.9063
-0.8090,-0.9352
-0.7902,-0.9630
-0.7705,-0.9900
-0.7501,-1.0160
-0.7290,-1.0409
-0.7071,-1.0649
-0.6845,-1.0878
-0.6613,-1.1096
-0.6374,-1.1303
-0.6129,-1.1500
-0.5878,-1.1685
-0.5621,-1.1858
-0.5358,-1.2019
-0.5090,-1.2169
-0.4818,-1.2306
-0.4540,-1.2432
-0.4258,-1.2545
-0.3971,-1.2646
-0.3681,-1.2734
-0.3387,-1.2810
-0.3090,-1.2873
-0.2790,-1.2924
-0.2487,-1.2962
-0.2181,-1.2987
-0.1874,-1.2999
-0.1564,-1.2998
-0.1253,-1.2984
-0.0941,-1.2958
-0.0628,-1.2919
-0.0314,-1.2867
0.0000,-1.2802
0.0314,-1.2725
0.0628,-1.2636
0.0941,-1.2533
0.1253,-1.2419
0.1564,-1.2292
0.1874,-1.2153
0.2181,-1.2002
0.2487,-1.1839
0.2790,-1.1664
0.3090,-1.1478
0.3387,-1.1281
0.3681,-1.1072
0.3971,-1.0853
0.4258,-1.0623
0.4540,-1.0382
0.4818,-1.0131
0.5090,-0.9871
0.5358,-0.9600
0.5621,-0.9320
0.5878,-0.9031
0.6129,-0.8732
0.6374,-0.8425
0.6613,-0.8110
0.6845,-0.7787
0.7071,-0.7457
0.7290,-0.7118
0.7501,-0.6773
0.7705,-0.6421
0.7902,-0.6063
0.8090,-0.5699
0.8271,-0.5329
0.8443,-0.4954
0.8607,-0.4574
0.8763,-0.4189
0.8910,-0.3801
0.9048,-0.3408
0.9178,-0.3013
0.9298,-0.2614
0.9409,-0.2213
0.9511,-0.1809
0.9603,-0.1404
0.9686,-0.0997
0.9759,-0.0590
0.9823,-0.0181
0.9877,0.0227
0.9921,0.0635
0.9956,0.1042
0.9980,0.1449
0.9995,0.1854
1.0000,0.2258
0.9995,0.2658
0.9980,0.3057
0.9956,0.3452
0.9921,0.3844
0.9877,0.4232
0.9823,0.4616
0.9759,0.4996
0.9686,0.5370
0.9603,0.5740
0.9511,0.6103
0.9409,0.6461
0.9298,0.6812
0.9178,0.7156
0.9048,0.7494
0.8910,0.7824
0.8763,0.8146
0.8607,0.8460
0.8443,0.8766
0.8271,0.9063
0.8090,0.9351
0.7902,0.9631
0.7705,0.9900
0.7501,1.0160
0.7290,1.0409
0.7071,1.0649
0.6845,1.0878
0.6613,1.1096
0.6374,1.1303
0.6129,1.1500
0.5878,1.1684
0.5621,1.1857
0.5358,1.2019
0.5090,1.2169
0.4818,1.2306
0.4540,1.2432
0.4258,1.2545
0.3971,1.2646
0.3681,1.2735
0.3387,1.2810
0.3090,1.2873
0.2790,1.2924
0.2487,1.2962
0.2181,1.2987
0.1874,1.2999
0.1564,1.2998
0.1253,1.2984
0.0941,1.2958
0.0628,1.2919
0.0314,1.2867
0.0000,1.2802
-0.0314,1.2725
-0.0628,1.2635
-0.0941,1.2533
-0.1253,1.2419
-0.1564,1.2292
-0.1874,1.2153
-0.2181,1.2002
-0.2487,1.1839
-0.2790,1.1664
-0.3090,1.1478
-0.3387,1.1281
-0.3681,1.1073
-0.3971,1.0853
-0.4258,1.0623
-0.4540,1.0382
-0.4818,1.0131
-0.5090,0.9871
-0.5358,0.9600
-0.5621,0.9320
-0.5878,0.9031
-0.6129,0.8732
-0.6374,0.8426
-0.6613,0.8110
-0.6845,0.7788
-0.7071,0.7457
-0.7290,0.7119
-0.7501,0.6773
-0.7705,0.6421
-0.7902,0.6063
-0.8090,0.5699
-0.8271,0.5329
-0.8443,0.4954
-0.8607,0.4574
-0.8763,0.4190
-0.8910,0.3801
-0.9048,0.3409
-0.9178,0.3013
-0.9298,0.2614
-0.9409,0.2213
-0.9511,0.1809
-0.9603,0.1404
-0.9686,0.0997
-0.9759,0.0590
-0.9823,0.0181
-0.9877,-0.0227
-0.9921,-0.0635
-0.9956,-0.1043
-0.9980,-0.1449
-0.9995,-0.1854
-1.0000,-0.2257
-0.9995,-0.2659
-0.9980,-0.3057
-0.9956,-0.3452
-0.9921,-0.3844
-0.9877,-0.4232
-0.9823,-0.4616
-0.9759,-0.4996
-0.9686,-0.5370
-0.9603,-0.5740
-0.9511,-0.6103
-0.9409,-0.6461
-0.9298,-0.6812
-0.9178,-0.7156
-0.9048,-0.7494
-0.8910,-0.7824
-0.8763,-0.8146
-0.8607,-0.8460
-0.8443,-0.8766
-0.8271,-0.9063
-0.8090,-0.9351
-0.7902,-0.9630
-0.7705,-0.9900
-0.7501,-1.0160
-0.7290,-1.0410
-0.7071,-1.0649
-0.6845,-1.0878
-0.6613,-1.1096
-0.6374,-1.1304
-0.6129,-1.1500
-0.5878,-1.1684
-0.5621,-1.1858
-0.5358,-1.2019
-0.5090,-1.2169
-0.4818,-1.2306
-0.4540,-1.2432
-0.4258,-1.2545
-0.3971,-1.2646
-0.3681,-1.2734
-0.3387,-1.2810
-0.3090,-1.2873
-0.2790,-1.2924
-0.2487,-1.2962
-0.2181,-1.2987
-0.1874,-1.2999
-0.1564,-1.2998
-0.1253,-1.2984
-0.0941,-1.2958
-0.0628,-1.2919
-0.0314,-1.2867
0.0000,-1.2803
0.0314,-1.2725
0.0628,-1.2635
0.0941,-1.2533
0.1253,-1.2419
0.1564,-1.2292
0.1874,-1.2153
0.2181,-1.2002
0.2487,-1.1839
0.2790,-1.1664
0.3090,-1.1478
0.3387,-1.1281
0.3681,-1.1073
0.3971,-1.0853
0.4258,-1.0623
0.4540,-1.0382
0.4818,-1.0131
0.5090,-0.9870
0.5358,-0.9600
0.5621,-0.9320
0.5878,-0.9031
0.6129,-0.8732
0.6374,-0.8425
0.6613,-0.8110
0.6845,-0.7787
0.7071,-0.7457
0.7290,-0.7118
0.7501,-0.6773
0.7705,-0.6421
0.7902,-0.6063
0.8090,-0.5699
0.8271,-0.5329
0.8443,-0.4954
0.8607,-0.4574
0.8763,-0.4189
0.8910,-0.3801
0.9048,-0.3408
0.9178,-0.3012
0.9298,-0.2614
0.9409,-0.2213
0.9511,-0.1809
0.9603,-0.1404
0.9686,-0.0998
0.9759,-0.0590
0.9823,-0.0181
0.9877,0.0227
0.9921,0.0635
0.9956,0.1042
0.9980,0.1449
0.9995,0.1854
1.0000,0.2257
0.9995,0.2659
0.9980,0.3057
0.9956,0.3453
0.9921,0.3844
0.9877,0.4232
0.9823,0.4616
0.9759,0.4996
0.9686,0.5371
0.9603,0.5740
0.9511,0.6103
0.9409,0.6460
0.9298,0.6812
0.9178,0.7156
0.9048,0.7494
0.8910,0.7824
0.8763,0.8146
0.8607,0.8460
0.8443,0.8766
0.8271,0.9063
0.8090,0.9351
0.7902,0.9630
0.7705,0.9900
0.7501,1.0160
0.7290,1.0410
0.7071,1.0649
0.6845,1.0878
0.6613,1.1096
0.6374,1.1303
0.6129,1.1500
0.5878,1.1684
0.5621,1.1858
0.5358,1.2019
0.5090,1.2169
0.4818,1.2306
0.4540,1.2432
0.4258,1.2545
0.3971,1.2646
0.3681,1.2735
0.3387,1.2810
0.3090,1.2873
0.2790,1.2924
0.2487,1.2962
0.2181,1.2987
0.1874,1.2999
0.1564,1.2998
0.1253,1.2984
0.0941,1.2958
0.0628,1.2919
0.0314,1.2867
0.0000,1.2802
-0.0314,1.2725
-0.0628,1.2635
-0.0941,1.2533
-0.1253,1.2419
-0.1564,1.2292
-0.1874,1.2153
-0.2181,1.2002
-0.2487,1.1839
-0.2790,1.1664
-0.3090,1.1478
-0.3387,1.1281
-0.3681,1.1072
-0.3971,1.0853
-0.4258,1.0623
-0.4540,1.0382
-0.4818,1.0131
-0.5090,0.9870
-0.5358,0.9600
-0.5621,0.9320
-0.5878,0.9031
-0.6129,0.8732
-0.6374,0.8425
-0.6613,0.8110
-0.6845,0.7787
-0.7071,0.7456
-0.7290,0.7118
-0.7501,0.6773
-0.7705,0.6421
-0.7902,0.6063
-0.8090,0.5699
-0.8271,0.5329
-0.8443,0.4954
-0.8607,0.4574
-0.8763,0.4190
-0.8910,0.3801
-0.9048,0.3408
-0.9178,0.3013
-0.9298,0.2614
-0.9409,0.2213
-0.9511,0.1809
-0.9603,0.1404
-0.9686,0.0997
-0.9759,0.0590
-0.9823,0.0182
-0.9877,-0.0227
-0.9921,-0.0635
-0.9956,-0.1042
-0.9980,-0.1449
-0.9995,-0.1854
-1.0000,-0.2258
-0.9995,-0.2658
-0.9980,-0.3057
-0.9956,-0.3452
-0.9921,-0.3844
-0.9877,-0.4232
-0.9823,-0.4616
-0.9759,-0.4996
-0.9686,-0.5370
-0.9603,-0.5740
-0.9511,-0.6103
-0.9409,-0.6461
-0.9298,-0.6812
-0.9178,-0.7156
-0.9048,-0.7494
-0.8910,-0.7824
-0.8763,-0.8146
-0.8607,-0.8460
-0.8443,-0.8766
-0.8271,-0.9063
-0.8090,-0.9351
-0.7902,-0.9631
-0.7705,-0.9900
-0.7501,-1.0160
-0.7290,-1.0410
-0.7071,-1.0649
-0.6845,-1.0878
-0.6613,-1.1096
-0.6374,-1.1303
-0.6129,-1.1499
-0.5878,-1.1684
-0.5621,-1.1858
-0.5358,-1.2019
-0.5090,-1.2169
-0.4818,-1.2306
-0.4540,-1.2432
-0.4258,-1.2545
-0.3971,-1.2646
-0.3681,-1.2735
-0.3387,-1.2810
-0.3090,-1.2873
-0.2790,-1.2924
-0.2487,-1.2962
-0.2181,-1.2987
-0.1874,-1.2999
-0.1564,-1.2998
-0.1253,-1.2984
-0.0941,-1.2958
-0.0628,-1.2919
-0.0314,-1.2867
0.0000,-1.2802
0.0314,-1.2725
0.0628,-1.2636
0.0941,-1.2533
0.1253,-1.2419
0.1564,-1.2292
0.1874,-1.2153
0.2181,-1.2002
0.2487,-1.1839
0.2790,-1.1664
0.3090,-1.1478
0.3387,-1.1281
0.3681,-1.1073
0.3971,-1.0853
0.4258,-1.0623
0.4540,-1.0382
0.4818,-1.0132
0.5090,-0.9871
0.5358,-0.9600
0.5621,-0.9320
0.5878,-0.9031
0.6129,-0.8732
0.6374,-0.8425
0.6613,-0.8111
0.6845,-0.7787
0.7071,-0.7456
0.7290,-0.7119
0.7501,-0.6773
0.7705,-0.6421
0.7902,-0.6063
0.8090,-0.5699
0.8271,-0.5329
0.8443,-0.4954
0.8607,-0.4574
0.8763,-0.4190
0.8910,-0.3801
0.9048,-0.3408
0.9178,-0.3013
0.9298,-0.2614
0.9409,-0.2213
0.9511,-0.1809
0.9603,-0.1404
0.9686,-0.0997
0.9759,-0.0589
0.9823,-0.0182
0.9877,0.0227
0.9921,0.0635
0.9956,0.1043
0.9980,0.1449
0.9995,0.1854
1.0000,0.2258
0.9995,0.2658
0.9980,0.3057
0.9956,0.3452
0.9921,0.3845
0.9877,0.4232
0.9823,0.4616
0.9759,0.4996
0.9686,0.5370
0.9603,0.5739
0.9511,0.6103
0.9409,0.6461
0.9298,0.6812
0.9178,0.7156
0.9048,0.7494
0.8910,0.7823
0.8763,0.8146
0.8607,0.8460
0.8443,0.8766
0.8271,0.9063
0.8090,0.9351
0.7902,0.9631
0.7705,0.9900
0.7501,1.0160
0.7290,1.0410
0.7071,1.0649
0.6845,1.0878
0.6613,1.1096
0.6374,1.1304
0.6129,1.1499
0.5878,1.1684
0.5621,1.1858
0.5358,1.2019
0.5090,1.2169
0.4818,1.2306
0.4540,1.2432
0.4258,1.2545
0.3971,1.2646
0.3681,1.2734
0.3387,1.2810
0.3090,1.2874
0.2790,1.2924
0.2487,1.2962
0.2181,1.2987
0.1874,1.2999
0.1564,1.2998
0.1253,1.2984
0.0941,1.2958
0.0628,1.2919
0.0314,1.2867
0.0000,1.2802
-0.0314,1.2725
-0.0628,1.2636
-0.0941,1.2533
-0.1253,1.2418
-0.1564,1.2292
-0.1874,1.2153
-0.2181,1.2002
-0.2487,1.1839
-0.2790,1.1664
-0.3090,1.1478
-0.3387,1.1281
-0.3681,1.1073
-0.3971,1.0853
-0.4258,1.0623
-0.4540,1.0382
-0.4818,1.0131
-0.5090,0.9870
-0.5358,0.9600
-0.5621,0.9319
-0.5878,0.9031
-0.6129,0.8732
-0.6374,0.8426
-0.6613,0.8111
-0.6845,0.7787
-0.7071,0.7456
-0.7290,0.7118
-0.7501,0.6773
-0.7705,0.6421
-0.7902,0.6063
-0.8090,0.5699
-0.8271,0.5329
-0.8443,0.4954
-0.8607,0.4573
-0.8763,0.4189
-0.8910,0.3801
-0.9048,0.3409
-0.9178,0.3013
-0.9298,0.2614
-0.9409,0.2212
-0.9511,0.1809
-0.9603,0.1404
-0.9686,0.0997
-0.9759,0.0590
-0.9823,0.0182
-0.9877,-0.0227
-0.9921,-0.0635
-0.9956,-0.1043
-0.9980,-0.1449
-0.9995,-0.1854
-1.0000,-0.2257
-0.9995,-0.2658
-0.9980,-0.3057
-0.9956,-0.3452
-0.9921,-0.3845
-0.9877,-0.4232
-0.9823,-0.4617
-0.9759,-0.4995
-0.9686,-0.5370
-0.9603,-0.5740
-0.9511,-0.6103
-0.9409,-0.6461
-0.9298,-0.6812
-0.9178,-0.7156
-0.9048,-0.7493
-0.8910,-0.7823
-0.8763,-0.8146
-0.8607,-0.8460
-0.8443,-0.8766
-0.8271,-0.9063
-0.8090,-0.9351
-0.7902,-0.9630
-0.7705,-0.9900
-0.7501,-1.0160
-0.7290,-1.0410
-0.7071,-1.0649
-0.6845,-1.0878
-0.6613,-1.1096
-0.6374,-1.1303
-0.6129,-1.1499
-0.5878,-1.1684
-0.5621,-1.1858
-0.5358,-1.2019
-0.5090,-1.2169
-0.4818,-1.2306
-0.4540,-1.2432
-0.4258,-1.2545
-0.3971,-1.2646
-0.3681,-1.2735
-0.3387,-1.2810
-0.3090,-1.2874
-0.2790,-1.2924
-0.2487,-1.2962
-0.2181,-1.2987
-0.1874,-1.2999
-0.1564,-1.2998
-0.1253,-1.2984
-0.0941,-1.2958
-0.0628,-1.2919
-0.0314,-1.2867
0.0000,-1.2803
0.0314,-1.2725
0.0628,-1.2635
0.0941,-1.2533
0.1253,-1.2418
0.1564,-1.2292
0.1874,-1.2153
0.2181,-1.2002
0.2487,-1.1839
0.2790,-1.1664
0.3090,-1.1478
0.3387,-1.1281
0.3681,-1.1072
0.3971,-1.0853
0.4258,-1.0623
0.4540,-1.0382
0.4818,-1.0131
0.5090,-0.9870
0.5358,-0.9600
0.5621,-0.9320
0.5878,-0.9030
0.6129,-0.8733
0.6374,-0.8426
0.6613,-0.8110
0.6845,-0.7787
0.7071,-0.7456
0.7290,-0.7118
0.7501,-0.6773
0.7705,-0.6422
0.7902,-0.6063
0.8090,-0.5699
0.8271,-0.5329
0.8443,-0.4954
0.8607,-0.4574
0.8763,-0.4189
0.8910,-0.3801
0.9048,-0.3409
0.9178,-0.3013
0.9298,-0.2614
0.9409,-0.2212
0.9511,-0.1809
0.9603,-0.1404
0.9686,-0.0998
0.9759,-0.0590
0.9823,-0.0182
0.9877,0.0227
0.9921,0.0635
0.9956,0.1042
0.9980,0.1449
0.9995,0.1854
1.0000,0.2257
0.9995,0.2658
0.9980,0.3057
0.9956,0.3453
0.9921,0.3844
0.9877,0.4232
0.9823,0.4616
0.9759,0.4996
0.9686,0.5370
0.9603,0.5740
0.9511,0.6103
0.9409,0.6460
0.9298,0.6812
0.9178,0.7156
0.9048,0.7493
0.8910,0.7823
0.8763,0.8146
0.8607,0.8460
0.8443,0.8766
0.8271,0.9063
0.8090,0.9351
0.7902,0.9630
0.7705,0.9900
0.7501,1.0160
0.7290,1.0410
0.7071,1.0649
0.6845,1.0878
0.6613,1.1096
0.6374,1.1303
0.6129,1.1499
0.5878,1.1684
0.5621,1.1858
0.5358,1.2019
0.5090,1.2169
0.4818,1.2306
0.4540,1.2432
0.4258,1.2545
0.3971,1.2646
0.3681,1.2735
0.3387,1.2810
0.3090,1.2873
0.2790,1.2924
0.2487,1.2962
0.2181,1.2987
0.1874,1.2999
0.1564,1.2998
0.1253,1.2984
0.0941,1.2958
0.0628,1.2919
0.0314,1.2867
0.0000,1.2803
-0.0314,1.2725
-0.0628,1.2635
-0.0941,1.2533
-0.1253,1.2419
-0.1564,1.2292
-0.1874,1.2153
-0.2181,1.2002
-0.2487,1.1839
-0.2790,1.1664
-0.3090,1.1478
-0.3387,1.1281
-0.3681,1.1072
-0.3971,1.0853
-0.4258,1.0623
-0.4540,1.0382
-0.4818,1.0131
-0.5090,0.9870
-0.5358,0.9600
-0.5621,0.9320
-0.5878,0.9030
-0.6129,0.8733
-0.6374,0.8426
-0.6613,0.8110
-0.6845,0.7787
-0.7071,0.7457
-0.7290,0.7118
-0.7501,0.6773
-0.7705,0.6422
-0.7902,0.6063
-0.8090,0.5699
-0.8271,0.5329
-0.8443,0.4954
-0.8607,0.4574
-0.8763,0.4189
-0.8910,0.3801
-0.9048,0.3409
-0.9178,0.3013
-0.9298,0.2614
-0.9409,0.2213
-0.9511,0.1809
-0.9603,0.1404
-0.9686,0.0998
-0.9759,0.0590
-0.9823,0.0181
-0.9877,-0.0227
-0.9921,-0.0635
-0.9956,-0.1043
-0.9980,-0.1449
-0.9995,-0.1854
-1.0000,-0.2257
-0.9995,-0.2658
-0.9980,-0.3057
-0.9956,-0.3452
-0.9921,-0.3844
-0.9877,-0.4233
-0.9823,-0.4617
-0.9759,-0.4996
-0.9686,-0.5370
-0.9603,-0.5740
-0.9511,-0.6103
-0.9409,-0.6461
-0.9298,-0.6812
-0.9178,-0.7157
-0.9048,-0.7493
-0.8910,-0.7824
-0.8763,-0.8146
-0.8607,-0.8460
-0.8443,-0.8766
-0.8271,-0.9063
-0.8090,-0.9352
-0.7902,-0.9630
-0.7705,-0.9900
-0.7501,-1.0160
-0.7290,-1.0409
-0.7071,-1.0649
-0.6845,-1.0878
-0.6613,-1.1096
-0.6374,-1.1303
-0.6129,-1.1500
-0.5878,-1.1684
-0.5621,-1.1857
-0.5358,-1.2019
-0.5090,-1.2169
-0.4818,-1.2307
-0.4540,-1.2432
-0.4258,-1.2545
-0.3971,-1.2646
-0.3681,-1.2735
-0.3387,-1.2810
-0.3090,-1.2873
-0.2790,-1.2924
-0.2487,-1.2962
-0.2181,-1.2987
-0.1874,-1.2999
-0.1564,-1.2998
-0.1253,-1.2984
-0.0941,-1.2958
-0.0628,-1.2919
-0.0314,-1.2867
0.0000,-1.2803
0.0314,-1.2725
0.0628,-1.2635
0.0941,-1.2533
0.1253,-1.2419
0.1564,-1.2292
0.1874,-1.2153
0.2181,-1.2002
0.2487,-1.1839
0.2790,-1.1664
0.3090,-1.1478
0.3387,-1.1281
0.3681,-1.1072
0.3971,-1.0853
0.4258,-1.0623
0.4540,-1.0382
0.4818,-1.0131
0.5090,-0.9871
0.5358,-0.9600
0.5621,-0.9320
0.5878,-0.9030
0.6129,-0.8733
0.6374,-0.8426
0.6613,-0.8110
0.6845,-0.7788
0.7071,-0.7457
0.7290,-0.7118
0.7501,-0.6773
0.7705,-0.6421
0.7902,-0.6063
0.8090,-0.5699
0.8271,-0.5329
0.8443,-0.4954
0.8607,-0.4574
0.8763,-0.4189
0.8910,-0.3800
0.9048,-0.3408
0.9178,-0.3013
0.9298,-0.2614
0.9409,-0.2213
0.9511,-0.1809
0.9603,-0.1404
0.9686,-0.0997
0.9759,-0.0590
0.9823,-0.0181
0.9877,0.0226
0.9921,0.0635
0.9956,0.1043
0.9980,0.1449
0.9995,0.1855
1.0000,0.2257
0.9995,0.2659
0.9980,0.3056
0.9956,0.3452
0.9921,0.3844
0.9877,0.4233
0.9823,0.4617
0.9759,0.4996
0.9686,0.5370
0.9603,0.5739
0.9511,0.6103
0.9409,0.6461
0.9298,0.6812
0.9178,0.7157
0.9048,0.7494
0.8910,0.7824
0.8763,0.8145
0.8607,0.8460
0.8443,0.8766
0.8271,0.9063
0.8090,0.9352
0.7902,0.9630
0.7705,0.9900
0.7501,1.0159
0.7290,1.0409
0.7071,1.0649
0.6845,1.0878
0.6613,1.1096
0.6374,1.1303
0.6129,1.1500
0.5878,1.1684
0.5621,1.1857
0.5358,1.2019
0.5090,1.2169
0.4818,1.2307
0.4540,1.2432
0.4258,1.2545
0.3971,1.2646
0.3681,1.2734
0.3387,1.2810
0.3090,1.2873
0.2790,1.2924
0.2487,1.2962
0.2181,1.2987
0.1874,1.2999
0.1564,1.2998
0.1253,1.2984
0.0941,1.2958
0.0628,1.2919
0.0314,1.2867
0.0000,1.2802
-0.0314,1.2725
-0.0628,1.2636
-0.0941,1.2533
-0.1253,1.2419
-0.1564,1.2292
-0.1874,1.2153
-0.2181,1.2002
-0.2487,1.1839
-0.2790,1.1665
-0.3090,1.1478
-0.3387,1.1281
-0.3681,1.1072
-0.3971,1.0853
-0.4258,1.0623
-0.4540,1.0382
-0.4818,1.0132
-0.5090,0.9871
-0.5358,0.9600
-0.5621,0.9320
-0.5878,0.9030
-0.6129,0.8732
-0.6374,0.8425
-0.6613,0.8111
-0.6845,0.7787
-0.7071,0.7456
-0.7290,0.7118
-0.7501,0.6773
-0.7705,0.6421
-0.7902,0.6063
-0.8090,0.5699
-0.8271,0.5329
-0.8443,0.4954
-0.8607,0.4574
-0.8763,0.4189
-0.8910,0.3801
-0.9048,0.3408
-0.9178,0.3013
-0.9298,0.2614
-0.9409,0.2213
-0.9511,0.1809
-0.9603,0.1404
-0.9686,0.0998
-0.9759,0.0590
-0.9823,0.0182
-0.9877,-0.0227
-0.9921,-0.0635
-0.9956,-0.1043
-0.9980,-0.1449
-0.9995,-0.1854
-1.0000,-0.2257
-0.9995,-0.2658
-0.9980,-0.3057
-0.9956,-0.3452
-0.9921,-0.3844
-0.9877,-0.4233
-0.9823,-0.4616
-0.9759,-0.4996
-0.9686,-0.5370
-0.9603,-0.5739
-0.9511,-0.6103
-0.9409,-0.6461
-0.9298,-0.6812
-0.9178,-0.7156
-0.9048,-0.7494
-0.8910,-0.7823
-0.8763,-0.8146
-0.8607,-0.8460
-0.8443,-0.8766
-0.8271,-0.9063
-0.8090,-0.9351
-0.7902,-0.9630
-0.7705,-0.9900
-0.7501,-1.0160
-0.7290,-1.0409
-0.7071,-1.0649
-0.6845,-1.0878
-0.6613,-1.1096
-0.6374,-1.1303
-0.6129,-1.1499
-0.5878,-1.1684
-0.5621,-1.1857
-0.5358,-1.2019
-0.5090,-1.2169
-0.4818,-1.2307
-0.4540,-1.2432
-0.4258,-1.2545
-0.3971,-1.2646
-0.3681,-1.2734
-0.3387,-1.2810
-0.3090,-1.2873
-0.2790,-1.2924
-0.2487,-1.2962
-0.2181,-1.2987
-0.1874,-1.2999
-0.1564,-1.2998
-0.1253,-1.2984
-0.0941,-1.2958
-0.0628,-1.2919
-0.0314,-1.2867
0.0000,-1.2802
0.0314,-1.2725
0.0628,-1.2636
0.0941,-1.2533
0.1253,-1.2419
0.1564,-1.2292
0.1874,-1.2153
0.2181,-1.2002
0.2487,-1.1839
0.2790,-1.1664
0.3090,-1.1478
0.3387,-1.1281
0.3681,-1.1072
0.3971,-1.0853
0.4258,-1.0623
0.4540,-1.0383
0.4818,-1.0132
0.5090,-0.9871
0.5358,-0.9600
0.5621,-0.9320
0.5878,-0.9031
0.6129,-0.8732
0.6374,-0.8426
0.6613,-0.8111
0.6845,-0.7787
0.7071,-0.7456
0.7290,-0.7118
0.7501,-0.6773
0.7705,-0.6421
0.7902,-0.6063
0.8090,-0.5699
0.8271,-0.5329
0.8443,-0.4954
0.8607,-0.4574
0.8763,-0.4190
0.8910,-0.3801
0.9048,-0.3408
0.9178,-0.3013
0.9298,-0.2614
0.9409,-0.2213
0.9511,-0.1809
0.9603,-0.1404
0.9686,-0.0997
0.9759,-0.0590
0.9823,-0.0182
0.9877,0.0227
0.9921,0.0635
0.9956,0.1043
0.9980,0.1449
0.9995,0.1854
1.0000,0.2258
0.9995,0.2658
0.9980,0.3057
0.9956,0.3452
0.9921,0.3844
0.9877,0.4232
0.9823,0.4616
0.9759,0.4996
0.9686,0.5370
0.9603,0.5739
0.9511,0.6103
0.9409,0.6461
0.9298,0.6812
0.9178,0.7156
0.9048,0.7494
0.8910,0.7824
0.8763,0.8146
0.8607,0.8460
0.8443,0.8766
0.8271,0.9063
0.8090,0.9351
0.7902,0.9631
0.7705,0.9900
0.7501,1.0160
0.7290,1.0409
0.7071,1.0649
0.6845,1.0878
0.6613,1.1096
0.6374,1.1303
0.6129,1.1500
0.5878,1.1684
0.5621,1.1858
0.5358,1.2019
0.5090,1.2169
0.4818,1.2306
0.4540,1.2432
0.4258,1.2545
0.3971,1.2646
0.3681,1.2734
0.3387,1.2810
0.3090,1.2874
0.2790,1.2924
0.2487,1.2962
0.2181,1.2987
0.1874,1.2999
0.1564,1.2998
0.1253,1.2984
0.0941,1.2958
0.0628,1.2919
0.0314,1.2867
0.0000,1.2802
-0.0314,1.2725
-0.0628,1.2636
-0.0941,1.2533
-0.1253,1.2419
-0.1564,1.2292
-0.1874,1.2153
-0.2181,1.2002
-0.2487,1.1839
-0.2790,1.1664
-0.3090,1.1478
-0.3387,1.1281
-0.3681,1.1073
-0.3971,1.0853
-0.4258,1.0623
-0.4540,1.0382
-0.4818,1.0131
-0.5090,0.9870
-0.5358,0.9600
-0.5621,0.9320
-0.5878,0.9031
-0.6129,0.8732
-0.6374,0.8425
-0.6613,0.8111
-0.6845,0.7787
-0.7071,0.7456
-0.7290,0.7119
-0.7501,0.6773
-0.7705,0.6421
-0.7902,0.6063
-0.8090,0.5699
-0.8271,0.5329
-0.8443,0.4954
-0.8607,0.4574
-0.8763,0.4190
-0.8910,0.3801
-0.9048,0.3408
-0.9178,0.3013
-0.9298,0.2614
-0.9409,0.2213
-0.9511,0.1810
-0.9603,0.1404
-0.9686,0.0997
-0.9759,0.0589
-0.9823,0.0181
-0.9877,-0.0227
-0.9921,-0.0635
-0.9956,-0.1042
-0.9980,-0.1449
-0.9995,-0.1854
-1.0000,-0.2258
-0.9995,-0.2659
-0.9980,-0.3057
-0.9956,-0.3452
-0.9921,-0.3844
-0.9877,-0.4232
-0.9823,-0.4616
-0.9759,-0.4996
-0.9686,-0.5371
-0.9603,-0.5739
-0.9511,-0.6103
-0.9409,-0.6460
-0.9298,-0.6812
-0.9178,-0.7156
-0.9048,-0.7494
-0.8910,-0.7824
-0.8763,-0.8146
-0.8607,-0.8460
-0.8443,-0.8766
-0.8271,-0.9063
-0.8090,-0.9351
-0.7902,-0.9631
-0.7705,-0.9900
-0.7501,-1.0160
-0.7290,-1.0410
-0.7071,-1.0649
-0.6845,-1.0878
-0.6613,-1.1096
-0.6374,-1.1304
-0.6129,-1.1500
-0.5878,-1.1685
-0.5621,-1.1858
-0.5358,-1.2019
-0.5090,-1.2169
-0.4818,-1.2306
-0.4540,-1.2432
-0.4258,-1.2545
-0.3971,-1.2646
-0.3681,-1.2734
-0.3387,-1.2810
-0.3090,-1.2873
-0.2790,-1.2924
-0.2487,-1.2962
-0.2181,-1.2987
-0.1874,-1.2999
-0.1564,-1.2998
-0.1253,-1.2984
-0.0941,-1.2958
-0.0628,-1.2919
-0.0314,-1.2867
0.0000,-1.2802
0.0314,-1.2725
0.0628,-1.2635
0.0941,-1.2533
0.1253,-1.2419
0.1564,-1.2292
0.1874,-1.2153
0.2181,-1.2002
0.2487,-1.1839
0.2790,-1.1664
0.3090,-1.1478
0.3387,-1.1281
0.3681,-1.1073
0.3971,-1.0853
0.4258,-1.0623
0.4540,-1.0382
0.4818,-1.0131
0.5090,-0.9870
0.5358,-0.9600
0.5621,-0.9320
0.5878,-0.9031
0.6129,-0.8732
0.6374,-0.8425
0.6613,-0.8110
0.6845,-0.7787
0.7071,-0.7457
0.7290,-0.7118
0.7501,-0.6773
0.7705,-0.6421
0.7902,-0.6063
0.8090,-0.5699
0.8271,-0.5329
0.8443,-0.4954
0.8607,-0.4574
0.8763,-0.4189
0.8910,-0.3801
0.9048,-0.3408
0.9178,-0.3013
0.9298,-0.2614
0.9409,-0.2213
0.9511,-0.1810
0.9603,-0.1404
0.9686,-0.0997
0.9759,-0.0589
0.9823,-0.0182
0.9877,0.0227
0.9921,0.0635
0.9956,0.1042
0.9980,0.1449
0.9995,0.1854
1.0000,0.2258
0.9995,0.2658
0.9980,0.3057
0.9956,0.3452
0.9921,0.3844
0.9877,0.4232
0.9823,0.4617
0.9759,0.4996
0.9686,0.5370
0.9603,0.5740
0.9511,0.6103
0.9409,0.6460
0.9298,0.6812
0.9178,0.7156
0.9048,0.7494
0.8910,0.7823
0.8763,0.8146
0.8607,0.8460
0.8443,0.8766
0.8271,0.9063
0.8090,0.9351
0.7902,0.9631
0.7705,0.9900
0.7501,1.0160
0.7290,1.0409
0.7071,1.0649
0.6845,1.0878
0.6613,1.1096
0.6374,1.1304
0.6129,1.1500
0.5878,1.1684
0.5621,1.1858
0.5358,1.2019
0.5090,1.2169
0.4818,1.2306
0.4540,1.2432
0.4258,1.2545
0.3971,1.2646
0.3681,1.2734
0.3387,1.2810
0.3090,1.2873
0.2790,1.2924
0.2487,1.2962
0.2181,1.2987
0.1874,1.2999
0.1564,1.2998
0.1253,1.2984
0.0941,1.2958
0.0628,1.2919
0.0314,1.2867
0.0000,1.2802
-0.0314,1.2725
-0.0628,1.2635
-0.0941,1.2533
-0.1253,1.2419
-0.1564,1.2292
-0.1874,1.2153
-0.2181,1.2002
-0.2487,1.1839
-0.2790,1.1664
-0.3090,1.1479
-0.3387,1.1281
-0.3681,1.1072
-0.3971,1.0853
-0.4258,1.0623
-0.4540,1.0382
-0.4818,1.0131
-0.5090,0.9871
-0.5358,0.9600
-0.5621,0.9320
-0.5878,0.9030
-0.6129,0.8732
-0.6374,0.8426
-0.6613,0.8110
-0.6845,0.7788
-0.7071,0.7457
-0.7290,0.7118
-0.7501,0.6773
-0.7705,0.6421
-0.7902,0.6063
-0.8090,0.5699
-0.8271,0.5330
-0.8443,0.4954
-0.8607,0.4574
-0.8763,0.4189
-0.8910,0.3801
-0.9048,0.3409
-0.9178,0.3013
-0.9298,0.2614
-0.9409,0.2213
-0.9511,0.1809
-0.9603,0.1404
-0.9686,0.0997
-0.9759,0.0590
-0.9823,0.0182
-0.9877,-0.0227
-0.9921,-0.0635
-0.9956,-0.1042
-0.9980,-0.1449
-0.9995,-0.1854
-1.0000,-0.2257
-0.9995,-0.2658
-0.9980,-0.3057
-0.9956,-0.3452
-0.9921,-0.3844
-0.9877,-0.4232
-0.9823,-0.4617
-0.9759,-0.4996
-0.9686,-0.5370
-0.9603,-0.5740
-0.9511,-0.6103
-0.9409,-0.6460
-0.9298,-0.6812
-0.9178,-0.7156
-0.9048,-0.7493
-0.8910,-0.7823
-0.8763,-0.8146
-0.8607,-0.8460
-0.8443,-0.8766
-0.8271,-0.9063
-0.8090,-0.9352
-0.7902,-0.9630
-0.7705,-0.9900
-0.7501,-1.0160
-0.7290,-1.0409
-0.7071,-1.0649
-0.6845,-1.0878
-0.6613,-1.1096
-0.6374,-1.1304
-0.6129,-1.1499
-0.5878,-1.1684
-0.5621,-1.1858
-0.5358,-1.2019
-0.5090,-1.2169
-0.4818,-1.2306
-0.4540,-1.2432
-0.4258,-1.2545
-0.3971,-1.2646
-0.3681,-1.2735
-0.3387,-1.2810
-0.3090,-1.2873
-0.2790,-1.2924
-0.2487,-1.2962
-0.2181,-1.2987
-0.1874,-1.2999
-0.1564,-1.2998
-0.1253,-1.2984
-0.0941,-1.2958
-0.0628,-1.2919
-0.0314,-1.2867
0.0000,-1.2803
0.0314,-1.2725
0.0628,-1.2635
0.0941,-1.2533
0.1253,-1.2419
0.1564,-1.2292
0.1874,-1.2153
0.2181,-1.2002
0.2487,-1.1839
0.2790,-1.1664
0.3090,-1.1478
0.3387,-1.1281
0.3681,-1.1072
0.3971,-1.0853
0.4258,-1.0623
0.4540,-1.0382
0.4818,-1.0131
0.5090,-0.9870
0.5358,-0.9600
0.5621,-0.9320
0.5878,-0.9030
0.6129,-0.8733
0.6374,-0.8426
0.6613,-0.8110
0.6845,-0.7787
0.7071,-0.7457
0.7290,-0.7118
0.7501,-0.6773
0.7705,-0.6422
0.7902,-0.6063
0.8090,-0.5699
0.8271,-0.5329
0.8443,-0.4954
0.8607,-0.4574
0.8763,-0.4189
0.8910,-0.3801
0.9048,-0.3409
0.9178,-0.3013
0.9298,-0.2614
0.9409,-0.2213
0.9511,-0.1809
0.9603,-0.1404
0.9686,-0.0998
0.9759,-0.0590
0.9823,-0.0181
0.9877,0.0227
0.9921,0.0635
0.9956,0.1043
0.9980,0.1449
0.9995,0.1854
1.0000,0.2257
0.9995,0.2658
0.9980,0.3057
0.9956,0.3453
0.9921,0.3844
0.9877,0.4233
0.9823,0.4616
0.9759,0.4996
0.9686,0.5370
0.9603,0.5740
0.9511,0.6104
0.9409,0.6461
0.9298,0.6812
0.9178,0.7156
0.9048,0.7493
0.8910,0.7824
0.8763,0.8146
0.8607,0.8460
0.8443,0.8766
0.8271,0.9063
0.8090,0.9351
0.7902,0.9630
0.7705,0.9900
0.7501,1.0160
0.7290,1.0410
0.7071,1.0649
0.6845,1.0878
0.6613,1.1096
0.6374,1.1303
0.6129,1.1500
0.5878,1.1684
0.5621,1.1858
0.5358,1.2019
0.5090,1.2169
0.4818,1.2307
0.4540,1.2432
0.4258,1.2545
0.3971,1.2646
0.3681,1.2735
0.3387,1.2810
0.3090,1.2873
0.2790,1.2924
0.2487,1.2962
0.2181,1.2987
0.1874,1.2999
0.1564,1.2998
0.1253,1.2984
0.0941,1.2958
0.0628,1.2919
0.0314,1.2867
0.0000,1.2803
-0.0314,1.2725
-0.0628,1.2635
-0.0941,1.2533
-0.1253,1.2419
-0.1564,1.2292
-0.1874,1.2153
-0.2181,1.2002
-0.2487,1.1839
-0.2790,1.1664
-0.3090,1.1478
-0.3387,1.1281
-0.3681,1.1072
-0.3971,1.0853
-0.4258,1.0623
-0.4540,1.0382
-0.4818,1.0131
-0.5090,0.9870
-0.5358,0.9600
-0.5621,0.9320
-0.5878,0.9031
-0.6129,0.8733
-0.6374,0.8426
-0.6613,0.8110
-0.6845,0.7787
-0.7071,0.7457
-0.7290,0.7118
-0.7501,0.6773
-0.7705,0.6421
-0.7902,0.6063
-0.8090,0.5699
-0.8271,0.5329
-0.8443,0.4954
-0.8607,0.4574
-0.8763,0.4190
-0.8910,0.3801
-0.9048,0.3408
-0.9178,0.3013
-0.9298,0.2614
-0.9409,0.2213
-0.9511,0.1809
-0.9603,0.1404
-0.9686,0.0998
-0.9759,0.0590
-0.9823,0.0181
-0.9877,-0.0227
-0.9921,-0.0635
-0.9956,-0.1043
-0.9980,-0.1449
-0.9995,-0.1854
-1.0000,-0.2257
-0.9995,-0.2659
-0.9980,-0.3057
-0.9956,-0.3452
-0.9921,-0.3844
-0.9877,-0.4232
-0.9823,-0.4616
-0.9759,-0.4996
-0.9686,-0.5370
-0.9603,-0.5740
-0.9511,-0.6103
-0.9409,-0.6461
-0.9298,-0.6811
-0.9178,-0.7156
-0.9048,-0.7494
-0.8910,-0.7824
-0.8763,-0.8146
-0.8607,-0.8460
-0.8443,-0.8766
-0.8271,-0.9063
-0.8090,-0.9351
-0.7902,-0.9630
-0.7705,-0.9900
-0.7501,-1.0160
-0.7290,-1.0410
-0.7071,-1.0649
-0.6845,-1.0878
-0.6613,-1.1096
-0.6374,-1.1303
-0.6129,-1.1500
-0.5878,-1.1684
-0.5621,-1.1858
-0.5358,-1.2019
-0.5090,-1.2169
-0.4818,-1.2306
-0.4540,-1.2432
-0.4258,-1.2545
-0.3971,-1.2646
-0.3681,-1.2735
-0.3387,-1.2810
-0.3090,-1.2873
-0.2790,-1.2924
-0.2487,-1.2962
-0.2181,-1.2987
-0.1874,-1.2999
-0.1564,-1.2998
-0.1253,-1.2984
-0.0941,-1.2958
-0.0628,-1.2919
-0.0314,-1.2867
0.0000,-1.2802
0.0314,-1.2725
0.0628,-1.2635
0.0941,-1.2533
0.1253,-1.2419
0.1564,-1.2292
0.1874,-1.2153
0.2181,-1.2002
0.2487,-1.1839
0.2790,-1.1664
0.3090,-1.1478
0.3387,-1.1281
0.3681,-1.1073
0.3971,-1.0853
0.4258,-1.0623
0.4540,-1.0382
0.4818,-1.0131
0.5090,-0.9871
0.5358,-0.9600
0.5621,-0.9320
0.5878,-0.9031
0.6129,-0.8732
0.6374,-0.8425
0.6613,-0.8110
0.6845,-0.7787
0.7071,-0.7456
0.7290,-0.7119
0.7501,-0.6773
0.7705,-0.6421
0.7902,-0.6063
0.8090,-0.5699
0.8271,-0.5329
0.8443,-0.4954
0.8607,-0.4574
0.8763,-0.4190
0.8910,-0.3801
0.9048,-0.3408
0.9178,-0.3012
0.9298,-0.2614
0.9409,-0.2213
0.9511,-0.1810
0.9603,-0.1404
0.9686,-0.0997
0.9759,-0.0590
0.9823,-0.0181
0.9877,0.0227
0.9921,0.0635
0.9956,0.1042
0.9980,0.1449
0.9995,0.1854
1.0000,0.2257
0.9995,0.2659
0.9980,0.3057
0.9956,0.3452
0.9921,0.3844
0.9877,0.4232
0.9823,0.4616
0.9759,0.4996
0.9686,0.5371
0.9603,0.5739
0.9511,0.6103
0.9409,0.6461
0.9298,0.6811
0.9178,0.7156
0.9048,0.7494
0.8910,0.7824
0.8763,0.8146
0.8607,0.8460
0.8443,0.8766
0.8271,0.9063
0.8090,0.9351
0.7902,0.9630
0.7705,0.9900
0.7501,1.0160
0.7290,1.0409
0.7071,1.0649
0.6845,1.0878
0.6613,1.1096
0.6374,1.1303
0.6129,1.1500
0.5878,1.1684
0.5621,1.1857
0.5358,1.2019
0.5090,1.2169
0.4818,1.2306
0.4540,1.2432
0.4258,1.2545
0.3971,1.2646
0.3681,1.2734
0.3387,1.2810
0.3090,1.2874
0.2790,1.2924
0.2487,1.2962
0.2181,1.2987
0.1874,1.2999
0.1564,1.2998
0.1253,1.2984
0.0941,1.2958
0.0628,1.2919
0.0314,1.2867
0.0000,1.2802
-0.0314,1.2725
-0.0628,1.2636
-0.0941,1.2533
-0.1253,1.2419
-0.1564,1.2292
-0.1874,1.2153
-0.2181,1.2002
-0.2487,1.1839
-0.2790,1.1664
-0.3090,1.1478
-0.3387,1.1281
-0.3681,1.1073
-0.3971,1.0853
-0.4258,1.0623
-0.4540,1.0382
-0.4818,1.0132
-0.5090,0.9871
-0.5358,0.9600
-0.5621,0.9320
-0.5878,0.9031
-0.6129,0.8732
-0.6374,0.8425
-0.6613,0.8111
-0.6845,0.7787
-0.7071,0.7456
-0.7290,0.7118
-0.7501,0.6773
-0.7705,0.6421
-0.7902,0.6063
-0.8090,0.5699
-0.8271,0.5329
-0.8443,0.4954
-0.8607,0.4574
-0.8763,0.4190
-0.8910,0.3801
-0.9048,0.3408
-0.9178,0.3013
-0.9298,0.2614
-0.9409,0.2213
-0.9511,0.1809
-0.9603,0.1404
-0.9686,0.0997
-0.9759,0.0590
-0.9823,0.0182
-0.9877,-0.0227
-0.9921,-0.0635
-0.9956,-0.1043
-0.9980,-0.1449
-0.9995,-0.1854
-1.0000,-0.2258
-0.9995,-0.2658
-0.9980,-0.3057
-0.9956,-0.3452
-0.9921,-0.3844
-0.9877,-0.4232
-0.9823,-0.4616
-0.9759,-0.4996
-0.9686,-0.5370
-0.9603,-0.5739
-0.9511,-0.6103
-0.9409,-0.6461
-0.9298,-0.6812
-0.9178,-0.7156
-0.9048,-0.7494
-0.8910,-0.7823
-0.8763,-0.8146
-0.8607,-0.8460
-0.8443,-0.8766
-0.8271,-0.9063
-0.8090,-0.9351
-0.7902,-0.9631
-0.7705,-0.9900
-0.7501,-1.0160
-0.7290,-1.0409
-0.7071,-1.0649
-0.6845,-1.0878
-0.6613,-1.1096
-0.6374,-1.1303
-0.6129,-1.1500
-0.5878,-1.1684
-0.5621,-1.1858
-0.5358,-1.2019
-0.5090,-1.2169
-0.4818,-1.2306
-0.4540,-1.2432
-0.4258,-1.2545
-0.3971,-1.2646
-0.3681,-1.2734
-0.3387,-1.2810
-0.3090,-1.2874
-0.2790,-1.2924
-0.2487,-1.2962
-0.2181,-1.2987
-0.1874,-1.2999
-0.1564,-1.2998
-0.1253,-1.2984
-0.0941,-1.2958
-0.0628,-1.2919
-0.0314,-1.2867
0.0000,-1.2802
0.0314,-1.2725
0.0628,-1.2636
0.0941,-1.2533
0.1253,-1.2419
0.1564,-1.2292
0.1874,-1.2153
0.2181,-1.2002
0.2487,-1.1839
0.2790,-1.1664
0.3090,-1.1478
0.3387,-1.1281
0.3681,-1.1072
0.3971,-1.0853
0.4258,-1.0623
0.4540,-1.0382
0.4818,-1.0132
0.5090,-0.9870
0.5358,-0.9600
0.5621,-0.9319
0.5878,-0.9031
0.6129,-0.8732
0.6374,-0.8426
0.6613,-0.8111
0.6845,-0.7787
0.7071,-0.7456
0.7290,-0.7118
0.7501,-0.6773
0.7705,-0.6421
0.7902,-0.6063
0.8090,-0.5699
0.8271,-0.5329
0.8443,-0.4954
0.8607,-0.4574
0.8763,-0.4190
0.8910,-0.3801
0.9048,-0.3409
0.9178,-0.3013
0.9298,-0.2614
0.9409,-0.2213
0.9511,-0.1809
0.9603,-0.1404
0.9686,-0.0997
0.9759,-0.0590
0.9823,-0.0182
0.9877,0.0227
0.9921,0.0635
0.9956,0.1043
0.9980,0.1449
0.9995,0.1854
1.0000,0.2257
0.9995,0.2658
0.9980,0.3057
0.9956,0.3452
0.9921,0.3845
0.9877,0.4232
0.9823,0.4616
0.9759,0.4995
0.9686,0.5370
0.9603,0.5740
0.9511,0.6103
0.9409,0.6461
0.9298,0.6812
0.9178,0.7156
0.9048,0.7493
0.8910,0.7823
0.8763,0.8146
0.8607,0.8460
0.8443,0.8766
0.8271,0.9064
0.8090,0.9351
0.7902,0.9631
0.7705,0.9900
0.7501,1.0160
0.7290,1.0410
0.7071,1.0649
0.6845,1.0878
0.6613,1.1096
0.6374,1.1304
0.6129,1.1499
0.5878,1.1684
0.5621,1.1858
0.5358,1.2019
0.5090,1.2169
0.4818,1.2306
0.4540,1.2432
0.4258,1.2545
0.3971,1.2646
0.3681,1.2735
0.3387,1.2810
0.3090,1.2874
0.2790,1.2924
0.2487,1.2962
0.2181,1.2987
0.1874,1.2999
0.1564,1.2998
0.1253,1.2984
0.0941,1.2958
0.0628,1.2919
0.0314,1.2867
0.0000,1.2803
-0.0314,1.2725
-0.0628,1.2636
-0.0941,1.2533
-0.1253,1.2419
-0.1564,1.2292
-0.1874,1.2153
-0.2181,1.2002
-0.2487,1.1839
-0.2790,1.1664
-0.3090,1.1478
-0.3387,1.1281
-0.3681,1.1073
-0.3971,1.0853
-0.4258,1.0623
-0.4540,1.0382
-0.4818,1.0131
-0.5090,0.9870
-0.5358,0.9600
-0.5621,0.9320
-0.5878,0.9031
-0.6129,0.8733
-0.6374,0.8426
-0.6613,0.8111
-0.6845,0.7787
-0.7071,0.7456
-0.7290,0.7118
-0.7501,0.6773
-0.7705,0.6422
-0.7902,0.6063
-0.8090,0.5699
-0.8271,0.5329
-0.8443,0.4954
-0.8607,0.4574
-0.8763,0.4189
-0.8910,0.3801
-0.9048,0.3409
-0.9178,0.3013
-0.9298,0.2614
-0.9409,0.2212
-0.9511,0.1809
-0.9603,0.1404
-0.9686,0.0998
-0.9759,0.0590
-0.9823,0.0182
-0.9877,-0.0227
-0.9921,-0.0635
-0.9956,-0.1042
-0.9980,-0.1449
-0.9995,-0.1854
-1.0000,-0.2257
-0.9995,-0.2658
-0.9980,-0.3057
-0.9956,-0.3453
-0.9921,-0.3844
-0.9877,-0.4232
-0.9823,-0.4616
-0.9759,-0.4995
-0.9686,-0.5370
-0.9603,-0.5740
-0.9511,-0.6103
-0.9409,-0.6461
-0.9298,-0.6812
-0.9178,-0.7156
-0.9048,-0.7493
-0.8910,-0.7823
-0.8763,-0.8146
-0.8607,-0.8460
-0.8443,-0.8766
-0.8271,-0.9063
-0.8090,-0.9352
-0.7902,-0.9630
-0.7705,-0.9900
-0.7501,-1.0160
-0.7290,-1.0410
-0.7071,-1.0649
-0.6845,-1.0878
-0.6613,-1.1096
-0.6374,-1.1303
-0.6129,-1.1499
-0.5878,-1.1684
-0.5621,-1.1858
-0.5358,-1.2019
-0.5090,-1.2169
-0.4818,-1.2306
-0.4540,-1.2432
-0.4258,-1.2545
-0.3971,-1.2646
-0.3681,-1.2735
-0.3387,-1.2810
-0.3090,-1.2873
-0.2790,-1.2924
-0.2487,-1.2962
-0.2181,-1.2987
-0.1874,-1.2999
-0.1564,-1.2998
-0.1253,-1.2984
-0.0941,-1.2958
-0.0628,-1.2919
-0.0314,-1.2867
0.0000,-1.2803
0.0314,-1.2725
0.0628,-1.2635
0.0941,-1.2533
0.1253,-1.2419
0.1564,-1.2292
0.1874,-1.2153
0.2181,-1.2002
0.2487,-1.1839
0.2790,-1.1664
0.3090,-1.1478
0.3387,-1.1281
0.3681,-1.1072
0.3971,-1.0853
0.4258,-1.0623
0.4540,-1.0382
0.4818,-1.0131
0.5090,-0.9870
0.5358,-0.9600
0.5621,-0.9320
0.5878,-0.9030
0.6129,-0.8733
0.6374,-0.8426
0.6613,-0.8110
0.6845,-0.7787
0.7071,-0.7457
0.7290,-0.7118
0.7501,-0.6773
0.7705,-0.6422
0.7902,-0.6063
0.8090,-0.5699
0.8271,-0.5329
0.8443,-0.4954
0.8607,-0.4574
0.8763,-0.4189
0.8910,-0.3801
0.9048,-0.3409
0.9178,-0.3013
0.9298,-0.2614
0.9409,-0.2213
0.9511,-0.1809
0.9603,-0.1404
0.9686,-0.0997
0.9759,-0.0590
0.9823,-0.0182
0.9877,0.0227
0.9921,0.0635
0.9956,0.1042
0.9980,0.1449
0.9995,0.1854
1.0000,0.2257
0.9995,0.2658
0.9980,0.3057
0.9956,0.3452
0.9921,0.3844
0.9877,0.4232
0.9823,0.4617
0.9759,0.4996
0.9686,0.5370
0.9603,0.5740
0.9511,0.6103
0.9409,0.6460
0.9298,0.6812
0.9178,0.7156
0.9048,0.7493
0.8910,0.7824
0.8763,0.8146
0.8607,0.8460
0.8443,0.8766
0.8271,0.9063
0.8090,0.9352
0.7902,0.9630
0.7705,0.9900
0.7501,1.0160
0.7290,1.0410
0.7071,1.0649
0.6845,1.0878
0.6613,1.1096
0.6374,1.1304
0.6129,1.1500
0.5878,1.1684
0.5621,1.1858
0.5358,1.2019
0.5090,1.2169
0.4818,1.2307
0.4540,1.2432
0.4258,1.2545
0.3971,1.2646
0.3681,1.2735
0.3387,1.2810
0.3090,1.2873
0.2790,1.2924
0.2487,1.2962
0.2181,1.2987
0.1874,1.2999
0.1564,1.2998
0.1253,1.2985
0.0941,1.2958
0.0628,1.2919
0.0314,1.2867
0.0000,1.2803
-0.0314,1.2725
-0.0628,1.2635
-0.0941,1.2533
-0.1253,1.2419
-0.1564,1.2292
-0.1874,1.2153
-0.2181,1.2002
-0.2487,1.1839
-0.2790,1.1664
-0.3090,1.1479
-0.3387,1.1281
-0.3681,1.1072
-0.3971,1.0853
-0.4258,1.0623
-0.4540,1.0382
-0.4818,1.0131
-0.5090,0.9871
-0.5358,0.9600
-0.5621,0.9320
-0.5878,0.9030
-0.6129,0.8732
-0.6374,0.8426
-0.6613,0.8110
-0.6845,0.7788
-0.7071,0.7457
-0.7290,0.7118
-0.7501,0.6773
-0.7705,0.6421
-0.7902,0.6063
-0.8090,0.5699
-0.8271,0.5329
-0.8443,0.4954
-0.8607,0.4574
-0.8763,0.4189
-0.8910,0.3800
-0.9048,0.3409
-0.9178,0.3013
-0.9298,0.2614
-0.9409,0.2213
-0.9511,0.1809
-0.9603,0.1404
-0.9686,0.0997
-0.9759,0.0590
-0.9823,0.0181
-0.9877,-0.0226
-0.9921,-0.0635
-0.9956,-0.1043
-0.9980,-0.1449
-0.9995,-0.1855
-1.0000,-0.2257
-0.9995,-0.2659
-0.9980,-0.3056
-0.9956,-0.3452
-0.9921,-0.3844
-0.9877,-0.4233
-0.9823,-0.4617
-0.9759,-0.4996
-0.9686,-0.5370
-0.9603,-0.5740
-0.9511,-0.6103
-0.9409,-0.6461
-0.9298,-0.6812
-0.9178,-0.7157
-0.9048,-0.7494
-0.8910,-0.7824
-0.8763,-0.8146
-0.8607,-0.8460
-0.8443,-0.8766
-0.8271,-0.9063
-0.8090,-0.9352
-0.7902,-0.9631
-0.7705,-0.9900
-0.7501,-1.0160
-0.7290,-1.0409
-0.7071,-1.0649
-0.6845,-1.0878
-0.6613,-1.1096
-0.6374,-1.1304
-0.6129,-1.1500
-0.5878,-1.1684
-0.5621,-1.1857
-0.5358,-1.2019
-0.5090,-1.2169
-0.4818,-1.2307
-0.4540,-1.2432
-0.4258,-1.2545
-0.3971,-1.2646
-0.3681,-1.2734
-0.3387,-1.2810
-0.3090,-1.2874
-0.2790,-1.2924
-0.2487,-1.2962
-0.2181,-1.2987
-0.1874,-1.2999
-0.1564,-1.2998
-0.1253,-1.2985
-0.0941,-1.2958
-0.0628,-1.2919
-0.0314,-1.2867
0.0000,-1.2803
0.0314,-1.2725
0.0628,-1.2636
0.0941,-1.2533
0.1253,-1.2419
0.1564,-1.2292
0.1874,-1.2153
0.2181,-1.2002
0.2487,-1.1839
0.2790,-1.1665
0.3090,-1.1478
0.3387,-1.1281
0.3681,-1.1072
0.3971,-1.0853
0.4258,-1.0623
0.4540,-1.0382
0.4818,-1.0132
0.5090,-0.9871
0.5358,-0.9600
0.5621,-0.9320
0.5878,-0.9030
0.6129,-0.8733
0.6374,-0.8426
0.6613,-0.8111
0.6845,-0.7788
0.7071,-0.7457
0.7290,-0.7118
0.7501,-0.6773
0.7705,-0.6421
0.7902,-0.6063
0.8090,-0.5699
0.8271,-0.5329
0.8443,-0.4954
0.8607,-0.4574
0.8763,-0.4189
0.8910,-0.3801
0.9048,-0.3408
0.9178,-0.3013
0.9298,-0.2614
0.9409,-0.2213
0.9511,-0.1809
0.9603,-0.1404
0.9686,-0.0998
0.9759,-0.0590
0.9823,-0.0182
0.9877,0.0227
0.9921,0.0635
0.9956,0.1043
0.9980,0.1449
0.9995,0.1855
1.0000,0.2257
0.9995,0.2659
0.9980,0.3056
0.9956,0.3452
0.9921,0.3844
0.9877,0.4233
0.9823,0.4617
0.9759,0.4996
0.9686,0.5371
0.9603,0.5739
0.9511,0.6103
0.9409,0.6461
0.9298,0.6812
0.9178,0.7157
0.9048,0.7494
0.8910,0.7824
0.8763,0.8146
0.8607,0.8460
0.8443,0.8766
0.8271,0.9063
0.8090,0.9352
0.7902,0.9630
0.7705,0.9900
0.7501,1.0159
0.7290,1.0409
0.7071,1.0649
0.6845,1.0878
0.6613,1.1096
0.6374,1.1303
0.6129,1.1500
0.5878,1.1684
0.5621,1.1857
0.5358,1.2019
0.5090,1.2169
0.4818,1.2307
0.4540,1.2432
0.4258,1.2545
0.3971,1.2646
0.3681,1.2734
0.3387,1.2810
0.3090,1.2874
0.2790,1.2924
0.2487,1.2962
0.2181,1.2987
0.1874,1.2999
0.1564,1.2998
0.1253,1.2985
0.0941,1.2958
0.0628,1.2919
0.0314,1.2867
0.0000,1.2803
-0.0314,1.2725
-0.0628,1.2636
-0.0941,1.2533
-0.1253,1.2419
-0.1564,1.2292
-0.1874,1.2153
-0.2181,1.2002
-0.2487,1.1839
-0.2790,1.1665
-0.3090,1.1478
-0.3387,1.1281
-0.3681,1.1072
-0.3971,1.0853
-0.4258,1.0623
-0.4540,1.0382
-0.4818,1.0132
-0.5090,0.9871
-0.5358,0.9600
-0.5621,0.9320
-0.5878,0.9031
-0.6129,0.8732
-0.6374,0.8425
-0.6613,0.8111
-0.6845,0.7787
-0.7071,0.7456
-0.7290,0.7118
-0.7501,0.6773
-0.7705,0.6421
-0.7902,0.6063
-0.8090,0.5699
-0.8271,0.5329
-0.8443,0.4954
-0.8607,0.4574
-0.8763,0.4190
-0.8910,0.3801
-0.9048,0.3408
-0.9178,0.3013
-0.9298,0.2614
-0.9409,0.2213
-0.9511,0.1809
-0.9603,0.1404
-0.9686,0.0997
-0.9759,0.0590
-0.9823,0.0182
-0.9877,-0.0227
-0.9921,-0.0635
-0.9956,-0.1043
-0.9980,-0.1450
-0.9995,-0.1854
-1.0000,-0.2258
-0.9995,-0.2659
-0.9980,-0.3057
-0.9956,-0.3452
-0.9921,-0.3844
-0.9877,-0.4233
-0.9823,-0.4616
-0.9759,-0.4996
-0.9686,-0.5371
-0.9603,-0.5739
-0.9511,-0.6103
-0.9409,-0.6461
-0.9298,-0.6812
-0.9178,-0.7156
-0.9048,-0.7494
-0.8910,-0.7824
-0.8763,-0.8146
-0.8607,-0.8460
-0.8443,-0.8766
-0.8271,-0.9063
-0.8090,-0.9351
-0.7902,-0.9630
-0.7705,-0.9900
-0.7501,-1.0160
-0.7290,-1.0409
-0.7071,-1.0649
-0.6845,-1.0878
-0.6613,-1.1096
-0.6374,-1.1303
-0.6129,-1.1500
-0.5878,-1.1684
-0.5621,-1.1858
-0.5358,-1.2019
-0.5090,-1.2169
-0.4818,-1.2306
-0.4540,-1.2432
-0.4258,-1.2545
-0.3971,-1.2646
-0.3681,-1.2734
-0.3387,-1.2810
-0.3090,-1.2874
-0.2790,-1.2924
-0.2487,-1.2962
-0.2181,-1.2987
-0.1874,-1.2999
-0.1564,-1.2998
-0.1253,-1.2985
-0.0941,-1.2958
-0.0628,-1.2919
-0.0314,-1.2867
0.0000,-1.2803
0.0314,-1.2725
0.0628,-1.2636
0.0941,-1.2533
0.1253,-1.2419
0.1564,-1.2292
0.1874,-1.2153
0.2181,-1.2002
0.2487,-1.1839
0.2790,-1.1664
0.3090,-1.1478
0.3387,-1.1281
0.3681,-1.1073
0.3971,-1.0853
0.4258,-1.0623
0.4540,-1.0382
0.4818,-1.0132
0.5090,-0.9871
0.5358,-0.9600
0.5621,-0.9320
0.5878,-0.9031
0.6129,-0.8732
0.6374,-0.8425
0.6613,-0.8111
0.6845,-0.7787
0.7071,-0.7456
0.7290,-0.7119
0.7501,-0.6773
0.7705,-0.6421
0.7902,-0.6063
0.8090,-0.5698
0.8271,-0.5329
0.8443,-0.4954
0.8607,-0.4574
0.8763,-0.4190
0.8910,-0.3801
0.9048,-0.3408
0.9178,-0.3012
0.9298,-0.2614
0.9409,-0.2213
0.9511,-0.1809
0.9603,-0.1404
0.9686,-0.0997
0.9759,-0.0590
0.9823,-0.0181
0.9877,0.0227
0.9921,0.0635
0.9956,0.1043
0.9980,0.1449
0.9995,0.1854
1.0000,0.2258
0.9995,0.2659
0.9980,0.3057
0.9956,0.3452
0.9921,0.3844
0.9877,0.4232
0.9823,0.4616
0.9759,0.4996
0.9686,0.5371
0.9603,0.5739
0.9511,0.6103
0.9409,0.6461
0.9298,0.6812
0.9178,0.7156
0.9048,0.7494
0.8910,0.7824
0.8763,0.8146
0.8607,0.8460
0.8443,0.8766
0.8271,0.9063
0.8090,0.9351
0.7902,0.9631
0.7705,0.9900
0.7501,1.0160
0.7290,1.0410
0.7071,1.0649
0.6845,1.0878
0.6613,1.1096
0.6374,1.1304
0.6129,1.1500
0.5878,1.1685
0.5621,1.1858
0.5358,1.2019
0.5090,1.2169
0.4818,1.2306
0.4540,1.2432
0.4258,1.2545
0.3971,1.2646
0.3681,1.2734
0.3387,1.2810
0.3090,1.2873
0.2790,1.2924
0.2487,1.2962
0.2181,1.2987
0.1874,1.2999
0.1564,1.2998
0.1253,1.2984
0.0941,1.2958
0.0628,1.2919
0.0314,1.2867
0.0000,1.2802
-0.0314,1.2725
-0.0628,1.2636
-0.0941,1.2533
-0.1253,1.2419
-0.1564,1.2292
-0.1874,1.2153
-0.2181,1.2002
-0.2487,1.1839
-0.2790,1.1664
-0.3090,1.1478
-0.3387,1.1281
-0.3681,1.1073
-0.3971,1.0853
-0.4258,1.0623
-0.4540,1.0382
-0.4818,1.0132
-0.5090,0.9870
-0.5358,0.9600
-0.5621,0.9320
-0.5878,0.9031
-0.6129,0.8732
-0.6374,0.8425
-0.6613,0.8111
-0.6845,0.7787
-0.7071,0.7457
-0.7290,0.7119
-0.7501,0.6773
-0.7705,0.6421
-0.7902,0.6063
-0.8090,0.5698
-0.8271,0.5329
-0.8443,0.4954
-0.8607,0.4574
-0.8763,0.4190
-0.8910,0.3801
-0.9048,0.3408
-0.9178,0.3012
-0.9298,0.2614
-0.9409,0.2213
-0.9511,0.1810
-0.9603,0.1404
-0.9686,0.0997
-0.9759,0.0589
-0.9823,0.0181
-0.9877,-0.0227
-0.9921,-0.0635
-0.9956,-0.1042
-0.9980,-0.1449
-0.9995,-0.1854
-1.0000,-0.2258
-0.9995,-0.2659
-0.9980,-0.3057
-0.9956,-0.3452
-0.9921,-0.3844
-0.9877,-0.4232
-0.9823,-0.4616
-0.9759,-0.4996
-0.9686,-0.5371
-0.9603,-0.5740
-0.9511,-0.6103
-0.9409,-0.6460
-0.9298,-0.6812
-0.9178,-0.7156
-0.9048,-0.7494
-0.8910,-0.7824
-0.8763,-0.8146
-0.8607,-0.8460
-0.8443,-0.8766
-0.8271,-0.9063
-0.8090,-0.9351
-0.7902,-0.9631
-0.7705,-0.9900
-0.7501,-1.0160
-0.7290,-1.0410
-0.7071,-1.0649
-0.6845,-1.0878
-0.6613,-1.1096
-0.6374,-1.1304
-0.6129,-1.1500
-0.5878,-1.1684
-0.5621,-1.1858
-0.5358,-1.2019
-0.5090,-1.2169
-0.4818,-1.2306
-0.4540,-1.2432
-0.4258,-1.2545
-0.3971,-1.2646
-0.3681,-1.2735
-0.3387,-1.2810
-0.3090,-1.2873
-0.2790,-1.2924
-0.2487,-1.2962
-0.2181,-1.2987
-0.1874,-1.2999
-0.1564,-1.2998
-0.1253,-1.2985
-0.0941,-1.2958
-0.0628,-1.2919
-0.0314,-1.2867
0.0000,-1.2802
0.0314,-1.2725
0.0628,-1.2636
0.0941,-1.2533
0.1253,-1.2419
0.1564,-1.2292
0.1874,-1.2153
0.2181,-1.2002
0.2487,-1.1839
0.2790,-1.1664
0.3090,-1.1479
0.3387,-1.1281
0.3681,-1.1073
0.3971,-1.0853
0.4258,-1.0623
0.4540,-1.0382
0.4818,-1.0131
0.5090,-0.9871
0.5358,-0.9600
0.5621,-0.9320
0.5878,-0.9031
0.6129,-0.8732
0.6374,-0.8426
0.6613,-0.8110
0.6845,-0.7788
0.7071,-0.7457
0.7290,-0.7118
0.7501,-0.6773
0.7705,-0.6421
0.7902,-0.6063
0.8090,-0.5699
0.8271,-0.5329
0.8443,-0.4954
0.8607,-0.4574
0.8763,-0.4189
0.8910,-0.3801
0.9048,-0.3408
0.9178,-0.3013
0.9298,-0.2614
0.9409,-0.2213
0.9511,-0.1809
0.9603,-0.1404
0.9686,-0.0997
0.9759,-0.0589
0.9823,-0.0182
0.9877,0.0227
0.9921,0.0635
0.9956,0.1042
0.9980,0.1449
0.9995,0.1854
1.0000,0.2258
0.9995,0.2658
0.9980,0.3057
0.9956,0.3452
0.9921,0.3844
0.9877,0.4232
0.9823,0.4617
0.9759,0.4996
0.9686,0.5370
0.9603,0.5740
0.9511,0.6103
0.9409,0.6460
0.9298,0.6812
0.9178,0.7156
0.9048,0.7494
0.8910,0.7823
0.8763,0.8146
0.8607,0.8460
0.8443,0.8766
0.8271,0.9063
0.8090,0.9352
0.7902,0.9631
0.7705,0.9900
0.7501,1.0160
0.7290,1.0410
0.7071,1.0649
0.6845,1.0878
0.6613,1.1096
0.6374,1.1304
0.6129,1.1499
0.5878,1.1684
0.5621,1.1858
0.5358,1.2019
0.5090,1.2169
0.4818,1.2306
0.4540,1.2432
0.4258,1.2545
0.3971,1.2646
0.3681,1.2735
0.3387,1.2810
0.3090,1.2873
0.2790,1.2924
0.2487,1.2962
0.2181,1.2987
0.1874,1.2999
0.1564,1.2998
0.1253,1.2985
0.0941,1.2958
0.0628,1.2919
0.0314,1.2867
0.0000,1.2803
-0.0314,1.2725
-0.0628,1.2635
-0.0941,1.2533
-0.1253,1.2419
-0.1564,1.2292
-0.1874,1.2153
-0.2181,1.2002
-0.2487,1.1839
-0.2790,1.1664
-0.3090,1.1478
-0.3387,1.1281
-0.3681,1.1072
-0.3971,1.0853
-0.4258,1.0623
-0.4540,1.0382
-0.4818,1.0131
-0.5090,0.9870
-0.5358,0.9600
-0.5621,0.9320
-0.5878,0.9030
-0.6129,0.8733
-0.6374,0.8426
-0.6613,0.8110
-0.6845,0.7787
-0.7071,0.7457
-0.7290,0.7118
-0.7501,0.6773
-0.7705,0.6421
-0.7902,0.6063
-0.8090,0.5699
-0.8271,0.5329
-0.8443,0.4954
-0.8607,0.4574
-0.8763,0.4189
-0.8910,0.3800
-0.9048,0.3409
-0.9178,0.3013
-0.9298,0.2614
-0.9409,0.2213
-0.9511,0.1809
-0.9603,0.1404
-0.9686,0.0997
-0.9759,0.0590
-0.9823,0.0182
-0.9877,-0.0227
-0.9921,-0.0635
-0.9956,-0.1042
-0.9980,-0.1449
-0.9995,-0.1854
-1.0000,-0.2257
-0.9995,-0.2658
-0.9980,-0.3057
-0.9956,-0.3453
-0.9921,-0.3844
-0.9877,-0.4232
-0.9823,-0.4617
-0.9759,-0.4996
-0.9686,-0.5370
-0.9603,-0.5740
-0.9511,-0.6103
-0.9409,-0.6461
-0.9298,-0.6812
-0.9178,-0.7156
-0.9048,-0.7493
-0.8910,-0.7824
-0.8763,-0.8146
-0.8607,-0.8460
-0.8443,-0.8766
-0.8271,-0.9063
-0.8090,-0.9352
-0.7902,-0.9630
-0.7705,-0.9900
-0.7501,-1.0160
-0.7290,-1.0410
-0.7071,-1.0649
-0.6845,-1.0878
-0.6613,-1.1096
-0.6374,-1.1303
-0.6129,-1.1500
-0.5878,-1.1684
-0.5621,-1.1858
-0.5358,-1.2019
-0.5090,-1.2169
-0.4818,-1.2307
-0.4540,-1.2432
-0.4258,-1.2545
-0.3971,-1.2646
-0.3681,-1.2735
-0.3387,-1.2810
-0.3090,-1.2873
-0.2790,-1.2924
-0.2487,-1.2962
-0.2181,-1.2987
-0.1874,-1.2999
-0.1564,-1.2998
-0.1253,-1.2984
-0.0941,-1.2958
-0.0628,-1.2919
-0.0314,-1.2867
0.0000,-1.2803
0.0314,-1.2725
0.0628,-1.2635
0.0941,-1.2533
0.1253,-1.2419
0.1564,-1.2292
0.1874,-1.2153
0.2181,-1.2002
0.2487,-1.1839
0.2790,-1.1664
0.3090,-1.1478
0.3387,-1.1281
0.3681,-1.1072
0.3971,-1.0853
0.4258,-1.0623
0.4540,-1.0382
0.4818,-1.0131
0.5090,-0.9870
0.5358,-0.9600
0.5621,-0.9320
0.5878,-0.9030
0.6129,-0.8733
0.6374,-0.8426
0.6613,-0.8110
0.6845,-0.7787
0.7071,-0.7456
0.7290,-0.7118
0.7501,-0.6773
0.7705,-0.6422
0.7902,-0.6063
0.8090,-0.5699
0.8271,-0.5329
0.8443,-0.4953
0.8607,-0.4574
0.8763,-0.4189
0.8910,-0.3801
0.9048,-0.3409
0.9178,-0.3013
0.9298,-0.2614
0.9409,-0.2212
0.9511,-0.1809
0.9603,-0.1404
0.9686,-0.0998
0.9759,-0.0590
0.9823,-0.0181
0.9877,0.0227
0.9921,0.0636
0.9956,0.1043
0.9980,0.1449
0.9995,0.1854
1.0000,0.2257
0.9995,0.2659
0.9980,0.3057
0.9956,0.3453
0.9921,0.3844
0.9877,0.4233
0.9823,0.4616
0.9759,0.4996
0.9686,0.5370
0.9603,0.5740
0.9511,0.6104
0.9409,0.6461
0.9298,0.6812
0.9178,0.7156
0.9048,0.7493
0.8910,0.7824
0.8763,0.8146
0.8607,0.8460
0.8443,0.8766
0.8271,0.9063
0.8090,0.9351
0.7902,0.9630
0.7705,0.9900
0.7501,1.0160
0.7290,1.0410
0.7071,1.0649
0.6845,1.0878
0.6613,1.1096
0.6374,1.1303
0.6129,1.1500
0.5878,1.1684
0.5621,1.1858
0.5358,1.2019
0.5090,1.2169
0.4818,1.2306
0.4540,1.2432
0.4258,1.2545
0.3971,1.2646
0.3681,1.2735
0.3387,1.2810
0.3090,1.2874
0.2790,1.2924
0.2487,1.2962
0.2181,1.2987
0.1874,1.2999
0.1564,1.2998
0.1253,1.2984
0.0941,1.2958
0.0628,1.2919
0.0314,1.2867
0.0000,1.2803
-0.0314,1.2725
-0.0628,1.2635
-0.0941,1.2533
-0.1253,1.2419
-0.1564,1.2292
-0.1874,1.2153
-0.2181,1.2002
-0.2487,1.1839
-0.2790,1.1664
-0.3090,1.1478
-0.3387,1.1281
-0.3681,1.1073
-0.3971,1.0853
-0.4258,1.0623
-0.4540,1.0382
-0.4818,1.0131
-0.5090,0.9870
-0.5358,0.9600
-0.5621,0.9320
-0.5878,0.9031
-0.6129,0.8732
-0.6374,0.8426
-0.6613,0.8110
-0.6845,0.7787
-0.7071,0.7457
-0.7290,0.7118
-0.7501,0.6773
-0.7705,0.6421
-0.7902,0.6063
-0.8090,0.5699
-0.8271,0.5329
-0.8443,0.4954
-0.8607,0.4574
-0.8763,0.4190
-0.8910,0.3801
-0.9048,0.3408
-0.9178,0.3012
-0.9298,0.2614
-0.9409,0.2213
-0.9511,0.1809
-0.9603,0.1404
-0.9686,0.0998
-0.9759,0.0590
-0.9823,0.0181
-0.9877,-0.0227
-0.9921,-0.0635
-0.9956,-0.1043
-0.9980,-0.1449
-0.9995,-0.1854
-1.0000,-0.2257
-0.9995,-0.2659
-0.9980,-0.3057
-0.9956,-0.3452
-0.9921,-0.3844
-0.9877,-0.4232
-0.9823,-0.4616
-0.9759,-0.4996
-0.9686,-0.5371
-0.9603,-0.5740
-0.9511,-0.6103
-0.9409,-0.6461
-0.9298,-0.6811
-0.9178,-0.7156
-0.9048,-0.7494
-0.8910,-0.7824
-0.8763,-0.8146
-0.8607,-0.8460
-0.8443,-0.8766
-0.8271,-0.9063
-0.8090,-0.9351
-0.7902,-0.9630
-0.7705,-0.9900
-0.7501,-1.0160
-0.7290,-1.0409
-0.7071,-1.0649
-0.6845,-1.0878
-0.6613,-1.1096
-0.6374,-1.1303
-0.6129,-1.1500
-0.5878,-1.1684
-0.5621,-1.1857
-0.5358,-1.2019
-0.5090,-1.2169
-0.4818,-1.2306
-0.4540,-1.2432
-0.4258,-1.2545
-0.3971,-1.2646
-0.3681,-1.2734
-0.3387,-1.2810
-0.3090,-1.2874
-0.2790,-1.2924
-0.2487,-1.2962
-0.2181,-1.2987
-0.1874,-1.2999
-0.1564,-1.2998
-0.1253,-1.2984
-0.0941,-1.2958
-0.0628,-1.2919
-0.0314,-1.2867
0.0000,-1.2803
0.0314,-1.2725
0.0628,-1.2636
0.0941,-1.2533
0.1253,-1.2419
0.1564,-1.2292
0.1874,-1.2153
0.2181,-1.2002
0.2487,-1.1839
0.2790,-1.1664
0.3090,-1.1478
0.3387,-1.1281
0.3681,-1.1073
0.3971,-1.0853
0.4258,-1.0623
0.4540,-1.0382
0.4818,-1.0131
0.5090,-0.9871
0.5358,-0.9600
0.5621,-0.9320
0.5878,-0.9031
0.6129,-0.8732
0.6374,-0.8425
0.6613,-0.8110
0.6845,-0.7787
0.7071,-0.7456
0.7290,-0.7118
0.7501,-0.6773
0.7705,-0.6421
0.7902,-0.6063
0.8090,-0.5698
0.8271,-0.5329
0.8443,-0.4954
0.8607,-0.4574
0.8763,-0.4190
0.8910,-0.3801
0.9048,-0.3408
0.9178,-0.3012
0.9298,-0.2614
0.9409,-0.2213
0.9511,-0.1809
0.9603,-0.1404
0.9686,-0.0997
0.9759,-0.0590
0.9823,-0.0181
0.9877,0.0227
0.9921,0.0635
0.9956,0.1043
0.9980,0.1449
0.9995,0.1854
1.0000,0.2258
0.9995,0.2659
0.9980,0.3057
0.9956,0.3452
0.9921,0.3844
0.9877,0.4233
0.9823,0.4616
0.9759,0.4996
0.9686,0.5371
0.9603,0.5739
0.9511,0.6103
0.9409,0.6461
0.9298,0.6812
0.9178,0.7156
0.9048,0.7494
0.8910,0.7824
0.8763,0.8146
0.8607,0.8460
0.8443,0.8766
0.8271,0.9063
0.8090,0.9351
0.7902,0.9630
0.7705,0.9900
0.7501,1.0160
0.7290,1.0409
0.7071,1.0649
0.6845,1.0878
0.6613,1.1096
0.6374,1.1303
0.6129,1.1500
0.5878,1.1684
0.5621,1.1858
0.5358,1.2019
0.5090,1.2169
0.4818,1.2306
0.4540,1.2432
0.4258,1.2545
0.3971,1.2646
0.3681,1.2734
0.3387,1.2810
0.3090,1.2874
0.2790,1.2924
0.2487,1.2962
0.2181,1.2987
0.1874,1.2999
0.1564,1.2998
0.1253,1.2984
0.0941,1.2958
0.0628,1.2919
0.0314,1.2867
0.0000,1.2802
-0.0314,1.2725
-0.0628,1.2636
-0.0941,1.2533
-0.1253,1.2419
-0.1564,1.2292
-0.1874,1.2153
-0.2181,1.2002
-0.2487,1.1839
-0.2790,1.1664
-0.3090,1.1478
-0.3387,1.1281
-0.3681,1.1072
-0.3971,1.0853
-0.4258,1.0623
-0.4540,1.0382
-0.4818,1.0132
-0.5090,0.9871
-0.5358,0.9600
-0.5621,0.9320
-0.5878,0.9031
-0.6129,0.8732
-0.6374,0.8425
-0.6613,0.8111
-0.6845,0.7787
-0.7071,0.7456
-0.7290,0.7118
-0.7501,0.6773
-0.7705,0.6421
-0.7902,0.6063
-0.8090,0.5699
-0.8271,0.5329
-0.8443,0.4954
-0.8607,0.4574
-0.8763,0.4189
-0.8910,0.3801
-0.9048,0.3408
-0.9178,0.3013
-0.9298,0.2614
-0.9409,0.2213
-0.9511,0.1809
-0.9603,0.1403
-0.9686,0.0997
-0.9759,0.0589
-0.9823,0.0182
-0.9877,-0.0227
-0.9921,-0.0635
-0.9956,-0.1043
-0.9980,-0.1450
-0.9995,-0.1854
-1.0000,-0.2258
-0.9995,-0.2658
-0.9980,-0.3057
-0.9956,-0.3452
-0.9921,-0.3844
-0.9877,-0.4233
-0.9823,-0.4616
-0.9759,-0.4996
-0.9686,-0.5370
-0.9603,-0.5739
-0.9511,-0.6103
-0.9409,-0.6461
-0.9298,-0.6812
-0.9178,-0.7156
-0.9048,-0.7494
-0.8910,-0.7823
-0.8763,-0.8146
-0.8607,-0.8460
-0.8443,-0.8766
-0.8271,-0.9063
-0.8090,-0.9351
-0.7902,-0.9631
-0.7705,-0.9900
-0.7501,-1.0160
-0.7290,-1.0410
-0.7071,-1.0649
-0.6845,-1.0878
-0.6613,-1.1096
-0.6374,-1.1303
-0.6129,-1.1499
-0.5878,-1.1684
-0.5621,-1.1858
-0.5358,-1.2019
-0.5090,-1.2169
-0.4818,-1.2306
-0.4540,-1.2432
-0.4258,-1.2545
-0.3971,-1.2646
-0.3681,-1.2734
-0.3387,-1.2810
-0.3090,-1.2874
-0.2790,-1.2924
-0.2487,-1.2962
-0.2181,-1.2987
-0.1874,-1.2999
-0.1564,-1.2998
-0.1253,-1.2984
-0.0941,-1.2958
-0.0628,-1.2919
-0.0314,-1.2867
0.0000,-1.2803
0.0314,-1.2725
0.0628,-1.2636
0.0941,-1.2533
0.1253,-1.2419
0.1564,-1.2292
0.1874,-1.2153
0.2181,-1.2002
0.2487,-1.1839
0.2790,-1.1664
0.3090,-1.1478
0.3387,-1.1281
0.3681,-1.1072
0.3971,-1.0853
0.4258,-1.0623
0.4540,-1.0382
0.4818,-1.0131
0.5090,-0.9870
0.5358,-0.9600
0.5621,-0.9319
0.5878,-0.9031
0.6129,-0.8732
0.6374,-0.8426
0.6613,-0.8111
0.6845,-0.7787
0.7071,-0.7456
0.7290,-0.7118
0.7501,-0.6773
0.7705,-0.6421
0.7902,-0.6063
0.8090,-0.5699
0.8271,-0.5329
0.8443,-0.4954
0.8607,-0.4573
0.8763,-0.4190
0.8910,-0.3801
0.9048,-0.3409
0.9178,-0.3013
0.9298,-0.2614
0.9409,-0.2212
0.9511,-0.1809
0.9603,-0.1404
0.9686,-0.0997
0.9759,-0.0590
0.9823,-0.0182
0.9877,0.0227
0.9921,0.0635
0.9956,0.1043
0.9980,0.1449
0.9995,0.1854
1.0000,0.2257
0.9995,0.2658
0.9980,0.3057
0.9956,0.3452
0.9921,0.3845
0.9877,0.4232
0.9823,0.4616
0.9759,0.4995
0.9686,0.5370
0.9603,0.5740
0.9511,0.6103
0.9409,0.6461
0.9298,0.6812
0.9178,0.7156
0.9048,0.7493
0.8910,0.7823
0.8763,0.8146
0.8607,0.8460
0.8443,0.8766
0.8271,0.9063
0.8090,0.9351
0.7902,0.9630
0.7705,0.9900
0.7501,1.0160
0.7290,1.0410
0.7071,1.0649
0.6845,1.0878
0.6613,1.1096
0.6374,1.1303
0.6129,1.1499
0.5878,1.1684
0.5621,1.1858
0.5358,1.2019
0.5090,1.2169
0.4818,1.2306
0.4540,1.2432
0.4258,1.2545
0.3971,1.2646
0.3681,1.2734
0.3387,1.2810
0.3090,1.2873
0.2790,1.2924
0.2487,1.2962
0.2181,1.2987
0.1874,1.2999
0.1564,1.2998
0.1253,1.2984
0.0941,1.2958
0.0628,1.2919
0.0314,1.2867
0.0000,1.2803
-0.0314,1.2725
-0.0628,1.2635
-0.0941,1.2533
-0.1253,1.2418
-0.1564,1.2292
-0.1874,1.2153
-0.2181,1.2002
-0.2487,1.1839
-0.2790,1.1664
-0.3090,1.1478
-0.3387,1.1281
-0.3681,1.1073
-0.3971,1.0853
-0.4258,1.0623
-0.4540,1.0382
-0.4818,1.0131
-0.5090,0.9870
-0.5358,0.9600
-0.5621,0.9320
-0.5878,0.9030
-0.6129,0.8733
-0.6374,0.8426
-0.6613,0.8110
-0.6845,0.7787
-0.7071,0.7456
-0.7290,0.7118
-0.7501,0.6773
-0.7705,0.6421
-0.7902,0.6063
-0.8090,0.5699
-0.8271,0.5329
-0.8443,0.4954
-0.8607,0.4574
-0.8763,0.4189
-0.8910,0.3801
-0.9048,0.3409
-0.9178,0.3013
-0.9298,0.2614
-0.9409,0.2212
-0.9511,0.1809
-0.9603,0.1404
-0.9686,0.0997
-0.9759,0.0590
-0.9823,0.0182
-0.9877,-0.0227
-0.9921,-0.0635
-0.9956,-0.1042
-0.9980,-0.1449
-0.9995,-0.1854
-1.0000,-0.2257
-0.9995,-0.2658
-0.9980,-0.3057
-0.9956,-0.3453
-0.9921,-0.3844
-0.9877,-0.4232
-0.9823,-0.4617
-0.9759,-0.4995
-0.9686,-0.5370
-0.9603,-0.5740
-0.9511,-0.6103
-0.9409,-0.6460
-0.9298,-0.6812
-0.9178,-0.7156
-0.9048,-0.7493
-0.8910,-0.7823
-0.8763,-0.8146
-0.8607,-0.8460
-0.8443,-0.8766
-0.8271,-0.9063
-0.8090,-0.9352
-0.7902,-0.9631
-0.7705,-0.9900
-0.7501,-1.0160
-0.7290,-1.0410
-0.7071,-1.0649
-0.6845,-1.0878
-0.6613,-1.1096
-0.6374,-1.1304
-0.6129,-1.1499
-0.5878,-1.1684
-0.5621,-1.1858
-0.5358,-1.2019
-0.5090,-1.2169
-0.4818,-1.2306
-0.4540,-1.2432
-0.4258,-1.2545
-0.3971,-1.2646
-0.3681,-1.2735
-0.3387,-1.2810
-0.3090,-1.2873
-0.2790,-1.2924
-0.2487,-1.2962
-0.2181,-1.2987
-0.1874,-1.2999
-0.1564,-1.2998
-0.1253,-1.2984
-0.0941,-1.2958
-0.0628,-1.2919
-0.0314,-1.2867
0.0000,-1.2803
0.0314,-1.2725
0.0628,-1.2635
0.0941,-1.2533
0.1253,-1.2419
0.1564,-1.2292
0.1874,-1.2153
0.2181,-1.2002
0.2487,-1.1839
0.2790,-1.1664
0.3090,-1.1478
0.3387,-1.1281
0.3681,-1.1072
0.3971,-1.0853
0.4258,-1.0623
0.4540,-1.0382
0.4818,-1.0131
0.5090,-0.9870
0.5358,-0.9600
0.5621,-0.9320
0.5878,-0.9030
0.6129,-0.8732
0.6374,-0.8426
0.6613,-0.8110
0.6845,-0.7787
0.7071,-0.7457
0.7290,-0.7118
0.7501,-0.6773
0.7705,-0.6421
0.7902,-0.6063
0.8090,-0.5699
0.8271,-0.5329
0.8443,-0.4954
0.8607,-0.4574
0.8763,-0.4189
0.8910,-0.3800
0.9048,-0.3409
0.9178,-0.3013
0.9298,-0.2614
0.9409,-0.2213
0.9511,-0.1809
0.9603,-0.1404
0.9686,-0.0997
0.9759,-0.0590
0.9823,-0.0182
0.9877,0.0227
0.9921,0.0635
0.9956,0.1042
0.9980,0.1449
0.9995,0.1855
1.0000,0.2258
0.9995,0.2658
0.9980,0.3057
0.9956,0.3452
0.9921,0.3844
0.9877,0.4232
0.9823,0.4617
0.9759,0.4996
0.9686,0.5370
0.9603,0.5740
0.9511,0.6103
0.9409,0.6461
0.9298,0.6812
0.9178,0.7156
0.9048,0.7494
0.8910,0.7824
0.8763,0.8146
0.8607,0.8460
0.8443,0.8766
0.8271,0.9063
0.8090,0.9352
0.7902,0.9631
0.7705,0.9900
0.7501,1.0160
0.7290,1.0409
0.7071,1.0649
0.6845,1.0878
0.6613,1.1096
0.6374,1.1304
0.6129,1.1499
0.5878,1.1684
0.5621,1.1857
0.5358,1.2019
0.5090,1.2169
0.4818,1.2307
0.4540,1.2432
0.4258,1.2545
0.3971,1.2646
0.3681,1.2734
0.3387,1.2810
0.3090,1.2873
0.2790,1.2924
0.2487,1.2962
0.2181,1.2987
0.1874,1.2999
0.1564,1.2998
0.1253,1.2984
0.0941,1.2958
0.0628,1.2919
0.0314,1.2867
0.0000,1.2802
-0.0314,1.2725
-0.0628,1.2635
-0.0941,1.2533
-0.1253,1.2419
-0.1564,1.2292
-0.1874,1.2153
-0.2181,1.2001
-0.2487,1.1839
-0.2790,1.1664
-0.3090,1.1478
-0.3387,1.1281
-0.3681,1.1072
-0.3971,1.0853
-0.4258,1.0623
-0.4540,1.0382
-0.4818,1.0131
-0.5090,0.9871
-0.5358,0.9600
-0.5621,0.9320
-0.5878,0.9030
-0.6129,0.8732
-0.6374,0.8426
-0.6613,0.8110
-0.6845,0.7788
-0.7071,0.7457
-0.7290,0.7118
-0.7501,0.6773
-0.7705,0.6421
-0.7902,0.6063
-0.8090,0.5699
-0.8271,0.5329
-0.8443,0.4954
-0.8607,0.4574
-0.8763,0.4189
-0.8910,0.3800
-0.9048,0.3409
-0.9178,0.3013
-0.9298,0.2614
-0.9409,0.2213
-0.9511,0.1809
-0.9603,0.1404
-0.9686,0.0997
-0.9759,0.0590
-0.9823,0.0181
-0.9877,-0.0226
-0.9921,-0.0635
-0.9956,-0.1043
-0.9980,-0.1449
-0.9995,-0.1855
-1.0000,-0.2257
-0.9995,-0.2659
-0.9980,-0.3056
-0.9956,-0.3452
-0.9921,-0.3844
-0.9877,-0.4233
-0.9823,-0.4617
-0.9759,-0.4996
-0.9686,-0.5370
-0.9603,-0.5739
-0.9511,-0.6103
-0.9409,-0.6461
-0.9298,-0.6812
-0.9178,-0.7157
-0.9048,-0.7493
-0.8910,-0.7824
-0.8763,-0.8145
-0.8607,-0.8460
-0.8443,-0.8766
-0.8271,-0.9063
-0.8090,-0.9352
-0.7902,-0.9630
-0.7705,-0.9900
-0.7501,-1.0159
-0.7290,-1.0409
-0.7071,-1.0649
-0.6845,-1.0878
-0.6613,-1.1096
-0.6374,-1.1303
-0.6129,-1.1500
-0.5878,-1.1684
-0.5621,-1.1857
-0.5358,-1.2019
-0.5090,-1.2169
-0.4818,-1.2307
-0.4540,-1.2432
-0.4258,-1.2545
-0.3971,-1.2646
-0.3681,-1.2734
-0.3387,-1.2810
-0.3090,-1.2873
-0.2790,-1.2924
-0.2487,-1.2962
-0.2181,-1.2987
-0.1874,-1.2999
-0.1564,-1.2998
-0.1253,-1.2984
-0.0941,-1.2958
-0.0628,-1.2919
-0.0314,-1.2867
0.0000,-1.2802
0.0314,-1.2725
0.0628,-1.2636
0.0941,-1.2533
0.1253,-1.2419
0.1564,-1.2292
0.1874,-1.2153
0.2181,-1.2002
0.2487,-1.1839
0.2790,-1.1665
0.3090,-1.1478
0.3387,-1.1281
0.3681,-1.1072
0.3971,-1.0853
0.4258,-1.0623
0.4540,-1.0382
0.4818,-1.0132
0.5090,-0.9871
0.5358,-0.9600
0.5621,-0.9320
0.5878,-0.9030
0.6129,-0.8732
0.6374,-0.8425
0.6613,-0.8111
0.6845,-0.7788
0.7071,-0.7457
0.7290,-0.7118
0.7501,-0.6773
0.7705,-0.6421
0.7902,-0.6063
0.8090,-0.5699
0.8271,-0.5329
0.8443,-0.4954
0.8607,-0.4574
0.8763,-0.4189
0.8910,-0.3801
0.9048,-0.3408
0.9178,-0.3013
0.9298,-0.2614
0.9409,-0.2213
0.9511,-0.1809
0.9603,-0.1404
0.9686,-0.0998
0.9759,-0.0590
0.9823,-0.0181
0.9877,0.0227
0.9921,0.0635
0.9956,0.1043
0.9980,0.1449
0.9995,0.1854
1.0000,0.2257
0.9995,0.2659
0.9980,0.3056
0.9956,0.3452
0.9921,0.3844
0.9877,0.4233
0.9823,0.4616
0.9759,0.4996
0.9686,0.5371
0.9603,0.5739
0.9511,0.6103
0.9409,0.6461
0.9298,0.6812
0.9178,0.7156
0.9048,0.7494
0.8910,0.7824
0.8763,0.8146
0.8607,0.8460
0.8443,0.8766
0.8271,0.9063
0.8090,0.9351
0.7902,0.9630
0.7705,0.9900
0.7501,1.0159
0.7290,1.0409
0.7071,1.0649
0.6845,1.0878
0.6613,1.1096
0.6374,1.1303
0.6129,1.1500
0.5878,1.1684
0.5621,1.1857
0.5358,1.2019
0.5090,1.2169
0.4818,1.2306
0.4540,1.2432
0.4258,1.2545
0.3971,1.2646
0.3681,1.2734
0.3387,1.2810
0.3090,1.2873
0.2790,1.2924
0.2487,1.2962
0.2181,1.2987
0.1874,1.2999
0.1564,1.2998
0.1253,1.2984
0.0941,1.2958
0.0628,1.2919
0.0314,1.2867
0.0000,1.2802
-0.0314,1.2725
-0.0628,1.2636
-0.0941,1.2533
-0.1253,1.2419
-0.1564,1.2292
-0.1874,1.2153
-0.2181,1.2002
-0.2487,1.1839
-0.2790,1.1664
-0.3090,1.1478
-0.3387,1.1281
-0.3681,1.1072
-0.3971,1.0853
-0.4258,1.0623
-0.4540,1.0382
-0.4818,1.0132
-0.5090,0.9871
-0.5358,0.9600
-0.5621,0.9320
-0.5878,0.9031
-0.6129,0.8732
-0.6374,0.8425
-0.6613,0.8110
-0.6845,0.7787
-0.7071,0.7456
-0.7290,0.7118
-0.7501,0.6773
-0.7705,0.6421
-0.7902,0.6063
-0.8090,0.5698
-0.8271,0.5329
-0.8443,0.4954
-0.8607,0.4574
-0.8763,0.4190
-0.8910,0.3801
-0.9048,0.3408
-0.9178,0.3012
-0.9298,0.2614
-0.9409,0.2213
-0.9511,0.1809
-0.9603,0.1404
-0.9686,0.0997
-0.9759,0.0590
-0.9823,0.0181
-0.9877,-0.0227
-0.9921,-0.0635
-0.9956,-0.1043
-0.9980,-0.1449
-0.9995,-0.1854
-1.0000,-0.2258
-0.9995,-0.2659
-0.9980,-0.3057
-0.9956,-0.3452
-0.9921,-0.3844
-0.9877,-0.4232
-0.9823,-0.4616
-0.9759,-0.4996
-0.9686,-0.5371
-0.9603,-0.5740
-0.9511,-0.6103
-0.9409,-0.6461
-0.9298,-0.6811
-0.9178,-0.7156
-0.9048,-0.7494
-0.8910,-0.7824
-0.8763,-0.8146
-0.8607,-0.8460
-0.8443,-0.8766
-0.8271,-0.9063
-0.8090,-0.9351
-0.7902,-0.9630
-0.7705,-0.9900
-0.7501,-1.0160
-0.7290,-1.0409
-0.7071,-1.0649
-0.6845,-1.0878
-0.6613,-1.1096
-0.6374,-1.1303
-0.6129,-1.1500
-0.5878,-1.1685
-0.5621,-1.1858
-0.5358,-1.2019
-0.5090,-1.2169
-0.4818,-1.2306
-0.4540,-1.2432
-0.4258,-1.2545
-0.3971,-1.2646
-0.3681,-1.2734
-0.3387,-1.2810
-0.3090,-1.2874
-0.2790,-1.2924
-0.2487,-1.2962
-0.2181,-1.2987
-0.1874,-1.2999
-0.1564,-1.2998
-0.1253,-1.2984
-0.0941,-1.2958
-0.0628,-1.2919
-0.0314,-1.2867
0.0000,-1.2802
0.0314,-1.2725
0.0628,-1.2635
0.0941,-1.2533
0.1253,-1.2419
0.1564,-1.2292
0.1874,-1.2153
0.2181,-1.2002
0.2487,-1.1839
0.2790,-1.1664
0.3090,-1.1478
0.3387,-1.1281
0.3681,-1.1073
0.3971,-1.0853
0.4258,-1.0623
0.4540,-1.0382
0.4818,-1.0131
0.5090,-0.9871
0.5358,-0.9600
0.5621,-0.9320
0.5878,-0.9031
0.6129,-0.8732
0.6374,-0.8425
0.6613,-0.8110
0.6845,-0.7787
0.7071,-0.7456
0.7290,-0.7119
0.7501,-0.6773
0.7705,-0.6421
0.7902,-0.6063
0.8090,-0.5698
0.8271,-0.5329
0.8443,-0.4954
0.8607,-0.4574
0.8763,-0.4190
0.8910,-0.3801
0.9048,-0.3408
0.9178,-0.3012
0.9298,-0.2614
0.9409,-0.2213
0.9511,-0.1810
0.9603,-0.1404
0.9686,-0.0997
0.9759,-0.0589
0.9823,-0.0181
0.9877,0.0227
0.9921,0.0635
0.9956,0.1042
0.9980,0.1449
0.9995,0.1854
1.0000,0.2258
0.9995,0.2659
0.9980,0.3057
0.9956,0.3452
0.9921,0.3844
0.9877,0.4232
0.9823,0.4616
0.9759,0.4996
0.9686,0.5371
0.9603,0.5739
0.9511,0.6103
0.9409,0.6460
0.9298,0.6812
0.9178,0.7156
0.9048,0.7494
0.8910,0.7824
0.8763,0.8146
0.8607,0.8460
0.8443,0.8766
0.8271,0.9063
0.8090,0.9351
0.7902,0.9631
0.7705,0.9900
0.7501,1.0160
0.7290,1.0410
0.7071,1.0649
0.6845,1.0878
0.6613,1.1096
0.6374,1.1303
0.6129,1.1500
0.5878,1.1685
0.5621,1.1858
0.5358,1.2019
0.5090,1.2169
0.4818,1.2306
0.4540,1.2432
0.4258,1.2545
0.3971,1.2646
0.3681,1.2734
0.3387,1.2810
0.3090,1.2873
0.2790,1.2924
0.2487,1.2962
0.2181,1.2987
0.1874,1.2999
0.1564,1.2998
0.1253,1.2984
0.0941,1.2958
0.0628,1.2919
0.0314,1.2867
0.0000,1.2802
-0.0314,1.2725
-0.0628,1.2635
-0.0941,1.2533
-0.1253,1.2419
-0.1564,1.2292
-0.1874,1.2153
-0.2181,1.2002
-0.2487,1.1839
-0.2790,1.1664
-0.3090,1.1478
-0.3387,1.1281
-0.3681,1.1073
-0.3971,1.0853
-0.4258,1.0623
-0.4540,1.0382
-0.4818,1.0131
-0.5090,0.9870
-0.5358,0.9600
-0.5621,0.9320
-0.5878,0.9031
-0.6129,0.8732
-0.6374,0.8425
-0.6613,0.8111
-0.6845,0.7787
-0.7071,0.7457
-0.7290,0.7119
-0.7501,0.6773
-0.7705,0.6421
-0.7902,0.6063
-0.8090,0.5699
-0.8271,0.5329
-0.8443,0.4954
-0.8607,0.4574
-0.8763,0.4190
-0.8910,0.3801
-0.9048,0.3408
-0.9178,0.3013
-0.9298,0.2614
-0.9409,0.2213
-0.9511,0.1810
-0.9603,0.1404
-0.9686,0.0997
-0.9759,0.0589
-0.9823,0.0182
-0.9877,-0.0227
-0.9921,-0.0634
-0.9956,-0.1042
-0.9980,-0.1449
-0.9995,-0.1854
-1.0000,-0.2258
-0.9995,-0.2658
-0.9980,-0.3057
-0.9956,-0.3452
-0.9921,-0.3844
-0.9877,-0.4232
-0.9823,-0.4616
-0.9759,-0.4996
-0.9686,-0.5370
-0.9603,-0.5740
-0.9511,-0.6103
-0.9409,-0.6460
-0.9298,-0.6812
-0.9178,-0.7156
-0.9048,-0.7494
-0.8910,-0.7823
-0.8763,-0.8146
-0.8607,-0.8460
-0.8443,-0.8766
-0.8271,-0.9063
-0.8090,-0.9351
-0.7902,-0.9631
-0.7705,-0.9900
-0.7501,-1.0160
-0.7290,-1.0410
-0.7071,-1.0649
-0.6845,-1.0878
-0.6613,-1.1096
-0.6374,-1.1304
-0.6129,-1.1499
-0.5878,-1.1684
-0.5621,-1.1858
-0.5358,-1.2019
-0.5090,-1.2169
-0.4818,-1.2306
-0.4540,-1.2432
-0.4258,-1.2545
-0.3971,-1.2646
-0.3681,-1.2734
-0.3387,-1.2810
-0.3090,-1.2873
-0.2790,-1.2924
-0.2487,-1.2962
-0.2181,-1.2987
-0.1874,-1.2999
-0.1564,-1.2998
-0.1253,-1.2984
-0.0941,-1.2958
-0.0628,-1.2919
-0.0314,-1.2867
0.0000,-1.2802
0.0314,-1.2725
0.0628,-1.2635
0.0941,-1.2533
0.1253,-1.2419
0.1564,-1.2292
0.1874,-1.2153
0.2181,-1.2002
0.2487,-1.1839
0.2790,-1.1664
0.3090,-1.1478
0.3387,-1.1281
0.3681,-1.1072
0.3971,-1.0853
0.4258,-1.0623
0.4540,-1.0382
0.4818,-1.0131
0.5090,-0.9870
0.5358,-0.9600
0.5621,-0.9320
0.5878,-0.9030
0.6129,-0.8732
0.6374,-0.8426
0.6613,-0.8110
0.6845,-0.7787
0.7071,-0.7457
0.7290,-0.7118
0.7501,-0.6773
0.7705,-0.6421
0.7902,-0.6063
0.8090,-0.5699
0.8271,-0.5329
0.8443,-0.4954
0.8607,-0.4574
0.8763,-0.4189
0.8910,-0.3801
0.9048,-0.3409
0.9178,-0.3013
0.9298,-0.2614
0.9409,-0.2212
0.9511,-0.1809
0.9603,-0.1404
0.9686,-0.0997
0.9759,-0.0590
0.9823,-0.0182
0.9877,0.0227
0.9921,0.0635
0.9956,0.1042
0.9980,0.1449
0.9995,0.1854
1.0000,0.2257
0.9995,0.2658
0.9980,0.3057
0.9956,0.3452
0.9921,0.3845
0.9877,0.4232
0.9823,0.4617
0.9759,0.4995
0.9686,0.5370
0.9603,0.5740
0.9511,0.6103
0.9409,0.6461
0.9298,0.6812
0.9178,0.7156
0.9048,0.7493
0.8910,0.7823
0.8763,0.8146
0.8607,0.8460
0.8443,0.8766
0.8271,0.9063
0.8090,0.9352
0.7902,0.9630
0.7705,0.9900
0.7501,1.0160
0.7290,1.0409
0.7071,1.0649
0.6845,1.0878
0.6613,1.1096
0.6374,1.1303
0.6129,1.1499
0.5878,1.1684
0.5621,1.1857
0.5358,1.2019
0.5090,1.2169
0.4818,1.2306
0.4540,1.2432
0.4258,1.2545
0.3971,1.2646
0.3681,1.2734
0.3387,1.2810
0.3090,1.2873
0.2790,1.2924
0.2487,1.2962
0.2181,1.2987
0.1874,1.2999
0.1564,1.2998
0.1253,1.2984
0.0941,1.2958
0.0628,1.2919
0.0314,1.2867
0.0000,1.2802
-0.0314,1.2725
-0.0628,1.2636
-0.0941,1.2533
-0.1253,1.2419
-0.1564,1.2292
-0.1874,1.2153
-0.2181,1.2002
-0.2487,1.1839
-0.2790,1.1665
-0.3090,1.1478
-0.3387,1.1281
-0.3681,1.1072
-0.3971,1.0853
-0.4258,1.0623
-0.4540,1.0382
-0.4818,1.0132
-0.5090,0.9870
-0.5358,0.9600
-0.5621,0.9320
-0.5878,0.9030
-0.6129,0.8732
-0.6374,0.8426
-0.6613,0.8111
-0.6845,0.7787
-0.7071,0.7457
-0.7290,0.7118
-0.7501,0.6773
-0.7705,0.6421
-0.7902,0.6063
-0.8090,0.5699
-0.8271,0.5329
-0.8443,0.4954
-0.8607,0.4574
-0.8763,0.4189
-0.8910,0.3800
-0.9048,0.3409
-0.9178,0.3013
-0.9298,0.2614
-0.9409,0.2213
-0.9511,0.1809
-0.9603,0.1404
-0.9686,0.0997
-0.9759,0.0590
-0.9823,0.0182
-0.9877,-0.0227
-0.9921,-0.0635
-0.9956,-0.1042
-0.9980,-0.1449
-0.9995,-0.1855
-1.0000,-0.2257
-0.9995,-0.2658
-0.9980,-0.3057
-0.9956,-0.3452
-0.9921,-0.3844
-0.9877,-0.4232
-0.9823,-0.4617
-0.9759,-0.4996
-0.9686,-0.5370
-0.9603,-0.5740
-0.9511,-0.6103
-0.9409,-0.6461
-0.9298,-0.6812
-0.9178,-0.7156
-0.9048,-0.7493
-0.8910,-0.7823
-0.8763,-0.8146
-0.8607,-0.8460
-0.8443,-0.8766
-0.8271,-0.9063
-0.8090,-0.9352
-0.7902,-0.9630
-0.7705,-0.9900
-0.7501,-1.0160
-0.7290,-1.0409
-0.7071,-1.0649
-0.6845,-1.0878
-0.6613,-1.1096
-0.6374,-1.1303
-0.6129,-1.1500
-0.5878,-1.1684
-0.5621,-1.1857
-0.5358,-1.2019
-0.5090,-1.2169
-0.4818,-1.2306
-0.4540,-1.2432
-0.4258,-1.2545
-0.3971,-1.2646
-0.3681,-1.2734
-0.3387,-1.2810
-0.3090,-1.2873
-0.2790,-1.2924
-0.2487,-1.2962
-0.2181,-1.2987
-0.1874,-1.2999
-0.1564,-1.2998
-0.1253,-1.2984
-0.0941,-1.2958
-0.0628,-1.2919
-0.0314,-1.2867
0.0000,-1.2802
0.0314,-1.2725
0.0628,-1.2636
0.0941,-1.2533
0.1253,-1.2419
0.1564,-1.2292
0.1874,-1.2153
0.2181,-1.2001
0.2487,-1.1839
0.2790,-1.1665
0.3090,-1.1478
0.3387,-1.1281
0.3681,-1.1072
0.3971,-1.0853
0.4258,-1.0623
0.4540,-1.0382
0.4818,-1.0132
0.5090,-0.9870
0.5358,-0.9600
0.5621,-0.9320
0.5878,-0.9031
0.6129,-0.8732
0.6374,-0.8426
0.6613,-0.8111
0.6845,-0.7787
0.7071,-0.7457
0.7290,-0.7118
0.7501,-0.6774
0.7705,-0.6421
0.7902,-0.6063
0.8090,-0.5699
0.8271,-0.5329
0.8443,-0.4954
0.8607,-0.4574
0.8763,-0.4190
0.8910,-0.3800
0.9048,-0.3409
0.9178,-0.3013
0.9298,-0.2614
0.9409,-0.2213
0.9511,-0.1809
0.9603,-0.1405
0.9686,-0.0997
0.9759,-0.0590
0.9823,-0.0182
0.9877,0.0227
0.9921,0.0635
0.9956,0.1043
0.9980,0.1449
0.9995,0.1855
1.0000,0.2257
0.9995,0.2659
0.9980,0.3057
0.9956,0.3452
0.9921,0.3844
0.9877,0.4232
0.9823,0.4617
0.9759,0.4996
0.9686,0.5370
0.9603,0.5740
0.9511,0.6103
0.9409,0.6461
0.9298,0.6811
0.9178,0.7157
0.9048,0.7493
0.8910,0.7824
0.8763,0.8146
0.8607,0.8460
0.8443,0.8766
0.8271,0.9063
0.8090,0.9352
0.7902,0.9630
0.7705,0.9900
0.7501,1.0160
0.7290,1.0409
0.7071,1.0649
0.6845,1.0878
0.6613,1.1096
0.6374,1.1303
0.6129,1.1500
0.5878,1.1684
0.5621,1.1857
0.5358,1.2019
0.5090,1.2169
0.4818,1.2307
0.4540,1.2432
0.4258,1.2545
0.3971,1.2646
0.3681,1.2734
0.3387,1.2810
0.3090,1.2873
0.2790,1.2924
0.2487,1.2962
0.2181,1.2987
0.1874,1.2999
0.1564,1.2998
0.1253,1.2984
0.0941,1.2958
0.0628,1.2919
0.0314,1.2867
0.0000,1.2802
-0.0314,1.2725
-0.0628,1.2636
-0.0941,1.2533
-0.1253,1.2419
-0.1564,1.2292
-0.1874,1.2153
-0.2181,1.2001
-0.2487,1.1839
-0.2790,1.1665
-0.3090,1.1478
-0.3387,1.1281
-0.3681,1.1072
-0.3971,1.0853
-0.4258,1.0622
-0.4540,1.0382
-0.4818,1.0132
-0.5090,0.9871
-0.5358,0.9600
-0.5621,0.9320
-0.5878,0.9031
-0.6129,0.8732
-0.6374,0.8425
-0.6613,0.8111
-0.6845,0.7787
-0.7071,0.7457
-0.7290,0.7118
-0.7501,0.6773
-0.7705,0.6421
-0.7902,0.6063
-0.8090,0.5699
-0.8271,0.5329
-0.8443,0.4954
-0.8607,0.4574
-0.8763,0.4190
-0.8910,0.3800
-0.9048,0.3408
-0.9178,0.3012
-0.9298,0.2614
-0.9409,0.2213
-0.9511,0.1809
-0.9603,0.1404
-0.9686,0.0997
-0.9759,0.0590
-0.9823,0.0181
-0.9877,-0.0227
-0.9921,-0.0635
-0.9956,-0.1043
-0.9980,-0.1449
-0.9995,-0.1855
-1.0000,-0.2257
-0.9995,-0.2659
-0.9980,-0.3057
-0.9956,-0.3452
-0.9921,-0.3844
-0.9877,-0.4232
-0.9823,-0.4617
-0.9759,-0.4996
-0.9686,-0.5371
-0.9603,-0.5739
-0.9511,-0.6103
-0.9409,-0.6461
-0.9298,-0.6811
-0.9178,-0.7157
-0.9048,-0.7494
-0.8910,-0.7824
-0.8763,-0.8146
-0.8607,-0.8460
-0.8443,-0.8766
-0.8271,-0.9063
-0.8090,-0.9352
-0.7902,-0.9630
-0.7705,-0.9900
-0.7501,-1.0160
-0.7290,-1.0409
-0.7071,-1.0649
-0.6845,-1.0878
-0.6613,-1.1096
-0.6374,-1.1303
-0.6129,-1.1500
-0.5878,-1.1684
-0.5621,-1.1857
-0.5358,-1.2019
-0.5090,-1.2169
-0.4818,-1.2307
-0.4540,-1.2432
-0.4258,-1.2545
-0.3971,-1.2646
-0.3681,-1.2734
-0.3387,-1.2810
-0.3090,-1.2873
-0.2790,-1.2924
-0.2487,-1.2962
-0.2181,-1.2987
-0.1874,-1.2999
-0.1564,-1.2998
-0.1253,-1.2984
-0.0941,-1.2958
-0.0628,-1.2919
-0.0314,-1.2867
0.0000,-1.2802
0.0314,-1.2725
0.0628,-1.2635
0.0941,-1.2533
0.1253,-1.2419
0.1564,-1.2292
0.1874,-1.2153
0.2181,-1.2002
0.2487,-1.1839
0.2790,-1.1664
0.3090,-1.1478
0.3387,-1.1281
0.3681,-1.1072
0.3971,-1.0853
0.4258,-1.0623
0.4540,-1.0382
0.4818,-1.0131
0.5090,-0.9871
0.5358,-0.9600
0.5621,-0.9320
0.5878,-0.9031
0.6129,-0.8732
0.6374,-0.8425
0.6613,-0.8110
0.6845,-0.7787
0.7071,-0.7457
0.7290,-0.7118
0.7501,-0.6773
0.7705,-0.6421
0.7902,-0.6063
0.8090,-0.5698
0.8271,-0.5329
0.8443,-0.4955
0.8607,-0.4574
0.8763,-0.4190
0.8910,-0.3801
0.9048,-0.3408
0.9178,-0.3012
0.9298,-0.2614
0.9409,-0.2213
0.9511,-0.1809
0.9603,-0.1404
0.9686,-0.0997
0.9759,-0.0590
0.9823,-0.0181
0.9877,0.0227
0.9921,0.0634
0.9956,0.1043
0.9980,0.1449
0.9995,0.1854
1.0000,0.2258
0.9995,0.2659
0.9980,0.3057
0.9956,0.3451
0.9921,0.3844
0.9877,0.4232
0.9823,0.4616
0.9759,0.4996
0.9686,0.5371
0.9603,0.5739
0.9511,0.6102
0.9409,0.6461
0.9298,0.6811
0.9178,0.7156
0.9048,0.7494
0.8910,0.7824
0.8763,0.8146
0.8607,0.8459
0.8443,0.8766
0.8271,0.9063
0.8090,0.9351
0.7902,0.9630
0.7705,0.9900
0.7501,1.0160
0.7290,1.0409
0.7071,1.0649
0.6845,1.0878
0.6613,1.1096
0.6374,1.1303
0.6129,1.1500
0.5878,1.1684
0.5621,1.1858
0.5358,1.2019
0.5090,1.2169
0.4818,1.2307
0.4540,1.2432
0.4258,1.2545
0.3971,1.2646
0.3681,1.2735
0.3387,1.2810
0.3090,1.2873
0.2790,1.2924
0.2487,1.2962
0.2181,1.2987
0.1874,1.2999
0.1564,1.2998
0.1253,1.2984
0.0941,1.2958
0.0628,1.2919
0.0314,1.2867
0.0000,1.2802
-0.0314,1.2725
-0.0628,1.2635
-0.0941,1.2533
-0.1253,1.2419
-0.1564,1.2292
-0.1874,1.2153
-0.2181,1.2002
-0.2487,1.1839
-0.2790,1.1664
-0.3090,1.1478
-0.3387,1.1281
-0.3681,1.1072
-0.3971,1.0853
-0.4258,1.0623
-0.4540,1.0383
-0.4818,1.0131
-0.5090,0.9871
-0.5358,0.9600
-0.5621,0.9320
-0.5878,0.9031
-0.6129,0.8732
-0.6374,0.8426
-0.6613,0.8110
-0.6845,0.7787
-0.7071,0.7457
-0.7290,0.7118
-0.7501,0.6773
-0.7705,0.6421
-0.7902,0.6063
-0.8090,0.5698
-0.8271,0.5329
-0.8443,0.4954
-0.8607,0.4574
-0.8763,0.4190
-0.8910,0.3801
-0.9048,0.3409
-0.9178,0.3012
-0.9298,0.2614
-0.9409,0.2213
-0.9511,0.1809
-0.9603,0.1404
-0.9686,0.0997
-0.9759,0.0590
-0.9823,0.0181
-0.9877,-0.0227
-0.9921,-0.0634
-0.9956,-0.1043
-0.9980,-0.1449
-0.9995,-0.1854
-1.0000,-0.2257
-0.9995,-0.2659
-0.9980,-0.3057
-0.9956,-0.3452
-0.9921,-0.3845
-0.9877,-0.4232
-0.9823,-0.4616
-0.9759,-0.4995
-0.9686,-0.5371
-0.9603,-0.5739
-0.9511,-0.6103
-0.9409,-0.6461
-0.9298,-0.6812
-0.9178,-0.7156
-0.9048,-0.7493
-0.8910,-0.7824
-0.8763,-0.8146
-0.8607,-0.8460
-0.8443,-0.8766
-0.8271,-0.9063
-0.8090,-0.9351
-0.7902,-0.9630
-0.7705,-0.9900
-0.7501,-1.0160
-0.7290,-1.0410
-0.7071,-1.0649
-0.6845,-1.0878
-0.6613,-1.1096
-0.6374,-1.1303
-0.6129,-1.1500
-0.5878,-1.1684
-0.5621,-1.1858
-0.5358,-1.2019
-0.5090,-1.2169
-0.4818,-1.2306
-0.4540,-1.2432
-0.4258,-1.2545
-0.3971,-1.2646
-0.3681,-1.2735
-0.3387,-1.2810
-0.3090,-1.2873
-0.2790,-1.2924
-0.2487,-1.2962
-0.2181,-1.2987
-0.1874,-1.2999
-0.1564,-1.2998
-0.1253,-1.2984
-0.0941,-1.2958
-0.0628,-1.2919
-0.0314,-1.2867
0.0000,-1.2802
0.0314,-1.2725
0.0628,-1.2635
0.0941,-1.2533
0.1253,-1.2419
0.1564,-1.2292
0.1874,-1.2153
0.2181,-1.2002
0.2487,-1.1839
0.2790,-1.1664
0.3090,-1.1478
0.3387,-1.1281
0.3681,-1.1073
0.3971,-1.0853
0.4258,-1.0623
0.4540,-1.0382
0.4818,-1.0131
0.5090,-0.9870
0.5358,-0.9600
0.5621,-0.9320
0.5878,-0.9031
0.6129,-0.8732
0.6374,-0.8426
0.6613,-0.8110
0.6845,-0.7787
0.7071,-0.7457
0.7290,-0.7119
0.7501,-0.6773
0.7705,-0.6421
0.7902,-0.6063
0.8090,-0.5698
0.8271,-0.5329
0.8443,-0.4954
0.8607,-0.4574
0.8763,-0.4189
0.8910,-0.3801
0.9048,-0.3409
0.9178,-0.3012
0.9298,-0.2614
0.9409,-0.2212
0.9511,-0.1810
0.9603,-0.1404
0.9686,-0.0997
0.9759,-0.0590
0.9823,-0.0181
0.9877,0.0227
0.9921,0.0635
0.9956,0.1042
0.9980,0.1449
0.9995,0.1854
1.0000,0.2257
0.9995,0.2659
0.9980,0.3057
0.9956,0.3452
0.9921,0.3844
0.9877,0.4232
0.9823,0.4616
0.9759,0.4995
0.9686,0.5371
0.9603,0.5740
0.9511,0.6103
0.9409,0.6460
0.9298,0.6812
0.9178,0.7156
0.9048,0.7493
0.8910,0.7824
0.8763,0.8146
0.8607,0.8460
0.8443,0.8766
0.8271,0.9063
0.8090,0.9351
0.7902,0.9630
0.7705,0.9900
0.7501,1.0160
0.7290,1.0410
0.7071,1.0649
0.6845,1.0878
0.6613,1.1096
0.6374,1.1303
0.6129,1.1500
0.5878,1.1684
0.5621,1.1858
0.5358,1.2019
0.5090,1.2169
0.4818,1.2306
0.4540,1.2432
0.4258,1.2545
0.3971,1.2646
0.3681,1.2734
0.3387,1.2810
0.3090,1.2873
0.2790,1.2924
0.2487,1.2962
0.2181,1.2987
0.1874,1.2999
0.1564,1.2998
0.1253,1.2984
0.0941,1.2958
0.0628,1.2919
0.0314,1.2867
0.0000,1.2802
-0.0314,1.2725
-0.0628,1.2635
-0.0941,1.2533
-0.1253,1.2419
-0.1564,1.2292
-0.1874,1.2153
-0.2181,1.2002
-0.2487,1.1839
-0.2790,1.1664
-0.3090,1.1478
-0.3387,1.1281
-0.3681,1.1072
-0.3971,1.0853
-0.4258,1.0623
-0.4540,1.0382
-0.4818,1.0131
-0.5090,0.9870
-0.5358,0.9600
-0.5621,0.9320
-0.5878,0.9031
-0.6129,0.8732
-0.6374,0.8426
-0.6613,0.8110
-0.6845,0.7787
-0.7071,0.7456
-0.7290,0.7118
-0.7501,0.6774
-0.7705,0.6421
-0.7902,0.6063
-0.8090,0.5699
-0.8271,0.5329
-0.8443,0.4954
-0.8607,0.4574
-0.8763,0.4190
-0.8910,0.3801
-0.9048,0.3409
-0.9178,0.3013
-0.9298,0.2614
-0.9409,0.2212
-0.9511,0.1809
-0.9603,0.1405
-0.9686,0.0997
-0.9759,0.0590
-0.9823,0.0182
-0.9877,-0.0227
-0.9921,-0.0635
-0.9956,-0.1042
-0.9980,-0.1448
-0.9995,-0.1854
-1.0000,-0.2257
-0.9995,-0.2658
-0.9980,-0.3057
-0.9956,-0.3453
-0.9921,-0.3844
-0.9877,-0.4232
-0.9823,-0.4617
-0.9759,-0.4996
-0.9686,-0.5370
-0.9603,-0.5740
-0.9511,-0.6103
-0.9409,-0.6460
-0.9298,-0.6811
-0.9178,-0.7156
-0.9048,-0.7493
-0.8910,-0.7823
-0.8763,-0.8146
-0.8607,-0.8460
-0.8443,-0.8766
-0.8271,-0.9063
-0.8090,-0.9352
-0.7902,-0.9630
-0.7705,-0.9900
-0.7501,-1.0160
-0.7290,-1.0410
-0.7071,-1.0649
-0.6845,-1.0877
-0.6613,-1.1096
-0.6374,-1.1303
-0.6129,-1.1500
-0.5878,-1.1684
-0.5621,-1.1858
-0.5358,-1.2019
-0.5090,-1.2168
-0.4818,-1.2306
-0.4540,-1.2432
-0.4258,-1.2545
-0.3971,-1.2646
-0.3681,-1.2735
-0.3387,-1.2810
-0.3090,-1.2873
-0.2790,-1.2924
-0.2487,-1.2962
-0.2181,-1.2987
-0.1874,-1.2999
-0.1564,-1.2998
-0.1253,-1.2984
-0.0941,-1.2958
-0.0628,-1.2919
-0.0314,-1.2867
0.0000,-1.2802
0.0314,-1.2725
0.0628,-1.2635
0.0941,-1.2533
0.1253,-1.2418
0.1564,-1.2292
0.1874,-1.2153
0.2181,-1.2002
0.2487,-1.1839
0.2790,-1.1664
0.3090,-1.1479
0.3387,-1.1281
0.3681,-1.1072
0.3971,-1.0853
0.4258,-1.0623
0.4540,-1.0382
0.4818,-1.0131
0.5090,-0.9871
0.5358,-0.9600
0.5621,-0.9320
0.5878,-0.9031
0.6129,-0.8732
0.6374,-0.8426
0.6613,-0.8110
0.6845,-0.7788
0.7071,-0.7456
0.7290,-0.7118
0.7501,-0.6774
0.7705,-0.6421
0.7902,-0.6063
0.8090,-0.5699
0.8271,-0.5329
0.8443,-0.4953
0.8607,-0.4574
0.8763,-0.4190
0.8910,-0.3800
0.9048,-0.3409
0.9178,-0.3013
0.9298,-0.2615
0.9409,-0.2212
0.9511,-0.1809
0.9603,-0.1405
0.9686,-0.0997
0.9759,-0.0590
0.9823,-0.0181
0.9877,0.0226
0.9921,0.0636
0.9956,0.1043
0.9980,0.1448
0.9995,0.1855
1.0000,0.2257
0.9995,0.2658
0.9980,0.3056
0.9956,0.3453
0.9921,0.3844
0.9877,0.4232
0.9823,0.4617
0.9759,0.4996
0.9686,0.5370
0.9603,0.5739
0.9511,0.6104
0.9409,0.6461
0.9298,0.6811
0.9178,0.7157
0.9048,0.7493
0.8910,0.7824
0.8763,0.8145
0.8607,0.8460
0.8443,0.8766
0.8271,0.9063
0.8090,0.9352
0.7902,0.9630
0.7705,0.9900
0.7501,1.0159
0.7290,1.0410
0.7071,1.0649
0.6845,1.0878
0.6613,1.1096
0.6374,1.1303
0.6129,1.1500
0.5878,1.1684
0.5621,1.1858
0.5358,1.2019
0.5090,1.2169
0.4818,1.2307
0.4540,1.2432
0.4258,1.2545
0.3971,1.2646
0.3681,1.2735
0.3387,1.2810
0.3090,1.2874
0.2790,1.2924
0.2487,1.2962
0.2181,1.2987
0.1874,1.2999
0.1564,1.2998
0.1253,1.2984
0.0941,1.2958
0.0628,1.2919
0.0314,1.2867
0.0000,1.2803
-0.0314,1.2725
-0.0628,1.2635
-0.0941,1.2533
-0.1253,1.2418
-0.1564,1.2292
-0.1874,1.2153
-0.2181,1.2002
-0.2487,1.1839
-0.2790,1.1664
-0.3090,1.1478
-0.3387,1.1281
-0.3681,1.1072
-0.3971,1.0853
-0.4258,1.0623
-0.4540,1.0382
-0.4818,1.0131
-0.5090,0.9871
-0.5358,0.9599
-0.5621,0.9320
-0.5878,0.9031
-0.6129,0.8733
-0.6374,0.8426
-0.6613,0.8110
-0.6845,0.7788
-0.7071,0.7456
-0.7290,0.7118
-0.7501,0.6774
-0.7705,0.6421
-0.7902,0.6063
-0.8090,0.5699
-0.8271,0.5329
-0.8443,0.4953
-0.8607,0.4574
-0.8763,0.4190
-0.8910,0.3801
-0.9048,0.3408
-0.9178,0.3013
-0.9298,0.2614
-0.9409,0.2212
-0.9511,0.1809
-0.9603,0.1405
-0.9686,0.0998
-0.9759,0.0590
-0.9823,0.0181
-0.9877,-0.0226
-0.9921,-0.0636
-0.9956,-0.1043
-0.9980,-0.1449
-0.9995,-0.1854
-1.0000,-0.2257
-0.9995,-0.2659
-0.9980,-0.3056
-0.9956,-0.3453
-0.9921,-0.3844
-0.9877,-0.4233
-0.9823,-0.4616
-0.9759,-0.4996
-0.9686,-0.5370
-0.9603,-0.5739
-0.9511,-0.6104
-0.9409,-0.6461
-0.9298,-0.6812
-0.9178,-0.7156
-0.9048,-0.7494
-0.8910,-0.7824
-0.8763,-0.8145
-0.8607,-0.8460
-0.8443,-0.8766
-0.8271,-0.9063
-0.8090,-0.9351
-0.7902,-0.9630
-0.7705,-0.9900
-0.7501,-1.0159
-0.7290,-1.0410
-0.7071,-1.0649
-0.6845,-1.0878
-0.6613,-1.1096
-0.6374,-1.1303
-0.6129,-1.1500
-0.5878,-1.1684
-0.5621,-1.1858
-0.5358,-1.2019
-0.5090,-1.2169
-0.4818,-1.2307
-0.4540,-1.2432
-0.4258,-1.2545
-0.3971,-1.2646
-0.3681,-1.2735
-0.3387,-1.2810
-0.3090,-1.2873
-0.2790,-1.2924
-0.2487,-1.2962
-0.2181,-1.2987
-0.1874,-1.2999
-0.1564,-1.2998
-0.1253,-1.2984
-0.0941,-1.2958
-0.0628,-1.2919
-0.0314,-1.2867
0.0000,-1.2802
0.0314,-1.2725
0.0628,-1.2635
0.0941,-1.2533
0.1253,-1.2419
0.1564,-1.2292
0.1874,-1.2153
0.2181,-1.2002
0.2487,-1.1839
0.2790,-1.1664
0.3090,-1.1478
0.3387,-1.1281
0.3681,-1.1072
0.3971,-1.0853
0.4258,-1.0623
0.4540,-1.0383
0.4818,-1.0131
0.5090,-0.9871
0.5358,-0.9600
0.5621,-0.9320
0.5878,-0.9031
0.6129,-0.8732
0.6374,-0.8426
0.6613,-0.8110
0.6845,-0.7787
0.7071,-0.7456
0.7290,-0.7118
0.7501,-0.6773
0.7705,-0.6421
0.7902,-0.6064
0.8090,-0.5699
0.8271,-0.5329
0.8443,-0.4954
0.8607,-0.4574
0.8763,-0.4189
0.8910,-0.3801
0.9048,-0.3409
0.9178,-0.3012
0.9298,-0.2614
0.9409,-0.2213
0.9511,-0.1809
0.9603,-0.1404
0.9686,-0.0998
0.9759,-0.0590
0.9823,-0.0181
0.9877,0.0227
0.9921,0.0635
0.9956,0.1043
0.9980,0.1449
0.9995,0.1854
1.0000,0.2257
0.9995,0.2659
0.9980,0.3057
0.9956,0.3452
0.9921,0.3844
0.9877,0.4233
0.9823,0.4616
0.9759,0.4995
0.9686,0.5371
0.9603,0.5739
0.9511,0.6103
0.9409,0.6461
0.9298,0.6812
0.9178,0.7156
0.9048,0.7493
0.8910,0.7824
0.8763,0.8146
0.8607,0.8460
0.8443,0.8766
0.8271,0.9063
0.8090,0.9351
0.7902,0.9630
0.7705,0.9900
0.7501,1.0160
0.7290,1.0410
0.7071,1.0649
0.6845,1.0878
0.6613,1.1096
0.6374,1.1303
0.6129,1.1500
0.5878,1.1684
0.5621,1.1858
0.5358,1.2019
0.5090,1.2169
0.4818,1.2306
0.4540,1.2432
0.4258,1.2545
0.3971,1.2646
0.3681,1.2735
0.3387,1.2810
0.3090,1.2874
0.2790,1.2924
0.2487,1.2962
0.2181,1.2987
0.1874,1.2999
0.1564,1.2998
0.1253,1.2984
0.0941,1.2958
0.0628,1.2919
0.0314,1.2867
0.0000,1.2802
-0.0314,1.2725
-0.0628,1.2635
-0.0941,1.2533
-0.1253,1.2419
-0.1564,1.2292
-0.1874,1.2153
-0.2181,1.2002
-0.2487,1.1839
-0.2790,1.1664
-0.3090,1.1478
-0.3387,1.1281
-0.3681,1.1073
-0.3971,1.0853
-0.4258,1.0623
-0.4540,1.0383
-0.4818,1.0131
-0.5090,0.9871
-0.5358,0.9600
-0.5621,0.9320
-0.5878,0.9030
-0.6129,0.8732
-0.6374,0.8426
-0.6613,0.8110
-0.6845,0.7787
-0.7071,0.7456
-0.7290,0.7119
-0.7501,0.6773
-0.7705,0.6421
-0.7902,0.6064
-0.8090,0.5698
-0.8271,0.5329
-0.8443,0.4954
-0.8607,0.4574
-0.8763,0.4189
-0.8910,0.3801
-0.9048,0.3409
-0.9178,0.3012
-0.9298,0.2614
-0.9409,0.2213
-0.9511,0.1810
-0.9603,0.1403
-0.9686,0.0997
-0.9759,0.0590
-0.9823,0.0181
-0.9877,-0.0227
-0.9921,-0.0635
-0.9956,-0.1042
-0.9980,-0.1450
-0.9995,-0.1854
-1.0000,-0.2257
-0.9995,-0.2659
-0.9980,-0.3057
-0.9956,-0.3452
-0.9921,-0.3844
-0.9877,-0.4233
-0.9823,-0.4616
-0.9759,-0.4995
-0.9686,-0.5371
-0.9603,-0.5739
-0.9511,-0.6103
-0.9409,-0.6460
-0.9298,-0.6812
-0.9178,-0.7156
-0.9048,-0.7493
-0.8910,-0.7824
-0.8763,-0.8146
-0.8607,-0.8460
-0.8443,-0.8766
-0.8271,-0.9063
-0.8090,-0.9351
-0.7902,-0.9630
-0.7705,-0.9900
-0.7501,-1.0160
-0.7290,-1.0409
-0.7071,-1.0649
-0.6845,-1.0878
-0.6613,-1.1096
-0.6374,-1.1303
-0.6129,-1.1500
-0.5878,-1.1684
-0.5621,-1.1858
-0.5358,-1.2019
-0.5090,-1.2169
-0.4818,-1.2306
-0.4540,-1.2432
-0.4258,-1.2545
-0.3971,-1.2646
-0.3681,-1.2734
-0.3387,-1.2810
-0.3090,-1.2874
-0.2790,-1.2924
-0.2487,-1.2962
-0.2181,-1.2987
-0.1874,-1.2999
-0.1564,-1.2998
-0.1253,-1.2984
-0.0941,-1.2958
-0.0628,-1.2919
-0.0314,-1.2867
0.0000,-1.2802
0.0314,-1.2725
0.0628,-1.2636
0.0941,-1.2533
0.1253,-1.2419
0.1564,-1.2292
0.1874,-1.2152
0.2181,-1.2002
0.2487,-1.1839
0.2790,-1.1664
0.3090,-1.1478
0.3387,-1.1281
0.3681,-1.1073
0.3971,-1.0853
0.4258,-1.0623
0.4540,-1.0383
0.4818,-1.0132
0.5090,-0.9870
0.5358,-0.9600
0.5621,-0.9320
0.5878,-0.9030
0.6129,-0.8732
0.6374,-0.8426
0.6613,-0.8111
0.6845,-0.7787
0.7071,-0.7456
0.7290,-0.7119
0.7501,-0.6773
0.7705,-0.6421
0.7902,-0.6063
0.8090,-0.5699
0.8271,-0.5329
0.8443,-0.4954
0.8607,-0.4574
0.8763,-0.4189
0.8910,-0.3801
0.9048,-0.3409
0.9178,-0.3013
0.9298,-0.2614
0.9409,-0.2213
0.9511,-0.1810
0.9603,-0.1403
0.9686,-0.0997
0.9759,-0.0590
0.9823,-0.0182
0.9877,0.0227
0.9921,0.0635
0.9956,0.1042
0.9980,0.1450
0.9995,0.1854
1.0000,0.2257
0.9995,0.2658
0.9980,0.3057
0.9956,0.3452
0.9921,0.3844
0.9877,0.4233
0.9823,0.4616
0.9759,0.4995
0.9686,0.5370
0.9603,0.5739
0.9511,0.6103
0.9409,0.6460
0.9298,0.6812
0.9178,0.7156
0.9048,0.7494
0.8910,0.7824
0.8763,0.8146
0.8607,0.8460
0.8443,0.8766
0.8271,0.9064
0.8090,0.9351
0.7902,0.9631
0.7705,0.9900
0.7501,1.0160
0.7290,1.0410
0.7071,1.0649
0.6845,1.0878
0.6613,1.1096
0.6374,1.1304
0.6129,1.1500
0.5878,1.1684
0.5621,1.1858
0.5358,1.2019
0.5090,1.2169
0.4818,1.2306
0.4540,1.2432
0.4258,1.2545
0.3971,1.2646
0.3681,1.2734
0.3387,1.2810
0.3090,1.2874
0.2790,1.2924
0.2487,1.2962
0.2181,1.2987
0.1874,1.2999
0.1564,1.2998
0.1253,1.2985
0.0941,1.2958
0.0628,1.2919
0.0314,1.2867
0.0000,1.2802
-0.0314,1.2725
-0.0628,1.2635
-0.0941,1.2533
-0.1253,1.2418
-0.1564,1.2292
-0.1874,1.2153
-0.2181,1.2002
-0.2487,1.1839
-0.2790,1.1664
-0.3090,1.1479
-0.3387,1.1281
-0.3681,1.1073
-0.3971,1.0853
-0.4258,1.0623
-0.4540,1.0382
-0.4818,1.0131
-0.5090,0.9871
-0.5358,0.9600
-0.5621,0.9320
-0.5878,0.9031
-0.6129,0.8732
-0.6374,0.8426
-0.6613,0.8111
-0.6845,0.7788
-0.7071,0.7456
-0.7290,0.7119
-0.7501,0.6773
-0.7705,0.6421
-0.7902,0.6063
-0.8090,0.5699
-0.8271,0.5330
-0.8443,0.4954
-0.8607,0.4574
-0.8763,0.4189
-0.8910,0.3801
-0.9048,0.3409
-0.9178,0.3013
-0.9298,0.2615
-0.9409,0.2212
-0.9511,0.1810
-0.9603,0.1404
-0.9686,0.0997
-0.9759,0.0589
-0.9823,0.0182
-0.9877,-0.0226
-0.9921,-0.0635
-0.9956,-0.1042
-0.9980,-0.1449
-0.9995,-0.1854
-1.0000,-0.2258
-0.9995,-0.2658
-0.9980,-0.3056
-0.9956,-0.3452
-0.9921,-0.3844
-0.9877,-0.4232
-0.9823,-0.4617
-0.9759,-0.4996
-0.9686,-0.5370
-0.9603,-0.5739
-0.9511,-0.6103
-0.9409,-0.6460
-0.9298,-0.6812
-0.9178,-0.7156
-0.9048,-0.7494
-0.8910,-0.7823
-0.8763,-0.8146
-0.8607,-0.8460
-0.8443,-0.8766
-0.8271,-0.9064
-0.8090,-0.9351
-0.7902,-0.9631
-0.7705,-0.9900
-0.7501,-1.0160
-0.7290,-1.0410
-0.7071,-1.0649
-0.6845,-1.0878
-0.6613,-1.1096
-0.6374,-1.1304
-0.6129,-1.1499
-0.5878,-1.1684
-0.5621,-1.1858
-0.5358,-1.2019
-0.5090,-1.2169
-0.4818,-1.2306
-0.4540,-1.2432
-0.4258,-1.2545
-0.3971,-1.2646
-0.3681,-1.2735
-0.3387,-1.2810
-0.3090,-1.2874
-0.2790,-1.2924
-0.2487,-1.2962
-0.2181,-1.2987
-0.1874,-1.2999
-0.1564,-1.2998
-0.1253,-1.2984
-0.0941,-1.2958
-0.0628,-1.2919
-0.0314,-1.2867
0.0000,-1.2803
0.0314,-1.2725
0.0628,-1.2635
0.0941,-1.2533
0.1253,-1.2418
0.1564,-1.2292
0.1874,-1.2153
0.2181,-1.2002
0.2487,-1.1839
0.2790,-1.1664
0.3090,-1.1479
0.3387,-1.1281
0.3681,-1.1072
0.3971,-1.0853
0.4258,-1.0623
0.4540,-1.0382
0.4818,-1.0131
0.5090,-0.9871
0.5358,-0.9600
0.5621,-0.9320
0.5878,-0.9030
0.6129,-0.8733
0.6374,-0.8425
0.6613,-0.8110
0.6845,-0.7788
0.7071,-0.7456
0.7290,-0.7118
0.7501,-0.6773
0.7705,-0.6422
0.7902,-0.6063
0.8090,-0.5699
0.8271,-0.5330
0.8443,-0.4954
0.8607,-0.4574
0.8763,-0.4189
0.8910,-0.3801
0.9048,-0.3408
0.9178,-0.3013
0.9298,-0.2615
0.9409,-0.2212
0.9511,-0.1809
0.9603,-0.1404
0.9686,-0.0998
0.9759,-0.0589
0.9823,-0.0182
0.9877,0.0226
0.9921,0.0635
0.9956,0.1042
0.9980,0.1449
0.9995,0.1854
1.0000,0.2258
0.9995,0.2658
0.9980,0.3056
0.9956,0.3453
0.9921,0.3844
0.9877,0.4232
0.9823,0.4617
0.9759,0.4996
0.9686,0.5370
0.9603,0.5739
0.9511,0.6103
0.9409,0.6460
0.9298,0.6812
0.9178,0.7156
0.9048,0.7494
0.8910,0.7823
0.8763,0.8145
0.8607,0.8460
0.8443,0.8766
0.8271,0.9063
0.8090,0.9352
0.7902,0.9631
0.7705,0.9900
0.7501,1.0159
0.7290,1.0410
0.7071,1.0649
0.6845,1.0878
0.6613,1.1096
0.6374,1.1304
0.6129,1.1499
0.5878,1.1684
0.5621,1.1858
0.5358,1.2019
0.5090,1.2169
0.4818,1.2306
0.4540,1.2432
0.4258,1.2545
0.3971,1.2646
0.3681,1.2735
0.3387,1.2810
0.3090,1.2873
0.2790,1.2924
0.2487,1.2962
0.2181,1.2987
0.1874,1.2999
0.1564,1.2998
0.1253,1.2984
0.0941,1.2958
0.0628,1.2919
0.0314,1.2867
0.0000,1.2803
-0.0314,1.2725
-0.0628,1.2635
-0.0941,1.2533
-0.1253,1.2419
-0.1564,1.2292
-0.1874,1.2153
-0.2181,1.2002
-0.2487,1.1839
-0.2790,1.1664
-0.3090,1.1479
-0.3387,1.1281
-0.3681,1.1072
-0.3971,1.0853
-0.4258,1.0623
-0.4540,1.0382
-0.4818,1.0131
-0.5090,0.9871
-0.5358,0.9600
-0.5621,0.9320
-0.5878,0.9030
-0.6129,0.8733
-0.6374,0.8425
-0.6613,0.8110
-0.6845,0.7788
-0.7071,0.7457
-0.7290,0.7118
-0.7501,0.6773
-0.7705,0.6422
-0.7902,0.6062
-0.8090,0.5699
-0.8271,0.5329
-0.8443,0.4954
-0.8607,0.4574
-0.8763,0.4189
-0.8910,0.3801
-0.9048,0.3408
-0.9178,0.3013
-0.9298,0.2614
-0.9409,0.2213
-0.9511,0.1809
-0.9603,0.1404
-0.9686,0.0998
-0.9759,0.0589
-0.9823,0.0181
-0.9877,-0.0226
-0.9921,-0.0636
-0.9956,-0.1043
-0.9980,-0.1449
-0.9995,-0.1854
-1.0000,-0.2258
-0.9995,-0.2658
-0.9980,-0.3056
-0.9956,-0.3453
-0.9921,-0.3844
-0.9877,-0.4233
-0.9823,-0.4616
-0.9759,-0.4996
-0.9686,-0.5370
-0.9603,-0.5739
-0.9511,-0.6104
-0.9409,-0.6461
-0.9298,-0.6812
-0.9178,-0.7156
-0.9048,-0.7494
-0.8910,-0.7824
-0.8763,-0.8145
-0.8607,-0.8460
-0.8443,-0.8766
-0.8271,-0.9063
-0.8090,-0.9351
-0.7902,-0.9631
-0.7705,-0.9900
-0.7501,-1.0159
-0.7290,-1.0410
-0.7071,-1.0649
-0.6845,-1.0878
-0.6613,-1.1096
-0.6374,-1.1304
-0.6129,-1.1500
-0.5878,-1.1684
-0.5621,-1.1858
-0.5358,-1.2019
-0.5090,-1.2169
-0.4818,-1.2306
-0.4540,-1.2432
-0.4258,-1.2545
-0.3971,-1.2646
-0.3681,-1.2735
-0.3387,-1.2810
-0.3090,-1.2873
-0.2790,-1.2924
-0.2487,-1.2962
-0.2181,-1.2987
-0.1874,-1.2999
-0.1564,-1.2998
-0.1253,-1.2984
-0.0941,-1.2958
-0.0628,-1.2919
-0.0314,-1.2867
0.0000,-1.2803
0.0314,-1.2725
0.0628,-1.2635
0.0941,-1.2533
0.1253,-1.2419
0.1564,-1.2292
0.1874,-1.2153
0.2181,-1.2002
0.2487,-1.1839
0.2790,-1.1664
0.3090,-1.1478
0.3387,-1.1281
0.3681,-1.1073
0.3971,-1.0853
0.4258,-1.0623
0.4540,-1.0382
0.4818,-1.0131
0.5090,-0.9871
0.5358,-0.9600
0.5621,-0.9320
0.5878,-0.9030
0.6129,-0.8733
0.6374,-0.8426
0.6613,-0.8110
0.6845,-0.7788
0.7071,-0.7457
0.7290,-0.7119
0.7501,-0.6773
0.7705,-0.6421
0.7902,-0.6063
0.8090,-0.5699
0.8271,-0.5329
0.8443,-0.4954
0.8607,-0.4575
0.8763,-0.4189
0.8910,-0.3801
0.9048,-0.3408
0.9178,-0.3013
0.9298,-0.2614
0.9409,-0.2213
0.9511,-0.1810
0.9603,-0.1404
0.9686,-0.0998
0.9759,-0.0589
0.9823,-0.0181
0.9877,0.0226
0.9921,0.0635
0.9956,0.1042
0.9980,0.1449
0.9995,0.1854
1.0000,0.2258
0.9995,0.2659
0.9980,0.3057
0.9956,0.3452
0.9921,0.3844
0.9877,0.4233
0.9823,0.4616
0.9759,0.4996
0.9686,0.5370
0.9603,0.5740
0.9511,0.6103
0.9409,0.6461
0.9298,0.6812
0.9178,0.7156
0.9048,0.7494
0.8910,0.7824
0.8763,0.8146
0.8607,0.8460
0.8443,0.8766
0.8271,0.9063
0.8090,0.9351
0.7902,0.9631
0.7705,0.9900
0.7501,1.0160
0.7290,1.0409
0.7071,1.0649
0.6845,1.0878
0.6613,1.1096
0.6374,1.1304
0.6129,1.1500
0.5878,1.1684
0.5621,1.1857
0.5358,1.2019
0.5090,1.2169
0.4818,1.2306
0.4540,1.2432
0.4258,1.2545
0.3971,1.2646
0.3681,1.2734
0.3387,1.2810
0.3090,1.2874
0.2790,1.2924
0.2487,1.2962
0.2181,1.2987
0.1874,1.2999
0.1564,1.2998
0.1253,1.2984
0.0941,1.2958
0.0628,1.2919
0.0314,1.2867
0.0000,1.2803
-0.0314,1.2725
-0.0628,1.2636
-0.0941,1.2533
-0.1253,1.2419
-0.1564,1.2292
-0.1874,1.2153
-0.2181,1.2002
-0.2487,1.1839
-0.2790,1.1665
-0.3090,1.1478
-0.3387,1.1281
-0.3681,1.1073
-0.3971,1.0853
-0.4258,1.0623
-0.4540,1.0382
-0.4818,1.0132
-0.5090,0.9871
-0.5358,0.9600
-0.5621,0.9320
-0.5878,0.9030
-0.6129,0.8732
-0.6374,0.8425
-0.6613,0.8111
-0.6845,0.7787
-0.7071,0.7456
-0.7290,0.7119
-0.7501,0.6773
-0.7705,0.6421
-0.7902,0.6063
-0.8090,0.5699
-0.8271,0.5328
-0.8443,0.4954
-0.8607,0.4574
-0.8763,0.4189
-0.8910,0.3801
-0.9048,0.3408
-0.9178,0.3013
-0.9298,0.2613
-0.9409,0.2213
-0.9511,0.1810
-0.9603,0.1404
-0.9686,0.0998
-0.9759,0.0590
-0.9823,0.0181
-0.9877,-0.0227
-0.9921,-0.0635
-0.9956,-0.1042
-0.9980,-0.1449
-0.9995,-0.1854
-1.0000,-0.2257
-0.9995,-0.2659
-0.9980,-0.3057
-0.9956,-0.3452
-0.9921,-0.3844
-0.9877,-0.4233
-0.9823,-0.4616
-0.9759,-0.4996
-0.9686,-0.5371
-0.9603,-0.5740
-0.9511,-0.6103
-0.9409,-0.6460
-0.9298,-0.6812
-0.9178,-0.7156
-0.9048,-0.7494
-0.8910,-0.7824
-0.8763,-0.8146
-0.8607,-0.8460
-0.8443,-0.8765
-0.8271,-0.9063
-0.8090,-0.9351
-0.7902,-0.9630
-0.7705,-0.9900
-0.7501,-1.0160
-0.7290,-1.0409
-0.7071,-1.0649
-0.6845,-1.0878
-0.6613,-1.1096
-0.6374,-1.1303
-0.6129,-1.1500
-0.5878,-1.1685
-0.5621,-1.1857
-0.5358,-1.2019
-0.5090,-1.2169
-0.4818,-1.2306
-0.4540,-1.2432
-0.4258,-1.2545
-0.3971,-1.2646
-0.3681,-1.2734
-0.3387,-1.2810
-0.3090,-1.2874
-0.2790,-1.2924
-0.2487,-1.2962
-0.2181,-1.2987
-0.1874,-1.2999
-0.1564,-1.2998
-0.1253,-1.2985
-0.0941,-1.2958
-0.0628,-1.2919
-0.0314,-1.2867
0.0000,-1.2802
0.0314,-1.2725
0.0628,-1.2636
0.0941,-1.2533
0.1253,-1.2419
0.1564,-1.2292
0.1874,-1.2153
0.2181,-1.2002
0.2487,-1.1839
0.2790,-1.1664
0.3090,-1.1478
0.3387,-1.1281
0.3681,-1.1073
0.3971,-1.0853
0.4258,-1.0623
0.4540,-1.0382
0.4818,-1.0132
0.5090,-0.9870
0.5358,-0.9600
0.5621,-0.9320
0.5878,-0.9031
0.6129,-0.8732
0.6374,-0.8425
0.6613,-0.8111
0.6845,-0.7787
0.7071,-0.7456
0.7290,-0.7119
0.7501,-0.6773
0.7705,-0.6421
0.7902,-0.6063
0.8090,-0.5699
0.8271,-0.5328
0.8443,-0.4954
0.8607,-0.4574
0.8763,-0.4189
0.8910,-0.3801
0.9048,-0.3408
0.9178,-0.3013
0.9298,-0.2613
0.9409,-0.2213
0.9511,-0.1810
0.9603,-0.1403
0.9686,-0.0997
0.9759,-0.0590
0.9823,-0.0182
0.9877,0.0228
0.9921,0.0635
0.9956,0.1042
0.9980,0.1450
0.9995,0.1854
1.0000,0.2258
0.9995,0.2658
0.9980,0.3057
0.9956,0.3452
0.9921,0.3844
0.9877,0.4233
0.9823,0.4616
0.9759,0.4996
0.9686,0.5370
0.9603,0.5740
0.9511,0.6103
0.9409,0.6460
0.9298,0.6812
0.9178,0.7156
0.9048,0.7494
0.8910,0.7823
0.8763,0.8146
0.8607,0.8460
0.8443,0.8766
0.8271,0.9063
0.8090,0.9351
0.7902,0.9631
0.7705,0.9900
0.7501,1.0160
0.7290,1.0409
0.7071,1.0649
0.6845,1.0878
0.6613,1.1096
0.6374,1.1303
0.6129,1.1499
0.5878,1.1685
0.5621,1.1858
0.5358,1.2019
0.5090,1.2169
0.4818,1.2306
0.4540,1.2432
0.4258,1.2545
0.3971,1.2646
0.3681,1.2734
0.3387,1.2810
0.3090,1.2874
0.2790,1.2924
0.2487,1.2962
0.2181,1.2987
0.1874,1.2999
0.1564,1.2998
0.1253,1.2984
0.0941,1.2958
0.0628,1.2919
0.0314,1.2867
0.0000,1.2803
-0.0314,1.2725
-0.0628,1.2636
-0.0941,1.2533
-0.1253,1.2419
-0.1564,1.2292
-0.1874,1.2153
-0.2181,1.2002
-0.2487,1.1839
-0.2790,1.1664
-0.3090,1.1478
-0.3387,1.1281
-0.3681,1.1073
-0.3971,1.0853
-0.4258,1.0623
-0.4540,1.0382
-0.4818,1.0132
-0.5090,0.9870
-0.5358,0.9600
-0.5621,0.9320
-0.5878,0.9031
-0.6129,0.8733
-0.6374,0.8425
-0.6613,0.8111
-0.6845,0.7787
-0.7071,0.7456
-0.7290,0.7119
-0.7501,0.6773
-0.7705,0.6422
-0.7902,0.6063
-0.8090,0.5699
-0.8271,0.5328
-0.8443,0.4954
-0.8607,0.4574
-0.8763,0.4190
-0.8910,0.3801
-0.9048,0.3408
-0.9178,0.3013
-0.9298,0.2613
-0.9409,0.2213
-0.9511,0.1810
-0.9603,0.1404
-0.9686,0.0997
-0.9759,0.0589
-0.9823,0.0182
-0.9877,-0.0228
-0.9921,-0.0635
-0.9956,-0.1042
-0.9980,-0.1449
-0.9995,-0.1854
-1.0000,-0.2258
-0.9995,-0.2658
-0.9980,-0.3058
-0.9956,-0.3452
-0.9921,-0.3844
-0.9877,-0.4232
-0.9823,-0.4616
-0.9759,-0.4996
-0.9686,-0.5370
-0.9603,-0.5740
-0.9511,-0.6103
-0.9409,-0.6460
-0.9298,-0.6812
-0.9178,-0.7156
-0.9048,-0.7494
-0.8910,-0.7823
-0.8763,-0.8146
-0.8607,-0.8460
-0.8443,-0.8766
-0.8271,-0.9063
-0.8090,-0.9351
-0.7902,-0.9631
-0.7705,-0.9900
-0.7501,-1.0160
-0.7290,-1.0410
-0.7071,-1.0649
-0.6845,-1.0878
-0.6613,-1.1096
-0.6374,-1.1304
-0.6129,-1.1499
-0.5878,-1.1685
-0.5621,-1.1858
-0.5358,-1.2019
-0.5090,-1.2169
-0.4818,-1.2306
-0.4540,-1.2432
-0.4258,-1.2545
-0.3971,-1.2646
-0.3681,-1.2734
-0.3387,-1.2810
-0.3090,-1.2873
-0.2790,-1.2924
-0.2487,-1.2962
-0.2181,-1.2987
-0.1874,-1.2999
-0.1564,-1.2998
-0.1253,-1.2984
-0.0941,-1.2958
-0.0628,-1.2919
-0.0314,-1.2867
0.0000,-1.2803
0.0314,-1.2725
0.0628,-1.2636
0.0941,-1.2533
0.1253,-1.2419
0.1564,-1.2292
0.1874,-1.2153
0.2181,-1.2002
0.2487,-1.1839
0.2790,-1.1664
0.3090,-1.1478
0.3387,-1.1281
0.3681,-1.1073
0.3971,-1.0853
0.4258,-1.0623
0.4540,-1.0382
0.4818,-1.0131
0.5090,-0.9870
0.5358,-0.9600
0.5621,-0.9320
0.5878,-0.9031
0.6129,-0.8733
0.6374,-0.8425
0.6613,-0.8111
0.6845,-0.7787
0.7071,-0.7456
0.7290,-0.7119
0.7501,-0.6773
0.7705,-0.6422
0.7902,-0.6063
0.8090,-0.5699
0.8271,-0.5329
0.8443,-0.4954
0.8607,-0.4574
0.8763,-0.4189
0.8910,-0.3801
0.9048,-0.3408
0.9178,-0.3013
0.9298,-0.2614
0.9409,-0.2212
0.9511,-0.1810
0.9603,-0.1404
0.9686,-0.0998
0.9759,-0.0589
0.9823,-0.0182
0.9877,0.0227
0.9921,0.0635
0.9956,0.1043
0.9980,0.1449
0.9995,0.1854
1.0000,0.2258
0.9995,0.2658
0.9980,0.3057
0.9956,0.3452
0.9921,0.3845
0.9877,0.4232
0.9823,0.4616
0.9759,0.4996
0.9686,0.5370
0.9603,0.5740
0.9511,0.6103
0.9409,0.6461
0.9298,0.6812
0.9178,0.7156
0.9048,0.7494
0.8910,0.7823
0.8763,0.8146
0.8607,0.8460
0.8443,0.8766
0.8271,0.9063
0.8090,0.9351
0.7902,0.9631
0.7705,0.9900
0.7501,1.0160
0.7290,1.0410
0.7071,1.0649
0.6845,1.0878
0.6613,1.1096
0.6374,1.1304
0.6129,1.1499
0.5878,1.1684
0.5621,1.1858
0.5358,1.2019
0.5090,1.2169
0.4818,1.2306
0.4540,1.2432
0.4258,1.2545
0.3971,1.2646
0.3681,1.2735
0.3387,1.2810
0.3090,1.2873
0.2790,1.2924
0.2487,1.2962
0.2181,1.2987
0.1874,1.2999
0.1564,1.2998
0.1253,1.2984
0.0941,1.2958
0.0628,1.2919
0.0314,1.2867
0.0000,1.2803
-0.0314,1.2725
-0.0628,1.2635
-0.0941,1.2533
-0.1253,1.2419
-0.1564,1.2292
-0.1874,1.2153
-0.2181,1.2002
-0.2487,1.1839
-0.2790,1.1664
-0.3090,1.1478
-0.3387,1.1281
-0.3681,1.1073
-0.3971,1.0853
-0.4258,1.0623
-0.4540,1.0382
-0.4818,1.0131
-0.5090,0.9870
-0.5358,0.9600
-0.5621,0.9320
-0.5878,0.9030
-0.6129,0.8733
-0.6374,0.8425
-0.6613,0.8110
-0.6845,0.7787
-0.7071,0.7457
-0.7290,0.7118
-0.7501,0.6773
-0.7705,0.6422
-0.7902,0.6063
-0.8090,0.5699
-0.8271,0.5329
-0.8443,0.4954
-0.8607,0.4573
-0.8763,0.4189
-0.8910,0.3801
-0.9048,0.3408
-0.9178,0.3013
-0.9298,0.2614
-0.9409,0.2213
-0.9511,0.1809
-0.9603,0.1404
-0.9686,0.0998
-0.9759,0.0589
-0.9823,0.0182
-0.9877,-0.0227
-0.9921,-0.0635
-0.9956,-0.1043
-0.9980,-0.1449
-0.9995,-0.1854
-1.0000,-0.2258
-0.9995,-0.2658
-0.9980,-0.3057
-0.9956,-0.3452
-0.9921,-0.3845
-0.9877,-0.4232
-0.9823,-0.4616
-0.9759,-0.4996
-0.9686,-0.5370
-0.9603,-0.5740
-0.9511,-0.6103
-0.9409,-0.6461
-0.9298,-0.6812
-0.9178,-0.7156
-0.9048,-0.7494
-0.8910,-0.7824
-0.8763,-0.8146
-0.8607,-0.8460
-0.8443,-0.8766
-0.8271,-0.9063
-0.8090,-0.9351
-0.7902,-0.9631
-0.7705,-0.9900
-0.7501,-1.0160
-0.7290,-1.0409
-0.7071,-1.0649
-0.6845,-1.0878
-0.6613,-1.1096
-0.6374,-1.1304
-0.6129,-1.1499
-0.5878,-1.1684
-0.5621,-1.1857
-0.5358,-1.2019
-0.5090,-1.2169
-0.4818,-1.2306
-0.4540,-1.2432
-0.4258,-1.2545
-0.3971,-1.2646
-0.3681,-1.2734
-0.3387,-1.2810
-0.3090,-1.2873
-0.2790,-1.2924
-0.2487,-1.2962
-0.2181,-1.2987
-0.1874,-1.2999
-0.1564,-1.2998
-0.1253,-1.2984
-0.0941,-1.2958
-0.0628,-1.2919
-0.0314,-1.2867
0.0000,-1.2803
0.0314,-1.2725
0.0628,-1.2636
0.0941,-1.2533
0.1253,-1.2419
0.1564,-1.2292
0.1874,-1.2153
0.2181,-1.2002
0.2487,-1.1839
0.2790,-1.1665
0.3090,-1.1478
0.3387,-1.1281
0.3681,-1.1072
0.3971,-1.0853
0.4258,-1.0623
0.4540,-1.0382
0.4818,-1.0132
0.5090,-0.9870
0.5358,-0.9600
0.5621,-0.9319
0.5878,-0.9030
0.6129,-0.8733
0.6374,-0.8426
0.6613,-0.8110
0.6845,-0.7787
0.7071,-0.7457
0.7290,-0.7118
0.7501,-0.6773
0.7705,-0.6422
0.7902,-0.6063
0.8090,-0.5699
0.8271,-0.5329
0.8443,-0.4954
0.8607,-0.4573
0.8763,-0.4189
0.8910,-0.3801
0.9048,-0.3409
0.9178,-0.3013
0.9298,-0.2614
0.9409,-0.2213
0.9511,-0.1808
0.9603,-0.1404
0.9686,-0.0998
0.9759,-0.0590
0.9823,-0.0181
0.9877,0.0227
0.9921,0.0635
0.9956,0.1043
0.9980,0.1449
0.9995,0.1854
1.0000,0.2257
0.9995,0.2659
0.9980,0.3057
0.9956,0.3452
0.9921,0.3845
0.9877,0.4233
0.9823,0.4616
0.9759,0.4996
0.9686,0.5370
0.9603,0.5740
0.9511,0.6103
0.9409,0.6461
0.9298,0.6812
0.9178,0.7156
0.9048,0.7493
0.8910,0.7824
0.8763,0.8146
0.8607,0.8460
0.8443,0.8766
0.8271,0.9063
0.8090,0.9351
0.7902,0.9630
0.7705,0.9900
0.7501,1.0160
0.7290,1.0409
0.7071,1.0649
0.6845,1.0878
0.6613,1.1096
0.6374,1.1303
0.6129,1.1500
0.5878,1.1684
0.5621,1.1857
0.5358,1.2019
0.5090,1.2169
0.4818,1.2307
0.4540,1.2432
0.4258,1.2545
0.3971,1.2646
0.3681,1.2734
0.3387,1.2810
0.3090,1.2874
0.2790,1.2924
0.2487,1.2962
0.2181,1.2987
0.1874,1.2999
0.1564,1.2998
0.1253,1.2984
0.0941,1.2958
0.0628,1.2919
0.0314,1.2867
0.0000,1.2803
-0.0314,1.2725
-0.0628,1.2636
-0.0941,1.2533
-0.1253,1.2419
-0.1564,1.2292
-0.1874,1.2153
-0.2181,1.2002
-0.2487,1.1839
-0.2790,1.1665
-0.3090,1.1478
-0.3387,1.1281
-0.3681,1.1072
-0.3971,1.0853
-0.4258,1.0623
-0.4540,1.0382
-0.4818,1.0132
-0.5090,0.9870
-0.5358,0.9600
-0.5621,0.9320
-0.5878,0.9030
-0.6129,0.8733
-0.6374,0.8426
-0.6613,0.8111
-0.6845,0.7787
-0.7071,0.7457
-0.7290,0.7118
-0.7501,0.6773
-0.7705,0.6421
-0.7902,0.6063
-0.8090,0.5699
-0.8271,0.5329
-0.8443,0.4954
-0.8607,0.4574
-0.8763,0.4189
-0.8910,0.3801
-0.9048,0.3408
-0.9178,0.3013
-0.9298,0.2614
-0.9409,0.2213
-0.9511,0.1809
-0.9603,0.1404
-0.9686,0.0998
-0.9759,0.0590
-0.9823,0.0182
-0.9877,-0.0227
-0.9921,-0.0635
-0.9956,-0.1043
-0.9980,-0.1449
-0.9995,-0.1854
-1.0000,-0.2257
-0.9995,-0.2658
-0.9980,-0.3057
-0.9956,-0.3452
-0.9921,-0.3844
-0.9877,-0.4233
-0.9823,-0.4617
-0.9759,-0.4996
-0.9686,-0.5370
-0.9603,-0.5740
-0.9511,-0.6103
-0.9409,-0.6461
-0.9298,-0.6812
-0.9178,-0.7157
-0.9048,-0.7494
-0.8910,-0.7823
-0.8763,-0.8146
-0.8607,-0.8460
-0.8443,-0.8766
-0.8271,-0.9063
-0.8090,-0.9352
-0.7902,-0.9630
-0.7705,-0.9900
-0.7501,-1.0160
-0.7290,-1.0409
-0.7071,-1.0649
-0.6845,-1.0878
-0.6613,-1.1096
-0.6374,-1.1303
-0.6129,-1.1499
-0.5878,-1.1684
-0.5621,-1.1857
-0.5358,-1.2019
-0.5090,-1.2169
-0.4818,-1.2307
-0.4540,-1.2432
-0.4258,-1.2545
-0.3971,-1.2646
-0.3681,-1.2734
-0.3387,-1.2810
-0.3090,-1.2874
-0.2790,-1.2924
-0.2487,-1.2962
-0.2181,-1.2987
-0.1874,-1.2999
-0.1564,-1.2998
-0.1253,-1.2984
-0.0941,-1.2958
-0.0628,-1.2919
-0.0314,-1.2867
0.0000,-1.2803
0.0314,-1.2725
0.0628,-1.2636
0.0941,-1.2533
0.1253,-1.2419
0.1564,-1.2292
0.1874,-1.2153
0.2181,-1.2002
0.2487,-1.1839
0.2790,-1.1665
0.3090,-1.1478
0.3387,-1.1281
0.3681,-1.1072
0.3971,-1.0853
0.4258,-1.0623
0.4540,-1.0382
0.4818,-1.0132
0.5090,-0.9870
0.5358,-0.9600
0.5621,-0.9320
0.5878,-0.9031
0.6129,-0.8732
0.6374,-0.8425
0.6613,-0.8111
0.6845,-0.7787
0.7071,-0.7456
0.7290,-0.7118
0.7501,-0.6773
0.7705,-0.6421
0.7902,-0.6063
0.8090,-0.5699
0.8271,-0.5328
0.8443,-0.4954
0.8607,-0.4574
0.8763,-0.4190
0.8910,-0.3800
0.9048,-0.3408
0.9178,-0.3013
0.9298,-0.2613
0.9409,-0.2213
0.9511,-0.1809
0.9603,-0.1404
0.9686,-0.0997
0.9759,-0.0590
0.9823,-0.0182
0.9877,0.0227
0.9921,0.0635
0.9956,0.1043
0.9980,0.1449
0.9995,0.1855
1.0000,0.2257
0.9995,0.2658
0.9980,0.3057
0.9956,0.3452
0.9921,0.3844
0.9877,0.4232
0.9823,0.4617
0.9759,0.4996
0.9686,0.5370
0.9603,0.5740
0.9511,0.6103
0.9409,0.6461
0.9298,0.6811
0.9178,0.7157
0.9048,0.7494
0.8910,0.7823
0.8763,0.8146
0.8607,0.8460
0.8443,0.8766
0.8271,0.9063
0.8090,0.9352
0.7902,0.9630
0.7705,0.9900
0.7501,1.0160
0.7290,1.0409
0.7071,1.0649
0.6845,1.0878
0.6613,1.1096
0.6374,1.1303
0.6129,1.1499
0.5878,1.1685
0.5621,1.1858
0.5358,1.2019
0.5090,1.2169
0.4818,1.2307
0.4540,1.2432
0.4258,1.2545
0.3971,1.2646
0.3681,1.2734
0.3387,1.2810
0.3090,1.2873
0.2790,1.2924
0.2487,1.2962
0.2181,1.2987
0.1874,1.2999
0.1564,1.2998
0.1253,1.2984
0.0941,1.2958
0.0628,1.2919
0.0314,1.2867
0.0000,1.2803
-0.0314,1.2725
-0.0628,1.2636
-0.0941,1.2533
-0.1253,1.2419
-0.1564,1.2292
-0.1874,1.2153
-0.2181,1.2002
-0.2487,1.1839
-0.2790,1.1664
-0.3090,1.1478
-0.3387,1.1281
-0.3681,1.1072
-0.3971,1.0853
-0.4258,1.0622
-0.4540,1.0382
-0.4818,1.0132
-0.5090,0.9871
-0.5358,0.9600
-0.5621,0.9320
-0.5878,0.9031
-0.6129,0.8732
-0.6374,0.8425
-0.6613,0.8111
-0.6845,0.7787
-0.7071,0.7456
-0.7290,0.7118
-0.7501,0.6773
-0.7705,0.6421
-0.7902,0.6063
-0.8090,0.5699
-0.8271,0.5329
-0.8443,0.4954
-0.8607,0.4574
-0.8763,0.4190
-0.8910,0.3800
-0.9048,0.3408
-0.9178,0.3013
-0.9298,0.2614
-0.9409,0.2213
-0.9511,0.1809
-0.9603,0.1404
-0.9686,0.0997
-0.9759,0.0590
-0.9823,0.0182
-0.9877,-0.0227
-0.9921,-0.0635
-0.9956,-0.1043
-0.9980,-0.1449
-0.9995,-0.1855
-1.0000,-0.2258
-0.9995,-0.2658
-0.9980,-0.3057
-0.9956,-0.3452
-0.9921,-0.3844
-0.9877,-0.4232
-0.9823,-0.4617
-0.9759,-0.4996
-0.9686,-0.5370
-0.9603,-0.5739
-0.9511,-0.6103
-0.9409,-0.6461
-0.9298,-0.6812
-0.9178,-0.7157
-0.9048,-0.7494
-0.8910,-0.7823
-0.8763,-0.8146
-0.8607,-0.8460
-0.8443,-0.8766
-0.8271,-0.9063
-0.8090,-0.9352
-0.7902,-0.9631
-0.7705,-0.9900
-0.7501,-1.0160
-0.7290,-1.0410
-0.7071,-1.0649
-0.6845,-1.0878
-0.6613,-1.1097
-0.6374,-1.1303
-0.6129,-1.1499
-0.5878,-1.1684
-0.5621,-1.1858
-0.5358,-1.2019
-0.5090,-1.2169
-0.4818,-1.2307
-0.4540,-1.2432
-0.4258,-1.2545
-0.3971,-1.2646
-0.3681,-1.2734
-0.3387,-1.2810
-0.3090,-1.2873
-0.2790,-1.2924
-0.2487,-1.2962
-0.2181,-1.2987
-0.1874,-1.2999
-0.1564,-1.2998
-0.1253,-1.2984
-0.0941,-1.2958
-0.0628,-1.2919
-0.0314,-1.2867
0.0000,-1.2802
0.0314,-1.2725
0.0628,-1.2636
0.0941,-1.2533
0.1253,-1.2419
0.1564,-1.2292
0.1874,-1.2153
0.2181,-1.2002
0.2487,-1.1839
0.2790,-1.1664
0.3090,-1.1478
0.3387,-1.1281
0.3681,-1.1072
0.3971,-1.0853
0.4258,-1.0623
0.4540,-1.0382
0.4818,-1.0131
0.5090,-0.9870
0.5358,-0.9600
0.5621,-0.9319
0.5878,-0.9031
0.6129,-0.8732
0.6374,-0.8425
0.6613,-0.8111
0.6845,-0.7787
0.7071,-0.7457
0.7290,-0.7118
0.7501,-0.6773
0.7705,-0.6421
0.7902,-0.6063
0.8090,-0.5699
0.8271,-0.5329
0.8443,-0.4954
0.8607,-0.4574
0.8763,-0.4190
0.8910,-0.3801
0.9048,-0.3408
0.9178,-0.3013
0.9298,-0.2614
0.9409,-0.2213
0.9511,-0.1809
0.9603,-0.1404
0.9686,-0.0997
0.9759,-0.0589
0.9823,-0.0182
0.9877,0.0227
0.9921,0.0634
0.9956,0.1043
0.9980,0.1449
0.9995,0.1854
1.0000,0.2258
0.9995,0.2658
0.9980,0.3057
0.9956,0.3452
0.9921,0.3845
0.9877,0.4232
0.9823,0.4616
0.9759,0.4996
0.9686,0.5370
0.9603,0.5740
0.9511,0.6103
0.9409,0.6461
0.9298,0.6812
0.9178,0.7156
0.9048,0.7494
0.8910,0.7823
0.8763,0.8146
0.8607,0.8460
0.8443,0.8766
0.8271,0.9063
0.8090,0.9351
0.7902,0.9631
0.7705,0.9900
0.7501,1.0160
0.7290,1.0409
0.7071,1.0649
0.6845,1.0878
0.6613,1.1096
0.6374,1.1304
0.6129,1.1500
0.5878,1.1684
0.5621,1.1857
0.5358,1.2019
0.5090,1.2169
0.4818,1.2306
0.4540,1.2432
0.4258,1.2545
0.3971,1.2646
0.3681,1.2734
0.3387,1.2810
0.3090,1.2873
0.2790,1.2924
0.2487,1.2962
0.2181,1.2987
0.1874,1.2999
0.1564,1.2998
0.1253,1.2984
0.0941,1.2958
0.0628,1.2919
0.0314,1.2867
0.0000,1.2802
-0.0314,1.2725
-0.0628,1.2635
-0.0941,1.2533
-0.1253,1.2419
-0.1564,1.2292
-0.1874,1.2153
-0.2181,1.2002
-0.2487,1.1839
-0.2790,1.1664
-0.3090,1.1478
-0.3387,1.1281
-0.3681,1.1072
-0.3971,1.0853
-0.4258,1.0623
-0.4540,1.0382
-0.4818,1.0131
-0.5090,0.9870
-0.5358,0.9600
-0.5621,0.9319
-0.5878,0.9031
-0.6129,0.8732
-0.6374,0.8426
-0.6613,0.8110
-0.6845,0.7787
-0.7071,0.7457
-0.7290,0.7118
-0.7501,0.6773
-0.7705,0.6421
-0.7902,0.6063
-0.8090,0.5699
-0.8271,0.5329
-0.8443,0.4954
-0.8607,0.4573
-0.8763,0.4189
-0.8910,0.3801
-0.9048,0.3409
-0.9178,0.3013
-0.9298,0.2614
-0.9409,0.2213
-0.9511,0.1809
-0.9603,0.1404
-0.9686,0.0997
-0.9759,0.0590
-0.9823,0.0182
-0.9877,-0.0227
-0.9921,-0.0635
-0.9956,-0.1043
-0.9980,-0.1449
-0.9995,-0.1854
-1.0000,-0.2257
-0.9995,-0.2659
-0.9980,-0.3057
-0.9956,-0.3452
-0.9921,-0.3845
-0.9877,-0.4232
-0.9823,-0.4617
-0.9759,-0.4995
-0.9686,-0.5371
-0.9603,-0.5740
-0.9511,-0.6103
-0.9409,-0.6461
-0.9298,-0.6812
-0.9178,-0.7156
-0.9048,-0.7493
-0.8910,-0.7824
-0.8763,-0.8146
-0.8607,-0.8460
-0.8443,-0.8766
-0.8271,-0.9063
-0.8090,-0.9351
-0.7902,-0.9630
-0.7705,-0.9900
-0.7501,-1.0160
-0.7290,-1.0409
-0.7071,-1.0649
-0.6845,-1.0878
-0.6613,-1.1096
-0.6374,-1.1303
-0.6129,-1.1500
-0.5878,-1.1684
-0.5621,-1.1857
-0.5358,-1.2019
-0.5090,-1.2169
-0.4818,-1.2306
-0.4540,-1.2432
-0.4258,-1.2545
-0.3971,-1.2646
-0.3681,-1.2734
-0.3387,-1.2810
-0.3090,-1.2873
-0.2790,-1.2924
-0.2487,-1.2962
-0.2181,-1.2987
-0.1874,-1.2999
-0.1564,-1.2998
-0.1253,-1.2984
-0.0941,-1.2958
-0.0628,-1.2919
-0.0314,-1.2867
0.0000,-1.2802
0.0314,-1.2725
0.0628,-1.2636
0.0941,-1.2533
0.1253,-1.2419
0.1564,-1.2292
0.1874,-1.2153
0.2181,-1.2002
0.2487,-1.1839
0.2790,-1.1665
0.3090,-1.1478
0.3387,-1.1281
0.3681,-1.1072
0.3971,-1.0853
0.4258,-1.0623
0.4540,-1.0382
0.4818,-1.0132
0.5090,-0.9870
0.5358,-0.9600
0.5621,-0.9320
0.5878,-0.9030
0.6129,-0.8732
0.6374,-0.8426
0.6613,-0.8111
0.6845,-0.7787
0.7071,-0.7457
0.7290,-0.7118
0.7501,-0.6773
0.7705,-0.6421
0.7902,-0.6063
0.8090,-0.5698
0.8271,-0.5329
0.8443,-0.4954
0.8607,-0.4574
0.8763,-0.4189
0.8910,-0.3801
0.9048,-0.3409
0.9178,-0.3012
0.9298,-0.2614
0.9409,-0.2213
0.9511,-0.1809
0.9603,-0.1404
0.9686,-0.0997
0.9759,-0.0590
0.9823,-0.0181
0.9877,0.0227
0.9921,0.0635
0.9956,0.1042
0.9980,0.1449
0.9995,0.1854
1.0000,0.2257
0.9995,0.2659
0.9980,0.3057
0.9956,0.3452
0.9921,0.3844
0.9877,0.4232
0.9823,0.4617
0.9759,0.4996
0.9686,0.5371
0.9603,0.5740
0.9511,0.6103
0.9409,0.6460
0.9298,0.6812
0.9178,0.7156
0.9048,0.7493
0.8910,0.7824
0.8763,0.8146
0.8607,0.8460
0.8443,0.8766
0.8271,0.9063
0.8090,0.9352
0.7902,0.9630
0.7705,0.9900
0.7501,1.0160
0.7290,1.0409
0.7071,1.0649
0.6845,1.0878
0.6613,1.1096
0.6374,1.1303
0.6129,1.1500
0.5878,1.1684
0.5621,1.1857
0.5358,1.2019
0.5090,1.2169
0.4818,1.2307
0.4540,1.2432
0.4258,1.2545
0.3971,1.2646
0.3681,1.2734
0.3387,1.2810
0.3090,1.2873
0.2790,1.2924
0.2487,1.2962
0.2181,1.2987
0.1874,1.2999
0.1564,1.2998
0.1253,1.2984
0.0941,1.2958
0.0628,1.2919
0.0314,1.2867
0.0000,1.2802
-0.0314,1.2725
-0.0628,1.2635
-0.0941,1.2533
-0.1253,1.2419
-0.1564,1.2292
-0.1874,1.2153
-0.2181,1.2002
-0.2487,1.1839
-0.2790,1.1664
-0.3090,1.1478
-0.3387,1.1281
-0.3681,1.1072
-0.3971,1.0853
-0.4258,1.0623
-0.4540,1.0382
-0.4818,1.0131
-0.5090,0.9870
-0.5358,0.9600
-0.5621,0.9320
-0.5878,0.9031
-0.6129,0.8732
-0.6374,0.8426
-0.6613,0.8110
-0.6845,0.7787
-0.7071,0.7457
-0.7290,0.7118
-0.7501,0.6774
-0.7705,0.6421
-0.7902,0.6063
-0.8090,0.5699
-0.8271,0.5329
-0.8443,0.4954
-0.8607,0.4574
-0.8763,0.4190
-0.8910,0.3800
-0.9048,0.3409
-0.9178,0.3013
-0.9298,0.2614
-0.9409,0.2213
-0.9511,0.1809
-0.9603,0.1405
-0.9686,0.0997
-0.9759,0.0590
-0.9823,0.0181
-0.9877,-0.0227
-0.9921,-0.0635
-0.9956,-0.1043
-0.9980,-0.1448
-0.9995,-0.1855
-1.0000,-0.2257
-0.9995,-0.2659
-0.9980,-0.3057
-0.9956,-0.3452
-0.9921,-0.3844
-0.9877,-0.4232
-0.9823,-0.4617
-0.9759,-0.4996
-0.9686,-0.5370
-0.9603,-0.5740
-0.9511,-0.6103
-0.9409,-0.6461
-0.9298,-0.6811
-0.9178,-0.7157
-0.9048,-0.7493
-0.8910,-0.7824
-0.8763,-0.8146
-0.8607,-0.8460
-0.8443,-0.8766
-0.8271,-0.9063
-0.8090,-0.9352
-0.7902,-0.9630
-0.7705,-0.9900
-0.7501,-1.0160
-0.7290,-1.0409
-0.7071,-1.0649
-0.6845,-1.0878
-0.6613,-1.1096
-0.6374,-1.1303
-0.6129,-1.1500
-0.5878,-1.1684
-0.5621,-1.1858
-0.5358,-1.2019
-0.5090,-1.2169
-0.4818,-1.2307
-0.4540,-1.2432
-0.4258,-1.2545
-0.3971,-1.2646
-0.3681,-1.2735
-0.3387,-1.2810
-0.3090,-1.2873
-0.2790,-1.2924
-0.2487,-1.2962
-0.2181,-1.2987
-0.1874,-1.2999
-0.1564,-1.2998
-0.1253,-1.2984
-0.0941,-1.2958
-0.0628,-1.2919
-0.0314,-1.2867
0.0000,-1.2802
0.0314,-1.2725
0.0628,-1.2635
0.0941,-1.2533
0.1253,-1.2419
0.1564,-1.2292
0.1874,-1.2153
0.2181,-1.2001
0.2487,-1.1839
0.2790,-1.1664
0.3090,-1.1478
0.3387,-1.1281
0.3681,-1.1072
0.3971,-1.0853
0.4258,-1.0623
0.4540,-1.0382
0.4818,-1.0131
0.5090,-0.9871
0.5358,-0.9600
0.5621,-0.9320
0.5878,-0.9031
0.6129,-0.8732
0.6374,-0.8426
0.6613,-0.8110
0.6845,-0.7788
0.7071,-0.7457
0.7290,-0.7118
0.7501,-0.6773
0.7705,-0.6421
0.7902,-0.6063
0.8090,-0.5699
0.8271,-0.5329
0.8443,-0.4954
0.8607,-0.4574
0.8763,-0.4190
0.8910,-0.3800
0.9048,-0.3408
0.9178,-0.3012
0.9298,-0.2614
0.9409,-0.2213
0.9511,-0.1809
0.9603,-0.1404
0.9686,-0.0997
0.9759,-0.0590
0.9823,-0.0181
0.9877,0.0227
0.9921,0.0635
0.9956,0.1043
0.9980,0.1449
0.9995,0.1855
1.0000,0.2257
0.9995,0.2659
0.9980,0.3056
0.9956,0.3452
0.9921,0.3844
0.9877,0.4232
0.9823,0.4617
0.9759,0.4996
0.9686,0.5371
0.9603,0.5739
0.9511,0.6104
0.9409,0.6461
0.9298,0.6811
0.9178,0.7157
0.9048,0.7494
0.8910,0.7824
0.8763,0.8146
0.8607,0.8461
0.8443,0.8766
0.8271,0.9063
0.8090,0.9352
0.7902,0.9630
0.7705,0.9900
0.7501,1.0159
0.7290,1.0410
0.7071,1.0649
0.6845,1.0878
0.6613,1.1096
0.6374,1.1303
0.6129,1.1500
0.5878,1.1684
0.5621,1.1858
0.5358,1.2019
0.5090,1.2169
0.4818,1.2307
0.4540,1.2432
0.4258,1.2545
0.3971,1.2646
0.3681,1.2735
0.3387,1.2810
0.3090,1.2873
0.2790,1.2924
0.2487,1.2962
0.2181,1.2987
0.1874,1.2999
0.1564,1.2998
0.1253,1.2984
0.0941,1.2958
0.0628,1.2919
0.0314,1.2867
0.0000,1.2802
-0.0314,1.2725
-0.0628,1.2635
-0.0941,1.2533
-0.1253,1.2419
-0.1564,1.2292
-0.1874,1.2153
-0.2181,1.2002
-0.2487,1.1839
-0.2790,1.1664
-0.3090,1.1478
-0.3387,1.1281
-0.3681,1.1072
-0.3971,1.0853
-0.4258,1.0623
-0.4540,1.0382
-0.4818,1.0131
-0.5090,0.9871
-0.5358,0.9600
-0.5621,0.9320
-0.5878,0.9031
-0.6129,0.8732
-0.6374,0.8425
-0.6613,0.8110
-0.6845,0.7787
-0.7071,0.7457
-0.7290,0.7118
-0.7501,0.6773
-0.7705,0.6421
-0.7902,0.6063
-0.8090,0.5698
-0.8271,0.5329
-0.8443,0.4955
-0.8607,0.4574
-0.8763,0.4190
-0.8910,0.3801
-0.9048,0.3408
-0.9178,0.3012
-0.9298,0.2614
-0.9409,0.2212
-0.9511,0.1809
-0.9603,0.1404
-0.9686,0.0997
-0.9759,0.0590
-0.9823,0.0181
-0.9877,-0.0227
-0.9921,-0.0636
-0.9956,-0.1043
-0.9980,-0.1449
-0.9995,-0.1854
-1.0000,-0.2258
-0.9995,-0.2659
-0.9980,-0.3057
-0.9956,-0.3453
-0.9921,-0.3844
-0.9877,-0.4232
-0.9823,-0.4616
-0.9759,-0.4996
-0.9686,-0.5371
-0.9603,-0.5739
-0.9511,-0.6104
-0.9409,-0.6461
-0.9298,-0.6811
-0.9178,-0.7156
-0.9048,-0.7494
-0.8910,-0.7824
-0.8763,-0.8146
-0.8607,-0.8461
-0.8443,-0.8766
-0.8271,-0.9063
-0.8090,-0.9351
-0.7902,-0.9630
-0.7705,-0.9900
-0.7501,-1.0160
-0.7290,-1.0410
-0.7071,-1.0649
-0.6845,-1.0878
-0.6613,-1.1096
-0.6374,-1.1303
-0.6129,-1.1500
-0.5878,-1.1684
-0.5621,-1.1858
-0.5358,-1.2019
-0.5090,-1.2169
-0.4818,-1.2307
-0.4540,-1.2432
-0.4258,-1.2545
-0.3971,-1.2646
-0.3681,-1.2735
-0.3387,-1.2810
-0.3090,-1.2873
-0.2790,-1.2924
-0.2487,-1.2962
-0.2181,-1.2987
-0.1874,-1.2999
-0.1564,-1.2998
-0.1253,-1.2984
-0.0941,-1.2958
-0.0628,-1.2919
-0.0314,-1.2867
0.0000,-1.2802
0.0314,-1.2725
0.0628,-1.2635
0.0941,-1.2533
0.1253,-1.2419
0.1564,-1.2292
0.1874,-1.2153
0.2181,-1.2002
0.2487,-1.1839
0.2790,-1.1664
0.3090,-1.1478
0.3387,-1.1281
0.3681,-1.1072
0.3971,-1.0853
0.4258,-1.0623
0.4540,-1.0383
0.4818,-1.0131
0.5090,-0.9871
0.5358,-0.9600
0.5621,-0.9320
0.5878,-0.9031
0.6129,-0.8732
0.6374,-0.8426
0.6613,-0.8110
0.6845,-0.7787
0.7071,-0.7456
0.7290,-0.7118
0.7501,-0.6773
0.7705,-0.6421
0.7902,-0.6063
0.8090,-0.5698
0.8271,-0.5329
0.8443,-0.4954
0.8607,-0.4574
0.8763,-0.4190
0.8910,-0.3801
0.9048,-0.3409
0.9178,-0.3012
0.9298,-0.2614
0.9409,-0.2213
0.9511,-0.1809
0.9603,-0.1404
0.9686,-0.0997
0.9759,-0.0590
0.9823,-0.0181
0.9877,0.0227
0.9921,0.0635
0.9956,0.1043
0.9980,0.1449
0.9995,0.1854
1.0000,0.2257
0.9995,0.2659
0.9980,0.3057
0.9956,0.3452
0.9921,0.3844
0.9877,0.4232
0.9823,0.4616
0.9759,0.4995
0.9686,0.5371
0.9603,0.5739
0.9511,0.6103
0.9409,0.6461
0.9298,0.6812
0.9178,0.7156
0.9048,0.7493
0.8910,0.7824
0.8763,0.8146
0.8607,0.8460
0.8443,0.8766
0.8271,0.9063
0.8090,0.9351
0.7902,0.9630
0.7705,0.9900
0.7501,1.0160
0.7290,1.0410
0.7071,1.0649
0.6845,1.0878
0.6613,1.1096
0.6374,1.1303
0.6129,1.1500
0.5878,1.1684
0.5621,1.1858
0.5358,1.2019
0.5090,1.2169
0.4818,1.2306
0.4540,1.2432
0.4258,1.2545
0.3971,1.2646
0.3681,1.2735
0.3387,1.2810
0.3090,1.2873
0.2790,1.2924
0.2487,1.2962
0.2181,1.2987
0.1874,1.2999
0.1564,1.2998
0.1253,1.2984
0.0941,1.2958
0.0628,1.2919
0.0314,1.2867
0.0000,1.2802
-0.0314,1.2725
-0.0628,1.2635
-0.0941,1.2533
-0.1253,1.2419
-0.1564,1.2292
-0.1874,1.2153
-0.2181,1.2002
-0.2487,1.1839
-0.2790,1.1664
-0.3090,1.1478
-0.3387,1.1281
-0.3681,1.1073
-0.3971,1.0853
-0.4258,1.0623
-0.4540,1.0382
-0.4818,1.0131
-0.5090,0.9870
-0.5358,0.9600
-0.5621,0.9320
-0.5878,0.9031
-0.6129,0.8732
-0.6374,0.8426
-0.6613,0.8110
-0.6845,0.7787
-0.7071,0.7456
-0.7290,0.7119
-0.7501,0.6773
-0.7705,0.6421
-0.7902,0.6063
-0.8090,0.5698
-0.8271,0.5329
-0.8443,0.4954
-0.8607,0.4574
-0.8763,0.4190
-0.8910,0.3801
-0.9048,0.3409
-0.9178,0.3012
-0.9298,0.2614
-0.9409,0.2212
-0.9511,0.1810
-0.9603,0.1404
-0.9686,0.0997
-0.9759,0.0590
-0.9823,0.0181
-0.9877,-0.0227
-0.9921,-0.0635
-0.9956,-0.1042
-0.9980,-0.1449
-0.9995,-0.1854
-1.0000,-0.2257
-0.9995,-0.2659
-0.9980,-0.3057
-0.9956,-0.3452
-0.9921,-0.3844
-0.9877,-0.4232
-0.9823,-0.4616
-0.9759,-0.4995
-0.9686,-0.5371
-0.9603,-0.5740
-0.9511,-0.6103
-0.9409,-0.6460
-0.9298,-0.6812
-0.9178,-0.7156
-0.9048,-0.7493
-0.8910,-0.7824
-0.8763,-0.8146
-0.8607,-0.8460
-0.8443,-0.8766
-0.8271,-0.9063
-0.8090,-0.9351
-0.7902,-0.9630
-0.7705,-0.9900
-0.7501,-1.0160
-0.7290,-1.0410
-0.7071,-1.0649
-0.6845,-1.0878
-0.6613,-1.1096
-0.6374,-1.1303
-0.6129,-1.1500
-0.5878,-1.1684
-0.5621,-1.1858
-0.5358,-1.2019
-0.5090,-1.2169
-0.4818,-1.2306
-0.4540,-1.2432
-0.4258,-1.2545
-0.3971,-1.2646
-0.3681,-1.2734
-0.3387,-1.2810
-0.3090,-1.2874
-0.2790,-1.2924
-0.2487,-1.2962
-0.2181,-1.2987
-0.1874,-1.2999
-0.1564,-1.2998
-0.1253,-1.2984
-0.0941,-1.2958
-0.0628,-1.2919
-0.0314,-1.2867
0.0000,-1.2802
0.0314,-1.2725
0.0628,-1.2635
0.0941,-1.2533
0.1253,-1.2418
0.1564,-1.2292
0.1874,-1.2153
0.2181,-1.2002
0.2487,-1.1839
0.2790,-1.1664
0.3090,-1.1478
0.3387,-1.1281
0.3681,-1.1072
0.3971,-1.0853
0.4258,-1.0623
0.4540,-1.0382
0.4818,-1.0131
0.5090,-0.9870
0.5358,-0.9600
0.5621,-0.9320
0.5878,-0.9031
0.6129,-0.8732
0.6374,-0.8426
0.6613,-0.8110
0.6845,-0.7787
0.7071,-0.7456
0.7290,-0.7118
0.7501,-0.6774
0.7705,-0.6421
0.7902,-0.6063
0.8090,-0.5699
0.8271,-0.5329
0.8443,-0.4954
0.8607,-0.4574
0.8763,-0.4190
0.8910,-0.3801
0.9048,-0.3409
0.9178,-0.3013
0.9298,-0.2614
0.9409,-0.2212
0.9511,-0.1809
0.9603,-0.1405
0.9686,-0.0997
0.9759,-0.0590
0.9823,-0.0182
0.9877,0.0227
0.9921,0.0635
0.9956,0.1042
0.9980,0.1448
0.9995,0.1854
1.0000,0.2257
0.9995,0.2658
0.9980,0.3057
0.9956,0.3453
0.9921,0.3844
0.9877,0.4233
0.9823,0.4617
0.9759,0.4995
0.9686,0.5370
0.9603,0.5740
0.9511,0.6103
0.9409,0.6460
0.9298,0.6812
0.9178,0.7156
0.9048,0.7493
0.8910,0.7823
0.8763,0.8146
0.8607,0.8460
0.8443,0.8766
0.8271,0.9064
0.8090,0.9351
0.7902,0.9630
0.7705,0.9900
0.7501,1.0160
0.7290,1.0410
0.7071,1.0649
0.6845,1.0878
0.6613,1.1096
0.6374,1.1303
0.6129,1.1500
0.5878,1.1684
0.5621,1.1858
0.5358,1.2019
0.5090,1.2169
0.4818,1.2306
0.4540,1.2432
0.4258,1.2545
0.3971,1.2646
0.3681,1.2734
0.3387,1.2810
0.3090,1.2874
0.2790,1.2924
0.2487,1.2962
0.2181,1.2987
0.1874,1.2999
0.1564,1.2998
0.1253,1.2984
0.0941,1.2958
0.0628,1.2919
0.0314,1.2867
0.0000,1.2802
-0.0314,1.2725
-0.0628,1.2635
-0.0941,1.2533
-0.1253,1.2418
-0.1564,1.2292
-0.1874,1.2153
-0.2181,1.2002
-0.2487,1.1839
-0.2790,1.1664
-0.3090,1.1479
-0.3387,1.1281
-0.3681,1.1072
-0.3971,1.0853
-0.4258,1.0623
-0.4540,1.0382
-0.4818,1.0131
-0.5090,0.9871
-0.5358,0.9600
-0.5621,0.9320
-0.5878,0.9031
-0.6129,0.8732
-0.6374,0.8426
-0.6613,0.8110
-0.6845,0.7788
-0.7071,0.7456
-0.7290,0.7118
-0.7501,0.6773
-0.7705,0.6421
-0.7902,0.6063
-0.8090,0.5699
-0.8271,0.5329
-0.8443,0.4953
-0.8607,0.4574
-0.8763,0.4189
-0.8910,0.3800
-0.9048,0.3409
-0.9178,0.3013
-0.9298,0.2615
-0.9409,0.2212
-0.9511,0.1809
-0.9603,0.1404
-0.9686,0.0997
-0.9759,0.0590
-0.9823,0.0182
-0.9877,-0.0226
-0.9921,-0.0635
-0.9956,-0.1042
-0.9980,-0.1449
-0.9995,-0.1854
-1.0000,-0.2257
-0.9995,-0.2658
-0.9980,-0.3056
-0.9956,-0.3453
-0.9921,-0.3844
-0.9877,-0.4232
-0.9823,-0.4617
-0.9759,-0.4996
-0.9686,-0.5370
-0.9603,-0.5739
-0.9511,-0.6103
-0.9409,-0.6460
-0.9298,-0.6812
-0.9178,-0.7156
-0.9048,-0.7493
-0.8910,-0.7824
-0.8763,-0.8145
-0.8607,-0.8460
-0.8443,-0.8766
-0.8271,-0.9063
-0.8090,-0.9352
-0.7902,-0.9630
-0.7705,-0.9900
-0.7501,-1.0159
-0.7290,-1.0410
-0.7071,-1.0649
-0.6845,-1.0878
-0.6613,-1.1096
-0.6374,-1.1303
-0.6129,-1.1499
-0.5878,-1.1684
-0.5621,-1.1858
-0.5358,-1.2019
-0.5090,-1.2169
-0.4818,-1.2306
-0.4540,-1.2432
-0.4258,-1.2545
-0.3971,-1.2646
-0.3681,-1.2735
-0.3387,-1.2810
-0.3090,-1.2874
-0.2790,-1.2924
-0.2487,-1.2962
-0.2181,-1.2987
-0.1874,-1.2999
-0.1564,-1.2998
-0.1253,-1.2984
-0.0941,-1.2958
-0.0628,-1.2919
-0.0314,-1.2867
0.0000,-1.2803
0.0314,-1.2725
0.0628,-1.2635
0.0941,-1.2533
0.1253,-1.2418
0.1564,-1.2292
0.1874,-1.2153
0.2181,-1.2002
0.2487,-1.1839
0.2790,-1.1664
0.3090,-1.1478
0.3387,-1.1281
0.3681,-1.1072
0.3971,-1.0853
0.4258,-1.0623
0.4540,-1.0382
0.4818,-1.0131
0.5090,-0.9871
0.5358,-0.9599
0.5621,-0.9320
0.5878,-0.9030
0.6129,-0.8733
0.6374,-0.8426
0.6613,-0.8110
0.6845,-0.7788
0.7071,-0.7456
0.7290,-0.7118
0.7501,-0.6773
0.7705,-0.6421
0.7902,-0.6063
0.8090,-0.5699
0.8271,-0.5329
0.8443,-0.4953
0.8607,-0.4574
0.8763,-0.4189
0.8910,-0.3801
0.9048,-0.3409
0.9178,-0.3013
0.9298,-0.2614
0.9409,-0.2212
0.9511,-0.1809
0.9603,-0.1404
0.9686,-0.0998
0.9759,-0.0590
0.9823,-0.0181
0.9877,0.0226
0.9921,0.0636
0.9956,0.1043
0.9980,0.1449
0.9995,0.1854
1.0000,0.2257
0.9995,0.2659
0.9980,0.3056
0.9956,0.3453
0.9921,0.3844
0.9877,0.4233
0.9823,0.4616
0.9759,0.4996
0.9686,0.5370
0.9603,0.5739
0.9511,0.6104
0.9409,0.6461
0.9298,0.6812
0.9178,0.7156
0.9048,0.7493
0.8910,0.7824
0.8763,0.8145
0.8607,0.8460
0.8443,0.8766
0.8271,0.9063
0.8090,0.9351
0.7902,0.9630
0.7705,0.9900
0.7501,1.0159
0.7290,1.0410
0.7071,1.0649
0.6845,1.0878
0.6613,1.1096
0.6374,1.1303
0.6129,1.1500
0.5878,1.1684
0.5621,1.1858
0.5358,1.2019
0.5090,1.2169
0.4818,1.2307
0.4540,1.2432
0.4258,1.2545
0.3971,1.2646
0.3681,1.2735
0.3387,1.2810
0.3090,1.2873
0.2790,1.2924
0.2487,1.2962
0.2181,1.2987
0.1874,1.2999
0.1564,1.2998
0.1253,1.2984
0.0941,1.2958
0.0628,1.2919
0.0314,1.2867
0.0000,1.2802
-0.0314,1.2725
-0.0628,1.2635
-0.0941,1.2533
-0.1253,1.2419
-0.1564,1.2292
-0.1874,1.2153
-0.2181,1.2002
-0.2487,1.1839
-0.2790,1.1664
-0.3090,1.1478
-0.3387,1.1281
-0.3681,1.1072
-0.3971,1.0853
-0.4258,1.0623
-0.4540,1.0383
-0.4818,1.0131
-0.5090,0.9871
-0.5358,0.9600
-0.5621,0.9320
-0.5878,0.9030
-0.6129,0.8732
-0.6374,0.8426
-0.6613,0.8110
-0.6845,0.7788
-0.7071,0.7457
-0.7290,0.7118
-0.7501,0.6773
-0.7705,0.6421
-0.7902,0.6064
-0.8090,0.5699
-0.8271,0.5329
-0.8443,0.4954
-0.8607,0.4574
-0.8763,0.4189
-0.8910,0.3801
-0.9048,0.3409
-0.9178,0.3012
-0.9298,0.2614
-0.9409,0.2213
-0.9511,0.1809
-0.9603,0.1404
-0.9686,0.0998
-0.9759,0.0591
-0.9823,0.0181
-0.9877,-0.0227
-0.9921,-0.0635
-0.9956,-0.1043
-0.9980,-0.1449
-0.9995,-0.1854
-1.0000,-0.2257
-0.9995,-0.2659
-0.9980,-0.3056
-0.9956,-0.3452
-0.9921,-0.3844
-0.9877,-0.4233
-0.9823,-0.4616
-0.9759,-0.4995
-0.9686,-0.5371
-0.9603,-0.5739
-0.9511,-0.6103
-0.9409,-0.6461
-0.9298,-0.6812
-0.9178,-0.7156
-0.9048,-0.7494
-0.8910,-0.7824
-0.8763,-0.8146
-0.8607,-0.8460
-0.8443,-0.8766
-0.8271,-0.9063
-0.8090,-0.9351
-0.7902,-0.9631
-0.7705,-0.9900
-0.7501,-1.0159
-0.7290,-1.0409
-0.7071,-1.0649
-0.6845,-1.0878
-0.6613,-1.1096
-0.6374,-1.1304
-0.6129,-1.1500
-0.5878,-1.1684
-0.5621,-1.1858
-0.5358,-1.2019
-0.5090,-1.2169
-0.4818,-1.2306
-0.4540,-1.2432
-0.4258,-1.2545
-0.3971,-1.2646
-0.3681,-1.2735
-0.3387,-1.2810
-0.3090,-1.2873
-0.2790,-1.2924
-0.2487,-1.2962
-0.2181,-1.2987
-0.1874,-1.2999
-0.1564,-1.2998
-0.1253,-1.2984
-0.0941,-1.2958
-0.0628,-1.2919
-0.0314,-1.2867
0.0000,-1.2802
0.0314,-1.2725
0.0628,-1.2635
0.0941,-1.2533
0.1253,-1.2419
0.1564,-1.2292
0.1874,-1.2153
0.2181,-1.2002
0.2487,-1.1839
0.2790,-1.1664
0.3090,-1.1478
0.3387,-1.1281
0.3681,-1.1073
0.3971,-1.0853
0.4258,-1.0623
0.4540,-1.0383
0.4818,-1.0131
0.5090,-0.9871
0.5358,-0.9600
0.5621,-0.9320
0.5878,-0.9030
0.6129,-0.8732
0.6374,-0.8426
0.6613,-0.8110
0.6845,-0.7787
0.7071,-0.7456
0.7290,-0.7119
0.7501,-0.6773
0.7705,-0.6421
0.7902,-0.6064
0.8090,-0.5698
0.8271,-0.5329
0.8443,-0.4954
0.8607,-0.4574
0.8763,-0.4189
0.8910,-0.3801
0.9048,-0.3409
0.9178,-0.3012
0.9298,-0.2614
0.9409,-0.2213
0.9511,-0.1810
0.9603,-0.1404
0.9686,-0.0997
0.9759,-0.0590
0.9823,-0.0181
0.9877,0.0227
0.9921,0.0635
0.9956,0.1042
0.9980,0.1450
0.9995,0.1854
1.0000,0.2258
0.9995,0.2659
0.9980,0.3057
0.9956,0.3452
0.9921,0.3844
0.9877,0.4233
0.9823,0.4616
0.9759,0.4996
0.9686,0.5371
0.9603,0.5739
0.9511,0.6103
0.9409,0.6460
0.9298,0.6812
0.9178,0.7156
0.9048,0.7494
0.8910,0.7824
0.8763,0.8146
0.8607,0.8460
0.8443,0.8765
0.8271,0.9063
0.8090,0.9351
0.7902,0.9630
0.7705,0.9900
0.7501,1.0160
0.7290,1.0409
0.7071,1.0649
0.6845,1.0878
0.6613,1.1096
0.6374,1.1304
0.6129,1.1500
0.5878,1.1684
0.5621,1.1857
0.5358,1.2019
0.5090,1.2169
0.4818,1.2306
0.4540,1.2432
0.4258,1.2545
0.3971,1.2646
0.3681,1.2734
0.3387,1.2810
0.3090,1.2874
0.2790,1.2924
0.2487,1.2962
0.2181,1.2987
0.1874,1.2999
0.1564,1.2998
0.1253,1.2984
0.0941,1.2958
0.0628,1.2919
0.0314,1.2867
0.0000,1.2802
-0.0314,1.2725
-0.0628,1.2636
-0.0941,1.2533
-0.1253,1.2419
-0.1564,1.2292
-0.1874,1.2152
-0.2181,1.2002
-0.2487,1.1839
-0.2790,1.1664
-0.3090,1.1478
-0.3387,1.1281
-0.3681,1.1073
-0.3971,1.0853
-0.4258,1.0623
-0.4540,1.0383
-0.4818,1.0132
-0.5090,0.9871
-0.5358,0.9600
-0.5621,0.9320
-0.5878,0.9030
-0.6129,0.8732
-0.6374,0.8425
-0.6613,0.8111
-0.6845,0.7787
-0.7071,0.7456
-0.7290,0.7119
-0.7501,0.6773
-0.7705,0.6421
-0.7902,0.6063
-0.8090,0.5699
-0.8271,0.5329
-0.8443,0.4954
-0.8607,0.4574
-0.8763,0.4189
-0.8910,0.3801
-0.9048,0.3408
-0.9178,0.3013
-0.9298,0.2614
-0.9409,0.2213
-0.9511,0.1810
-0.9603,0.1403
-0.9686,0.0997
-0.9759,0.0589
-0.9823,0.0182
-0.9877,-0.0227
-0.9921,-0.0635
-0.9956,-0.1042
-0.9980,-0.1450
-0.9995,-0.1854
-1.0000,-0.2258
-0.9995,-0.2658
-0.9980,-0.3057
-0.9956,-0.3452
-0.9921,-0.3844
-0.9877,-0.4233
-0.9823,-0.4616
-0.9759,-0.4996
-0.9686,-0.5370
-0.9603,-0.5739
-0.9511,-0.6103
-0.9409,-0.6460
-0.9298,-0.6812
-0.9178,-0.7156
-0.9048,-0.7494
-0.8910,-0.7823
-0.8763,-0.8146
-0.8607,-0.8460
-0.8443,-0.8766
-0.8271,-0.9063
-0.8090,-0.9351
-0.7902,-0.9631
-0.7705,-0.9900
-0.7501,-1.0160
-0.7290,-1.0410
-0.7071,-1.0649
-0.6845,-1.0878
-0.6613,-1.1096
-0.6374,-1.1303
-0.6129,-1.1500
-0.5878,-1.1684
-0.5621,-1.1858
-0.5358,-1.2019
-0.5090,-1.2169
-0.4818,-1.2306
-0.4540,-1.2432
-0.4258,-1.2545
-0.3971,-1.2646
-0.3681,-1.2734
-0.3387,-1.2810
-0.3090,-1.2874
-0.2790,-1.2924
-0.2487,-1.2962
-0.2181,-1.2987
-0.1874,-1.2999
-0.1564,-1.2998
-0.1253,-1.2984
-0.0941,-1.2958
-0.0628,-1.2919
-0.0314,-1.2867
0.0000,-1.2802
0.0314,-1.2725
0.0628,-1.2635
0.0941,-1.2533
0.1253,-1.2418
0.1564,-1.2292
0.1874,-1.2153
0.2181,-1.2002
0.2487,-1.1839
0.2790,-1.1664
0.3090,-1.1479
0.3387,-1.1281
0.3681,-1.1073
0.3971,-1.0853
0.4258,-1.0623
0.4540,-1.0382
0.4818,-1.0131
0.5090,-0.9871
0.5358,-0.9600
0.5621,-0.9320
0.5878,-0.9031
0.6129,-0.8732
0.6374,-0.8425
0.6613,-0.8111
0.6845,-0.7788
0.7071,-0.7456
0.7290,-0.7119
0.7501,-0.6773
0.7705,-0.6421
0.7902,-0.6063
0.8090,-0.5699
0.8271,-0.5330
0.8443,-0.4954
0.8607,-0.4574
0.8763,-0.4190
0.8910,-0.3801
0.9048,-0.3408
0.9178,-0.3013
0.9298,-0.2615
0.9409,-0.2212
0.9511,-0.1810
0.9603,-0.1404
0.9686,-0.0997
0.9759,-0.0589
0.9823,-0.0182
0.9877,0.0226
0.9921,0.0635
0.9956,0.1042
0.9980,0.1449
0.9995,0.1854
1.0000,0.2258
0.9995,0.2658
0.9980,0.3056
0.9956,0.3452
0.9921,0.3844
0.9877,0.4232
0.9823,0.4616
0.9759,0.4996
0.9686,0.5370
0.9603,0.5739
0.9511,0.6103
0.9409,0.6460
0.9298,0.6812
0.9178,0.7156
0.9048,0.7494
0.8910,0.7823
0.8763,0.8145
0.8607,0.8460
0.8443,0.8766
0.8271,0.9063
0.8090,0.9351
0.7902,0.9631
0.7705,0.9900
0.7501,1.0159
0.7290,1.0410
0.7071,1.0649
0.6845,1.0878
0.6613,1.1096
0.6374,1.1304
0.6129,1.1499
0.5878,1.1685
0.5621,1.1858
0.5358,1.2019
0.5090,1.2169
0.4818,1.2306
0.4540,1.2432
0.4258,1.2545
0.3971,1.2646
0.3681,1.2734
0.3387,1.2810
0.3090,1.2874
0.2790,1.2924
0.2487,1.2962
0.2181,1.2987
0.1874,1.2999
0.1564,1.2998
0.1253,1.2984
0.0941,1.2958
0.0628,1.2919
0.0314,1.2867
0.0000,1.2803
-0.0314,1.2725
-0.0628,1.2635
-0.0941,1.2533
-0.1253,1.2418
-0.1564,1.2292
-0.1874,1.2153
-0.2181,1.2002
-0.2487,1.1839
-0.2790,1.1664
-0.3090,1.1479
-0.3387,1.1281
-0.3681,1.1072
-0.3971,1.0853
-0.4258,1.0623
-0.4540,1.0382
-0.4818,1.0131
-0.5090,0.9871
-0.5358,0.9600
-0.5621,0.9320
-0.5878,0.9030
-0.6129,0.8733
-0.6374,0.8425
-0.6613,0.8110
-0.6845,0.7788
-0.7071,0.7456
-0.7290,0.7118
-0.7501,0.6773
-0.7705,0.6422
-0.7902,0.6063
-0.8090,0.5699
-0.8271,0.5330
-0.8443,0.4954
-0.8607,0.4574
-0.8763,0.4189
-0.8910,0.3801
-0.9048,0.3408
-0.9178,0.3013
-0.9298,0.2615
-0.9409,0.2212
-0.9511,0.1809
-0.9603,0.1404
-0.9686,0.0998
-0.9759,0.0589
-0.9823,0.0182
-0.9877,-0.0226
-0.9921,-0.0635
-0.9956,-0.1042
-0.9980,-0.1449
-0.9995,-0.1854
-1.0000,-0.2258
-0.9995,-0.2658
-0.9980,-0.3057
-0.9956,-0.3453
-0.9921,-0.3844
-0.9877,-0.4232
-0.9823,-0.4616
-0.9759,-0.4996
-0.9686,-0.5370
-0.9603,-0.5740
-0.9511,-0.6103
-0.9409,-0.6460
-0.9298,-0.6812
-0.9178,-0.7156
-0.9048,-0.7494
-0.8910,-0.7823
-0.8763,-0.8146
-0.8607,-0.8460
-0.8443,-0.8766
-0.8271,-0.9063
-0.8090,-0.9351
-0.7902,-0.9631
-0.7705,-0.9900
-0.7501,-1.0160
-0.7290,-1.0410
-0.7071,-1.0649
-0.6845,-1.0878
-0.6613,-1.1096
-0.6374,-1.1304
-0.6129,-1.1499
-0.5878,-1.1685
-0.5621,-1.1858
-0.5358,-1.2019
-0.5090,-1.2169
-0.4818,-1.2306
-0.4540,-1.2432
-0.4258,-1.2545
-0.3971,-1.2646
-0.3681,-1.2735
-0.3387,-1.2810
-0.3090,-1.2873
-0.2790,-1.2924
-0.2487,-1.2962
-0.2181,-1.2987
-0.1874,-1.2999
-0.1564,-1.2998
-0.1253,-1.2984
-0.0941,-1.2958
-0.0628,-1.2919
-0.0314,-1.2867
0.0000,-1.2803
0.0314,-1.2725
0.0628,-1.2635
0.0941,-1.2533
0.1253,-1.2419
0.1564,-1.2292
0.1874,-1.2153
0.2181,-1.2002
0.2487,-1.1839
0.2790,-1.1664
0.3090,-1.1479
0.3387,-1.1281
0.3681,-1.1072
0.3971,-1.0853
0.4258,-1.0623
0.4540,-1.0382
0.4818,-1.0131
0.5090,-0.9871
0.5358,-0.9600
0.5621,-0.9320
0.5878,-0.9030
0.6129,-0.8733
0.6374,-0.8425
0.6613,-0.8110
0.6845,-0.7788
0.7071,-0.7457
0.7290,-0.7118
0.7501,-0.6773
0.7705,-0.6422
0.7902,-0.6062
0.8090,-0.5699
0.8271,-0.5329
0.8443,-0.4954
0.8607,-0.4574
0.8763,-0.4189
0.8910,-0.3801
0.9048,-0.3408
0.9178,-0.3013
0.9298,-0.2614
0.9409,-0.2213
0.9511,-0.1809
0.9603,-0.1404
0.9686,-0.0998
0.9759,-0.0589
0.9823,-0.0181
0.9877,0.0227
0.9921,0.0635
0.9956,0.1042
0.9980,0.1449
0.9995,0.1854
1.0000,0.2258
0.9995,0.2658
0.9980,0.3057
0.9956,0.3452
0.9921,0.3844
0.9877,0.4232
0.9823,0.4616
0.9759,0.4996
0.9686,0.5370
0.9603,0.5740
0.9511,0.6103
0.9409,0.6461
0.9298,0.6812
0.9178,0.7156
0.9048,0.7494
0.8910,0.7824
0.8763,0.8146
0.8607,0.8460
0.8443,0.8766
0.8271,0.9063
0.8090,0.9351
0.7902,0.9631
0.7705,0.9900
0.7501,1.0160
0.7290,1.0410
0.7071,1.0649
0.6845,1.0878
0.6613,1.1096
0.6374,1.1304
0.6129,1.1499
0.5878,1.1684
0.5621,1.1858
0.5358,1.2019
0.5090,1.2169
0.4818,1.2306
0.4540,1.2432
0.4258,1.2545
0.3971,1.2646
0.3681,1.2735
0.3387,1.2810
0.3090,1.2873
0.2790,1.2924
0.2487,1.2962
0.2181,1.2987
0.1874,1.2999
0.1564,1.2998
0.1253,1.2984
0.0941,1.2958
0.0628,1.2919
0.0314,1.2867
0.0000,1.2803
-0.0314,1.2725
-0.0628,1.2635
-0.0941,1.2533
-0.1253,1.2419
-0.1564,1.2292
-0.1874,1.2153
-0.2181,1.2002
-0.2487,1.1839
-0.2790,1.1664
-0.3090,1.1478
-0.3387,1.1281
-0.3681,1.1073
-0.3971,1.0853
-0.4258,1.0623
-0.4540,1.0382
-0.4818,1.0131
-0.5090,0.9870
-0.5358,0.9600
-0.5621,0.9320
-0.5878,0.9030
-0.6129,0.8733
-0.6374,0.8426
-0.6613,0.8110
-0.6845,0.7787
-0.7071,0.7457
-0.7290,0.7119
-0.7501,0.6773
-0.7705,0.6421
-0.7902,0.6063
-0.8090,0.5699
-0.8271,0.5329
-0.8443,0.4954
-0.8607,0.4575
-0.8763,0.4189
-0.8910,0.3801
-0.9048,0.3409
-0.9178,0.3013
-0.9298,0.2614
-0.9409,0.2213
-0.9511,0.1810
-0.9603,0.1404
-0.9686,0.0998
-0.9759,0.0590
-0.9823,0.0181
-0.9877,-0.0227
-0.9921,-0.0635
-0.9956,-0.1042
-0.9980,-0.1449
-0.9995,-0.1854
-1.0000,-0.2257
-0.9995,-0.2659
-0.9980,-0.3057
-0.9956,-0.3452
-0.9921,-0.3843
-0.9877,-0.4233
-0.9823,-0.4616
-0.9759,-0.4996
-0.9686,-0.5370
-0.9603,-0.5740
-0.9511,-0.6103
-0.9409,-0.6460
-0.9298,-0.6812
-0.9178,-0.7156
-0.9048,-0.7493
-0.8910,-0.7824
-0.8763,-0.8146
-0.8607,-0.8460
-0.8443,-0.8765
-0.8271,-0.9063
-0.8090,-0.9351
-0.7902,-0.9631
-0.7705,-0.9900
-0.7501,-1.0160
-0.7290,-1.0409
-0.7071,-1.0648
-0.6845,-1.0878
-0.6613,-1.1096
-0.6374,-1.1304
-0.6129,-1.1500
-0.5878,-1.1684
-0.5621,-1.1857
-0.5358,-1.2019
-0.5090,-1.2169
-0.4818,-1.2306
-0.4540,-1.2432
-0.4258,-1.2545
-0.3971,-1.2646
-0.3681,-1.2734
-0.3387,-1.2810
-0.3090,-1.2874
-0.2790,-1.2924
-0.2487,-1.2962
-0.2181,-1.2987
-0.1874,-1.2999
-0.1564,-1.2998
-0.1253,-1.2984
-0.0941,-1.2958
-0.0628,-1.2919
-0.0314,-1.2867
0.0000,-1.2803
0.0314,-1.2725
0.0628,-1.2636
0.0941,-1.2533
0.1253,-1.2419
0.1564,-1.2292
0.1874,-1.2153
0.2181,-1.2002
0.2487,-1.1839
0.2790,-1.1665
0.3090,-1.1478
0.3387,-1.1281
0.3681,-1.1073
0.3971,-1.0853
0.4258,-1.0623
0.4540,-1.0382
0.4818,-1.0132
0.5090,-0.9870
0.5358,-0.9600
0.5621,-0.9320
0.5878,-0.9030
0.6129,-0.8732
0.6374,-0.8425
0.6613,-0.8111
0.6845,-0.7787
0.7071,-0.7457
0.7290,-0.7119
0.7501,-0.6773
0.7705,-0.6421
0.7902,-0.6063
0.8090,-0.5699
0.8271,-0.5329
0.8443,-0.4954
0.8607,-0.4575
0.8763,-0.4189
0.8910,-0.3801
0.9048,-0.3408
0.9178,-0.3013
0.9298,-0.2614
0.9409,-0.2213
0.9511,-0.1810
0.9603,-0.1404
0.9686,-0.0998
0.9759,-0.0590
0.9823,-0.0182
0.9877,0.0227
0.9921,0.0635
0.9956,0.1042
0.9980,0.1449
0.9995,0.1854
1.0000,0.2257
0.9995,0.2658
0.9980,0.3057
0.9956,0.3452
0.9921,0.3844
0.9877,0.4233
0.9823,0.4616
0.9759,0.4996
0.9686,0.5370
0.9603,0.5740
0.9511,0.6103
0.9409,0.6460
0.9298,0.6812
0.9178,0.7156
0.9048,0.7494
0.8910,0.7823
0.8763,0.8146
0.8607,0.8460
0.8443,0.8767
0.8271,0.9063
0.8090,0.9351
0.7902,0.9630
0.7705,0.9900
0.7501,1.0160
0.7290,1.0409
0.7071,1.0649
0.6845,1.0878
0.6613,1.1096
0.6374,1.1303
0.6129,1.1500
0.5878,1.1684
0.5621,1.1857
0.5358,1.2019
0.5090,1.2169
0.4818,1.2306
0.4540,1.2432
0.4258,1.2545
0.3971,1.2646
0.3681,1.2734
0.3387,1.2810
0.3090,1.2874
0.2790,1.2924
0.2487,1.2962
0.2181,1.2987
0.1874,1.2999
0.1564,1.2998
0.1253,1.2984
0.0941,1.2958
0.0628,1.2919
0.0314,1.2867
0.0000,1.2802
-0.0314,1.2725
-0.0628,1.2636
-0.0941,1.2533
-0.1253,1.2419
-0.1564,1.2292
-0.1874,1.2153
-0.2181,1.2002
-0.2487,1.1839
-0.2790,1.1665
-0.3090,1.1478
-0.3387,1.1281
-0.3681,1.1073
-0.3971,1.0853
-0.4258,1.0623
-0.4540,1.0382
-0.4818,1.0132
-0.5090,0.9870
-0.5358,0.9600
-0.5621,0.9320
-0.5878,0.9031
-0.6129,0.8732
-0.6374,0.8425
-0.6613,0.8111
-0.6845,0.7787
-0.7071,0.7456
-0.7290,0.7119
-0.7501,0.6773
-0.7705,0.6421
-0.7902,0.6063
-0.8090,0.5699
-0.8271,0.5328
-0.8443,0.4954
-0.8607,0.4574
-0.8763,0.4190
-0.8910,0.3801
-0.9048,0.3408
-0.9178,0.3013
-0.9298,0.2613
-0.9409,0.2213
-0.9511,0.1810
-0.9603,0.1404
-0.9686,0.0997
-0.9759,0.0590
-0.9823,0.0182
-0.9877,-0.0227
-0.9921,-0.0635
-0.9956,-0.1043
-0.9980,-0.1449
-0.9995,-0.1854
-1.0000,-0.2258
-0.9995,-0.2658
-0.9980,-0.3057
-0.9956,-0.3452
-0.9921,-0.3844
-0.9877,-0.4232
-0.9823,-0.4616
-0.9759,-0.4996
-0.9686,-0.5370
-0.9603,-0.5740
-0.9511,-0.6103
-0.9409,-0.6461
-0.9298,-0.6811
-0.9178,-0.7156
-0.9048,-0.7494
-0.8910,-0.7823
-0.8763,-0.8146
-0.8607,-0.8460
-0.8443,-0.8766
-0.8271,-0.9063
-0.8090,-0.9351
-0.7902,-0.9630
-0.7705,-0.9900
-0.7501,-1.0160
-0.7290,-1.0409
-0.7071,-1.0649
-0.6845,-1.0878
-0.6613,-1.1096
-0.6374,-1.1303
-0.6129,-1.1499
-0.5878,-1.1685
-0.5621,-1.1858
-0.5358,-1.2019
-0.5090,-1.2169
-0.4818,-1.2306
-0.4540,-1.2432
-0.4258,-1.2545
-0.3971,-1.2646
-0.3681,-1.2734
-0.3387,-1.2810
-0.3090,-1.2874
-0.2790,-1.2924
-0.2487,-1.2962
-0.2181,-1.2987
-0.1874,-1.2999
-0.1564,-1.2998
-0.1253,-1.2984
-0.0941,-1.2958
-0.0628,-1.2919
-0.0314,-1.2867
0.0000,-1.2803
0.0314,-1.2725
0.0628,-1.2636
0.0941,-1.2533
0.1253,-1.2419
0.1564,-1.2292
0.1874,-1.2153
0.2181,-1.2002
0.2487,-1.1839
0.2790,-1.1664
0.3090,-1.1478
0.3387,-1.1281
0.3681,-1.1073
0.3971,-1.0853
0.4258,-1.0623
0.4540,-1.0382
0.4818,-1.0132
0.5090,-0.9871
0.5358,-0.9600
0.5621,-0.9320
0.5878,-0.9031
0.6129,-0.8733
0.6374,-0.8425
0.6613,-0.8111
0.6845,-0.7787
0.7071,-0.7456
0.7290,-0.7118
0.7501,-0.6773
0.7705,-0.6422
0.7902,-0.6063
0.8090,-0.5699
0.8271,-0.5329
0.8443,-0.4954
0.8607,-0.4574
0.8763,-0.4190
0.8910,-0.3802
0.9048,-0.3408
0.9178,-0.3013
0.9298,-0.2614
0.9409,-0.2213
0.9511,-0.1809
0.9603,-0.1404
0.9686,-0.0998
0.9759,-0.0589
0.9823,-0.0182
0.9877,0.0227
0.9921,0.0635
0.9956,0.1043
0.9980,0.1449
0.9995,0.1853
1.0000,0.2258
0.9995,0.2658
0.9980,0.3057
0.9956,0.3452
0.9921,0.3845
0.9877,0.4232
0.9823,0.4616
0.9759,0.4996
0.9686,0.5370
0.9603,0.5740
0.9511,0.6103
0.9409,0.6461
0.9298,0.6812
0.9178,0.7156
0.9048,0.7494
0.8910,0.7823
0.8763,0.8146
0.8607,0.8460
0.8443,0.8766
0.8271,0.9063
0.8090,0.9351
0.7902,0.9631
0.7705,0.9900
0.7501,1.0160
0.7290,1.0410
0.7071,1.0649
0.6845,1.0878
0.6613,1.1096
0.6374,1.1304
0.6129,1.1499
0.5878,1.1685
0.5621,1.1858
0.5358,1.2019
0.5090,1.2169
0.4818,1.2306
0.4540,1.2432
0.4258,1.2545
0.3971,1.2646
0.3681,1.2734
0.3387,1.2810
0.3090,1.2873
0.2790,1.2924
0.2487,1.2962
0.2181,1.2987
0.1874,1.2999
0.1564,1.2998
0.1253,1.2984
0.0941,1.2958
0.0628,1.2919
0.0314,1.2867
0.0000,1.2803
-0.0314,1.2725
-0.0628,1.2636
-0.0941,1.2533
-0.1253,1.2419
-0.1564,1.2292
-0.1874,1.2153
-0.2181,1.2002
-0.2487,1.1839
-0.2790,1.1664
-0.3090,1.1478
-0.3387,1.1281
-0.3681,1.1072
-0.3971,1.0853
-0.4258,1.0623
-0.4540,1.0382
-0.4818,1.0131
-0.5090,0.9870
-0.5358,0.9600
-0.5621,0.9319
-0.5878,0.9031
-0.6129,0.8733
-0.6374,0.8425
-0.6613,0.8111
-0.6845,0.7787
-0.7071,0.7457
-0.7290,0.7118
-0.7501,0.6773
-0.7705,0.6422
-0.7902,0.6063
-0.8090,0.5699
-0.8271,0.5329
-0.8443,0.4954
-0.8607,0.4573
-0.8763,0.4190
-0.8910,0.3801
-0.9048,0.3408
-0.9178,0.3013
-0.9298,0.2614
-0.9409,0.2213
-0.9511,0.1809
-0.9603,0.1404
-0.9686,0.0998
-0.9759,0.0589
-0.9823,0.0182
-0.9877,-0.0227
-0.9921,-0.0634
-0.9956,-0.1043
-0.9980,-0.1449
-0.9995,-0.1854
-1.0000,-0.2258
-0.9995,-0.2658
-0.9980,-0.3057
-0.9956,-0.3452
-0.9921,-0.3845
-0.9877,-0.4232
-0.9823,-0.4616
-0.9759,-0.4996
-0.9686,-0.5370
-0.9603,-0.5740
-0.9511,-0.6103
-0.9409,-0.6461
-0.9298,-0.6812
-0.9178,-0.7156
-0.9048,-0.7494
-0.8910,-0.7823
-0.8763,-0.8146
-0.8607,-0.8460
-0.8443,-0.8766
-0.8271,-0.9063
-0.8090,-0.9351
-0.7902,-0.9631
-0.7705,-0.9900
-0.7501,-1.0160
-0.7290,-1.0410
-0.7071,-1.0649
-0.6845,-1.0878
-0.6613,-1.1097
-0.6374,-1.1304
-0.6129,-1.1499
-0.5878,-1.1684
-0.5621,-1.1858
-0.5358,-1.2019
-0.5090,-1.2169
-0.4818,-1.2307
-0.4540,-1.2432
-0.4258,-1.2545
-0.3971,-1.2646
-0.3681,-1.2735
-0.3387,-1.2810
-0.3090,-1.2873
-0.2790,-1.2924
-0.2487,-1.2962
-0.2181,-1.2987
-0.1874,-1.2999
-0.1564,-1.2998
-0.1253,-1.2984
-0.0941,-1.2958
-0.0628,-1.2919
-0.0314,-1.2867
0.0000,-1.2803
0.0314,-1.2725
0.0628,-1.2635
0.0941,-1.2533
0.1253,-1.2419
0.1564,-1.2292
0.1874,-1.2153
0.2181,-1.2002
0.2487,-1.1839
0.2790,-1.1664
0.3090,-1.1478
0.3387,-1.1281
0.3681,-1.1072
0.3971,-1.0853
0.4258,-1.0623
0.4540,-1.0382
0.4818,-1.0131
0.5090,-0.9870
0.5358,-0.9600
0.5621,-0.9319
0.5878,-0.9030
0.6129,-0.8733
0.6374,-0.8426
0.6613,-0.8110
0.6845,-0.7787
0.7071,-0.7457
0.7290,-0.7118
0.7501,-0.6773
0.7705,-0.6422
0.7902,-0.6063
0.8090,-0.5699
0.8271,-0.5329
0.8443,-0.4954
0.8607,-0.4573
0.8763,-0.4189
0.8910,-0.3801
0.9048,-0.3409
0.9178,-0.3013
0.9298,-0.2614
0.9409,-0.2213
0.9511,-0.1809
0.9603,-0.1404
0.9686,-0.0998
0.9759,-0.0590
0.9823,-0.0182
0.9877,0.0227
0.9921,0.0635
0.9956,0.1043
0.9980,0.1449
0.9995,0.1854
1.0000,0.2258
0.9995,0.2658
0.9980,0.3057
0.9956,0.3452
0.9921,0.3845
0.9877,0.4232
0.9823,0.4617
0.9759,0.4996
0.9686,0.5370
0.9603,0.5740
0.9511,0.6103
0.9409,0.6461
0.9298,0.6812
0.9178,0.7156
0.9048,0.7494
0.8910,0.7823
0.8763,0.8146
0.8607,0.8460
0.8443,0.8766
0.8271,0.9063
0.8090,0.9352
0.7902,0.9631
0.7705,0.9900
0.7501,1.0160
0.7290,1.0409
0.7071,1.0649
0.6845,1.0878
0.6613,1.1096
0.6374,1.1304
0.6129,1.1499
0.5878,1.1684
0.5621,1.1857
0.5358,1.2019
0.5090,1.2169
0.4818,1.2306
0.4540,1.2432
0.4258,1.2545
0.3971,1.2646
0.3681,1.2734
0.3387,1.2810
0.3090,1.2873
0.2790,1.2924
0.2487,1.2962
0.2181,1.2987
0.1874,1.2999
0.1564,1.2998
0.1253,1.2984
0.0941,1.2958
0.0628,1.2919
0.0314,1.2867
0.0000,1.2803
-0.0314,1.2725
-0.0628,1.2636
-0.0941,1.2533
-0.1253,1.2419
-0.1564,1.2292
-0.1874,1.2153
-0.2181,1.2002
-0.2487,1.1839
-0.2790,1.1665
-0.3090,1.1478
-0.3387,1.1281
-0.3681,1.1072
-0.3971,1.0853
-0.4258,1.0623
-0.4540,1.0382
-0.4818,1.0132
-0.5090,0.9870
-0.5358,0.9600
-0.5621,0.9320
-0.5878,0.9030
-0.6129,0.8733
-0.6374,0.8426
-0.6613,0.8111
-0.6845,0.7787
-0.7071,0.7457
-0.7290,0.7118
-0.7501,0.6773
-0.7705,0.6422
-0.7902,0.6063
-0.8090,0.5699
-0.8271,0.5329
-0.8443,0.4954
-0.8607,0.4574
-0.8763,0.4189
-0.8910,0.3800
-0.9048,0.3409
-0.9178,0.3013
-0.9298,0.2614
-0.9409,0.2213
-0.9511,0.1809
-0.9603,0.1404
-0.9686,0.0997
-0.9759,0.0590
-0.9823,0.0182
-0.9877,-0.0227
-0.9921,-0.0635
-0.9956,-0.1043
-0.9980,-0.1449
-0.9995,-0.1855
-1.0000,-0.2257
-0.9995,-0.2658
-0.9980,-0.3057
-0.9956,-0.3452
-0.9921,-0.3845
-0.9877,-0.4232
-0.9823,-0.4617
-0.9759,-0.4996
-0.9686,-0.5370
-0.9603,-0.5740
-0.9511,-0.6103
-0.9409,-0.6461
-0.9298,-0.6812
-0.9178,-0.7157
-0.9048,-0.7493
-0.8910,-0.7824
-0.8763,-0.8146
-0.8607,-0.8460
-0.8443,-0.8766
-0.8271,-0.9063
-0.8090,-0.9352
-0.7902,-0.9630
-0.7705,-0.9900
-0.7501,-1.0160
-0.7290,-1.0409
-0.7071,-1.0649
-0.6845,-1.0878
-0.6613,-1.1096
-0.6374,-1.1303
-0.6129,-1.1500
-0.5878,-1.1684
-0.5621,-1.1857
-0.5358,-1.2019
-0.5090,-1.2169
-0.4818,-1.2307
-0.4540,-1.2432
-0.4258,-1.2545
-0.3971,-1.2646
-0.3681,-1.2734
-0.3387,-1.2810
-0.3090,-1.2874
-0.2790,-1.2924
-0.2487,-1.2962
-0.2181,-1.2987
-0.1874,-1.2999
-0.1564,-1.2998
-0.1253,-1.2984
-0.0941,-1.2958
-0.0628,-1.2919
-0.0314,-1.2867
0.0000,-1.2803
0.0314,-1.2725
0.0628,-1.2636
0.0941,-1.2533
0.1253,-1.2419
0.1564,-1.2292
0.1874,-1.2153
0.2181,-1.2002
0.2487,-1.1839
0.2790,-1.1665
0.3090,-1.1478
0.3387,-1.1281
0.3681,-1.1072
0.3971,-1.0853
0.4258,-1.0623
0.4540,-1.0382
0.4818,-1.0132
0.5090,-0.9870
0.5358,-0.9600
0.5621,-0.9320
0.5878,-0.9031
0.6129,-0.8732
0.6374,-0.8426
0.6613,-0.8111
0.6845,-0.7787
0.7071,-0.7457
0.7290,-0.7118
0.7501,-0.6774
0.7705,-0.6421
0.7902,-0.6063
0.8090,-0.5699
0.8271,-0.5329
0.8443,-0.4954
0.8607,-0.4574
0.8763,-0.4190
0.8910,-0.3800
0.9048,-0.3409
0.9178,-0.3013
0.9298,-0.2614
0.9409,-0.2213
0.9511,-0.1809
0.9603,-0.1405
0.9686,-0.0997
0.9759,-0.0590
0.9823,-0.0182
0.9877,0.0227
0.9921,0.0635
0.9956,0.1043
0.9980,0.1449
0.9995,0.1855
1.0000,0.2257
0.9995,0.2658
0.9980,0.3057
0.9956,0.3452
0.9921,0.3844
0.9877,0.4233
0.9823,0.4617
0.9759,0.4996
0.9686,0.5370
0.9603,0.5740
0.9511,0.6103
0.9409,0.6461
0.9298,0.6812
0.9178,0.7157
0.9048,0.7494
0.8910,0.7823
0.8763,0.8146
0.8607,0.8460
0.8443,0.8766
0.8271,0.9063
0.8090,0.9352
0.7902,0.9630
0.7705,0.9900
0.7501,1.0160
0.7290,1.0409
0.7071,1.0649
0.6845,1.0878
0.6613,1.1096
0.6374,1.1303
0.6129,1.1499
0.5878,1.1684
0.5621,1.1857
0.5358,1.2019
0.5090,1.2169
0.4818,1.2307
0.4540,1.2432
0.4258,1.2545
0.3971,1.2646
0.3681,1.2734
0.3387,1.2810
0.3090,1.2874
0.2790,1.2924
0.2487,1.2962
0.2181,1.2987
0.1874,1.2999
0.1564,1.2998
0.1253,1.2985
0.0941,1.2958
0.0628,1.2919
0.0314,1.2867
0.0000,1.2802
-0.0314,1.2725
-0.0628,1.2636
-0.0941,1.2533
-0.1253,1.2419
-0.1564,1.2292
-0.1874,1.2153
-0.2181,1.2001
-0.2487,1.1839
-0.2790,1.1665
-0.3090,1.1478
-0.3387,1.1281
-0.3681,1.1072
-0.3971,1.0853
-0.4258,1.0622
-0.4540,1.0382
-0.4818,1.0132
-0.5090,0.9871
-0.5358,0.9600
-0.5621,0.9320
-0.5878,0.9031
-0.6129,0.8732
-0.6374,0.8425
-0.6613,0.8111
-0.6845,0.7788
-0.7071,0.7457
-0.7290,0.7118
-0.7501,0.6773
-0.7705,0.6421
-0.7902,0.6063
-0.8090,0.5699
-0.8271,0.5329
-0.8443,0.4954
-0.8607,0.4574
-0.8763,0.4190
-0.8910,0.3800
-0.9048,0.3408
-0.9178,0.3013
-0.9298,0.2614
-0.9409,0.2213
-0.9511,0.1809
-0.9603,0.1404
-0.9686,0.0997
-0.9759,0.0590
-0.9823,0.0182
-0.9877,-0.0227
-0.9921,-0.0635
-0.9956,-0.1043
-0.9980,-0.1449
-0.9995,-0.1855
-1.0000,-0.2257
-0.9995,-0.2658
-0.9980,-0.3057
-0.9956,-0.3452
-0.9921,-0.3844
-0.9877,-0.4232
-0.9823,-0.4617
-0.9759,-0.4996
-0.9686,-0.5370
-0.9603,-0.5740
-0.9511,-0.6103
-0.9409,-0.6461
-0.9298,-0.6811
-0.9178,-0.7157
-0.9048,-0.7494
-0.8910,-0.7823
-0.8763,-0.8146
-0.8607,-0.8460
-0.8443,-0.8766
-0.8271,-0.9063
-0.8090,-0.9352
-0.7902,-0.9630
-0.7705,-0.9900
-0.7501,-1.0160
-0.7290,-1.0409
-0.7071,-1.0649
-0.6845,-1.0878
-0.6613,-1.1096
-0.6374,-1.1303
-0.6129,-1.1500
-0.5878,-1.1684
-0.5621,-1.1857
-0.5358,-1.2019
-0.5090,-1.2169
-0.4818,-1.2307
-0.4540,-1.2432
-0.4258,-1.2545
-0.3971,-1.2646
-0.3681,-1.2734
-0.3387,-1.2810
-0.3090,-1.2873
-0.2790,-1.2924
-0.2487,-1.2962
-0.2181,-1.2987
-0.1874,-1.2999
-0.1564,-1.2998
-0.1253,-1.2984
-0.0941,-1.2958
-0.0628,-1.2919
-0.0314,-1.2867
0.0000,-1.2803
0.0314,-1.2725
0.0628,-1.2636
0.0941,-1.2533
0.1253,-1.2419
0.1564,-1.2292
0.1874,-1.2153
0.2181,-1.2002
0.2487,-1.1839
0.2790,-1.1665
0.3090,-1.1478
0.3387,-1.1281
0.3681,-1.1072
0.3971,-1.0853
0.4258,-1.0623
0.4540,-1.0382
0.4818,-1.0132
0.5090,-0.9871
0.5358,-0.9600
0.5621,-0.9320
0.5878,-0.9031
0.6129,-0.8732
0.6374,-0.8425
0.6613,-0.8111
0.6845,-0.7787
0.7071,-0.7457
0.7290,-0.7118
0.7501,-0.6773
0.7705,-0.6421
0.7902,-0.6063
0.8090,-0.5699
0.8271,-0.5329
0.8443,-0.4955
0.8607,-0.4574
0.8763,-0.4190
0.8910,-0.3800
0.9048,-0.3408
0.9178,-0.3013
0.9298,-0.2614
0.9409,-0.2213
0.9511,-0.1809
0.9603,-0.1404
0.9686,-0.0997
0.9759,-0.0590
0.9823,-0.0182
0.9877,0.0227
0.9921,0.0635
0.9956,0.1043
0.9980,0.1449
0.9995,0.1855
1.0000,0.2258
0.9995,0.2659
0.9980,0.3057
0.9956,0.3452
0.9921,0.3844
0.9877,0.4232
0.9823,0.4617
0.9759,0.4996
0.9686,0.5371
0.9603,0.5739
0.9511,0.6103
0.9409,0.6461
0.9298,0.6812
0.9178,0.7157
0.9048,0.7494
0.8910,0.7824
0.8763,0.8146
0.8607,0.8460
0.8443,0.8766
0.8271,0.9063
0.8090,0.9352
0.7902,0.9631
0.7705,0.9900
0.7501,1.0160
0.7290,1.0409
0.7071,1.0649
0.6845,1.0878
0.6613,1.1096
0.6374,1.1303
0.6129,1.1500
0.5878,1.1684
0.5621,1.1858
0.5358,1.2019
0.5090,1.2169
0.4818,1.2307
0.4540,1.2432
0.4258,1.2545
0.3971,1.2646
0.3681,1.2734
0.3387,1.2810
0.3090,1.2873
0.2790,1.2924
0.2487,1.2962
0.2181,1.2987
0.1874,1.2999
0.1564,1.2998
0.1253,1.2984
0.0941,1.2958
0.0628,1.2919
0.0314,1.2867
0.0000,1.2802
-0.0314,1.2725
-0.0628,1.2636
-0.0941,1.2533
-0.1253,1.2419
-0.1564,1.2292
-0.1874,1.2153
-0.2181,1.2002
-0.2487,1.1839
-0.2790,1.1664
-0.3090,1.1478
-0.3387,1.1281
-0.3681,1.1072
-0.3971,1.0853
-0.4258,1.0623
-0.4540,1.0383
-0.4818,1.0132
-0.5090,0.9871
-0.5358,0.9600
-0.5621,0.9320
-0.5878,0.9031
-0.6129,0.8732
-0.6374,0.8426
-0.6613,0.8111
-0.6845,0.7787
-0.7071,0.7457
-0.7290,0.7118
-0.7501,0.6773
-0.7705,0.6421
-0.7902,0.6063
-0.8090,0.5698
-0.8271,0.5329
-0.8443,0.4954
-0.8607,0.4574
-0.8763,0.4190
-0.8910,0.3801
-0.9048,0.3408
-0.9178,0.3012
-0.9298,0.2614
-0.9409,0.2213
-0.9511,0.1809
-0.9603,0.1404
-0.9686,0.0997
-0.9759,0.0589
-0.9823,0.0181
-0.9877,-0.0227
-0.9921,-0.0634
-0.9956,-0.1043
-0.9980,-0.1449
-0.9995,-0.1854
-1.0000,-0.2258
-0.9995,-0.2659
-0.9980,-0.3057
-0.9956,-0.3452
-0.9921,-0.3845
-0.9877,-0.4232
-0.9823,-0.4616
-0.9759,-0.4996
-0.9686,-0.5371
-0.9603,-0.5739
-0.9511,-0.6103
-0.9409,-0.6461
-0.9298,-0.6812
-0.9178,-0.7156
-0.9048,-0.7494
-0.8910,-0.7824
-0.8763,-0.8146
-0.8607,-0.8460
-0.8443,-0.8766
-0.8271,-0.9063
-0.8090,-0.9351
-0.7902,-0.9631
-0.7705,-0.9900
-0.7501,-1.0160
-0.7290,-1.0409
-0.7071,-1.0649
-0.6845,-1.0878
-0.6613,-1.1096
-0.6374,-1.1304
-0.6129,-1.1500
-0.5878,-1.1684
-0.5621,-1.1857
-0.5358,-1.2019
-0.5090,-1.2169
-0.4818,-1.2306
-0.4540,-1.2432
-0.4258,-1.2545
-0.3971,-1.2646
-0.3681,-1.2734
-0.3387,-1.2810
-0.3090,-1.2873
-0.2790,-1.2924
-0.2487,-1.2962
-0.2181,-1.2987
-0.1874,-1.2999
-0.1564,-1.2998
-0.1253,-1.2984
-0.0941,-1.2958
-0.0628,-1.2919
-0.0314,-1.2867
0.0000,-1.2802
0.0314,-1.2725
0.0628,-1.2635
0.0941,-1.2533
0.1253,-1.2419
0.1564,-1.2292
0.1874,-1.2153
0.2181,-1.2002
0.2487,-1.1839
0.2790,-1.1664
0.3090,-1.1478
0.3387,-1.1281
0.3681,-1.1073
0.3971,-1.0853
0.4258,-1.0623
0.4540,-1.0382
0.4818,-1.0131
0.5090,-0.9870
0.5358,-0.9600
0.5621,-0.9320
0.5878,-0.9031
0.6129,-0.8732
0.6374,-0.8426
0.6613,-0.8110
0.6845,-0.7787
0.7071,-0.7457
0.7290,-0.7118
0.7501,-0.6773
0.7705,-0.6421
0.7902,-0.6063
0.8090,-0.5698
0.8271,-0.5329
0.8443,-0.4954
0.8607,-0.4573
0.8763,-0.4189
0.8910,-0.3801
0.9048,-0.3409
0.9178,-0.3012
0.9298,-0.2614
0.9409,-0.2213
0.9511,-0.1809
0.9603,-0.1404
0.9686,-0.0997
0.9759,-0.0590
0.9823,-0.0181
0.9877,0.0227
0.9921,0.0635
0.9956,0.1043
0.9980,0.1449
0.9995,0.1854
1.0000,0.2257
0.9995,0.2659
0.9980,0.3057
0.9956,0.3452
0.9921,0.3845
0.9877,0.4232
0.9823,0.4617
0.9759,0.4995
0.9686,0.5371
0.9603,0.5740
0.9511,0.6103
0.9409,0.6461
0.9298,0.6812
0.9178,0.7156
0.9048,0.7493
0.8910,0.7824
0.8763,0.8146
0.8607,0.8460
0.8443,0.8766
0.8271,0.9063
0.8090,0.9351
0.7902,0.9630
0.7705,0.9900
0.7501,1.0160
0.7290,1.0409
0.7071,1.0649
0.6845,1.0878
0.6613,1.1096
0.6374,1.1303
0.6129,1.1500
0.5878,1.1684
0.5621,1.1858
0.5358,1.2019
0.5090,1.2169
0.4818,1.2306
0.4540,1.2432
0.4258,1.2545
0.3971,1.2646
0.3681,1.2735
0.3387,1.2810
0.3090,1.2873
0.2790,1.2924
0.2487,1.2962
0.2181,1.2987
0.1874,1.2999
0.1564,1.2998
0.1253,1.2984
0.0941,1.2958
0.0628,1.2919
0.0314,1.2867
0.0000,1.2802
-0.0314,1.2725
-0.0628,1.2635
-0.0941,1.2533
-0.1253,1.2419
-0.1564,1.2292
-0.1874,1.2153
-0.2181,1.2002
-0.2487,1.1839
-0.2790,1.1664
-0.3090,1.1478
-0.3387,1.1281
-0.3681,1.1072
-0.3971,1.0853
-0.4258,1.0623
-0.4540,1.0382
-0.4818,1.0131
-0.5090,0.9870
-0.5358,0.9600
-0.5621,0.9320
-0.5878,0.9030
-0.6129,0.8732
-0.6374,0.8426
-0.6613,0.8110
-0.6845,0.7787
-0.7071,0.7457
-0.7290,0.7118
-0.7501,0.6773
-0.7705,0.6421
-0.7902,0.6063
-0.8090,0.5698
-0.8271,0.5329
-0.8443,0.4954
-0.8607,0.4574
-0.8763,0.4189
-0.8910,0.3801
-0.9048,0.3409
-0.9178,0.3012
-0.9298,0.2614
-0.9409,0.2213
-0.9511,0.1809
-0.9603,0.1404
-0.9686,0.0997
-0.9759,0.0590
-0.9823,0.0181
-0.9877,-0.0227
-0.9921,-0.0635
-0.9956,-0.1042
-0.9980,-0.1449
-0.9995,-0.1854
-1.0000,-0.2257
-0.9995,-0.2659
-0.9980,-0.3057
-0.9956,-0.3452
-0.9921,-0.3844
-0.9877,-0.4232
-0.9823,-0.4617
-0.9759,-0.4996
-0.9686,-0.5371
-0.9603,-0.5740
-0.9511,-0.6103
-0.9409,-0.6460
-0.9298,-0.6812
-0.9178,-0.7156
-0.9048,-0.7493
-0.8910,-0.7824
-0.8763,-0.8146
-0.8607,-0.8460
-0.8443,-0.8766
-0.8271,-0.9063
-0.8090,-0.9352
-0.7902,-0.9630
-0.7705,-0.9900
-0.7501,-1.0160
-0.7290,-1.0410
-0.7071,-1.0649
-0.6845,-1.0878
-0.6613,-1.1096
-0.6374,-1.1303
-0.6129,-1.1500
-0.5878,-1.1684
-0.5621,-1.1858
-0.5358,-1.2019
-0.5090,-1.2169
-0.4818,-1.2306
-0.4540,-1.2432
-0.4258,-1.2545
-0.3971,-1.2646
-0.3681,-1.2735
-0.3387,-1.2810
-0.3090,-1.2873
-0.2790,-1.2924
-0.2487,-1.2962
-0.2181,-1.2987
-0.1874,-1.2999
-0.1564,-1.2998
-0.1253,-1.2985
-0.0941,-1.2958
-0.0628,-1.2919
-0.0314,-1.2867
0.0000,-1.2802
0.0314,-1.2725
0.0628,-1.2635
0.0941,-1.2533
0.1253,-1.2419
0.1564,-1.2292
0.1874,-1.2153
0.2181,-1.2002
0.2487,-1.1839
0.2790,-1.1664
0.3090,-1.1478
0.3387,-1.1281
0.3681,-1.1072
0.3971,-1.0853
0.4258,-1.0623
0.4540,-1.0382
0.4818,-1.0131
0.5090,-0.9870
0.5358,-0.9600
0.5621,-0.9320
0.5878,-0.9031
0.6129,-0.8732
0.6374,-0.8426
0.6613,-0.8110
0.6845,-0.7787
0.7071,-0.7457
0.7290,-0.7118
0.7501,-0.6774
0.7705,-0.6421
0.7902,-0.6063
0.8090,-0.5699
0.8271,-0.5329
0.8443,-0.4954
0.8607,-0.4574
0.8763,-0.4190
0.8910,-0.3800
0.9048,-0.3409
0.9178,-0.3013
0.9298,-0.2614
0.9409,-0.2212
0.9511,-0.1809
0.9603,-0.1405
0.9686,-0.0997
0.9759,-0.0590
0.9823,-0.0181
0.9877,0.0227
0.9921,0.0636
0.9956,0.1043
0.9980,0.1448
0.9995,0.1855
1.0000,0.2257
0.9995,0.2658
0.9980,0.3057
0.9956,0.3453
0.9921,0.3844
0.9877,0.4232
0.9823,0.4617
0.9759,0.4996
0.9686,0.5370
0.9603,0.5740
0.9511,0.6104
0.9409,0.6461
0.9298,0.6811
0.9178,0.7157
0.9048,0.7493
0.8910,0.7824
0.8763,0.8146
0.8607,0.8460
0.8443,0.8766
0.8271,0.9063
0.8090,0.9352
0.7902,0.9630
0.7705,0.9900
0.7501,1.0160
0.7290,1.0410
0.7071,1.0649
0.6845,1.0878
0.6613,1.1096
0.6374,1.1303
0.6129,1.1500
0.5878,1.1684
0.5621,1.1858
0.5358,1.2019
0.5090,1.2169
0.4818,1.2307
0.4540,1.2432
0.4258,1.2545
0.3971,1.2646
0.3681,1.2735
0.3387,1.2810
0.3090,1.2873
0.2790,1.2924
0.2487,1.2962
0.2181,1.2987
0.1874,1.2999
0.1564,1.2998
0.1253,1.2985
0.0941,1.2958
0.0628,1.2919
0.0314,1.2867
0.0000,1.2803
-0.0314,1.2725
-0.0628,1.2635
-0.0941,1.2533
-0.1253,1.2419
-0.1564,1.2292
-0.1874,1.2153
-0.2181,1.2002
-0.2487,1.1839
-0.2790,1.1664
-0.3090,1.1478
-0.3387,1.1281
-0.3681,1.1072
-0.3971,1.0853
-0.4258,1.0623
-0.4540,1.0382
-0.4818,1.0131
-0.5090,0.9871
-0.5358,0.9599
-0.5621,0.9320
-0.5878,0.9031
-0.6129,0.8732
-0.6374,0.8426
-0.6613,0.8110
-0.6845,0.7788
-0.7071,0.7456
-0.7290,0.7118
-0.7501,0.6774
-0.7705,0.6421
-0.7902,0.6063
-0.8090,0.5699
-0.8271,0.5329
-0.8443,0.4953
-0.8607,0.4574
-0.8763,0.4190
-0.8910,0.3800
-0.9048,0.3408
-0.9178,0.3013
-0.9298,0.2614
-0.9409,0.2212
-0.9511,0.1809
-0.9603,0.1404
-0.9686,0.0997
-0.9759,0.0590
-0.9823,0.0181
-0.9877,-0.0226
-0.9921,-0.0636
-0.9956,-0.1043
-0.9980,-0.1449
-0.9995,-0.1855
-1.0000,-0.2257
-0.9995,-0.2659
-0.9980,-0.3056
-0.9956,-0.3453
-0.9921,-0.3844
-0.9877,-0.4232
-0.9823,-0.4617
-0.9759,-0.4996
-0.9686,-0.5370
-0.9603,-0.5739
-0.9511,-0.6104
-0.9409,-0.6461
-0.9298,-0.6811
-0.9178,-0.7157
-0.9048,-0.7494
-0.8910,-0.7824
-0.8763,-0.8145
-0.8607,-0.8460
-0.8443,-0.8766
-0.8271,-0.9063
-0.8090,-0.9352
-0.7902,-0.9630
-0.7705,-0.9900
-0.7501,-1.0159
-0.7290,-1.0410
-0.7071,-1.0649
-0.6845,-1.0878
-0.6613,-1.1096
-0.6374,-1.1303
-0.6129,-1.1500
-0.5878,-1.1684
-0.5621,-1.1858
-0.5358,-1.2019
-0.5090,-1.2169
-0.4818,-1.2307
-0.4540,-1.2432
-0.4258,-1.2545
-0.3971,-1.2646
-0.3681,-1.2735
-0.3387,-1.2810
-0.3090,-1.2873
-0.2790,-1.2924
-0.2487,-1.2962
-0.2181,-1.2987
-0.1874,-1.2999
-0.1564,-1.2998
-0.1253,-1.2984
-0.0941,-1.2958
-0.0628,-1.2919
-0.0314,-1.2867
0.0000,-1.2803
0.0314,-1.2725
0.0628,-1.2635
0.0941,-1.2533
0.1253,-1.2418
0.1564,-1.2292
0.1874,-1.2153
0.2181,-1.2002
0.2487,-1.1839
0.2790,-1.1664
0.3090,-1.1478
0.3387,-1.1281
0.3681,-1.1072
0.3971,-1.0853
0.4258,-1.0623
0.4540,-1.0382
0.4818,-1.0131
0.5090,-0.9871
0.5358,-0.9599
0.5621,-0.9320
0.5878,-0.9031
0.6129,-0.8732
0.6374,-0.8425
0.6613,-0.8110
0.6845,-0.7787
0.7071,-0.7456
0.7290,-0.7118
0.7501,-0.6773
0.7705,-0.6421
0.7902,-0.6063
0.8090,-0.5699
0.8271,-0.5329
0.8443,-0.4953
0.8607,-0.4574
0.8763,-0.4190
0.8910,-0.3801
0.9048,-0.3408
0.9178,-0.3012
0.9298,-0.2614
0.9409,-0.2212
0.9511,-0.1809
0.9603,-0.1404
0.9686,-0.0998
0.9759,-0.0590
0.9823,-0.0181
0.9877,0.0227
0.9921,0.0636
0.9956,0.1043
0.9980,0.1449
0.9995,0.1854
1.0000,0.2257
0.9995,0.2659
0.9980,0.3057
0.9956,0.3453
0.9921,0.3844
0.9877,0.4232
0.9823,0.4616
0.9759,0.4996
0.9686,0.5371
0.9603,0.5739
0.9511,0.6104
0.9409,0.6461
0.9298,0.6811
0.9178,0.7156
0.9048,0.7494
0.8910,0.7824
0.8763,0.8146
0.8607,0.8461
0.8443,0.8766
0.8271,0.9063
0.8090,0.9351
0.7902,0.9630
0.7705,0.9900
0.7501,1.0160
0.7290,1.0410
0.7071,1.0649
0.6845,1.0878
0.6613,1.1096
0.6374,1.1303
0.6129,1.1500
0.5878,1.1684
0.5621,1.1858
0.5358,1.2019
0.5090,1.2169
0.4818,1.2306
0.4540,1.2432
0.4258,1.2545
0.3971,1.2646
0.3681,1.2735
0.3387,1.2810
0.3090,1.2874
0.2790,1.2924
0.2487,1.2962
0.2181,1.2987
0.1874,1.2999
0.1564,1.2998
0.1253,1.2984
0.0941,1.2958
0.0628,1.2919
0.0314,1.2867
0.0000,1.2802
-0.0314,1.2725
-0.0628,1.2635
-0.0941,1.2533
-0.1253,1.2419
-0.1564,1.2292
-0.1874,1.2153
-0.2181,1.2002
-0.2487,1.1839
-0.2790,1.1664
-0.3090,1.1478
-0.3387,1.1281
-0.3681,1.1072
-0.3971,1.0853
-0.4258,1.0623
-0.4540,1.0383
-0.4818,1.0131
-0.5090,0.9871
-0.5358,0.9600
-0.5621,0.9320
-0.5878,0.9031
-0.6129,0.8732
-0.6374,0.8426
-0.6613,0.8110
-0.6845,0.7787
-0.7071,0.7456
-0.7290,0.7118
-0.7501,0.6773
-0.7705,0.6421
-0.7902,0.6064
-0.8090,0.5698
-0.8271,0.5329
-0.8443,0.4954
-0.8607,0.4574
-0.8763,0.4190
-0.8910,0.3801
-0.9048,0.3409
-0.9178,0.3012
-0.9298,0.2614
-0.9409,0.2213
-0.9511,0.1809
-0.9603,0.1404
-0.9686,0.0997
-0.9759,0.0590
-0.9823,0.0181
-0.9877,-0.0227
-0.9921,-0.0635
-0.9956,-0.1043
-0.9980,-0.1449
-0.9995,-0.1854
-1.0000,-0.2257
-0.9995,-0.2659
-0.9980,-0.3057
-0.9956,-0.3452
-0.9921,-0.3844
-0.9877,-0.4233
-0.9823,-0.4616
-0.9759,-0.4995
-0.9686,-0.5371
-0.9603,-0.5739
-0.9511,-0.6103
-0.9409,-0.6461
-0.9298,-0.6812
-0.9178,-0.7156
-0.9048,-0.7493
-0.8910,-0.7824
-0.8763,-0.8146
-0.8607,-0.8460
-0.8443,-0.8766
-0.8271,-0.9063
-0.8090,-0.9351
-0.7902,-0.9630
-0.7705,-0.9900
-0.7501,-1.0160
-0.7290,-1.0409
-0.7071,-1.0649
-0.6845,-1.0878
-0.6613,-1.1096
-0.6374,-1.1303
-0.6129,-1.1500
-0.5878,-1.1684
-0.5621,-1.1858
-0.5358,-1.2019
-0.5090,-1.2169
-0.4818,-1.2306
-0.4540,-1.2432
-0.4258,-1.2545
-0.3971,-1.2646
-0.3681,-1.2734
-0.3387,-1.2810
-0.3090,-1.2874
-0.2790,-1.2924
-0.2487,-1.2962
-0.2181,-1.2987
-0.1874,-1.2999
-0.1564,-1.2998
-0.1253,-1.2984
-0.0941,-1.2958
-0.0628,-1.2919
-0.0314,-1.2867
0.0000,-1.2802
0.0314,-1.2725
0.0628,-1.2635
0.0941,-1.2533
0.1253,-1.2419
0.1564,-1.2292
0.1874,-1.2153
0.2181,-1.2002
0.2487,-1.1839
0.2790,-1.1664
0.3090,-1.1478
0.3387,-1.1281
0.3681,-1.1073
0.3971,-1.0853
0.4258,-1.0623
0.4540,-1.0382
0.4818,-1.0131
0.5090,-0.9870
0.5358,-0.9600
0.5621,-0.9320
0.5878,-0.9031
0.6129,-0.8732
0.6374,-0.8426
0.6613,-0.8110
0.6845,-0.7787
0.7071,-0.7456
0.7290,-0.7119
0.7501,-0.6773
0.7705,-0.6421
0.7902,-0.6063
0.8090,-0.5698
0.8271,-0.5329
0.8443,-0.4954
0.8607,-0.4574
0.8763,-0.4189
0.8910,-0.3801
0.9048,-0.3409
0.9178,-0.3012
0.9298,-0.2614
0.9409,-0.2213
0.9511,-0.1810
0.9603,-0.1403
0.9686,-0.0997
0.9759,-0.0590
0.9823,-0.0181
0.9877,0.0227
0.9921,0.0635
0.9956,0.1042
0.9980,0.1450
0.9995,0.1854
1.0000,0.2257
0.9995,0.2659
0.9980,0.3057
0.9956,0.3452
0.9921,0.3844
0.9877,0.4233
0.9823,0.4616
0.9759,0.4995
0.9686,0.5371
0.9603,0.5739
0.9511,0.6103
0.9409,0.6460
0.9298,0.6812
0.9178,0.7156
0.9048,0.7493
0.8910,0.7824
0.8763,0.8146
0.8607,0.8460
0.8443,0.8766
0.8271,0.9064
0.8090,0.9351
0.7902,0.9630
0.7705,0.9900
0.7501,1.0160
0.7290,1.0410
0.7071,1.0649
0.6845,1.0878
0.6613,1.1096
0.6374,1.1303
0.6129,1.1500
0.5878,1.1684
0.5621,1.1858
0.5358,1.2019
0.5090,1.2169
0.4818,1.2306
0.4540,1.2432
0.4258,1.2545
0.3971,1.2646
0.3681,1.2734
0.3387,1.2810
0.3090,1.2874
0.2790,1.2924
0.2487,1.2962
0.2181,1.2987
0.1874,1.2999
0.1564,1.2998
0.1253,1.2984
0.0941,1.2958
0.0628,1.2919
0.0314,1.2867
0.0000,1.2802
-0.0314,1.2725
-0.0628,1.2635
-0.0941,1.2533
-0.1253,1.2418
-0.1564,1.2292
-0.1874,1.2152
-0.2181,1.2002
-0.2487,1.1839
-0.2790,1.1664
-0.3090,1.1478
-0.3387,1.1281
-0.3681,1.1073
-0.3971,1.0853
-0.4258,1.0623
-0.4540,1.0382
-0.4818,1.0131
-0.5090,0.9870
-0.5358,0.9600
-0.5621,0.9320
-0.5878,0.9030
-0.6129,0.8732
-0.6374,0.8426
-0.6613,0.8110
-0.6845,0.7787
-0.7071,0.7456
-0.7290,0.7118
-0.7501,0.6772
-0.7705,0.6421
-0.7902,0.6063
-0.8090,0.5699
-0.8271,0.5329
-0.8443,0.4954
-0.8607,0.4574
-0.8763,0.4189
-0.8910,0.3801
-0.9048,0.3409
-0.9178,0.3013
-0.9298,0.2614
-0.9409,0.2212
-0.9511,0.1810
-0.9603,0.1403
-0.9686,0.0997
-0.9759,0.0590
-0.9823,0.0182
-0.9877,-0.0227
-0.9921,-0.0635
-0.9956,-0.1042
-0.9980,-0.1450
-0.9995,-0.1854
-1.0000,-0.2257
-0.9995,-0.2658
-0.9980,-0.3057
-0.9956,-0.3452
-0.9921,-0.3844
-0.9877,-0.4233
-0.9823,-0.4617
-0.9759,-0.4995
-0.9686,-0.5370
-0.9603,-0.5740
-0.9511,-0.6103
-0.9409,-0.6460
-0.9298,-0.6812
-0.9178,-0.7156
-0.9048,-0.7493
-0.8910,-0.7823
-0.8763,-0.8146
-0.8607,-0.8460
-0.8443,-0.8766
-0.8271,-0.9064
-0.8090,-0.9351
-0.7902,-0.9630
-0.7705,-0.9900
-0.7501,-1.0160
-0.7290,-1.0410
-0.7071,-1.0649
-0.6845,-1.0878
-0.6613,-1.1096
-0.6374,-1.1303
-0.6129,-1.1499
-0.5878,-1.1684
-0.5621,-1.1858
-0.5358,-1.2019
-0.5090,-1.2169
-0.4818,-1.2306
-0.4540,-1.2432
-0.4258,-1.2545
-0.3971,-1.2646
-0.3681,-1.2734
-0.3387,-1.2810
-0.3090,-1.2874
-0.2790,-1.2924
-0.2487,-1.2962
-0.2181,-1.2987
-0.1874,-1.2999
-0.1564,-1.2998
-0.1253,-1.2984
-0.0941,-1.2958
-0.0628,-1.2919
-0.0314,-1.2867
0.0000,-1.2802
0.0314,-1.2725
0.0628,-1.2635
0.0941,-1.2533
0.1253,-1.2418
0.1564,-1.2292
0.1874,-1.2153
0.2181,-1.2002
0.2487,-1.1839
0.2790,-1.1664
0.3090,-1.1479
0.3387,-1.1281
0.3681,-1.1072
0.3971,-1.0853
0.4258,-1.0623
0.4540,-1.0382
0.4818,-1.0131
0.5090,-0.9871
0.5358,-0.9600
0.5621,-0.9320
0.5878,-0.9030
0.6129,-0.8732
0.6374,-0.8426
0.6613,-0.8110
0.6845,-0.7788
0.7071,-0.7456
0.7290,-0.7118
0.7501,-0.6773
0.7705,-0.6421
0.7902,-0.6063
0.8090,-0.5699
0.8271,-0.5330
0.8443,-0.4953
0.8607,-0.4574
0.8763,-0.4189
0.8910,-0.3801
0.9048,-0.3409
0.9178,-0.3013
0.9298,-0.2615
0.9409,-0.2212
0.9511,-0.1809
0.9603,-0.1404
0.9686,-0.0997
0.9759,-0.0590
0.9823,-0.0182
0.9877,0.0226
0.9921,0.0635
0.9956,0.1042
0.9980,0.1449
0.9995,0.1854
1.0000,0.2257
0.9995,0.2658
0.9980,0.3056
0.9956,0.3453
0.9921,0.3844
0.9877,0.4232
0.9823,0.4617
0.9759,0.4996
0.9686,0.5370
0.9603,0.5739
0.9511,0.6103
0.9409,0.6460
0.9298,0.6812
0.9178,0.7156
0.9048,0.7494
0.8910,0.7823
0.8763,0.8145
0.8607,0.8460
0.8443,0.8766
0.8271,0.9063
0.8090,0.9352
0.7902,0.9631
0.7705,0.9900
0.7501,1.0159
0.7290,1.0410
0.7071,1.0649
0.6845,1.0878
0.6613,1.1096
0.6374,1.1304
0.6129,1.1499
0.5878,1.1684
0.5621,1.1858
0.5358,1.2019
0.5090,1.2169
0.4818,1.2306
0.4540,1.2432
0.4258,1.2545
0.3971,1.2646
0.3681,1.2735
0.3387,1.2810
0.3090,1.2874
0.2790,1.2924
0.2487,1.2962
0.2181,1.2987
0.1874,1.2999
0.1564,1.2998
0.1253,1.2984
0.0941,1.2958
0.0628,1.2919
0.0314,1.2867
0.0000,1.2803
-0.0314,1.2725
-0.0628,1.2635
-0.0941,1.2533
-0.1253,1.2418
-0.1564,1.2292
-0.1874,1.2153
-0.2181,1.2002
-0.2487,1.1839
-0.2790,1.1664
-0.3090,1.1478
-0.3387,1.1281
-0.3681,1.1072
-0.3971,1.0853
-0.4258,1.0623
-0.4540,1.0382
-0.4818,1.0131
-0.5090,0.9871
-0.5358,0.9599
-0.5621,0.9320
-0.5878,0.9030
-0.6129,0.8733
-0.6374,0.8426
-0.6613,0.8110
-0.6845,0.7788
-0.7071,0.7456
-0.7290,0.7118
-0.7501,0.6773
-0.7705,0.6422
-0.7902,0.6063
-0.8090,0.5699
-0.8271,0.5329
-0.8443,0.4953
-0.8607,0.4574
-0.8763,0.4189
-0.8910,0.3801
-0.9048,0.3409
-0.9178,0.3013
-0.9298,0.2614
-0.9409,0.2212
-0.9511,0.1809
-0.9603,0.1404
-0.9686,0.0998
-0.9759,0.0589
-0.9823,0.0181
-0.9877,-0.0226
-0.9921,-0.0636
-0.9956,-0.1043
-0.9980,-0.1449
-0.9995,-0.1854
-1.0000,-0.2258
-0.9995,-0.2658
-0.9980,-0.3056
-0.9956,-0.3453
-0.9921,-0.3844
-0.9877,-0.4233
-0.9823,-0.4616
-0.9759,-0.4996
-0.9686,-0.5370
-0.9603,-0.5739
-0.9511,-0.6104
-0.9409,-0.6461
-0.9298,-0.6812
-0.9178,-0.7156
-0.9048,-0.7494
-0.8910,-0.7824
-0.8763,-0.8145
-0.8607,-0.8460
-0.8443,-0.8766
-0.8271,-0.9063
-0.8090,-0.9351
-0.7902,-0.9631
-0.7705,-0.9900
-0.7501,-1.0159
-0.7290,-1.0410
-0.7071,-1.0649
-0.6845,-1.0878
-0.6613,-1.1096
-0.6374,-1.1304
-0.6129,-1.1500
-0.5878,-1.1684
-0.5621,-1.1858
-0.5358,-1.2019
-0.5090,-1.2169
-0.4818,-1.2307
-0.4540,-1.2432
-0.4258,-1.2545
-0.3971,-1.2646
-0.3681,-1.2735
-0.3387,-1.2810
-0.3090,-1.2873
-0.2790,-1.2924
-0.2487,-1.2962
-0.2181,-1.2987
-0.1874,-1.2999
-0.1564,-1.2998
-0.1253,-1.2984
-0.0941,-1.2958
-0.0628,-1.2919
-0.0314,-1.2867
0.0000,-1.2802
0.0314,-1.2725
0.0628,-1.2635
0.0941,-1.2533
0.1253,-1.2419
0.1564,-1.2292
0.1874,-1.2153
0.2181,-1.2002
0.2487,-1.1839
0.2790,-1.1664
0.3090,-1.1478
0.3387,-1.1281
0.3681,-1.1072
0.3971,-1.0853
0.4258,-1.0623
0.4540,-1.0383
0.4818,-1.0131
0.5090,-0.9871
0.5358,-0.9600
0.5621,-0.9320
0.5878,-0.9030
0.6129,-0.8732
0.6374,-0.8425
0.6613,-0.8110
0.6845,-0.7788
0.7071,-0.7457
0.7290,-0.7118
0.7501,-0.6773
0.7705,-0.6421
0.7902,-0.6062
0.8090,-0.5699
0.8271,-0.5329
0.8443,-0.4954
0.8607,-0.4574
0.8763,-0.4189
0.8910,-0.3801
0.9048,-0.3408
0.9178,-0.3013
0.9298,-0.2614
0.9409,-0.2213
0.9511,-0.1809
0.9603,-0.1404
0.9686,-0.0998
0.9759,-0.0589
0.9823,-0.0181
0.9877,0.0226
0.9921,0.0635
0.9956,0.1043
0.9980,0.1449
0.9995,0.1854
1.0000,0.2258
0.9995,0.2659
0.9980,0.3056
0.9956,0.3452
0.9921,0.3844
0.9877,0.4233
0.9823,0.4616
0.9759,0.4996
0.9686,0.5370
0.9603,0.5739
0.9511,0.6103
0.9409,0.6461
0.9298,0.6812
0.9178,0.7156
0.9048,0.7494
0.8910,0.7824
0.8763,0.8145
0.8607,0.8460
0.8443,0.8766
0.8271,0.9063
0.8090,0.9351
0.7902,0.9631
0.7705,0.9900
0.7501,1.0159
0.7290,1.0409
0.7071,1.0649
0.6845,1.0878
0.6613,1.1096
0.6374,1.1304
0.6129,1.1500
0.5878,1.1684
0.5621,1.1858
0.5358,1.2019
0.5090,1.2169
0.4818,1.2306
0.4540,1.2432
0.4258,1.2545
0.3971,1.2646
0.3681,1.2735
0.3387,1.2810
0.3090,1.2873
0.2790,1.2924
0.2487,1.2962
0.2181,1.2987
0.1874,1.2999
0.1564,1.2998
0.1253,1.2984
0.0941,1.2958
0.0628,1.2919
0.0314,1.2867
0.0000,1.2802
-0.0314,1.2725
-0.0628,1.2635
-0.0941,1.2533
-0.1253,1.2419
-0.1564,1.2292
-0.1874,1.2153
-0.2181,1.2002
-0.2487,1.1839
-0.2790,1.1664
-0.3090,1.1478
-0.3387,1.1281
-0.3681,1.1073
-0.3971,1.0853
-0.4258,1.0623
-0.4540,1.0382
-0.4818,1.0131
-0.5090,0.9871
-0.5358,0.9600
-0.5621,0.9320
-0.5878,0.9030
-0.6129,0.8732
-0.6374,0.8425
-0.6613,0.8110
-0.6845,0.7787
-0.7071,0.7456
-0.7290,0.7119
-0.7501,0.6773
-0.7705,0.6421
-0.7902,0.6063
-0.8090,0.5699
-0.8271,0.5329
-0.8443,0.4954
-0.8607,0.4574
-0.8763,0.4189
-0.8910,0.3801
-0.9048,0.3408
-0.9178,0.3012
-0.9298,0.2614
-0.9409,0.2213
-0.9511,0.1810
-0.9603,0.1404
-0.9686,0.0997
-0.9759,0.0590
-0.9823,0.0181
-0.9877,-0.0227
-0.9921,-0.0635
-0.9956,-0.1042
-0.9980,-0.1449
-0.9995,-0.1854
-1.0000,-0.2257
-0.9995,-0.2659
-0.9980,-0.3057
-0.9956,-0.3452
-0.9921,-0.3844
-0.9877,-0.4233
-0.9823,-0.4616
-0.9759,-0.4996
-0.9686,-0.5371
-0.9603,-0.5739
-0.9511,-0.6103
-0.9409,-0.6460
-0.9298,-0.6812
-0.9178,-0.7156
-0.9048,-0.7494
-0.8910,-0.7824
-0.8763,-0.8146
-0.8607,-0.8460
-0.8443,-0.8765
-0.8271,-0.9063
-0.8090,-0.9351
-0.7902,-0.9630
-0.7705,-0.9900
-0.7501,-1.0160
-0.7290,-1.0409
-0.7071,-1.0649
-0.6845,-1.0878
-0.6613,-1.1096
-0.6374,-1.1304
-0.6129,-1.1500
-0.5878,-1.1684
-0.5621,-1.1857
-0.5358,-1.2019
-0.5090,-1.2169
-0.4818,-1.2306
-0.4540,-1.2432
-0.4258,-1.2545
-0.3971,-1.2646
-0.3681,-1.2734
-0.3387,-1.2810
-0.3090,-1.2873
-0.2790,-1.2924
-0.2487,-1.2962
-0.2181,-1.2987
-0.1874,-1.2999
-0.1564,-1.2998
-0.1253,-1.2984
-0.0941,-1.2958
-0.0628,-1.2919
-0.0314,-1.2867
0.0000,-1.2802
0.0314,-1.2725
0.0628,-1.2636
0.0941,-1.2533
0.1253,-1.2419
0.1564,-1.2292
0.1874,-1.2152
0.2181,-1.2002
0.2487,-1.1839
0.2790,-1.1664
0.3090,-1.1478
0.3387,-1.1281
0.3681,-1.1073
0.3971,-1.0853
0.4258,-1.0623
0.4540,-1.0382
0.4818,-1.0132
0.5090,-0.9871
0.5358,-0.9600
0.5621,-0.9320
0.5878,-0.9030
0.6129,-0.8732
0.6374,-0.8425
0.6613,-0.8111
0.6845,-0.7787
0.7071,-0.7456
0.7290,-0.7119
0.7501,-0.6773
0.7705,-0.6421
0.7902,-0.6063
0.8090,-0.5699
0.8271,-0.5329
0.8443,-0.4954
0.8607,-0.4574
0.8763,-0.4189
0.8910,-0.3801
0.9048,-0.3408
0.9178,-0.3013
0.9298,-0.2614
0.9409,-0.2213
0.9511,-0.1810
0.9603,-0.1403
0.9686,-0.0997
0.9759,-0.0590
0.9823,-0.0182
0.9877,0.0227
0.9921,0.0635
0.9956,0.1042
0.9980,0.1450
0.9995,0.1854
1.0000,0.2258
0.9995,0.2658
0.9980,0.3057
0.9956,0.3452
0.9921,0.3844
0.9877,0.4233
0.9823,0.4616
0.9759,0.4996
0.9686,0.5370
0.9603,0.5740
0.9511,0.6103
0.9409,0.6460
0.9298,0.6812
0.9178,0.7156
0.9048,0.7494
0.8910,0.7823
0.8763,0.8146
0.8607,0.8460
0.8443,0.8765
0.8271,0.9063
0.8090,0.9351
0.7902,0.9630
0.7705,0.9900
0.7501,1.0160
0.7290,1.0409
0.7071,1.0649
0.6845,1.0878
0.6613,1.1096
0.6374,1.1303
0.6129,1.1500
0.5878,1.1685
0.5621,1.1858
0.5358,1.2019
0.5090,1.2169
0.4818,1.2306
0.4540,1.2432
0.4258,1.2545
0.3971,1.2646
0.3681,1.2734
0.3387,1.2810
0.3090,1.2874
0.2790,1.2924
0.2487,1.2962
0.2181,1.2987
0.1874,1.2999
0.1564,1.2998
0.1253,1.2984
0.0941,1.2958
0.0628,1.2919
0.0314,1.2867
0.0000,1.2802
-0.0314,1.2725
-0.0628,1.2635
-0.0941,1.2533
-0.1253,1.2418
-0.1564,1.2292
-0.1874,1.2153
-0.2181,1.2002
-0.2487,1.1839
-0.2790,1.1664
-0.3090,1.1479
-0.3387,1.1281
-0.3681,1.1073
-0.3971,1.0853
-0.4258,1.0623
-0.4540,1.0382
-0.4818,1.0131
-0.5090,0.9871
-0.5358,0.9600
-0.5621,0.9320
-0.5878,0.9031
-0.6129,0.8732
-0.6374,0.8425
-0.6613,0.8111
-0.6845,0.7788
-0.7071,0.7456
-0.7290,0.7119
-0.7501,0.6773
-0.7705,0.6421
-0.7902,0.6063
-0.8090,0.5699
-0.8271,0.5328
-0.8443,0.4954
-0.8607,0.4574
-0.8763,0.4190
-0.8910,0.3801
-0.9048,0.3408
-0.9178,0.3013
-0.9298,0.2613
-0.9409,0.2213
-0.9511,0.1810
-0.9603,0.1404
-0.9686,0.0997
-0.9759,0.0589
-0.9823,0.0182
-0.9877,-0.0228
-0.9921,-0.0635
-0.9956,-0.1042
-0.9980,-0.1449
-0.9995,-0.1854
-1.0000,-0.2258
-0.9995,-0.2658
-0.9980,-0.3058
-0.9956,-0.3452
-0.9921,-0.3844
-0.9877,-0.4232
-0.9823,-0.4616
-0.9759,-0.4996
-0.9686,-0.5370
-0.9603,-0.5740
-0.9511,-0.6103
-0.9409,-0.6460
-0.9298,-0.6812
-0.9178,-0.7156
-0.9048,-0.7494
-0.8910,-0.7823
-0.8763,-0.8146
-0.8607,-0.8460
-0.8443,-0.8766
-0.8271,-0.9063
-0.8090,-0.9351
-0.7902,-0.9631
-0.7705,-0.9900
-0.7501,-1.0160
-0.7290,-1.0410
-0.7071,-1.0649
-0.6845,-1.0878
-0.6613,-1.1096
-0.6374,-1.1304
-0.6129,-1.1499
-0.5878,-1.1685
-0.5621,-1.1858
-0.5358,-1.2019
-0.5090,-1.2169
-0.4818,-1.2306
-0.4540,-1.2432
-0.4258,-1.2545
-0.3971,-1.2646
-0.3681,-1.2734
-0.3387,-1.2810
-0.3090,-1.2874
-0.2790,-1.2924
-0.2487,-1.2962
-0.2181,-1.2987
-0.1874,-1.2999
-0.1564,-1.2998
-0.1253,-1.2984
-0.0941,-1.2958
-0.0628,-1.2919
-0.0314,-1.2867
0.0000,-1.2803
0.0314,-1.2725
0.0628,-1.2635
0.0941,-1.2533
0.1253,-1.2418
0.1564,-1.2292
0.1874,-1.2153
0.2181,-1.2002
0.2487,-1.1839
0.2790,-1.1664
0.3090,-1.1478
0.3387,-1.1281
0.3681,-1.1073
0.3971,-1.0853
0.4258,-1.0623
0.4540,-1.0382
0.4818,-1.0131
0.5090,-0.9870
0.5358,-0.9600
0.5621,-0.9320
0.5878,-0.9031
0.6129,-0.8733
0.6374,-0.8425
0.6613,-0.8110
0.6845,-0.7787
0.7071,-0.7456
0.7290,-0.7118
0.7501,-0.6773
0.7705,-0.6422
0.7902,-0.6063
0.8090,-0.5699
0.8271,-0.5329
0.8443,-0.4954
0.8607,-0.4574
0.8763,-0.4189
0.8910,-0.3801
0.9048,-0.3408
0.9178,-0.3013
0.9298,-0.2614
0.9409,-0.2212
0.9511,-0.1809
0.9603,-0.1404
0.9686,-0.0998
0.9759,-0.0589
0.9823,-0.0182
0.9877,0.0227
0.9921,0.0635
0.9956,0.1042
0.9980,0.1449
0.9995,0.1854
1.0000,0.2258
0.9995,0.2658
0.9980,0.3057
0.9956,0.3452
0.9921,0.3844
0.9877,0.4232
0.9823,0.4616
0.9759,0.4996
0.9686,0.5370
0.9603,0.5740
0.9511,0.6103
0.9409,0.6460
0.9298,0.6812
0.9178,0.7156
0.9048,0.7494
0.8910,0.7823
0.8763,0.8146
0.8607,0.8460
0.8443,0.8766
0.8271,0.9063
0.8090,0.9351
0.7902,0.9631
0.7705,0.9900
0.7501,1.0160
0.7290,1.0410
0.7071,1.0649
0.6845,1.0878
0.6613,1.1096
0.6374,1.1304
0.6129,1.1499
0.5878,1.1685
0.5621,1.1858
0.5358,1.2019
0.5090,1.2169
0.4818,1.2306
0.4540,1.2432
0.4258,1.2545
0.3971,1.2646
0.3681,1.2734
0.3387,1.2810
0.3090,1.2873
0.2790,1.2924
0.2487,1.2962
0.2181,1.2987
0.1874,1.2999
0.1564,1.2998
0.1253,1.2984
0.0941,1.2958
0.0628,1.2919
0.0314,1.2867
0.0000,1.2803
-0.0314,1.2725
-0.0628,1.2635
-0.0941,1.2533
-0.1253,1.2419
-0.1564,1.2292
-0.1874,1.2153
-0.2181,1.2002
-0.2487,1.1839
-0.2790,1.1664
-0.3090,1.1478
-0.3387,1.1281
-0.3681,1.1072
-0.3971,1.0853
-0.4258,1.0623
-0.4540,1.0382
-0.4818,1.0131
-0.5090,0.9870
-0.5358,0.9600
-0.5621,0.9320
-0.5878,0.9030
-0.6129,0.8733
-0.6374,0.8425
-0.6613,0.8110
-0.6845,0.7787
-0.7071,0.7457
-0.7290,0.7118
-0.7501,0.6773
-0.7705,0.6422
-0.7902,0.6063
-0.8090,0.5699
-0.8271,0.5329
-0.8443,0.4954
-0.8607,0.4574
-0.8763,0.4189
-0.8910,0.3801
-0.9048,0.3408
-0.9178,0.3013
-0.9298,0.2614
-0.9409,0.2213
-0.9511,0.1809
-0.9603,0.1404
-0.9686,0.0998
-0.9759,0.0589
-0.9823,0.0182
-0.9877,-0.0227
-0.9921,-0.0635
-0.9956,-0.1042
-0.9980,-0.1449
-0.9995,-0.1854
-1.0000,-0.2258
-0.9995,-0.2658
-0.9980,-0.3057
-0.9956,-0.3452
-0.9921,-0.3844
-0.9877,-0.4232
-0.9823,-0.4616
-0.9759,-0.4996
-0.9686,-0.5370
-0.9603,-0.5740
-0.9511,-0.6103
-0.9409,-0.6460
-0.9298,-0.6812
-0.9178,-0.7156
-0.9048,-0.7494
-0.8910,-0.7823
-0.8763,-0.8146
-0.8607,-0.8460
-0.8443,-0.8766
-0.8271,-0.9063
-0.8090,-0.9351
-0.7902,-0.9631
-0.7705,-0.9900
-0.7501,-1.0160
-0.7290,-1.0409
-0.7071,-1.0649
-0.6845,-1.0878
-0.6613,-1.1096
-0.6374,-1.1304
-0.6129,-1.1499
-0.5878,-1.1684
-0.5621,-1.1858
-0.5358,-1.2019
-0.5090,-1.2169
-0.4818,-1.2306
-0.4540,-1.2432
-0.4258,-1.2545
-0.3971,-1.2646
-0.3681,-1.2735
-0.3387,-1.2810
-0.3090,-1.2873
-0.2790,-1.2924
-0.2487,-1.2962
-0.2181,-1.2987
-0.1874,-1.2999
-0.1564,-1.2998
-0.1253,-1.2984
-0.0941,-1.2958
-0.0628,-1.2919
-0.0314,-1.2867
0.0000,-1.2803
0.0314,-1.2725
0.0628,-1.2635
0.0941,-1.2533
0.1253,-1.2419
0.1564,-1.2292
0.1874,-1.2153
0.2181,-1.2002
0.2487,-1.1839
0.2790,-1.1664
0.3090,-1.1478
0.3387,-1.1281
0.3681,-1.1073
0.3971,-1.0853
0.4258,-1.0623
0.4540,-1.0382
0.4818,-1.0131
0.5090,-0.9870
0.5358,-0.9600
0.5621,-0.9320
0.5878,-0.9030
0.6129,-0.8733
0.6374,-0.8426
0.6613,-0.8110
0.6845,-0.7787
0.7071,-0.7457
0.7290,-0.7119
0.7501,-0.6773
0.7705,-0.6422
0.7902,-0.6063
0.8090,-0.5699
0.8271,-0.5329
0.8443,-0.4954
0.8607,-0.4575
0.8763,-0.4189
0.8910,-0.3801
0.9048,-0.3409
0.9178,-0.3013
0.9298,-0.2614
0.9409,-0.2213
0.9511,-0.1810
0.9603,-0.1404
0.9686,-0.0998
0.9759,-0.0590
0.9823,-0.0181
0.9877,0.0227
0.9921,0.0635
0.9956,0.1043
0.9980,0.1449
0.9995,0.1854
1.0000,0.2257
0.9995,0.2659
0.9980,0.3057
0.9956,0.3452
0.9921,0.3845
0.9877,0.4233
0.9823,0.4616
0.9759,0.4996
0.9686,0.5370
0.9603,0.5740
0.9511,0.6103
0.9409,0.6461
0.9298,0.6812
0.9178,0.7156
0.9048,0.7493
0.8910,0.7824
0.8763,0.8146
0.8607,0.8460
0.8443,0.8766
0.8271,0.9063
0.8090,0.9351
0.7902,0.9630
0.7705,0.9900
0.7501,1.0160
0.7290,1.0409
0.7071,1.0649
0.6845,1.0878
0.6613,1.1096
0.6374,1.1304
0.6129,1.1500
0.5878,1.1684
0.5621,1.1857
0.5358,1.2019
0.5090,1.2169
0.4818,1.2306
0.4540,1.2432
0.4258,1.2545
0.3971,1.2646
0.3681,1.2734
0.3387,1.2810
0.3090,1.2873
0.2790,1.2924
0.2487,1.2962
0.2181,1.2987
0.1874,1.2999
0.1564,1.2998
0.1253,1.2984
0.0941,1.2958
0.0628,1.2919
0.0314,1.2867
0.0000,1.2803
-0.0314,1.2725
-0.0628,1.2636
-0.0941,1.2533
-0.1253,1.2419
-0.1564,1.2292
-0.1874,1.2153
-0.2181,1.2002
-0.2487,1.1839
-0.2790,1.1665
-0.3090,1.1478
-0.3387,1.1281
-0.3681,1.1073
-0.3971,1.0853
-0.4258,1.0623
-0.4540,1.0382
-0.4818,1.0132
-0.5090,0.9870
-0.5358,0.9600
-0.5621,0.9320
-0.5878,0.9030
-0.6129,0.8732
-0.6374,0.8426
-0.6613,0.8111
-0.6845,0.7787
-0.7071,0.7457
-0.7290,0.7118
-0.7501,0.6773
-0.7705,0.6421
-0.7902,0.6063
-0.8090,0.5699
-0.8271,0.5329
-0.8443,0.4954
-0.8607,0.4574
-0.8763,0.4189
-0.8910,0.3801
-0.9048,0.3408
-0.9178,0.3013
-0.9298,0.2614
-0.9409,0.2213
-0.9511,0.1809
-0.9603,0.1404
-0.9686,0.0998
-0.9759,0.0590
-0.9823,0.0182
-0.9877,-0.0227
-0.9921,-0.0635
-0.9956,-0.1043
-0.9980,-0.1449
-0.9995,-0.1854
-1.0000,-0.2257
-0.9995,-0.2658
-0.9980,-0.3057
-0.9956,-0.3452
-0.9921,-0.3844
-0.9877,-0.4233
-0.9823,-0.4616
-0.9759,-0.4996
-0.9686,-0.5370
-0.9603,-0.5740
-0.9511,-0.6103
-0.9409,-0.6461
-0.9298,-0.6812
-0.9178,-0.7156
-0.9048,-0.7494
-0.8910,-0.7823
-0.8763,-0.8146
-0.8607,-0.8460
-0.8443,-0.8766
-0.8271,-0.9063
-0.8090,-0.9351
-0.7902,-0.9630
-0.7705,-0.9900
-0.7501,-1.0160
-0.7290,-1.0409
-0.7071,-1.0649
-0.6845,-1.0878
-0.6613,-1.1096
-0.6374,-1.1303
-0.6129,-1.1499
-0.5878,-1.1684
-0.5621,-1.1857
-0.5358,-1.2019
-0.5090,-1.2169
-0.4818,-1.2306
-0.4540,-1.2432
-0.4258,-1.2545
-0.3971,-1.2646
-0.3681,-1.2734
-0.3387,-1.2810
-0.3090,-1.2874
-0.2790,-1.2924
-0.2487,-1.2962
-0.2181,-1.2987
-0.1874,-1.2999
-0.1564,-1.2998
-0.1253,-1.2984
-0.0941,-1.2958
-0.0628,-1.2919
-0.0314,-1.2867
0.0000,-1.2802
0.0314,-1.2725
0.0628,-1.2636
0.0941,-1.2533
0.1253,-1.2419
0.1564,-1.2292
0.1874,-1.2153
0.2181,-1.2002
0.2487,-1.1839
0.2790,-1.1665
0.3090,-1.1478
0.3387,-1.1281
0.3681,-1.1072
0.3971,-1.0853
0.4258,-1.0623
0.4540,-1.0382
0.4818,-1.0132
0.5090,-0.9870
0.5358,-0.9600
0.5621,-0.9320
0.5878,-0.9031
0.6129,-0.8732
0.6374,-0.8425
0.6613,-0.8111
0.6845,-0.7787
0.7071,-0.7456
0.7290,-0.7118
0.7501,-0.6773
0.7705,-0.6421
0.7902,-0.6063
0.8090,-0.5699
0.8271,-0.5328
0.8443,-0.4954
0.8607,-0.4574
0.8763,-0.4190
0.8910,-0.3801
0.9048,-0.3408
0.9178,-0.3013
0.9298,-0.2613
0.9409,-0.2213
0.9511,-0.1809
0.9603,-0.1404
0.9686,-0.0997
0.9759,-0.0590
0.9823,-0.0182
0.9877,0.0227
0.9921,0.0635
0.9956,0.1043
0.9980,0.1449
0.9995,0.1854
1.0000,0.2257
0.9995,0.2658
0.9980,0.3057
0.9956,0.3452
0.9921,0.3844
0.9877,0.4232
0.9823,0.4616
0.9759,0.4996
0.9686,0.5370
0.9603,0.5740
0.9511,0.6103
0.9409,0.6461
0.9298,0.6811
0.9178,0.7156
0.9048,0.7494
0.8910,0.7823
0.8763,0.8146
0.8607,0.8460
0.8443,0.8766
0.8271,0.9063
0.8090,0.9351
0.7902,0.9630
0.7705,0.9900
0.7501,1.0160
0.7290,1.0409
0.7071,1.0649
0.6845,1.0878
0.6613,1.1096
0.6374,1.1303
0.6129,1.1499
0.5878,1.1685
0.5621,1.1857
0.5358,1.2019
0.5090,1.2169
0.4818,1.2307
0.4540,1.2432
0.4258,1.2545
0.3971,1.2646
0.3681,1.2734
0.3387,1.2810
0.3090,1.2874
0.2790,1.2924
0.2487,1.2962
0.2181,1.2987
0.1874,1.2999
0.1564,1.2998
0.1253,1.2984
0.0941,1.2958
0.0628,1.2919
0.0314,1.2867
0.0000,1.2803
-0.0314,1.2725
-0.0628,1.2636
-0.0941,1.2533
-0.1253,1.2419
-0.1564,1.2292
-0.1874,1.2153
-0.2181,1.2002
-0.2487,1.1839
-0.2790,1.1664
-0.3090,1.1478
-0.3387,1.1281
-0.3681,1.1072
-0.3971,1.0853
-0.4258,1.0623
-0.4540,1.0382
-0.4818,1.0132
-0.5090,0.9871
-0.5358,0.9600
-0.5621,0.9320
-0.5878,0.9031
-0.6129,0.8733
-0.6374,0.8425
-0.6613,0.8111
-0.6845,0.7787
-0.7071,0.7456
-0.7290,0.7118
-0.7501,0.6773
-0.7705,0.6422
-0.7902,0.6063
-0.8090,0.5699
-0.8271,0.5329
-0.8443,0.4954
-0.8607,0.4574
-0.8763,0.4190
-0.8910,0.3802
-0.9048,0.3408
-0.9178,0.3013
-0.9298,0.2614
-0.9409,0.2213
-0.9511,0.1809
-0.9603,0.1404
-0.9686,0.0998
-0.9759,0.0590
-0.9823,0.0182
-0.9877,-0.0227
-0.9921,-0.0635
-0.9956,-0.1043
-0.9980,-0.1449
-0.9995,-0.1853
-1.0000,-0.2258
-0.9995,-0.2658
-0.9980,-0.3057
-0.9956,-0.3452
-0.9921,-0.3844
-0.9877,-0.4232
-0.9823,-0.4617
-0.9759,-0.4996
-0.9686,-0.5370
-0.9603,-0.5739
-0.9511,-0.6103
-0.9409,-0.6461
-0.9298,-0.6812
-0.9178,-0.7157
-0.9048,-0.7494
-0.8910,-0.7823
-0.8763,-0.8146
-0.8607,-0.8460
-0.8443,-0.8766
-0.8271,-0.9063
-0.8090,-0.9352
-0.7902,-0.9631
-0.7705,-0.9900
-0.7501,-1.0160
-0.7290,-1.0409
-0.7071,-1.0649
-0.6845,-1.0878
-0.6613,-1.1097
-0.6374,-1.1303
-0.6129,-1.1499
-0.5878,-1.1685
-0.5621,-1.1858
-0.5358,-1.2019
-0.5090,-1.2169
-0.4818,-1.2307
-0.4540,-1.2432
-0.4258,-1.2545
-0.3971,-1.2646
-0.3681,-1.2734
-0.3387,-1.2810
-0.3090,-1.2873
-0.2790,-1.2924
-0.2487,-1.2962
-0.2181,-1.2987
-0.1874,-1.2999
-0.1564,-1.2998
-0.1253,-1.2984
-0.0941,-1.2958
-0.0628,-1.2919
-0.0314,-1.2867
0.0000,-1.2803
0.0314,-1.2725
0.0628,-1.2636
0.0941,-1.2533
0.1253,-1.2419
0.1564,-1.2292
0.1874,-1.2153
0.2181,-1.2002
0.2487,-1.1839
0.2790,-1.1664
0.3090,-1.1478
0.3387,-1.1281
0.3681,-1.1072
0.3971,-1.0853
0.4258,-1.0623
0.4540,-1.0382
0.4818,-1.0131
0.5090,-0.9870
0.5358,-0.9600
0.5621,-0.9319
0.5878,-0.9031
0.6129,-0.8733
0.6374,-0.8425
0.6613,-0.8111
0.6845,-0.7787
0.7071,-0.7457
0.7290,-0.7118
0.7501,-0.6773
0.7705,-0.6422
0.7902,-0.6063
0.8090,-0.5699
0.8271,-0.5329
0.8443,-0.4954
0.8607,-0.4574
0.8763,-0.4190
0.8910,-0.3801
0.9048,-0.3408
0.9178,-0.3013
0.9298,-0.2614
0.9409,-0.2213
0.9511,-0.1809
0.9603,-0.1404
0.9686,-0.0997
0.9759,-0.0589
0.9823,-0.0182
0.9877,0.0227
0.9921,0.0634
0.9956,0.1043
0.9980,0.1449
0.9995,0.1854
1.0000,0.2258
0.9995,0.2658
0.9980,0.3057
0.9956,0.3452
0.9921,0.3845
0.9877,0.4232
0.9823,0.4616
0.9759,0.4996
0.9686,0.5370
0.9603,0.5740
0.9511,0.6103
0.9409,0.6461
0.9298,0.6812
0.9178,0.7156
0.9048,0.7494
0.8910,0.7823
0.8763,0.8146
0.8607,0.8460
0.8443,0.8766
0.8271,0.9063
0.8090,0.9352
0.7902,0.9631
0.7705,0.9900
0.7501,1.0160
0.7290,1.0409
0.7071,1.0649
0.6845,1.0878
0.6613,1.1097
0.6374,1.1304
0.6129,1.1499
0.5878,1.1684
0.5621,1.1858
0.5358,1.2019
0.5090,1.2169
0.4818,1.2307
0.4540,1.2432
0.4258,1.2545
0.3971,1.2646
0.3681,1.2734
0.3387,1.2810
0.3090,1.2873
0.2790,1.2924
0.2487,1.2962
0.2181,1.2987
0.1874,1.2999
0.1564,1.2998
0.1253,1.2984
0.0941,1.2958
0.0628,1.2919
0.0314,1.2867
0.0000,1.2803
-0.0314,1.2725
-0.0628,1.2635
-0.0941,1.2533
-0.1253,1.2419
-0.1564,1.2292
-0.1874,1.2153
-0.2181,1.2002
-0.2487,1.1839
-0.2790,1.1664
-0.3090,1.1478
-0.3387,1.1281
-0.3681,1.1072
-0.3971,1.0853
-0.4258,1.0623
-0.4540,1.0382
-0.4818,1.0131
-0.5090,0.9870
-0.5358,0.9600
-0.5621,0.9319
-0.5878,0.9031
-0.6129,0.8732
-0.6374,0.8426
-0.6613,0.8110
-0.6845,0.7787
-0.7071,0.7457
-0.7290,0.7118
-0.7501,0.6773
-0.7705,0.6421
-0.7902,0.6063
-0.8090,0.5699
-0.8271,0.5329
-0.8443,0.4954
-0.8607,0.4573
-0.8763,0.4189
-0.8910,0.3801
-0.9048,0.3409
-0.9178,0.3013
-0.9298,0.2614
-0.9409,0.2213
-0.9511,0.1809
-0.9603,0.1404
-0.9686,0.0997
-0.9759,0.0590
-0.9823,0.0182
-0.9877,-0.0227
-0.9921,-0.0635
-0.9956,-0.1043
-0.9980,-0.1449
-0.9995,-0.1854
-1.0000,-0.2257
-0.9995,-0.2658
-0.9980,-0.3057
-0.9956,-0.3452
-0.9921,-0.3845
-0.9877,-0.4232
-0.9823,-0.4617
-0.9759,-0.4995
-0.9686,-0.5370
-0.9603,-0.5740
-0.9511,-0.6103
-0.9409,-0.6461
-0.9298,-0.6812
-0.9178,-0.7156
-0.9048,-0.7493
-0.8910,-0.7823
-0.8763,-0.8146
-0.8607,-0.8460
-0.8443,-0.8766
-0.8271,-0.9063
-0.8090,-0.9352
-0.7902,-0.9631
-0.7705,-0.9900
-0.7501,-1.0160
-0.7290,-1.0409
-0.7071,-1.0649
-0.6845,-1.0878
-0.6613,-1.1096
-0.6374,-1.1304
-0.6129,-1.1499
-0.5878,-1.1684
-0.5621,-1.1857
-0.5358,-1.2019
-0.5090,-1.2169
-0.4818,-1.2306
-0.4540,-1.2432
-0.4258,-1.2545
-0.3971,-1.2646
-0.3681,-1.2734
-0.3387,-1.2810
-0.3090,-1.2873
-0.2790,-1.2924
-0.2487,-1.2962
-0.2181,-1.2987
-0.1874,-1.2999
-0.1564,-1.2998
-0.1253,-1.2984
-0.0941,-1.2958
-0.0628,-1.2919
-0.0314,-1.2867
0.0000,-1.2802
0.0314,-1.2725
0.0628,-1.2636
0.0941,-1.2533
0.1253,-1.2419
0.1564,-1.2292
0.1874,-1.2153
0.2181,-1.2002
0.2487,-1.1839
0.2790,-1.1665
0.3090,-1.1478
0.3387,-1.1281
0.3681,-1.1072
0.3971,-1.0853
0.4258,-1.0623
0.4540,-1.0382
0.4818,-1.0132
0.5090,-0.9870
0.5358,-0.9600
0.5621,-0.9320
0.5878,-0.9030
0.6129,-0.8732
0.6374,-0.8426
0.6613,-0.8111
0.6845,-0.7787
0.7071,-0.7457
0.7290,-0.7118
0.7501,-0.6773
0.7705,-0.6421
0.7902,-0.6063
0.8090,-0.5700
0.8271,-0.5329
0.8443,-0.4954
0.8607,-0.4574
0.8763,-0.4189
0.8910,-0.3800
0.9048,-0.3409
0.9178,-0.3013
0.9298,-0.2614
0.9409,-0.2213
0.9511,-0.1809
0.9603,-0.1404
0.9686,-0.0997
0.9759,-0.0590
0.9823,-0.0182
0.9877,0.0227
0.9921,0.0635
0.9956,0.1042
0.9980,0.1449
0.9995,0.1854
1.0000,0.2257
0.9995,0.2658
0.9980,0.3057
0.9956,0.3452
0.9921,0.3844
0.9877,0.4232
0.9823,0.4617
0.9759,0.4996
0.9686,0.5370
0.9603,0.5740
0.9511,0.6103
0.9409,0.6461
0.9298,0.6812
0.9178,0.7156
0.9048,0.7493
0.8910,0.7823
0.8763,0.8146
0.8607,0.8460
0.8443,0.8766
0.8271,0.9063
0.8090,0.9352
0.7902,0.9630
0.7705,0.9900
0.7501,1.0160
0.7290,1.0409
0.7071,1.0649
0.6845,1.0878
0.6613,1.1096
0.6374,1.1303
0.6129,1.1500
0.5878,1.1684
0.5621,1.1857
0.5358,1.2019
0.5090,1.2169
0.4818,1.2307
0.4540,1.2432
0.4258,1.2545
0.3971,1.2646
0.3681,1.2734
0.3387,1.2810
0.3090,1.2873
0.2790,1.2924
0.2487,1.2962
0.2181,1.2987
0.1874,1.2999
0.1564,1.2998
0.1253,1.2984
0.0941,1.2958
0.0628,1.2919
0.0314,1.2867
0.0000,1.2802
-0.0314,1.2725
-0.0628,1.2636
-0.0941,1.2533
-0.1253,1.2419
-0.1564,1.2292
-0.1874,1.2153
-0.2181,1.2002
-0.2487,1.1839
-0.2790,1.1665
-0.3090,1.1478
-0.3387,1.1281
-0.3681,1.1072
-0.3971,1.0853
-0.4258,1.0623
-0.4540,1.0382
-0.4818,1.0132
-0.5090,0.9870
-0.5358,0.9600
-0.5621,0.9320
-0.5878,0.9031
-0.6129,0.8732
-0.6374,0.8426
-0.6613,0.8111
-0.6845,0.7787
-0.7071,0.7457
-0.7290,0.7118
-0.7501,0.6774
-0.7705,0.6421
-0.7902,0.6063
-0.8090,0.5699
-0.8271,0.5329
-0.8443,0.4954
-0.8607,0.4574
-0.8763,0.4190
-0.8910,0.3800
-0.9048,0.3409
-0.9178,0.3013
-0.9298,0.2614
-0.9409,0.2213
-0.9511,0.1809
-0.9603,0.1405
-0.9686,0.0997
-0.9759,0.0590
-0.9823,0.0182
-0.9877,-0.0227
-0.9921,-0.0635
-0.9956,-0.1043
-0.9980,-0.1449
-0.9995,-0.1855
-1.0000,-0.2257
-0.9995,-0.2659
-0.9980,-0.3057
-0.9956,-0.3452
-0.9921,-0.3844
-0.9877,-0.4232
-0.9823,-0.4617
-0.9759,-0.4996
-0.9686,-0.5370
-0.9603,-0.5740
-0.9511,-0.6103
-0.9409,-0.6461
-0.9298,-0.6811
-0.9178,-0.7157
-0.9048,-0.7493
-0.8910,-0.7824
-0.8763,-0.8146
-0.8607,-0.8460
-0.8443,-0.8766
-0.8271,-0.9063
-0.8090,-0.9352
-0.7902,-0.9630
-0.7705,-0.9901
-0.7501,-1.0160
-0.7290,-1.0409
-0.7071,-1.0649
-0.6845,-1.0878
-0.6613,-1.1096
-0.6374,-1.1303
-0.6129,-1.1500
-0.5878,-1.1684
-0.5621,-1.1857
-0.5358,-1.2019
-0.5090,-1.2169
-0.4818,-1.2307
-0.4540,-1.2432
-0.4258,-1.2545
-0.3971,-1.2646
-0.3681,-1.2734
-0.3387,-1.2810
-0.3090,-1.2874
-0.2790,-1.2924
-0.2487,-1.2962
-0.2181,-1.2987
-0.1874,-1.2999
-0.1564,-1.2998
-0.1253,-1.2985
-0.0941,-1.2958
-0.0628,-1.2919
-0.0314,-1.2867
0.0000,-1.2802
0.0314,-1.2725
0.0628,-1.2636
0.0941,-1.2533
0.1253,-1.2419
0.1564,-1.2292
0.1874,-1.2153
0.2181,-1.2001
0.2487,-1.1839
0.2790,-1.1665
0.3090,-1.1478
0.3387,-1.1281
0.3681,-1.1072
0.3971,-1.0853
0.4258,-1.0623
0.4540,-1.0382
0.4818,-1.0132
0.5090,-0.9871
0.5358,-0.9600
0.5621,-0.9320
0.5878,-0.9031
0.6129,-0.8732
0.6374,-0.8426
0.6613,-0.8111
0.6845,-0.7788
0.7071,-0.7457
0.7290,-0.7118
0.7501,-0.6773
0.7705,-0.6421
0.7902,-0.6063
0.8090,-0.5699
0.8271,-0.5329
0.8443,-0.4954
0.8607,-0.4574
0.8763,-0.4190
0.8910,-0.3800
0.9048,-0.3408
0.9178,-0.3012
0.9298,-0.2614
0.9409,-0.2213
0.9511,-0.1809
0.9603,-0.1404
0.9686,-0.0997
0.9759,-0.0590
0.9823,-0.0181
0.9877,0.0227
0.9921,0.0635
0.9956,0.1043
0.9980,0.1449
0.9995,0.1855
1.0000,0.2257
0.9995,0.2659
0.9980,0.3056
0.9956,0.3452
0.9921,0.3844
0.9877,0.4232
0.9823,0.4617
0.9759,0.4996
0.9686,0.5371
0.9603,0.5739
0.9511,0.6103
0.9409,0.6461
0.9298,0.6811
0.9178,0.7157
0.9048,0.7494
0.8910,0.7824
0.8763,0.8146
0.8607,0.8460
0.8443,0.8766
0.8271,0.9063
0.8090,0.9352
0.7902,0.9630
0.7705,0.9900
0.7501,1.0160
0.7290,1.0409
0.7071,1.0649
0.6845,1.0878
0.6613,1.1096
0.6374,1.1303
0.6129,1.1500
0.5878,1.1684
0.5621,1.1857
0.5358,1.2019
0.5090,1.2169
0.4818,1.2307
0.4540,1.2432
0.4258,1.2545
0.3971,1.2646
0.3681,1.2734
0.3387,1.2810
0.3090,1.2873
0.2790,1.2924
0.2487,1.2962
0.2181,1.2987
0.1874,1.2999
0.1564,1.2998
0.1253,1.2984
0.0941,1.2958
0.0628,1.2919
0.0314,1.2867
0.0000,1.2803
-0.0314,1.2725
-0.0628,1.2635
-0.0941,1.2533
-0.1253,1.2419
-0.1564,1.2292
-0.1874,1.2153
-0.2181,1.2002
-0.2487,1.1839
-0.2790,1.1664
-0.3090,1.1478
-0.3387,1.1281
-0.3681,1.1072
-0.3971,1.0853
-0.4258,1.0623
-0.4540,1.0382
-0.4818,1.0131
-0.5090,0.9871
-0.5358,0.9600
-0.5621,0.9320
-0.5878,0.9031
-0.6129,0.8732
-0.6374,0.8425
-0.6613,0.8110
-0.6845,0.7787
-0.7071,0.7457
-0.7290,0.7118
-0.7501,0.6773
-0.7705,0.6421
-0.7902,0.6063
-0.8090,0.5698
-0.8271,0.5329
-0.8443,0.4955
-0.8607,0.4574
-0.8763,0.4190
-0.8910,0.3801
-0.9048,0.3408
-0.9178,0.3012
-0.9298,0.2614
-0.9409,0.2214
-0.9511,0.1809
-0.9603,0.1404
-0.9686,0.0997
-0.9759,0.0590
-0.9823,0.0181
-0.9877,-0.0227
-0.9921,-0.0634
-0.9956,-0.1043
-0.9980,-0.1449
-0.9995,-0.1854
-1.0000,-0.2258
-0.9995,-0.2659
-0.9980,-0.3057
-0.9956,-0.3451
-0.9921,-0.3844
-0.9877,-0.4232
-0.9823,-0.4616
-0.9759,-0.4996
-0.9686,-0.5371
-0.9603,-0.5739
-0.9511,-0.6102
-0.9409,-0.6461
-0.9298,-0.6811
-0.9178,-0.7157
-0.9048,-0.7494
-0.8910,-0.7824
-0.8763,-0.8146
-0.8607,-0.8460
-0.8443,-0.8766
-0.8271,-0.9063
-0.8090,-0.9352
-0.7902,-0.9630
-0.7705,-0.9900
-0.7501,-1.0160
-0.7290,-1.0409
-0.7071,-1.0649
-0.6845,-1.0878
-0.6613,-1.1096
-0.6374,-1.1303
-0.6129,-1.1500
-0.5878,-1.1684
-0.5621,-1.1858
-0.5358,-1.2019
-0.5090,-1.2169
-0.4818,-1.2307
-0.4540,-1.2432
-0.4258,-1.2545
-0.3971,-1.2646
-0.3681,-1.2735
-0.3387,-1.2810
-0.3090,-1.2873
-0.2790,-1.2924
-0.2487,-1.2962
-0.2181,-1.2987
-0.1874,-1.2999
-0.1564,-1.2998
-0.1253,-1.2984
-0.0941,-1.2958
-0.0628,-1.2919
-0.0314,-1.2867
0.0000,-1.2802
0.0314,-1.2725
0.0628,-1.2635
0.0941,-1.2533
0.1253,-1.2419
0.1564,-1.2292
0.1874,-1.2153
0.2181,-1.2002
0.2487,-1.1839
0.2790,-1.1664
0.3090,-1.1478
0.3387,-1.1281
0.3681,-1.1072
0.3971,-1.0853
0.4258,-1.0623
0.4540,-1.0383
0.4818,-1.0131
0.5090,-0.9871
0.5358,-0.9600
0.5621,-0.9320
0.5878,-0.9031
0.6129,-0.8732
0.6374,-0.8426
0.6613,-0.8110
0.6845,-0.7787
0.7071,-0.7457
0.7290,-0.7118
0.7501,-0.6773
0.7705,-0.6421
0.7902,-0.6063
0.8090,-0.5698
0.8271,-0.5329
0.8443,-0.4955
0.8607,-0.4574
0.8763,-0.4190
0.8910,-0.3801
0.9048,-0.3409
0.9178,-0.3012
0.9298,-0.2614
0.9409,-0.2213
0.9511,-0.1809
0.9603,-0.1404
0.9686,-0.0997
0.9759,-0.0590
0.9823,-0.0181
0.9877,0.0227
0.9921,0.0634
0.9956,0.1043
0.9980,0.1449
0.9995,0.1854
1.0000,0.2257
0.9995,0.2659
0.9980,0.3057
0.9956,0.3452
0.9921,0.3844
0.9877,0.4232
0.9823,0.4616
0.9759,0.4995
0.9686,0.5371
0.9603,0.5739
0.9511,0.6104
0.9409,0.6461
0.9298,0.6812
0.9178,0.7156
0.9048,0.7494
0.8910,0.7824
0.8763,0.8146
0.8607,0.8461
0.8443,0.8766
0.8271,0.9063
0.8090,0.9351
0.7902,0.9631
0.7705,0.9900
0.7501,1.0160
0.7290,1.0410
0.7071,1.0649
0.6845,1.0878
0.6613,1.1096
0.6374,1.1303
0.6129,1.1500
0.5878,1.1684
0.5621,1.1858
0.5358,1.2019
0.5090,1.2169
0.4818,1.2306
0.4540,1.2432
0.4258,1.2545
0.3971,1.2646
0.3681,1.2735
0.3387,1.2810
0.3090,1.2873
0.2790,1.2924
0.2487,1.2962
0.2181,1.2987
0.1874,1.2999
0.1564,1.2998
0.1253,1.2984
0.0941,1.2958
0.0628,1.2919
0.0314,1.2867
0.0000,1.2802
-0.0314,1.2725
-0.0628,1.2635
-0.0941,1.2533
-0.1253,1.2419
-0.1564,1.2292
-0.1874,1.2153
-0.2181,1.2002
-0.2487,1.1839
-0.2790,1.1664
-0.3090,1.1478
-0.3387,1.1281
-0.3681,1.1073
-0.3971,1.0853
-0.4258,1.0623
-0.4540,1.0382
-0.4818,1.0131
-0.5090,0.9870
-0.5358,0.9600
-0.5621,0.9320
-0.5878,0.9031
-0.6129,0.8732
-0.6374,0.8426
-0.6613,0.8110
-0.6845,0.7787
-0.7071,0.7457
-0.7290,0.7119
-0.7501,0.6773
-0.7705,0.6421
-0.7902,0.6063
-0.8090,0.5698
-0.8271,0.5329
-0.8443,0.4954
-0.8607,0.4574
-0.8763,0.4190
-0.8910,0.3801
-0.9048,0.3409
-0.9178,0.3012
-0.9298,0.2614
-0.9409,0.2212
-0.9511,0.1810
-0.9603,0.1404
-0.9686,0.0997
-0.9759,0.0590
-0.9823,0.0181
-0.9877,-0.0227
-0.9921,-0.0635
-0.9956,-0.1042
-0.9980,-0.1449
-0.9995,-0.1854
-1.0000,-0.2257
-0.9995,-0.2659
-0.9980,-0.3057
-0.9956,-0.3452
-0.9921,-0.3845
-0.9877,-0.4232
-0.9823,-0.4616
-0.9759,-0.4995
-0.9686,-0.5371
-0.9603,-0.5740
-0.9511,-0.6103
-0.9409,-0.6461
-0.9298,-0.6812
-0.9178,-0.7156
-0.9048,-0.7493
-0.8910,-0.7824
-0.8763,-0.8146
-0.8607,-0.8460
-0.8443,-0.8766
-0.8271,-0.9063
-0.8090,-0.9351
-0.7902,-0.9630
-0.7705,-0.9900
-0.7501,-1.0160
-0.7290,-1.0410
-0.7071,-1.0649
-0.6845,-1.0878
-0.6613,-1.1096
-0.6374,-1.1303
-0.6129,-1.1500
-0.5878,-1.1684
-0.5621,-1.1858
-0.5358,-1.2019
-0.5090,-1.2169
-0.4818,-1.2306
-0.4540,-1.2432
-0.4258,-1.2545
-0.3971,-1.2646
-0.3681,-1.2735
-0.3387,-1.2810
-0.3090,-1.2873
-0.2790,-1.2924
-0.2487,-1.2962
-0.2181,-1.2987
-0.1874,-1.2999
-0.1564,-1.2998
-0.1253,-1.2984
-0.0941,-1.2958
-0.0628,-1.2919
-0.0314,-1.2867
0.0000,-1.2802
0.0314,-1.2725
0.0628,-1.2636
0.0941,-1.2533
0.1253,-1.2419
0.1564,-1.2292
0.1874,-1.2153
0.2181,-1.2002
0.2487,-1.1839
0.2790,-1.1664
0.3090,-1.1478
0.3387,-1.1281
0.3681,-1.1073
0.3971,-1.0853
0.4258,-1.0623
0.4540,-1.0382
0.4818,-1.0131
0.5090,-0.9870
0.5358,-0.9600
0.5621,-0.9320
0.5878,-0.9031
0.6129,-0.8732
0.6374,-0.8426
0.6613,-0.8110
0.6845,-0.7787
0.7071,-0.7456
0.7290,-0.7118
0.7501,-0.6774
0.7705,-0.6421
0.7902,-0.6063
0.8090,-0.5699
0.8271,-0.5329
0.8443,-0.4954
0.8607,-0.4574
0.8763,-0.4190
0.8910,-0.3801
0.9048,-0.3409
0.9178,-0.3013
0.9298,-0.2614
0.9409,-0.2212
0.9511,-0.1809
0.9603,-0.1405
0.9686,-0.0997
0.9759,-0.0590
0.9823,-0.0182
0.9877,0.0227
0.9921,0.0635
0.9956,0.1042
0.9980,0.1448
0.9995,0.1854
1.0000,0.2257
0.9995,0.2659
0.9980,0.3057
0.9956,0.3453
0.9921,0.3844
0.9877,0.4232
0.9823,0.4617
0.9759,0.4995
0.9686,0.5371
0.9603,0.5740
0.9511,0.6103
0.9409,0.6460
0.9298,0.6812
0.9178,0.7156
0.9048,0.7493
0.8910,0.7824
0.8763,0.8146
0.8607,0.8460
0.8443,0.8766
0.8271,0.9063
0.8090,0.9352
0.7902,0.9630
0.7705,0.9900
0.7501,1.0160
0.7290,1.0410
0.7071,1.0649
0.6845,1.0878
0.6613,1.1096
0.6374,1.1303
0.6129,1.1500
0.5878,1.1684
0.5621,1.1858
0.5358,1.2019
0.5090,1.2169
0.4818,1.2306
0.4540,1.2432
0.4258,1.2545
0.3971,1.2646
0.3681,1.2735
0.3387,1.2810
0.3090,1.2873
0.2790,1.2924
0.2487,1.2962
0.2181,1.2987
0.1874,1.2999
0.1564,1.2998
0.1253,1.2985
0.0941,1.2958
0.0628,1.2919
0.0314,1.2867
0.0000,1.2802
-0.0314,1.2725
-0.0628,1.2635
-0.0941,1.2533
-0.1253,1.2418
-0.1564,1.2292
-0.1874,1.2153
-0.2181,1.2002
-0.2487,1.1839
-0.2790,1.1664
-0.3090,1.1479
-0.3387,1.1281
-0.3681,1.1072
-0.3971,1.0853
-0.4258,1.0623
-0.4540,1.0382
-0.4818,1.0131
-0.5090,0.9871
-0.5358,0.9600
-0.5621,0.9320
-0.5878,0.9031
-0.6129,0.8732
-0.6374,0.8426
-0.6613,0.8110
-0.6845,0.7788
-0.7071,0.7456
-0.7290,0.7118
-0.7501,0.6774
-0.7705,0.6421
-0.7902,0.6063
-0.8090,0.5699
-0.8271,0.5329
-0.8443,0.4953
-0.8607,0.4574
-0.8763,0.4190
-0.8910,0.3800
-0.9048,0.3409
-0.9178,0.3013
-0.9298,0.2615
-0.9409,0.2212
-0.9511,0.1809
-0.9603,0.1405
-0.9686,0.0997
-0.9759,0.0590
-0.9823,0.0182
-0.9877,-0.0227
-0.9921,-0.0635
-0.9956,-0.1042
-0.9980,-0.1448
-0.9995,-0.1854
-1.0000,-0.2257
-0.9995,-0.2658
-0.9980,-0.3057
-0.9956,-0.3453
-0.9921,-0.3844
-0.9877,-0.4232
-0.9823,-0.4617
-0.9759,-0.4996
-0.9686,-0.5370
-0.9603,-0.5740
-0.9511,-0.6103
-0.9409,-0.6461
-0.9298,-0.6811
-0.9178,-0.7156
-0.9048,-0.7493
-0.8910,-0.7824
-0.8763,-0.8146
-0.8607,-0.8460
-0.8443,-0.8766
-0.8271,-0.9063
-0.8090,-0.9352
-0.7902,-0.9630
-0.7705,-0.9900
-0.7501,-1.0160
-0.7290,-1.0410
-0.7071,-1.0649
-0.6845,-1.0878
-0.6613,-1.1096
-0.6374,-1.1303
-0.6129,-1.1500
-0.5878,-1.1684
-0.5621,-1.1858
-0.5358,-1.2019
-0.5090,-1.2169
-0.4818,-1.2307
-0.4540,-1.2432
-0.4258,-1.2545
-0.3971,-1.2646
-0.3681,-1.2735
-0.3387,-1.2810
-0.3090,-1.2874
-0.2790,-1.2924
-0.2487,-1.2962
-0.2181,-1.2987
-0.1874,-1.2999
-0.1564,-1.2998
-0.1253,-1.2985
-0.0941,-1.2958
-0.0628,-1.2919
-0.0314,-1.2867
0.0000,-1.2803
0.0314,-1.2725
0.0628,-1.2635
0.0941,-1.2533
0.1253,-1.2418
0.1564,-1.2292
0.1874,-1.2153
0.2181,-1.2002
0.2487,-1.1839
0.2790,-1.1664
0.3090,-1.1478
0.3387,-1.1281
0.3681,-1.1072
0.3971,-1.0853
0.4258,-1.0623
0.4540,-1.0382
0.4818,-1.0131
0.5090,-0.9871
0.5358,-0.9599
0.5621,-0.9320
0.5878,-0.9031
0.6129,-0.8733
0.6374,-0.8426
0.6613,-0.8110
0.6845,-0.7788
0.7071,-0.7456
0.7290,-0.7118
0.7501,-0.6774
0.7705,-0.6422
0.7902,-0.6063
0.8090,-0.5699
0.8271,-0.5329
0.8443,-0.4953
0.8607,-0.4574
0.8763,-0.4190
0.8910,-0.3801
0.9048,-0.3409
0.9178,-0.3013
0.9298,-0.2614
0.9409,-0.2212
0.9511,-0.1809
0.9603,-0.1405
0.9686,-0.0997
0.9759,-0.0590
0.9823,-0.0181
0.9877,0.0226
0.9921,0.0636
0.9956,0.1043
0.9980,0.1449
0.9995,0.1855
1.0000,0.2257
0.9995,0.2659
0.9980,0.3056
0.9956,0.3453
0.9921,0.3844
0.9877,0.4233
0.9823,0.4617
0.9759,0.4996
0.9686,0.5370
0.9603,0.5739
0.9511,0.6104
0.9409,0.6461
0.9298,0.6812
0.9178,0.7157
0.9048,0.7493
0.8910,0.7824
0.8763,0.8145
0.8607,0.8460
0.8443,0.8766
0.8271,0.9063
0.8090,0.9352
0.7902,0.9630
0.7705,0.9900
0.7501,1.0159
0.7290,1.0410
0.7071,1.0649
0.6845,1.0878
0.6613,1.1096
0.6374,1.1303
0.6129,1.1500
0.5878,1.1684
0.5621,1.1858
0.5358,1.2019
0.5090,1.2169
0.4818,1.2307
0.4540,1.2432
0.4258,1.2545
0.3971,1.2646
0.3681,1.2735
0.3387,1.2810
0.3090,1.2874
0.2790,1.2924
0.2487,1.2962
0.2181,1.2987
0.1874,1.2999
0.1564,1.2998
0.1253,1.2985
0.0941,1.2958
0.0628,1.2919
0.0314,1.2867
0.0000,1.2803
-0.0314,1.2725
-0.0628,1.2635
-0.0941,1.2533
-0.1253,1.2419
-0.1564,1.2292
-0.1874,1.2153
-0.2181,1.2002
-0.2487,1.1839
-0.2790,1.1664
-0.3090,1.1478
-0.3387,1.1281
-0.3681,1.1072
-0.3971,1.0853
-0.4258,1.0623
-0.4540,1.0383
-0.4818,1.0131
-0.5090,0.9871
-0.5358,0.9600
-0.5621,0.9320
-0.5878,0.9031
-0.6129,0.8732
-0.6374,0.8426
-0.6613,0.8110
-0.6845,0.7788
-0.7071,0.7457
-0.7290,0.7118
-0.7501,0.6773
-0.7705,0.6421
-0.7902,0.6064
-0.8090,0.5699
-0.8271,0.5329
-0.8443,0.4953
-0.8607,0.4574
-0.8763,0.4189
-0.8910,0.3801
-0.9048,0.3409
-0.9178,0.3012
-0.9298,0.2614
-0.9409,0.2212
-0.9511,0.1809
-0.9603,0.1404
-0.9686,0.0998
-0.9759,0.0590
-0.9823,0.0181
-0.9877,-0.0227
-0.9921,-0.0636
-0.9956,-0.1043
-0.9980,-0.1449
-0.9995,-0.1854
-1.0000,-0.2257
-0.9995,-0.2659
-0.9980,-0.3057
-0.9956,-0.3453
-0.9921,-0.3844
-0.9877,-0.4233
-0.9823,-0.4616
-0.9759,-0.4996
-0.9686,-0.5371
-0.9603,-0.5739
-0.9511,-0.6104
-0.9409,-0.6461
-0.9298,-0.6812
-0.9178,-0.7156
-0.9048,-0.7494
-0.8910,-0.7824
-0.8763,-0.8146
-0.8607,-0.8461
-0.8443,-0.8766
-0.8271,-0.9063
-0.8090,-0.9351
-0.7902,-0.9630
-0.7705,-0.9900
-0.7501,-1.0160
-0.7290,-1.0410
-0.7071,-1.0649
-0.6845,-1.0878
-0.6613,-1.1096
-0.6374,-1.1303
-0.6129,-1.1500
-0.5878,-1.1684
-0.5621,-1.1858
-0.5358,-1.2019
-0.5090,-1.2169
-0.4818,-1.2306
-0.4540,-1.2432
-0.4258,-1.2545
-0.3971,-1.2646
-0.3681,-1.2735
-0.3387,-1.2810
-0.3090,-1.2874
-0.2790,-1.2924
-0.2487,-1.2962
-0.2181,-1.2987
-0.1874,-1.2999
-0.1564,-1.2998
-0.1253,-1.2985
-0.0941,-1.2958
-0.0628,-1.2919
-0.0314,-1.2867
0.0000,-1.2803
0.0314,-1.2725
0.0628,-1.2635
0.0941,-1.2533
0.1253,-1.2419
0.1564,-1.2292
0.1874,-1.2153
0.2181,-1.2002
0.2487,-1.1839
0.2790,-1.1664
0.3090,-1.1478
0.3387,-1.1281
0.3681,-1.1073
0.3971,-1.0853
0.4258,-1.0623
0.4540,-1.0383
0.4818,-1.0131
0.5090,-0.9871
0.5358,-0.9600
0.5621,-0.9320
0.5878,-0.9030
0.6129,-0.8732
0.6374,-0.8426
0.6613,-0.8110
0.6845,-0.7787
0.7071,-0.7456
0.7290,-0.7119
0.7501,-0.6773
0.7705,-0.6421
0.7902,-0.6064
0.8090,-0.5698
0.8271,-0.5329
0.8443,-0.4954
0.8607,-0.4574
0.8763,-0.4189
0.8910,-0.3801
0.9048,-0.3409
0.9178,-0.3012
0.9298,-0.2614
0.9409,-0.2213
0.9511,-0.1809
0.9603,-0.1404
0.9686,-0.0997
0.9759,-0.0590
0.9823,-0.0181
0.9877,0.0227
0.9921,0.0635
0.9956,0.1043
0.9980,0.1450
0.9995,0.1854
1.0000,0.2257
0.9995,0.2659
0.9980,0.3057
0.9956,0.3452
0.9921,0.3844
0.9877,0.4233
0.9823,0.4616
0.9759,0.4995
0.9686,0.5371
0.9603,0.5739
0.9511,0.6103
0.9409,0.6461
0.9298,0.6812
0.9178,0.7156
0.9048,0.7493
0.8910,0.7824
0.8763,0.8146
0.8607,0.8460
0.8443,0.8766
0.8271,0.9063
0.8090,0.9351
0.7902,0.9630
0.7705,0.9900
0.7501,1.0160
0.7290,1.0409
0.7071,1.0649
0.6845,1.0878
0.6613,1.1096
0.6374,1.1303
0.6129,1.1500
0.5878,1.1684
0.5621,1.1858
0.5358,1.2019
0.5090,1.2169
0.4818,1.2306
0.4540,1.2432
0.4258,1.2545
0.3971,1.2646
0.3681,1.2734
0.3387,1.2810
0.3090,1.2874
0.2790,1.2924
0.2487,1.2962
0.2181,1.2987
0.1874,1.2999
0.1564,1.2998
0.1253,1.2985
0.0941,1.2958
0.0628,1.2919
0.0314,1.2867
0.0000,1.2802
-0.0314,1.2725
-0.0628,1.2636
-0.0941,1.2533
-0.1253,1.2419
-0.1564,1.2292
-0.1874,1.2153
-0.2181,1.2002
-0.2487,1.1839
-0.2790,1.1664
-0.3090,1.1478
-0.3387,1.1281
-0.3681,1.1073
-0.3971,1.0853
-0.4258,1.0623
-0.4540,1.0383
-0.4818,1.0132
-0.5090,0.9871
-0.5358,0.9600
-0.5621,0.9320
-0.5878,0.9030
-0.6129,0.8732
-0.6374,0.8426
-0.6613,0.8110
-0.6845,0.7787
-0.7071,0.7456
-0.7290,0.7119
-0.7501,0.6773
-0.7705,0.6421
-0.7902,0.6063
-0.8090,0.5698
-0.8271,0.5329
-0.8443,0.4954
-0.8607,0.4574
-0.8763,0.4189
-0.8910,0.3801
-0.9048,0.3409
-0.9178,0.3012
-0.9298,0.2614
-0.9409,0.2213
-0.9511,0.1810
-0.9603,0.1403
-0.9686,0.0997
-0.9759,0.0590
-0.9823,0.0181
-0.9877,-0.0227
-0.9921,-0.0635
-0.9956,-0.1042
-0.9980,-0.1450
-0.9995,-0.1854
-1.0000,-0.2257
-0.9995,-0.2659
-0.9980,-0.3057
-0.9956,-0.3452
-0.9921,-0.3844
-0.9877,-0.4233
-0.9823,-0.4616
-0.9759,-0.4995
-0.9686,-0.5371
-0.9603,-0.5739
-0.9511,-0.6103
-0.9409,-0.6460
-0.9298,-0.6812
-0.9178,-0.7156
-0.9048,-0.7494
-0.8910,-0.7824
-0.8763,-0.8146
-0.8607,-0.8460
-0.8443,-0.8766
-0.8271,-0.9064
-0.8090,-0.9351
-0.7902,-0.9631
-0.7705,-0.9900
-0.7501,-1.0160
-0.7290,-1.0410
-0.7071,-1.0649
-0.6845,-1.0878
-0.6613,-1.1096
-0.6374,-1.1304
-0.6129,-1.1500
-0.5878,-1.1684
-0.5621,-1.1858
-0.5358,-1.2019
-0.5090,-1.2169
-0.4818,-1.2306
-0.4540,-1.2432
-0.4258,-1.2545
-0.3971,-1.2646
-0.3681,-1.2734
-0.3387,-1.2810
-0.3090,-1.2874
-0.2790,-1.2924
-0.2487,-1.2962
-0.2181,-1.2987
-0.1874,-1.2999
-0.1564,-1.2998
-0.1253,-1.2985
-0.0941,-1.2958
-0.0628,-1.2919
-0.0314,-1.2867
0.0000,-1.2802
0.0314,-1.2725
0.0628,-1.2636
0.0941,-1.2533
0.1253,-1.2419
0.1564,-1.2292
0.1874,-1.2153
0.2181,-1.2002
0.2487,-1.1839
0.2790,-1.1664
0.3090,-1.1479
0.3387,-1.1281
0.3681,-1.1073
0.3971,-1.0853
0.4258,-1.0623
0.4540,-1.0382
0.4818,-1.0131
0.5090,-0.9871
0.5358,-0.9600
0.5621,-0.9320
0.5878,-0.9030
0.6129,-0.8732
0.6374,-0.8426
0.6613,-0.8111
0.6845,-0.7788
0.7071,-0.7456
0.7290,-0.7119
0.7501,-0.6772
0.7705,-0.6421
0.7902,-0.6063
0.8090,-0.5699
0.8271,-0.5329
0.8443,-0.4954
0.8607,-0.4574
0.8763,-0.4189
0.8910,-0.3801
0.9048,-0.3409
0.9178,-0.3013
0.9298,-0.2614
0.9409,-0.2212
0.9511,-0.1810
0.9603,-0.1403
0.9686,-0.0997
0.9759,-0.0589
0.9823,-0.0182
0.9877,0.0227
0.9921,0.0635
0.9956,0.1042
0.9980,0.1450
0.9995,0.1854
1.0000,0.2258
0.9995,0.2658
0.9980,0.3057
0.9956,0.3452
0.9921,0.3844
0.9877,0.4233
0.9823,0.4616
0.9759,0.4996
0.9686,0.5370
0.9603,0.5740
0.9511,0.6103
0.9409,0.6460
0.9298,0.6812
0.9178,0.7156
0.9048,0.7494
0.8910,0.7823
0.8763,0.8146
0.8607,0.8460
0.8443,0.8766
0.8271,0.9064
0.8090,0.9351
0.7902,0.9631
0.7705,0.9900
0.7501,1.0160
0.7290,1.0410
0.7071,1.0649
0.6845,1.0878
0.6613,1.1096
0.6374,1.1304
0.6129,1.1499
0.5878,1.1684
0.5621,1.1858
0.5358,1.2019
0.5090,1.2169
0.4818,1.2306
0.4540,1.2432
0.4258,1.2545
0.3971,1.2646
0.3681,1.2735
0.3387,1.2810
0.3090,1.2874
0.2790,1.2924
0.2487,1.2962
0.2181,1.2987
0.1874,1.2999
0.1564,1.2998
0.1253,1.2985
0.0941,1.2958
0.0628,1.2919
0.0314,1.2867
0.0000,1.2803
-0.0314,1.2725
-0.0628,1.2636
-0.0941,1.2533
-0.1253,1.2419
-0.1564,1.2292
-0.1874,1.2153
-0.2181,1.2002
-0.2487,1.1839
-0.2790,1.1664
-0.3090,1.1479
-0.3387,1.1281
-0.3681,1.1073
-0.3971,1.0853
-0.4258,1.0623
-0.4540,1.0382
-0.4818,1.0131
-0.5090,0.9871
-0.5358,0.9600
-0.5621,0.9320
-0.5878,0.9031
-0.6129,0.8732
-0.6374,0.8425
-0.6613,0.8110
-0.6845,0.7788
-0.7071,0.7456
-0.7290,0.7118
-0.7501,0.6773
-0.7705,0.6421
-0.7902,0.6063
-0.8090,0.5699
-0.8271,0.5330
-0.8443,0.4954
-0.8607,0.4574
-0.8763,0.4189
-0.8910,0.3801
-0.9048,0.3408
-0.9178,0.3013
-0.9298,0.2615
-0.9409,0.2212
-0.9511,0.1809
-0.9603,0.1404
-0.9686,0.0997
-0.9759,0.0589
-0.9823,0.0182
-0.9877,-0.0226
-0.9921,-0.0635
-0.9956,-0.1042
-0.9980,-0.1449
-0.9995,-0.1854
-1.0000,-0.2258
-0.9995,-0.2658
-0.9980,-0.3056
-0.9956,-0.3453
-0.9921,-0.3844
-0.9877,-0.4232
-0.9823,-0.4617
-0.9759,-0.4996
-0.9686,-0.5370
-0.9603,-0.5739
-0.9511,-0.6103
-0.9409,-0.6460
-0.9298,-0.6812
-0.9178,-0.7156
-0.9048,-0.7494
-0.8910,-0.7823
-0.8763,-0.8145
-0.8607,-0.8460
-0.8443,-0.8766
-0.8271,-0.9063
-0.8090,-0.9352
-0.7902,-0.9631
-0.7705,-0.9900
-0.7501,-1.0159
-0.7290,-1.0410
-0.7071,-1.0649
-0.6845,-1.0878
-0.6613,-1.1096
-0.6374,-1.1304
-0.6129,-1.1499
-0.5878,-1.1684
-0.5621,-1.1858
-0.5358,-1.2019
-0.5090,-1.2169
-0.4818,-1.2306
-0.4540,-1.2432
-0.4258,-1.2545
-0.3971,-1.2646
-0.3681,-1.2735
-0.3387,-1.2810
-0.3090,-1.2873
-0.2790,-1.2924
-0.2487,-1.2962
-0.2181,-1.2987
-0.1874,-1.2999
-0.1564,-1.2998
-0.1253,-1.2985
-0.0941,-1.2958
-0.0628,-1.2919
-0.0314,-1.2867
0.0000,-1.2803
0.0314,-1.2725
0.0628,-1.2635
0.0941,-1.2533
0.1253,-1.2419
0.1564,-1.2292
0.1874,-1.2153
0.2181,-1.2002
0.2487,-1.1839
0.2790,-1.1664
0.3090,-1.1479
0.3387,-1.1281
0.3681,-1.1072
0.3971,-1.0853
0.4258,-1.0623
0.4540,-1.0382
0.4818,-1.0131
0.5090,-0.9871
0.5358,-0.9600
0.5621,-0.9320
0.5878,-0.9030
0.6129,-0.8733
0.6374,-0.8425
0.6613,-0.8110
0.6845,-0.7788
0.7071,-0.7456
0.7290,-0.7118
0.7501,-0.6773
0.7705,-0.6422
0.7902,-0.6062
0.8090,-0.5699
0.8271,-0.5329
0.8443,-0.4953
0.8607,-0.4574
0.8763,-0.4189
0.8910,-0.3801
0.9048,-0.3408
0.9178,-0.3013
0.9298,-0.2615
0.9409,-0.2212
0.9511,-0.1809
0.9603,-0.1404
0.9686,-0.0998
0.9759,-0.0589
0.9823,-0.0181
0.9877,0.0226
0.9921,0.0636
0.9956,0.1042
0.9980,0.1449
0.9995,0.1854
1.0000,0.2258
0.9995,0.2658
0.9980,0.3056
0.9956,0.3453
0.9921,0.3844
0.9877,0.4232
0.9823,0.4616
0.9759,0.4996
0.9686,0.5370
0.9603,0.5739
0.9511,0.6104
0.9409,0.6461
0.9298,0.6812
0.9178,0.7156
0.9048,0.7494
0.8910,0.7824
0.8763,0.8145
0.8607,0.8460
0.8443,0.8766
0.8271,0.9063
0.8090,0.9351
0.7902,0.9631
0.7705,0.9900
0.7501,1.0159
0.7290,1.0410
0.7071,1.0649
0.6845,1.0878
0.6613,1.1096
0.6374,1.1304
0.6129,1.1500
0.5878,1.1684
0.5621,1.1858
0.5358,1.2019
0.5090,1.2169
0.4818,1.2306
0.4540,1.2432
0.4258,1.2545
0.3971,1.2646
0.3681,1.2735
0.3387,1.2810
0.3090,1.2874
0.2790,1.2924
0.2487,1.2962
0.2181,1.2987
0.1874,1.2999
0.1564,1.2998
0.1253,1.2985
0.0941,1.2958
0.0628,1.2919
0.0314,1.2867
0.0000,1.2803
-0.0314,1.2725
-0.0628,1.2635
-0.0941,1.2533
-0.1253,1.2419
-0.1564,1.2292
-0.1874,1.2153
-0.2181,1.2002
-0.2487,1.1839
-0.2790,1.1664
-0.3090,1.1478
-0.3387,1.1281
-0.3681,1.1072
-0.3971,1.0853
-0.4258,1.0623
-0.4540,1.0382
-0.4818,1.0131
-0.5090,0.9871
-0.5358,0.9600
-0.5621,0.9320
-0.5878,0.9030
-0.6129,0.8733
-0.6374,0.8425
-0.6613,0.8110
-0.6845,0.7788
-0.7071,0.7457
-0.7290,0.7118
-0.7501,0.6773
-0.7705,0.6421
-0.7902,0.6062
-0.8090,0.5699
-0.8271,0.5329
-0.8443,0.4954
-0.8607,0.4574
-0.8763,0.4189
-0.8910,0.3801
-0.9048,0.3408
-0.9178,0.3013
-0.9298,0.2614
-0.9409,0.2213
-0.9511,0.1809
-0.9603,0.1404
-0.9686,0.0998
-0.9759,0.0589
-0.9823,0.0181
-0.9877,-0.0226
-0.9921,-0.0635
-0.9956,-0.1043
-0.9980,-0.1449
-0.9995,-0.1854
-1.0000,-0.2258
-0.9995,-0.2659
-0.9980,-0.3057
-0.9956,-0.3452
-0.9921,-0.3844
-0.9877,-0.4233
-0.9823,-0.4616
-0.9759,-0.4996
-0.9686,-0.5370
-0.9603,-0.5740
-0.9511,-0.6103
-0.9409,-0.6461
-0.9298,-0.6812
-0.9178,-0.7156
-0.9048,-0.7494
-0.8910,-0.7824
-0.8763,-0.8146
-0.8607,-0.8460
-0.8443,-0.8766
-0.8271,-0.9063
-0.8090,-0.9351
-0.7902,-0.9631
-0.7705,-0.9900
-0.7501,-1.0160
-0.7290,-1.0409
-0.7071,-1.0649
-0.6845,-1.0878
-0.6613,-1.1096
-0.6374,-1.1304
-0.6129,-1.1500
-0.5878,-1.1684
-0.5621,-1.1857
-0.5358,-1.2019
-0.5090,-1.2169
-0.4818,-1.2306
-0.4540,-1.2432
-0.4258,-1.2545
-0.3971,-1.2646
-0.3681,-1.2734
-0.3387,-1.2810
-0.3090,-1.2874
-0.2790,-1.2924
-0.2487,-1.2962
-0.2181,-1.2987
-0.1874,-1.2999
-0.1564,-1.2998
-0.1253,-1.2985
-0.0941,-1.2958
-0.0628,-1.2919
-0.0314,-1.2867
0.0000,-1.2803
0.0314,-1.2725
0.0628,-1.2635
0.0941,-1.2533
0.1253,-1.2419
0.1564,-1.2292
0.1874,-1.2153
0.2181,-1.2002
0.2487,-1.1839
0.2790,-1.1664
0.3090,-1.1478
0.3387,-1.1281
0.3681,-1.1073
0.3971,-1.0853
0.4258,-1.0623
0.4540,-1.0382
0.4818,-1.0131
0.5090,-0.9871
0.5358,-0.9600
0.5621,-0.9320
0.5878,-0.9030
0.6129,-0.8732
0.6374,-0.8425
0.6613,-0.8110
0.6845,-0.7788
0.7071,-0.7457
0.7290,-0.7119
0.7501,-0.6773
0.7705,-0.6421
0.7902,-0.6063
0.8090,-0.5699
0.8271,-0.5329
0.8443,-0.4954
0.8607,-0.4575
0.8763,-0.4189
0.8910,-0.3801
0.9048,-0.3408
0.9178,-0.3012
0.9298,-0.2614
0.9409,-0.2213
0.9511,-0.1810
0.9603,-0.1404
0.9686,-0.0998
0.9759,-0.0590
0.9823,-0.0181
0.9877,0.0227
0.9921,0.0635
0.9956,0.1042
0.9980,0.1449
0.9995,0.1854
1.0000,0.2257
0.9995,0.2659
0.9980,0.3057
0.9956,0.3452
0.9921,0.3844
0.9877,0.4233
0.9823,0.4616
0.9759,0.4996
0.9686,0.5371
0.9603,0.5740
0.9511,0.6103
0.9409,0.6460
0.9298,0.6812
0.9178,0.7156
0.9048,0.7494
0.8910,0.7824
0.8763,0.8146
0.8607,0.8460
0.8443,0.8765
0.8271,0.9063
0.8090,0.9351
0.7902,0.9630
0.7705,0.9900
0.7501,1.0160
0.7290,1.0409
0.7071,1.0649
0.6845,1.0878
0.6613,1.1096
0.6374,1.1303
0.6129,1.1500
0.5878,1.1684
0.5621,1.1857
0.5358,1.2019
0.5090,1.2169
0.4818,1.2306
0.4540,1.2432
0.4258,1.2545
0.3971,1.2646
0.3681,1.2734
0.3387,1.2810
0.3090,1.2874
0.2790,1.2924
0.2487,1.2962
0.2181,1.2987
0.1874,1.2999
0.1564,1.2998
0.1253,1.2985
0.0941,1.2958
0.0628,1.2919
0.0314,1.2867
0.0000,1.2803
-0.0314,1.2725
-0.0628,1.2636
-0.0941,1.2533
-0.1253,1.2419
-0.1564,1.2292
-0.1874,1.2153
-0.2181,1.2002
-0.2487,1.1839
-0.2790,1.1665
-0.3090,1.1478
-0.3387,1.1281
-0.3681,1.1073
-0.3971,1.0853
-0.4258,1.0623
-0.4540,1.0382
-0.4818,1.0132
-0.5090,0.9870
-0.5358,0.9600
-0.5621,0.9320
-0.5878,0.9030
-0.6129,0.8732
-0.6374,0.8425
-0.6613,0.8111
-0.6845,0.7787
-0.7071,0.7456
-0.7290,0.7119
-0.7501,0.6773
-0.7705,0.6421
-0.7902,0.6063
-0.8090,0.5699
-0.8271,0.5328
-0.8443,0.4954
-0.8607,0.4574
-0.8763,0.4189
-0.8910,0.3801
-0.9048,0.3408
-0.9178,0.3013
-0.9298,0.2613
-0.9409,0.2213
-0.9511,0.1810
-0.9603,0.1404
-0.9686,0.0997
-0.9759,0.0590
-0.9823,0.0182
-0.9877,-0.0227
-0.9921,-0.0635
-0.9956,-0.1042
-0.9980,-0.1450
-0.9995,-0.1854
-1.0000,-0.2258
-0.9995,-0.2658
-0.9980,-0.3057
-0.9956,-0.3452
-0.9921,-0.3844
-0.9877,-0.4233
-0.9823,-0.4616
-0.9759,-0.4996
-0.9686,-0.5370
-0.9603,-0.5740
-0.9511,-0.6103
-0.9409,-0.6460
-0.9298,-0.6812
-0.9178,-0.7156
-0.9048,-0.7494
-0.8910,-0.7823
-0.8763,-0.8146
-0.8607,-0.8460
-0.8443,-0.8765
-0.8271,-0.9063
-0.8090,-0.9351
-0.7902,-0.9630
-0.7705,-0.9900
-0.7501,-1.0160
-0.7290,-1.0409
-0.7071,-1.0649
-0.6845,-1.0878
-0.6613,-1.1096
-0.6374,-1.1303
-0.6129,-1.1499
-0.5878,-1.1685
-0.5621,-1.1858
-0.5358,-1.2019
-0.5090,-1.2169
-0.4818,-1.2306
-0.4540,-1.2432
-0.4258,-1.2545
-0.3971,-1.2646
-0.3681,-1.2734
-0.3387,-1.2810
-0.3090,-1.2874
-0.2790,-1.2924
-0.2487,-1.2962
-0.2181,-1.2987
-0.1874,-1.2999
-0.1564,-1.2998
-0.1253,-1.2984
-0.0941,-1.2958
-0.0628,-1.2919
-0.0314,-1.2867
0.0000,-1.2802
0.0314,-1.2725
0.0628,-1.2636
0.0941,-1.2533
0.1253,-1.2419
0.1564,-1.2292
0.1874,-1.2153
0.2181,-1.2002
0.2487,-1.1839
0.2790,-1.1664
0.3090,-1.1478
0.3387,-1.1281
0.3681,-1.1073
0.3971,-1.0853
0.4258,-1.0623
0.4540,-1.0382
0.4818,-1.0132
0.5090,-0.9870
0.5358,-0.9600
0.5621,-0.9320
0.5878,-0.9031
0.6129,-0.8732
0.6374,-0.8425
0.6613,-0.8111
0.6845,-0.7787
0.7071,-0.7456
0.7290,-0.7119
0.7501,-0.6773
0.7705,-0.6421
0.7902,-0.6063
0.8090,-0.5699
0.8271,-0.5328
0.8443,-0.4954
0.8607,-0.4574
0.8763,-0.4190
0.8910,-0.3801
0.9048,-0.3408
0.9178,-0.3013
0.9298,-0.2613
0.9409,-0.2213
0.9511,-0.1810
0.9603,-0.1404
0.9686,-0.0997
0.9759,-0.0589
0.9823,-0.0182
0.9877,0.0228
0.9921,0.0635
0.9956,0.1042
0.9980,0.1449
0.9995,0.1854
1.0000,0.2258
0.9995,0.2658
0.9980,0.3058
0.9956,0.3452
0.9921,0.3844
0.9877,0.4232
0.9823,0.4616
0.9759,0.4996
0.9686,0.5370
0.9603,0.5740
0.9511,0.6103
0.9409,0.6460
0.9298,0.6812
0.9178,0.7156
0.9048,0.7494
0.8910,0.7823
0.8763,0.8146
0.8607,0.8460
0.8443,0.8766
0.8271,0.9063
0.8090,0.9351
0.7902,0.9631
0.7705,0.9900
0.7501,1.0160
0.7290,1.0410
0.7071,1.0649
0.6845,1.0878
0.6613,1.1096
0.6374,1.1304
0.6129,1.1499
0.5878,1.1685
0.5621,1.1858
0.5358,1.2019
0.5090,1.2169
0.4818,1.2306
0.4540,1.2432
0.4258,1.2545
0.3971,1.2646
0.3681,1.2734
0.3387,1.2810
0.3090,1.2874
0.2790,1.2924
0.2487,1.2962
0.2181,1.2987
0.1874,1.2999
0.1564,1.2998
0.1253,1.2984
0.0941,1.2958
0.0628,1.2919
0.0314,1.2867
0.0000,1.2803
-0.0314,1.2725
-0.0628,1.2636
-0.0941,1.2533
-0.1253,1.2419
-0.1564,1.2292
-0.1874,1.2153
-0.2181,1.2002
-0.2487,1.1839
-0.2790,1.1664
-0.3090,1.1478
-0.3387,1.1281
-0.3681,1.1073
-0.3971,1.0853
-0.4258,1.0623
-0.4540,1.0382
-0.4818,1.0131
-0.5090,0.9870
-0.5358,0.9600
-0.5621,0.9320
-0.5878,0.9031
-0.6129,0.8733
-0.6374,0.8425
-0.6613,0.8111
-0.6845,0.7787
-0.7071,0.7456
-0.7290,0.7119
-0.7501,0.6773
-0.7705,0.6422
-0.7902,0.6063
-0.8090,0.5699
-0.8271,0.5329
-0.8443,0.4954
-0.8607,0.4574
-0.8763,0.4190
-0.8910,0.3801
-0.9048,0.3408
-0.9178,0.3013
-0.9298,0.2614
-0.9409,0.2212
-0.9511,0.1810
-0.9603,0.1404
-0.9686,0.0998
-0.9759,0.0589
-0.9823,0.0182
-0.9877,-0.0227
-0.9921,-0.0635
-0.9956,-0.1043
-0.9980,-0.1449
-0.9995,-0.1854
-1.0000,-0.2258
-0.9995,-0.2658
-0.9980,-0.3057
-0.9956,-0.3452
-0.9921,-0.3845
-0.9877,-0.4232
-0.9823,-0.4616
-0.9759,-0.4996
-0.9686,-0.5370
-0.9603,-0.5740
-0.9511,-0.6103
-0.9409,-0.6461
-0.9298,-0.6812
-0.9178,-0.7156
-0.9048,-0.7494
-0.8910,-0.7823
-0.8763,-0.8146
-0.8607,-0.8460
-0.8443,-0.8766
-0.8271,-0.9063
-0.8090,-0.9351
-0.7902,-0.9631
-0.7705,-0.9900
-0.7501,-1.0160
-0.7290,-1.0410
-0.7071,-1.0649
-0.6845,-1.0878
-0.6613,-1.1096
-0.6374,-1.1304
-0.6129,-1.1499
-0.5878,-1.1684
-0.5621,-1.1858
-0.5358,-1.2019
-0.5090,-1.2169
-0.4818,-1.2306
-0.4540,-1.2432
-0.4258,-1.2545
-0.3971,-1.2646
-0.3681,-1.2734
-0.3387,-1.2810
-0.3090,-1.2873
-0.2790,-1.2924
-0.2487,-1.2962
-0.2181,-1.2987
-0.1874,-1.2999
-0.1564,-1.2998
-0.1253,-1.2984
-0.0941,-1.2958
-0.0628,-1.2919
-0.0314,-1.2867
0.0000,-1.2803
0.0314,-1.2725
0.0628,-1.2635
0.0941,-1.2533
0.1253,-1.2419
0.1564,-1.2292
0.1874,-1.2153
0.2181,-1.2002
0.2487,-1.1839
0.2790,-1.1664
0.3090,-1.1478
0.3387,-1.1281
0.3681,-1.1072
0.3971,-1.0853
0.4258,-1.0623
0.4540,-1.0382
0.4818,-1.0131
0.5090,-0.9870
0.5358,-0.9600
0.5621,-0.9320
0.5878,-0.9030
0.6129,-0.8733
0.6374,-0.8425
0.6613,-0.8110
0.6845,-0.7787
0.7071,-0.7457
0.7290,-0.7118
0.7501,-0.6773
0.7705,-0.6422
0.7902,-0.6063
0.8090,-0.5699
0.8271,-0.5329
0.8443,-0.4954
0.8607,-0.4573
0.8763,-0.4189
0.8910,-0.3801
0.9048,-0.3408
0.9178,-0.3013
0.9298,-0.2614
0.9409,-0.2213
0.9511,-0.1809
0.9603,-0.1404
0.9686,-0.0998
0.9759,-0.0589
0.9823,-0.0182
0.9877,0.0227
0.9921,0.0635
0.9956,0.1043
0.9980,0.1449
0.9995,0.1854
1.0000,0.2258
0.9995,0.2658
0.9980,0.3057
0.9956,0.3452
0.9921,0.3845
0.9877,0.4232
0.9823,0.4616
0.9759,0.4996
0.9686,0.5370
0.9603,0.5740
0.9511,0.6103
0.9409,0.6461
0.9298,0.6812
0.9178,0.7156
0.9048,0.7494
0.8910,0.7823
0.8763,0.8146
0.8607,0.8460
0.8443,0.8766
0.8271,0.9063
0.8090,0.9351
0.7902,0.9631
0.7705,0.9900
0.7501,1.0160
0.7290,1.0409
0.7071,1.0649
0.6845,1.0878
0.6613,1.1096
0.6374,1.1304
0.6129,1.1499
0.5878,1.1684
0.5621,1.1857
0.5358,1.2019
0.5090,1.2169
0.4818,1.2306
0.4540,1.2432
0.4258,1.2545
0.3971,1.2646
0.3681,1.2735
0.3387,1.2810
0.3090,1.2873
0.2790,1.2924
0.2487,1.2962
0.2181,1.2987
0.1874,1.2999
0.1564,1.2998
0.1253,1.2984
0.0941,1.2958
0.0628,1.2919
0.0314,1.2867
0.0000,1.2803
-0.0314,1.2725
-0.0628,1.2635
-0.0941,1.2533
-0.1253,1.2419
-0.1564,1.2291
-0.1874,1.2153
-0.2181,1.2002
-0.2487,1.1839
-0.2790,1.1664
-0.3090,1.1478
-0.3387,1.1281
-0.3681,1.1072
-0.3971,1.0853
-0.4258,1.0623
-0.4540,1.0382
-0.4818,1.0131
-0.5090,0.9870
-0.5358,0.9600
-0.5621,0.9319
-0.5878,0.9030
-0.6129,0.8733
-0.6374,0.8426
-0.6613,0.8110
-0.6845,0.7787
-0.7071,0.7457
-0.7290,0.7118
-0.7501,0.6773
-0.7705,0.6422
-0.7902,0.6063
-0.8090,0.5699
-0.8271,0.5329
-0.8443,0.4954
-0.8607,0.4573
-0.8763,0.4189
-0.8910,0.3801
-0.9048,0.3409
-0.9178,0.3013
-0.9298,0.2614
-0.9409,0.2213
-0.9511,0.1809
-0.9603,0.1404
-0.9686,0.0998
-0.9759,0.0590
-0.9823,0.0181
-0.9877,-0.0227
-0.9921,-0.0635
-0.9956,-0.1043
-0.9980,-0.1449
-0.9995,-0.1854
-1.0000,-0.2257
-0.9995,-0.2658
-0.9980,-0.3057
-0.9956,-0.3452
-0.9921,-0.3845
-0.9877,-0.4232
-0.9823,-0.4616
-0.9759,-0.4996
-0.9686,-0.5370
-0.9603,-0.5740
-0.9511,-0.6103
-0.9409,-0.6461
-0.9298,-0.6812
-0.9178,-0.7156
-0.9048,-0.7493
-0.8910,-0.7824
-0.8763,-0.8146
-0.8607,-0.8460
-0.8443,-0.8766
-0.8271,-0.9063
-0.8090,-0.9351
-0.7902,-0.9630
-0.7705,-0.9900
-0.7501,-1.0160
-0.7290,-1.0409
-0.7071,-1.0649
-0.6845,-1.0878
-0.6613,-1.1096
-0.6374,-1.1303
-0.6129,-1.1500
-0.5878,-1.1684
-0.5621,-1.1857
-0.5358,-1.2019
-0.5090,-1.2169
-0.4818,-1.2307
-0.4540,-1.2432
-0.4258,-1.2545
-0.3971,-1.2646
-0.3681,-1.2734
-0.3387,-1.2810
-0.3090,-1.2873
-0.2790,-1.2924
-0.2487,-1.2962
-0.2181,-1.2987
-0.1874,-1.2999
-0.1564,-1.2998
-0.1253,-1.2984
-0.0941,-1.2958
-0.0628,-1.2919
-0.0314,-1.2867
0.0000,-1.2803
0.0314,-1.2725
0.0628,-1.2636
0.0941,-1.2533
0.1253,-1.2419
0.1564,-1.2292
0.1874,-1.2153
0.2181,-1.2002
0.2487,-1.1839
0.2790,-1.1665
0.3090,-1.1478
0.3387,-1.1281
0.3681,-1.1072
0.3971,-1.0853
0.4258,-1.0623
0.4540,-1.0382
0.4818,-1.0132
0.5090,-0.9870
0.5358,-0.9600
0.5621,-0.9320
0.5878,-0.9030
0.6129,-0.8733
0.6374,-0.8426
0.6613,-0.8111
0.6845,-0.7787
0.7071,-0.7457
0.7290,-0.7118
0.7501,-0.6773
0.7705,-0.6421
0.7902,-0.6063
0.8090,-0.5699
0.8271,-0.5329
0.8443,-0.4954
0.8607,-0.4574
0.8763,-0.4189
0.8910,-0.3801
0.9048,-0.3409
0.9178,-0.3013
0.9298,-0.2614
0.9409,-0.2213
0.9511,-0.1809
0.9603,-0.1404
0.9686,-0.0998
0.9759,-0.0590
0.9823,-0.0182
0.9877,0.0227
0.9921,0.0635
0.9956,0.1043
0.9980,0.1449
0.9995,0.1854
1.0000,0.2257
0.9995,0.2658
0.9980,0.3057
0.9956,0.3452
0.9921,0.3844
0.9877,0.4233
0.9823,0.4617
0.9759,0.4996
0.9686,0.5370
0.9603,0.5740
0.9511,0.6103
0.9409,0.6461
0.9298,0.6812
0.9178,0.7157
0.9048,0.7493
0.8910,0.7823
0.8763,0.8146
0.8607,0.8460
0.8443,0.8766
0.8271,0.9063
0.8090,0.9352
0.7902,0.9630
0.7705,0.9900
0.7501,1.0160
0.7290,1.0409
0.7071,1.0649
0.6845,1.0878
0.6613,1.1096
0.6374,1.1303
0.6129,1.1499
0.5878,1.1684
0.5621,1.1857
0.5358,1.2019
0.5090,1.2169
0.4818,1.2307
0.4540,1.2432
0.4258,1.2545
0.3971,1.2646
0.3681,1.2734
0.3387,1.2810
0.3090,1.2873
0.2790,1.2924
0.2487,1.2962
0.2181,1.2987
0.1874,1.2999
0.1564,1.2998
0.1253,1.2984
0.0941,1.2958
0.0628,1.2919
0.0314,1.2867
0.0000,1.2802
-0.0314,1.2725
-0.0628,1.2636
-0.0941,1.2533
-0.1253,1.2419
-0.1564,1.2292
-0.1874,1.2153
-0.2181,1.2002
-0.2487,1.1839
-0.2790,1.1665
-0.3090,1.1478
-0.3387,1.1281
-0.3681,1.1072
-0.3971,1.0853
-0.4258,1.0623
-0.4540,1.0382
-0.4818,1.0132
-0.5090,0.9870
-0.5358,0.9600
-0.5621,0.9320
-0.5878,0.9031
-0.6129,0.8732
-0.6374,0.8425
-0.6613,0.8111
-0.6845,0.7787
-0.7071,0.7456
-0.7290,0.7118
-0.7501,0.6773
-0.7705,0.6421
-0.7902,0.6063
-0.8090,0.5699
-0.8271,0.5329
-0.8443,0.4954
-0.8607,0.4574
-0.8763,0.4190
-0.8910,0.3800
-0.9048,0.3408
-0.9178,0.3013
-0.9298,0.2614
-0.9409,0.2213
-0.9511,0.1809
-0.9603,0.1404
-0.9686,0.0997
-0.9759,0.0590
-0.9823,0.0182
-0.9877,-0.0227
-0.9921,-0.0635
-0.9956,-0.1043
-0.9980,-0.1449
-0.9995,-0.1855
-1.0000,-0.2257
-0.9995,-0.2658
-0.9980,-0.3057
-0.9956,-0.3452
-0.9921,-0.3844
-0.9877,-0.4232
-0.9823,-0.4617
-0.9759,-0.4996
-0.9686,-0.5370
-0.9603,-0.5740
-0.9511,-0.6103
-0.9409,-0.6461
-0.9298,-0.6811
-0.9178,-0.7157
-0.9048,-0.7494
-0.8910,-0.7823
-0.8763,-0.8146
-0.8607,-0.8460
-0.8443,-0.8766
-0.8271,-0.9063
-0.8090,-0.9352
-0.7902,-0.9630
-0.7705,-0.9900
-0.7501,-1.0160
-0.7290,-1.0409
-0.7071,-1.0649
-0.6845,-1.0878
-0.6613,-1.1096
-0.6374,-1.1303
-0.6129,-1.1499
-0.5878,-1.1684
-0.5621,-1.1857
-0.5358,-1.2019
-0.5090,-1.2169
-0.4818,-1.2307
-0.4540,-1.2432
-0.4258,-1.2545
-0.3971,-1.2646
-0.3681,-1.2734
-0.3387,-1.2810
-0.3090,-1.2873
-0.2790,-1.2924
-0.2487,-1.2962
-0.2181,-1.2987
-0.1874,-1.2999
-0.1564,-1.2998
-0.1253,-1.2984
-0.0941,-1.2958
-0.0628,-1.2919
-0.0314,-1.2867
0.0000,-1.2803
0.0314,-1.2725
0.0628,-1.2636
0.0941,-1.2533
0.1253,-1.2419
0.1564,-1.2292
0.1874,-1.2153
0.2181,-1.2002
0.2487,-1.1839
0.2790,-1.1664
0.3090,-1.1478
0.3387,-1.1281
0.3681,-1.1072
0.3971,-1.0853
0.4258,-1.0622
0.4540,-1.0382
0.4818,-1.0132
0.5090,-0.9871
0.5358,-0.9600
0.5621,-0.9320
0.5878,-0.9031
0.6129,-0.8732
0.6374,-0.8425
0.6613,-0.8111
0.6845,-0.7787
0.7071,-0.7456
0.7290,-0.7118
0.7501,-0.6773
0.7705,-0.6421
0.7902,-0.6063
0.8090,-0.5699
0.8271,-0.5329
0.8443,-0.4954
0.8607,-0.4574
0.8763,-0.4190
0.8910,-0.3800
0.9048,-0.3408
0.9178,-0.3013
0.9298,-0.2614
0.9409,-0.2213
0.9511,-0.1809
0.9603,-0.1404
0.9686,-0.0997
0.9759,-0.0590
0.9823,-0.0182
0.9877,0.0227
0.9921,0.0635
0.9956,0.1043
0.9980,0.1449
0.9995,0.1855
1.0000,0.2258
0.9995,0.2658
0.9980,0.3057
0.9956,0.3452
0.9921,0.3844
0.9877,0.4232
0.9823,0.4617
0.9759,0.4996
0.9686,0.5370
0.9603,0.5739
0.9511,0.6103
0.9409,0.6461
0.9298,0.6811
0.9178,0.7157
0.9048,0.7494
0.8910,0.7823
0.8763,0.8146
0.8607,0.8460
0.8443,0.8766
0.8271,0.9063
0.8090,0.9352
0.7902,0.9630
0.7705,0.9900
0.7501,1.0160
0.7290,1.0409
0.7071,1.0649
0.6845,1.0878
0.6613,1.1096
0.6374,1.1303
0.6129,1.1499
0.5878,1.1685
0.5621,1.1858
0.5358,1.2019
0.5090,1.2169
0.4818,1.2307
0.4540,1.2432
0.4258,1.2545
0.3971,1.2646
0.3681,1.2734
0.3387,1.2810
0.3090,1.2873
0.2790,1.2924
0.2487,1.2962
0.2181,1.2987
0.1874,1.2999
0.1564,1.2998
0.1253,1.2984
0.0941,1.2958
0.0628,1.2919
0.0314,1.2867
0.0000,1.2802
-0.0314,1.2725
-0.0628,1.2636
-0.0941,1.2533
-0.1253,1.2419
-0.1564,1.2292
-0.1874,1.2153
-0.2181,1.2002
-0.2487,1.1839
-0.2790,1.1664
-0.3090,1.1478
-0.3387,1.1281
-0.3681,1.1072
-0.3971,1.0853
-0.4258,1.0623
-0.4540,1.0382
-0.4818,1.0131
-0.5090,0.9870
-0.5358,0.9600
-0.5621,0.9319
-0.5878,0.9031
-0.6129,0.8732
-0.6374,0.8425
-0.6613,0.8111
-0.6845,0.7787
-0.7071,0.7457
-0.7290,0.7118
-0.7501,0.6773
-0.7705,0.6421
-0.7902,0.6063
-0.8090,0.5699
-0.8271,0.5329
-0.8443,0.4954
-0.8607,0.4574
-0.8763,0.4190
-0.8910,0.3801
-0.9048,0.3408
-0.9178,0.3013
-0.9298,0.2614
-0.9409,0.2213
-0.9511,0.1809
-0.9603,0.1404
-0.9686,0.0997
-0.9759,0.0589
-0.9823,0.0182
-0.9877,-0.0227
-0.9921,-0.0634
-0.9956,-0.1043
-0.9980,-0.1449
-0.9995,-0.1854
-1.0000,-0.2258
-0.9995,-0.2658
-0.9980,-0.3057
-0.9956,-0.3452
-0.9921,-0.3845
-0.9877,-0.4232
-0.9823,-0.4616
-0.9759,-0.4996
-0.9686,-0.5370
-0.9603,-0.5739
-0.9511,-0.6103
-0.9409,-0.6461
-0.9298,-0.6812
-0.9178,-0.7156
-0.9048,-0.7494
-0.8910,-0.7823
-0.8763,-0.8146
-0.8607,-0.8460
-0.8443,-0.8766
-0.8271,-0.9063
-0.8090,-0.9351
-0.7902,-0.9631
-0.7705,-0.9900
-0.7501,-1.0160
-0.7290,-1.0409
-0.7071,-1.0649
-0.6845,-1.0878
-0.6613,-1.1097
-0.6374,-1.1303
-0.6129,-1.1500
-0.5878,-1.1684
-0.5621,-1.1857
-0.5358,-1.2019
-0.5090,-1.2169
-0.4818,-1.2307
-0.4540,-1.2432
-0.4258,-1.2545
-0.3971,-1.2646
-0.3681,-1.2734
-0.3387,-1.2810
-0.3090,-1.2873
-0.2790,-1.2924
-0.2487,-1.2962
-0.2181,-1.2987
-0.1874,-1.2999
-0.1564,-1.2998
-0.1253,-1.2984
-0.0941,-1.2958
-0.0628,-1.2919
-0.0314,-1.2867
0.0000,-1.2802
0.0314,-1.2725
0.0628,-1.2635
0.0941,-1.2533
0.1253,-1.2419
0.1564,-1.2292
0.1874,-1.2153
0.2181,-1.2002
0.2487,-1.1839
0.2790,-1.1664
0.3090,-1.1478
0.3387,-1.1281
0.3681,-1.1072
0.3971,-1.0853
0.4258,-1.0623
0.4540,-1.0382
0.4818,-1.0131
0.5090,-0.9870
0.5358,-0.9600
0.5621,-0.9319
0.5878,-0.9031
0.6129,-0.8732
0.6374,-0.8426
0.6613,-0.8111
0.6845,-0.7787
0.7071,-0.7457
0.7290,-0.7118
0.7501,-0.6773
0.7705,-0.6421
0.7902,-0.6063
0.8090,-0.5699
0.8271,-0.5329
0.8443,-0.4954
0.8607,-0.4573
0.8763,-0.4189
0.8910,-0.3801
0.9048,-0.3409
0.9178,-0.3013
0.9298,-0.2614
0.9409,-0.2213
0.9511,-0.1809
0.9603,-0.1404
0.9686,-0.0997
0.9759,-0.0590
0.9823,-0.0182
0.9877,0.0227
0.9921,0.0635
0.9956,0.1043
0.9980,0.1449
0.9995,0.1854
1.0000,0.2257
0.9995,0.2659
0.9980,0.3057
0.9956,0.3452
0.9921,0.3845
0.9877,0.4232
0.9823,0.4616
0.9759,0.4995
0.9686,0.5371
0.9603,0.5740
0.9511,0.6103
0.9409,0.6461
0.9298,0.6812
0.9178,0.7156
0.9048,0.7493
0.8910,0.7824
0.8763,0.8146
0.8607,0.8460
0.8443,0.8766
0.8271,0.9063
0.8090,0.9351
0.7902,0.9630
0.7705,0.9900
0.7501,1.0160
0.7290,1.0409
0.7071,1.0649
0.6845,1.0878
0.6613,1.1096
0.6374,1.1304
0.6129,1.1500
0.5878,1.1684
0.5621,1.1857
0.5358,1.2019
0.5090,1.2169
0.4818,1.2306
0.4540,1.2432
0.4258,1.2545
0.3971,1.2646
0.3681,1.2734
0.3387,1.2810
0.3090,1.2873
0.2790,1.2924
0.2487,1.2962
0.2181,1.2987
0.1874,1.2999
0.1564,1.2998
0.1253,1.2984
0.0941,1.2958
0.0628,1.2919
0.0314,1.2867
0.0000,1.2802
-0.0314,1.2725
-0.0628,1.2636
-0.0941,1.2533
-0.1253,1.2419
-0.1564,1.2292
-0.1874,1.2153
-0.2181,1.2002
-0.2487,1.1839
-0.2790,1.1665
-0.3090,1.1478
-0.3387,1.1281
-0.3681,1.1072
-0.3971,1.0853
-0.4258,1.0623
-0.4540,1.0382
-0.4818,1.0132
-0.5090,0.9870
-0.5358,0.9600
-0.5621,0.9320
-0.5878,0.9030
-0.6129,0.8732
-0.6374,0.8426
-0.6613,0.8111
-0.6845,0.7787
-0.7071,0.7457
-0.7290,0.7118
-0.7501,0.6773
-0.7705,0.6421
-0.7902,0.6063
-0.8090,0.5698
-0.8271,0.5329
-0.8443,0.4954
-0.8607,0.4574
-0.8763,0.4189
-0.8910,0.3801
-0.9048,0.3409
-0.9178,0.3012
-0.9298,0.2614
-0.9409,0.2213
-0.9511,0.1809
-0.9603,0.1404
-0.9686,0.0997
-0.9759,0.0590
-0.9823,0.0181
-0.9877,-0.0227
-0.9921,-0.0635
-0.9956,-0.1042
-0.9980,-0.1449
-0.9995,-0.1854
-1.0000,-0.2257
-0.9995,-0.2659
-0.9980,-0.3057
-0.9956,-0.3452
-0.9921,-0.3844
-0.9877,-0.4232
-0.9823,-0.4617
-0.9759,-0.4996
-0.9686,-0.5371
-0.9603,-0.5740
-0.9511,-0.6103
-0.9409,-0.6460
-0.9298,-0.6812
-0.9178,-0.7156
-0.9048,-0.7493
-0.8910,-0.7824
-0.8763,-0.8146
-0.8607,-0.8460
-0.8443,-0.8766
-0.8271,-0.9063
-0.8090,-0.9352
-0.7902,-0.9630
-0.7705,-0.9900
-0.7501,-1.0160
-0.7290,-1.0409
-0.7071,-1.0649
-0.6845,-1.0878
-0.6613,-1.1096
-0.6374,-1.1303
-0.6129,-1.1500
-0.5878,-1.1684
-0.5621,-1.1857
-0.5358,-1.2019
-0.5090,-1.2169
-0.4818,-1.2306
-0.4540,-1.2432
-0.4258,-1.2545
-0.3971,-1.2646
-0.3681,-1.2734
-0.3387,-1.2810
-0.3090,-1.2873
-0.2790,-1.2924
-0.2487,-1.2962
-0.2181,-1.2987
-0.1874,-1.2999
-0.1564,-1.2998
-0.1253,-1.2984
-0.0941,-1.2958
-0.0628,-1.2919
-0.0314,-1.2867
0.0000,-1.2802
0.0314,-1.2725
0.0628,-1.2635
0.0941,-1.2533
0.1253,-1.2419
0.1564,-1.2292
0.1874,-1.2153
0.2181,-1.2002
0.2487,-1.1839
0.2790,-1.1664
0.3090,-1.1478
0.3387,-1.1281
0.3681,-1.1072
0.3971,-1.0853
0.4258,-1.0623
0.4540,-1.0382
0.4818,-1.0131
0.5090,-0.9870
0.5358,-0.9600
0.5621,-0.9320
0.5878,-0.9031
0.6129,-0.8732
0.6374,-0.8426
0.6613,-0.8110
0.6845,-0.7787
0.7071,-0.7457
0.7290,-0.7118
0.7501,-0.6774
0.7705,-0.6421
0.7902,-0.6063
0.8090,-0.5699
0.8271,-0.5329
0.8443,-0.4954
0.8607,-0.4574
0.8763,-0.4190
0.8910,-0.3800
0.9048,-0.3409
0.9178,-0.3013
0.9298,-0.2614
0.9409,-0.2213
0.9511,-0.1809
0.9603,-0.1405
0.9686,-0.0997
0.9759,-0.0590
0.9823,-0.0181
0.9877,0.0227
0.9921,0.0635
0.9956,0.1043
0.9980,0.1448
0.9995,0.1855
1.0000,0.2257
0.9995,0.2658
0.9980,0.3057
0.9956,0.3452
0.9921,0.3844
0.9877,0.4232
0.9823,0.4617
0.9759,0.4996
0.9686,0.5370
0.9603,0.5740
0.9511,0.6103
0.9409,0.6461
0.9298,0.6811
0.9178,0.7157
0.9048,0.7493
0.8910,0.7824
0.8763,0.8146
0.8607,0.8460
0.8443,0.8766
0.8271,0.9063
0.8090,0.9352
0.7902,0.9630
0.7705,0.9900
0.7501,1.0160
0.7290,1.0409
0.7071,1.0649
0.6845,1.0878
0.6613,1.1096
0.6374,1.1303
0.6129,1.1500
0.5878,1.1684
0.5621,1.1858
0.5358,1.2019
0.5090,1.2169
0.4818,1.2307
0.4540,1.2432
0.4258,1.2545
0.3971,1.2646
0.3681,1.2735
0.3387,1.2810
0.3090,1.2873
0.2790,1.2924
0.2487,1.2962
0.2181,1.2987
0.1874,1.2999
0.1564,1.2998
0.1253,1.2984
0.0941,1.2958
0.0628,1.2919
0.0314,1.2867
0.0000,1.2802
-0.0314,1.2725
-0.0628,1.2635
-0.0941,1.2533
-0.1253,1.2419
-0.1564,1.2292
-0.1874,1.2153
-0.2181,1.2001
-0.2487,1.1839
-0.2790,1.1664
-0.3090,1.1478
-0.3387,1.1281
-0.3681,1.1072
-0.3971,1.0853
-0.4258,1.0623
-0.4540,1.0382
-0.4818,1.0131
-0.5090,0.9871
-0.5358,0.9600
-0.5621,0.9320
-0.5878,0.9031
-0.6129,0.8732
-0.6374,0.8426
-0.6613,0.8110
-0.6845,0.7788
-0.7071,0.7457
-0.7290,0.7118
-0.7501,0.6774
-0.7705,0.6421
-0.7902,0.6063
-0.8090,0.5699
-0.8271,0.5329
-0.8443,0.4954
-0.8607,0.4574
-0.8763,0.4190
-0.8910,0.3800
-0.9048,0.3408
-0.9178,0.3013
-0.9298,0.2614
-0.9409,0.2213
-0.9511,0.1809
-0.9603,0.1404
-0.9686,0.0997
-0.9759,0.0590
-0.9823,0.0181
-0.9877,-0.0226
-0.9921,-0.0635
-0.9956,-0.1043
-0.9980,-0.1449
-0.9995,-0.1855
-1.0000,-0.2257
-0.9995,-0.2659
-0.9980,-0.3056
-0.9956,-0.3452
-0.9921,-0.3844
-0.9877,-0.4232
-0.9823,-0.4617
-0.9759,-0.4996
-0.9686,-0.5370
-0.9603,-0.5739
-0.9511,-0.6104
-0.9409,-0.6461
-0.9298,-0.6811
-0.9178,-0.7157
-0.9048,-0.7494
-0.8910,-0.7824
-0.8763,-0.8145
-0.8607,-0.8460
-0.8443,-0.8766
-0.8271,-0.9063
-0.8090,-0.9352
-0.7902,-0.9630
-0.7705,-0.9900
-0.7501,-1.0160
-0.7290,-1.0410
-0.7071,-1.0649
-0.6845,-1.0878
-0.6613,-1.1096
-0.6374,-1.1303
-0.6129,-1.1500
-0.5878,-1.1684
-0.5621,-1.1858
-0.5358,-1.2019
-0.5090,-1.2169
-0.4818,-1.2307
-0.4540,-1.2432
-0.4258,-1.2545
-0.3971,-1.2646
-0.3681,-1.2735
-0.3387,-1.2810
-0.3090,-1.2873
-0.2790,-1.2924
-0.2487,-1.2962
-0.2181,-1.2987
-0.1874,-1.2999
-0.1564,-1.2998
-0.1253,-1.2984
-0.0941,-1.2958
-0.0628,-1.2919
-0.0314,-1.2867
0.0000,-1.2802
0.0314,-1.2725
0.0628,-1.2635
0.0941,-1.2533
0.1253,-1.2419
0.1564,-1.2292
0.1874,-1.2153
0.2181,-1.2002
0.2487,-1.1839
0.2790,-1.1664
0.3090,-1.1478
0.3387,-1.1281
0.3681,-1.1072
0.3971,-1.0853
0.4258,-1.0623
0.4540,-1.0382
0.4818,-1.0131
0.5090,-0.9871
0.5358,-0.9600
0.5621,-0.9320
0.5878,-0.9031
0.6129,-0.8732
0.6374,-0.8425
0.6613,-0.8110
0.6845,-0.7787
0.7071,-0.7457
0.7290,-0.7118
0.7501,-0.6773
0.7705,-0.6421
0.7902,-0.6063
0.8090,-0.5699
0.8271,-0.5329
0.8443,-0.4955
0.8607,-0.4574
0.8763,-0.4190
0.8910,-0.3801
0.9048,-0.3408
0.9178,-0.3012
0.9298,-0.2614
0.9409,-0.2212
0.9511,-0.1809
0.9603,-0.1404
0.9686,-0.0998
0.9759,-0.0590
0.9823,-0.0181
0.9877,0.0227
0.9921,0.0636
0.9956,0.1043
0.9980,0.1449
0.9995,0.1854
1.0000,0.2257
0.9995,0.2659
0.9980,0.3057
0.9956,0.3453
0.9921,0.3844
0.9877,0.4232
0.9823,0.4616
0.9759,0.4996
0.9686,0.5371
0.9603,0.5739
0.9511,0.6104
0.9409,0.6461
0.9298,0.6811
0.9178,0.7156
0.9048,0.7494
0.8910,0.7824
0.8763,0.8146
0.8607,0.8461
0.8443,0.8766
0.8271,0.9063
0.8090,0.9352
0.7902,0.9630
0.7705,0.9900
0.7501,1.0160
0.7290,1.0410
0.7071,1.0649
0.6845,1.0878
0.6613,1.1096
0.6374,1.1303
0.6129,1.1500
0.5878,1.1684
0.5621,1.1858
0.5358,1.2019
0.5090,1.2169
0.4818,1.2307
0.4540,1.2432
0.4258,1.2545
0.3971,1.2646
0.3681,1.2735
0.3387,1.2810
0.3090,1.2873
0.2790,1.2924
0.2487,1.2962
0.2181,1.2987
0.1874,1.2999
0.1564,1.2998
0.1253,1.2984
0.0941,1.2958
0.0628,1.2919
0.0314,1.2867
0.0000,1.2802
-0.0314,1.2725
-0.0628,1.2635
-0.0941,1.2533
-0.1253,1.2419
-0.1564,1.2292
-0.1874,1.2153
-0.2181,1.2002
-0.2487,1.1839
-0.2790,1.1664
-0.3090,1.1478
-0.3387,1.1281
-0.3681,1.1072
-0.3971,1.0853
-0.4258,1.0623
-0.4540,1.0383
-0.4818,1.0131
-0.5090,0.9871
-0.5358,0.9600
-0.5621,0.9320
-0.5878,0.9031
-0.6129,0.8732
-0.6374,0.8426
-0.6613,0.8110
-0.6845,0.7787
-0.7071,0.7456
-0.7290,0.7118
-0.7501,0.6773
-0.7705,0.6421
-0.7902,0.6064
-0.8090,0.5698
-0.8271,0.5329
-0.8443,0.4954
-0.8607,0.4574
-0.8763,0.4190
-0.8910,0.3801
-0.9048,0.3409
-0.9178,0.3012
-0.9298,0.2614
-0.9409,0.2213
-0.9511,0.1809
-0.9603,0.1404
-0.9686,0.0997
-0.9759,0.0590
-0.9823,0.0181
-0.9877,-0.0227
-0.9921,-0.0635
-0.9956,-0.1043
-0.9980,-0.1449
-0.9995,-0.1854
-1.0000,-0.2257
-0.9995,-0.2659
-0.9980,-0.3057
-0.9956,-0.3452
-0.9921,-0.3844
-0.9877,-0.4232
-0.9823,-0.4616
-0.9759,-0.4995
-0.9686,-0.5371
-0.9603,-0.5739
-0.9511,-0.6103
-0.9409,-0.6461
-0.9298,-0.6812
-0.9178,-0.7156
-0.9048,-0.7493
-0.8910,-0.7824
-0.8763,-0.8146
-0.8607,-0.8461
-0.8443,-0.8766
-0.8271,-0.9063
-0.8090,-0.9351
-0.7902,-0.9630
-0.7705,-0.9900
-0.7501,-1.0160
-0.7290,-1.0410
-0.7071,-1.0649
-0.6845,-1.0878
-0.6613,-1.1096
-0.6374,-1.1303
-0.6129,-1.1500
-0.5878,-1.1684
-0.5621,-1.1858
-0.5358,-1.2019
-0.5090,-1.2169
-0.4818,-1.2306
-0.4540,-1.2432
-0.4258,-1.2545
-0.3971,-1.2646
-0.3681,-1.2735
-0.3387,-1.2810
-0.3090,-1.2873
-0.2790,-1.2924
-0.2487,-1.2962
-0.2181,-1.2987
-0.1874,-1.2999
-0.1564,-1.2998
-0.1253,-1.2984
-0.0941,-1.2958
-0.0628,-1.2919
-0.0314,-1.2867
0.0000,-1.2802
0.0314,-1.2725
0.0628,-1.2635
0.0941,-1.2533
0.1253,-1.2419
0.1564,-1.2292
0.1874,-1.2153
0.2181,-1.2002
0.2487,-1.1839
0.2790,-1.1664
0.3090,-1.1478
0.3387,-1.1281
0.3681,-1.1073
0.3971,-1.0853
0.4258,-1.0623
0.4540,-1.0383
0.4818,-1.0131
0.5090,-0.9870
0.5358,-0.9600
0.5621,-0.9320
0.5878,-0.9031
0.6129,-0.8732
0.6374,-0.8426
0.6613,-0.8110
0.6845,-0.7787
0.7071,-0.7456
0.7290,-0.7119
0.7501,-0.6773
0.7705,-0.6421
0.7902,-0.6063
0.8090,-0.5698
0.8271,-0.5329
0.8443,-0.4954
0.8607,-0.4574
0.8763,-0.4190
0.8910,-0.3801
0.9048,-0.3409
0.9178,-0.3012
0.9298,-0.2614
0.9409,-0.2213
0.9511,-0.1810
0.9603,-0.1404
0.9686,-0.0997
0.9759,-0.0590
0.9823,-0.0181
0.9877,0.0227
0.9921,0.0635
0.9956,0.1042
0.9980,0.1449
0.9995,0.1854
1.0000,0.2257
0.9995,0.2659
0.9980,0.3057
0.9956,0.3452
0.9921,0.3844
0.9877,0.4232
0.9823,0.4616
0.9759,0.4995
0.9686,0.5371
0.9603,0.5739
0.9511,0.6103
0.9409,0.6460
0.9298,0.6812
0.9178,0.7156
0.9048,0.7493
0.8910,0.7824
0.8763,0.8146
0.8607,0.8460
0.8443,0.8766
0.8271,0.9063
0.8090,0.9351
0.7902,0.9630
0.7705,0.9900
0.7501,1.0160
0.7290,1.0410
0.7071,1.0649
0.6845,1.0878
0.6613,1.1096
0.6374,1.1303
0.6129,1.1500
0.5878,1.1684
0.5621,1.1858
0.5358,1.2019
0.5090,1.2169
0.4818,1.2306
0.4540,1.2432
0.4258,1.2545
0.3971,1.2646
0.3681,1.2734
0.3387,1.2810
0.3090,1.2874
0.2790,1.2924
0.2487,1.2962
0.2181,1.2987
0.1874,1.2999
0.1564,1.2998
0.1253,1.2984
0.0941,1.2958
0.0628,1.2919
0.0314,1.2867
0.0000,1.2802
-0.0314,1.2725
-0.0628,1.2635
-0.0941,1.2533
-0.1253,1.2418
-0.1564,1.2292
-0.1874,1.2153
-0.2181,1.2002
-0.2487,1.1839
-0.2790,1.1664
-0.3090,1.1478
-0.3387,1.1281
-0.3681,1.1073
-0.3971,1.0853
-0.4258,1.0623
-0.4540,1.0382
-0.4818,1.0131
-0.5090,0.9870
-0.5358,0.9600
-0.5621,0.9320
-0.5878,0.9031
-0.6129,0.8732
-0.6374,0.8426
-0.6613,0.8111
-0.6845,0.7787
-0.7071,0.7456
-0.7290,0.7119
-0.7501,0.6774
-0.7705,0.6421
-0.7902,0.6063
-0.8090,0.5699
-0.8271,0.5329
-0.8443,0.4954
-0.8607,0.4574
-0.8763,0.4190
-0.8910,0.3801
-0.9048,0.3409
-0.9178,0.3013
-0.9298,0.2614
-0.9409,0.2212
-0.9511,0.1810
-0.9603,0.1405
-0.9686,0.0997
-0.9759,0.0590
-0.9823,0.0182
-0.9877,-0.0227
-0.9921,-0.0635
-0.9956,-0.1042
-0.9980,-0.1448
-0.9995,-0.1854
-1.0000,-0.2257
-0.9995,-0.2658
-0.9980,-0.3057
-0.9956,-0.3452
-0.9921,-0.3844
-0.9877,-0.4233
-0.9823,-0.4617
-0.9759,-0.4995
-0.9686,-0.5370
-0.9603,-0.5740
-0.9511,-0.6103
-0.9409,-0.6460
-0.9298,-0.6812
-0.9178,-0.7156
-0.9048,-0.7493
-0.8910,-0.7824
-0.8763,-0.8146
-0.8607,-0.8460
-0.8443,-0.8766
-0.8271,-0.9064
-0.8090,-0.9351
-0.7902,-0.9630
-0.7705,-0.9900
-0.7501,-1.0160
-0.7290,-1.0410
-0.7071,-1.0649
-0.6845,-1.0878
-0.6613,-1.1096
-0.6374,-1.1303
-0.6129,-1.1500
-0.5878,-1.1684
-0.5621,-1.1858
-0.5358,-1.2019
-0.5090,-1.2169
-0.4818,-1.2306
-0.4540,-1.2432
-0.4258,-1.2545
-0.3971,-1.2646
-0.3681,-1.2735
-0.3387,-1.2810
-0.3090,-1.2874
-0.2790,-1.2924
-0.2487,-1.2962
-0.2181,-1.2987
-0.1874,-1.2999
-0.1564,-1.2998
-0.1253,-1.2985
-0.0941,-1.2958
-0.0628,-1.2919
-0.0314,-1.2867
0.0000,-1.2802
0.0314,-1.2725
0.0628,-1.2635
0.0941,-1.2533
0.1253,-1.2418
0.1564,-1.2292
0.1874,-1.2153
0.2181,-1.2002
0.2487,-1.1839
0.2790,-1.1664
0.3090,-1.1479
0.3387,-1.1281
0.3681,-1.1072
0.3971,-1.0853
0.4258,-1.0623
0.4540,-1.0382
0.4818,-1.0131
0.5090,-0.9871
0.5358,-0.9600
0.5621,-0.9320
0.5878,-0.9031
0.6129,-0.8732
0.6374,-0.8426
0.6613,-0.8110
0.6845,-0.7788
0.7071,-0.7456
0.7290,-0.7118
0.7501,-0.6773
0.7705,-0.6421
0.7902,-0.6063
0.8090,-0.5699
0.8271,-0.5330
0.8443,-0.4954
0.8607,-0.4574
0.8763,-0.4189
0.8910,-0.3801
0.9048,-0.3409
0.9178,-0.3013
0.9298,-0.2615
0.9409,-0.2212
0.9511,-0.1809
0.9603,-0.1404
0.9686,-0.0997
0.9759,-0.0590
0.9823,-0.0182
0.9877,0.0226
0.9921,0.0635
0.9956,0.1042
0.9980,0.1449
0.9995,0.1854
1.0000,0.2257
0.9995,0.2658
0.9980,0.3056
0.9956,0.3453
0.9921,0.3844
0.9877,0.4232
0.9823,0.4617
0.9759,0.4996
0.9686,0.5370
0.9603,0.5739
0.9511,0.6103
0.9409,0.6460
0.9298,0.6813
0.9178,0.7156
0.9048,0.7493
0.8910,0.7824
0.8763,0.8145
0.8607,0.8460
0.8443,0.8766
0.8271,0.9064
0.8090,0.9352
0.7902,0.9630
0.7705,0.9900
0.7501,1.0160
0.7290,1.0410
0.7071,1.0649
0.6845,1.0878
0.6613,1.1096
0.6374,1.1303
0.6129,1.1499
0.5878,1.1684
0.5621,1.1858
0.5358,1.2019
0.5090,1.2169
0.4818,1.2307
0.4540,1.2432
0.4258,1.2545
0.3971,1.2646
0.3681,1.2735
0.3387,1.2810
0.3090,1.2874
0.2790,1.2924
0.2487,1.2962
0.2181,1.2987
0.1874,1.2999
0.1564,1.2998
0.1253,1.2985
0.0941,1.2958
0.0628,1.2919
0.0314,1.2867
0.0000,1.2803
-0.0314,1.2725
-0.0628,1.2635
-0.0941,1.2533
-0.1253,1.2418
-0.1564,1.2292
-0.1874,1.2153
-0.2181,1.2002
-0.2487,1.1839
-0.2790,1.1664
-0.3090,1.1479
-0.3387,1.1281
-0.3681,1.1072
-0.3971,1.0853
-0.4258,1.0623
-0.4540,1.0382
-0.4818,1.0131
-0.5090,0.9871
-0.5358,0.9600
-0.5621,0.9320
-0.5878,0.9030
-0.6129,0.8733
-0.6374,0.8426
-0.6613,0.8110
-0.6845,0.7788
-0.7071,0.7456
-0.7290,0.7118
-0.7501,0.6773
-0.7705,0.6422
-0.7902,0.6063
-0.8090,0.5699
-0.8271,0.5329
-0.8443,0.4953
-0.8607,0.4574
-0.8763,0.4189
-0.8910,0.3801
-0.9048,0.3409
-0.9178,0.3013
-0.9298,0.2614
-0.9409,0.2212
-0.9511,0.1809
-0.9603,0.1404
-0.9686,0.0998
-0.9759,0.0590
-0.9823,0.0181
-0.9877,-0.0226
-0.9921,-0.0636
-0.9956,-0.1043
-0.9980,-0.1449
-0.9995,-0.1854
-1.0000,-0.2257
-0.9995,-0.2658
-0.9980,-0.3056
-0.9956,-0.3453
-0.9921,-0.3844
-0.9877,-0.4233
-0.9823,-0.4616
-0.9759,-0.4996
-0.9686,-0.5370
-0.9603,-0.5739
-0.9511,-0.6104
-0.9409,-0.6461
-0.9298,-0.6812
-0.9178,-0.7157
-0.9048,-0.7493
-0.8910,-0.7824
-0.8763,-0.8145
-0.8607,-0.8460
-0.8443,-0.8766
-0.8271,-0.9063
-0.8090,-0.9352
-0.7902,-0.9630
-0.7705,-0.9900
-0.7501,-1.0159
-0.7290,-1.0410
-0.7071,-1.0649
-0.6845,-1.0878
-0.6613,-1.1096
-0.6374,-1.1303
-0.6129,-1.1500
-0.5878,-1.1684
-0.5621,-1.1858
-0.5358,-1.2019
-0.5090,-1.2169
-0.4818,-1.2307
-0.4540,-1.2432
-0.4258,-1.2545
-0.3971,-1.2646
-0.3681,-1.2735
-0.3387,-1.2810
-0.3090,-1.2874
-0.2790,-1.2924
-0.2487,-1.2962
-0.2181,-1.2987
-0.1874,-1.2999
-0.1564,-1.2998
-0.1253,-1.2985
-0.0941,-1.2958
-0.0628,-1.2919
-0.0314,-1.2867
0.0000,-1.2803
0.0314,-1.2725
0.0628,-1.2635
0.0941,-1.2533
0.1253,-1.2419
0.1564,-1.2292
0.1874,-1.2153
0.2181,-1.2002
0.2487,-1.1839
0.2790,-1.1664
0.3090,-1.1478
0.3387,-1.1281
0.3681,-1.1072
0.3971,-1.0853
0.4258,-1.0623
0.4540,-1.0383
0.4818,-1.0131
0.5090,-0.9871
0.5358,-0.9600
0.5621,-0.9320
0.5878,-0.9030
0.6129,-0.8733
0.6374,-0.8426
0.6613,-0.8110
0.6845,-0.7788
0.7071,-0.7457
0.7290,-0.7118
0.7501,-0.6773
0.7705,-0.6421
0.7902,-0.6064
0.8090,-0.5699
0.8271,-0.5329
0.8443,-0.4954
0.8607,-0.4574
0.8763,-0.4189
0.8910,-0.3801
0.9048,-0.3409
0.9178,-0.3013
0.9298,-0.2614
0.9409,-0.2213
0.9511,-0.1809
0.9603,-0.1404
0.9686,-0.0998
0.9759,-0.0591
0.9823,-0.0181
0.9877,0.0226
0.9921,0.0635
0.9956,0.1043
0.9980,0.1449
0.9995,0.1854
1.0000,0.2257
0.9995,0.2659
0.9980,0.3056
0.9956,0.3452
0.9921,0.3844
0.9877,0.4233
0.9823,0.4616
0.9759,0.4995
0.9686,0.5370
0.9603,0.5739
0.9511,0.6104
0.9409,0.6461
0.9298,0.6812
0.9178,0.7156
0.9048,0.7494
0.8910,0.7824
0.8763,0.8146
0.8607,0.8461
0.8443,0.8766
0.8271,0.9063
0.8090,0.9351
0.7902,0.9631
0.7705,0.9900
0.7501,1.0159
0.7290,1.0410
0.7071,1.0649
0.6845,1.0878
0.6613,1.1096
0.6374,1.1304
0.6129,1.1500
0.5878,1.1684
0.5621,1.1858
0.5358,1.2019
0.5090,1.2169
0.4818,1.2306
0.4540,1.2432
0.4258,1.2545
0.3971,1.2646
0.3681,1.2735
0.3387,1.2810
0.3090,1.2874
0.2790,1.2924
0.2487,1.2962
0.2181,1.2987
0.1874,1.2999
0.1564,1.2998
0.1253,1.2985
0.0941,1.2958
0.0628,1.2919
0.0314,1.2867
0.0000,1.2803
-0.0314,1.2725
-0.0628,1.2635
-0.0941,1.2533
-0.1253,1.2419
-0.1564,1.2292
-0.1874,1.2153
-0.2181,1.2002
-0.2487,1.1839
-0.2790,1.1664
-0.3090,1.1478
-0.3387,1.1281
-0.3681,1.1073
-0.3971,1.0853
-0.4258,1.0623
-0.4540,1.0383
-0.4818,1.0131
-0.5090,0.9871
-0.5358,0.9600
-0.5621,0.9320
-0.5878,0.9030
-0.6129,0.8732
-0.6374,0.8426
-0.6613,0.8110
-0.6845,0.7787
-0.7071,0.7456
-0.7290,0.7119
-0.7501,0.6773
-0.7705,0.6421
-0.7902,0.6064
-0.8090,0.5699
-0.8271,0.5329
-0.8443,0.4954
-0.8607,0.4574
-0.8763,0.4189
-0.8910,0.3801
-0.9048,0.3409
-0.9178,0.3012
-0.9298,0.2614
-0.9409,0.2213
-0.9511,0.1810
-0.9603,0.1404
-0.9686,0.0997
-0.9759,0.0590
-0.9823,0.0181
-0.9877,-0.0227
-0.9921,-0.0635
-0.9956,-0.1042
-0.9980,-0.1449
-0.9995,-0.1854
-1.0000,-0.2258
-0.9995,-0.2659
-0.9980,-0.3057
-0.9956,-0.3452
-0.9921,-0.3844
-0.9877,-0.4233
-0.9823,-0.4616
-0.9759,-0.4997
-0.9686,-0.5371
-0.9603,-0.5739
-0.9511,-0.6103
-0.9409,-0.6461
-0.9298,-0.6812
-0.9178,-0.7156
-0.9048,-0.7494
-0.8910,-0.7824
-0.8763,-0.8146
-0.8607,-0.8460
-0.8443,-0.8766
-0.8271,-0.9063
-0.8090,-0.9351
-0.7902,-0.9631
-0.7705,-0.9900
-0.7501,-1.0160
-0.7290,-1.0409
-0.7071,-1.0649
-0.6845,-1.0878
-0.6613,-1.1096
-0.6374,-1.1304
-0.6129,-1.1500
-0.5878,-1.1684
-0.5621,-1.1858
-0.5358,-1.2019
-0.5090,-1.2169
-0.4818,-1.2306
-0.4540,-1.2432
-0.4258,-1.2545
-0.3971,-1.2646
-0.3681,-1.2734
-0.3387,-1.2810
-0.3090,-1.2874
-0.2790,-1.2924
-0.2487,-1.2962
-0.2181,-1.2987
-0.1874,-1.2999
-0.1564,-1.2998
-0.1253,-1.2985
-0.0941,-1.2958
-0.0628,-1.2919
-0.0314,-1.2867
0.0000,-1.2803
0.0314,-1.2725
0.0628,-1.2636
0.0941,-1.2533
0.1253,-1.2419
0.1564,-1.2292
0.1874,-1.2153
0.2181,-1.2002
0.2487,-1.1839
0.2790,-1.1664
0.3090,-1.1478
0.3387,-1.1281
0.3681,-1.1073
0.3971,-1.0853
0.4258,-1.0623
0.4540,-1.0383
0.4818,-1.0132
0.5090,-0.9871
0.5358,-0.9600
0.5621,-0.9320
0.5878,-0.9030
0.6129,-0.8732
0.6374,-0.8425
0.6613,-0.8111
0.6845,-0.7787
0.7071,-0.7456
0.7290,-0.7119
0.7501,-0.6773
0.7705,-0.6421
0.7902,-0.6063
0.8090,-0.5699
0.8271,-0.5329
0.8443,-0.4954
0.8607,-0.4574
0.8763,-0.4189
0.8910,-0.3801
0.9048,-0.3408
0.9178,-0.3013
0.9298,-0.2614
0.9409,-0.2213
0.9511,-0.1810
0.9603,-0.1403
0.9686,-0.0997
0.9759,-0.0590
0.9823,-0.0182
0.9877,0.0227
0.9921,0.0635
0.9956,0.1042
0.9980,0.1450
0.9995,0.1854
1.0000,0.2258
0.9995,0.2659
0.9980,0.3057
0.9956,0.3452
0.9921,0.3844
0.9877,0.4233
0.9823,0.4616
0.9759,0.4996
0.9686,0.5371
0.9603,0.5739
0.9511,0.6103
0.9409,0.6460
0.9298,0.6812
0.9178,0.7156
0.9048,0.7494
0.8910,0.7824
0.8763,0.8146
0.8607,0.8460
0.8443,0.8766
0.8271,0.9063
0.8090,0.9351
0.7902,0.9631
0.7705,0.9900
0.7501,1.0160
0.7290,1.0410
0.7071,1.0649
0.6845,1.0878
0.6613,1.1096
0.6374,1.1303
0.6129,1.1500
0.5878,1.1684
0.5621,1.1858
0.5358,1.2019
0.5090,1.2169
0.4818,1.2306
0.4540,1.2432
0.4258,1.2545
0.3971,1.2646
0.3681,1.2734
0.3387,1.2810
0.3090,1.2874
0.2790,1.2924
0.2487,1.2962
0.2181,1.2987
0.1874,1.2999
0.1564,1.2998
0.1253,1.2985
0.0941,1.2958
0.0628,1.2919
0.0314,1.2867
0.0000,1.2802
-0.0314,1.2725
-0.0628,1.2636
-0.0941,1.2533
-0.1253,1.2419
-0.1564,1.2292
-0.1874,1.2153
-0.2181,1.2002
-0.2487,1.1839
-0.2790,1.1664
-0.3090,1.1479
-0.3387,1.1281
-0.3681,1.1073
-0.3971,1.0853
-0.4258,1.0623
-0.4540,1.0382
-0.4818,1.0132
-0.5090,0.9871
-0.5358,0.9600
-0.5621,0.9320
-0.5878,0.9031
-0.6129,0.8732
-0.6374,0.8425
-0.6613,0.8111
-0.6845,0.7788
-0.7071,0.7456
-0.7290,0.7119
-0.7501,0.6773
-0.7705,0.6421
-0.7902,0.6063
-0.8090,0.5699
-0.8271,0.5330
-0.8443,0.4954
-0.8607,0.4574
-0.8763,0.4190
-0.8910,0.3801
-0.9048,0.3408
-0.9178,0.3013
-0.9298,0.2615
-0.9409,0.2213
-0.9511,0.1810
-0.9603,0.1404
-0.9686,0.0997
-0.9759,0.0589
-0.9823,0.0182
-0.9877,-0.0226
-0.9921,-0.0635
-0.9956,-0.1042
-0.9980,-0.1450
-0.9995,-0.1854
-1.0000,-0.2258
-0.9995,-0.2658
-0.9980,-0.3057
-0.9956,-0.3452
-0.9921,-0.3844
-0.9877,-0.4233
-0.9823,-0.4616
-0.9759,-0.4996
-0.9686,-0.5370
-0.9603,-0.5740
-0.9511,-0.6103
-0.9409,-0.6460
-0.9298,-0.6812
-0.9178,-0.7156
-0.9048,-0.7494
-0.8910,-0.7823
-0.8763,-0.8146
-0.8607,-0.8460
-0.8443,-0.8766
-0.8271,-0.9064
-0.8090,-0.9351
-0.7902,-0.9631
-0.7705,-0.9900
-0.7501,-1.0160
-0.7290,-1.0410
-0.7071,-1.0649
-0.6845,-1.0878
-0.6613,-1.1096
-0.6374,-1.1304
-0.6129,-1.1499
-0.5878,-1.1685
-0.5621,-1.1858
-0.5358,-1.2019
-0.5090,-1.2169
-0.4818,-1.2306
-0.4540,-1.2432
-0.4258,-1.2545
-0.3971,-1.2646
-0.3681,-1.2735
-0.3387,-1.2810
-0.3090,-1.2874
-0.2790,-1.2924
-0.2487,-1.2962
-0.2181,-1.2987
-0.1874,-1.2999
-0.1564,-1.2998
-0.1253,-1.2985
-0.0941,-1.2958
-0.0628,-1.2919
-0.0314,-1.2867
0.0000,-1.2803
0.0314,-1.2725
0.0628,-1.2636
0.0941,-1.2533
0.1253,-1.2419
0.1564,-1.2292
0.1874,-1.2153
0.2181,-1.2002
0.2487,-1.1839
0.2790,-1.1664
0.3090,-1.1479
0.3387,-1.1281
0.3681,-1.1073
0.3971,-1.0853
0.4258,-1.0623
0.4540,-1.0382
0.4818,-1.0131
0.5090,-0.9871
0.5358,-0.9600
0.5621,-0.9320
0.5878,-0.9031
0.6129,-0.8733
0.6374,-0.8425
0.6613,-0.8111
0.6845,-0.7788
0.7071,-0.7456
0.7290,-0.7119
0.7501,-0.6773
0.7705,-0.6422
0.7902,-0.6063
0.8090,-0.5699
0.8271,-0.5330
0.8443,-0.4954
0.8607,-0.4574
0.8763,-0.4189
0.8910,-0.3801
0.9048,-0.3408
0.9178,-0.3013
0.9298,-0.2615
0.9409,-0.2212
0.9511,-0.1809
0.9603,-0.1404
0.9686,-0.0998
0.9759,-0.0589
0.9823,-0.0182
0.9877,0.0226
0.9921,0.0635
0.9956,0.1042
0.9980,0.1449
0.9995,0.1854
1.0000,0.2258
0.9995,0.2658
0.9980,0.3058
0.9956,0.3453
0.9921,0.3844
0.9877,0.4232
0.9823,0.4617
0.9759,0.4996
0.9686,0.5370
0.9603,0.5740
0.9511,0.6103
0.9409,0.6460
0.9298,0.6812
0.9178,0.7156
0.9048,0.7494
0.8910,0.7823
0.8763,0.8146
0.8607,0.8460
0.8443,0.8766
0.8271,0.9063
0.8090,0.9352
0.7902,0.9631
0.7705,0.9900
0.7501,1.0160
0.7290,1.0410
0.7071,1.0649
0.6845,1.0878
0.6613,1.1096
0.6374,1.1304
0.6129,1.1499
0.5878,1.1685
0.5621,1.1858
0.5358,1.2019
0.5090,1.2169
0.4818,1.2306
0.4540,1.2432
0.4258,1.2545
0.3971,1.2646
0.3681,1.2735
0.3387,1.2810
0.3090,1.2873
0.2790,1.2924
0.2487,1.2962
0.2181,1.2987
0.1874,1.2999
0.1564,1.2998
0.1253,1.2985
0.0941,1.2958
0.0628,1.2919
0.0314,1.2867
0.0000,1.2803
-0.0314,1.2725
-0.0628,1.2635
-0.0941,1.2533
-0.1253,1.2419
-0.1564,1.2292
-0.1874,1.2153
-0.2181,1.2002
-0.2487,1.1839
-0.2790,1.1664
-0.3090,1.1479
-0.3387,1.1281
-0.3681,1.1072
-0.3971,1.0853
-0.4258,1.0623
-0.4540,1.0382
-0.4818,1.0131
-0.5090,0.9871
-0.5358,0.9600
-0.5621,0.9320
-0.5878,0.9030
-0.6129,0.8733
-0.6374,0.8425
-0.6613,0.8110
-0.6845,0.7788
-0.7071,0.7457
-0.7290,0.7118
-0.7501,0.6773
-0.7705,0.6422
-0.7902,0.6063
-0.8090,0.5699
-0.8271,0.5329
-0.8443,0.4954
-0.8607,0.4574
-0.8763,0.4189
-0.8910,0.3801
-0.9048,0.3408
-0.9178,0.3013
-0.9298,0.2614
-0.9409,0.2212
-0.9511,0.1809
-0.9603,0.1404
-0.9686,0.0998
-0.9759,0.0589
-0.9823,0.0182
-0.9877,-0.0227
-0.9921,-0.0635
-0.9956,-0.1042
-0.9980,-0.1449
-0.9995,-0.1854
-1.0000,-0.2258
-0.9995,-0.2658
-0.9980,-0.3057
-0.9956,-0.3453
-0.9921,-0.3844
-0.9877,-0.4232
-0.9823,-0.4616
-0.9759,-0.4996
-0.9686,-0.5370
-0.9603,-0.5740
-0.9511,-0.6103
-0.9409,-0.6460
-0.9298,-0.6812
-0.9178,-0.7156
-0.9048,-0.7494
-0.8910,-0.7824
-0.8763,-0.8146
-0.8607,-0.8460
-0.8443,-0.8766
-0.8271,-0.9063
-0.8090,-0.9351
-0.7902,-0.9631
-0.7705,-0.9900
-0.7501,-1.0160
-0.7290,-1.0410
-0.7071,-1.0649
-0.6845,-1.0878
-0.6613,-1.1096
-0.6374,-1.1304
-0.6129,-1.1499
-0.5878,-1.1684
-0.5621,-1.1858
-0.5358,-1.2019
-0.5090,-1.2169
-0.4818,-1.2306
-0.4540,-1.2432
-0.4258,-1.2545
-0.3971,-1.2646
-0.3681,-1.2735
-0.3387,-1.2810
-0.3090,-1.2873
-0.2790,-1.2924
-0.2487,-1.2962
-0.2181,-1.2987
-0.1874,-1.2999
-0.1564,-1.2998
-0.1253,-1.2985
-0.0941,-1.2958
-0.0628,-1.2919
-0.0314,-1.2867
0.0000,-1.2803
0.0314,-1.2725
0.0628,-1.2635
0.0941,-1.2533
0.1253,-1.2419
0.1564,-1.2292
0.1874,-1.2153
0.2181,-1.2002
0.2487,-1.1839
0.2790,-1.1664
0.3090,-1.1478
0.3387,-1.1281
0.3681,-1.1073
0.3971,-1.0853
0.4258,-1.0623
0.4540,-1.0382
0.4818,-1.0131
0.5090,-0.9870
0.5358,-0.9600
0.5621,-0.9320
0.5878,-0.9030
0.6129,-0.8733
0.6374,-0.8426
0.6613,-0.8110
0.6845,-0.7787
0.7071,-0.7457
0.7290,-0.7119
0.7501,-0.6773
0.7705,-0.6422
0.7902,-0.6062
0.8090,-0.5699
0.8271,-0.5329
0.8443,-0.4954
0.8607,-0.4575
0.8763,-0.4189
0.8910,-0.3801
0.9048,-0.3408
0.9178,-0.3013
0.9298,-0.2614
0.9409,-0.2213
0.9511,-0.1809
0.9603,-0.1404
0.9686,-0.0998
0.9759,-0.0589
0.9823,-0.0181
0.9877,0.0227
0.9921,0.0635
0.9956,0.1043
0.9980,0.1449
0.9995,0.1854
1.0000,0.2258
0.9995,0.2659
0.9980,0.3057
0.9956,0.3452
0.9921,0.3844
0.9877,0.4233
0.9823,0.4616
0.9759,0.4996
0.9686,0.5370
0.9603,0.5740
0.9511,0.6103
0.9409,0.6461
0.9298,0.6812
0.9178,0.7156
0.9048,0.7494
0.8910,0.7824
0.8763,0.8146
0.8607,0.8460
0.8443,0.8766
0.8271,0.9063
0.8090,0.9351
0.7902,0.9631
0.7705,0.9900
0.7501,1.0160
0.7290,1.0409
0.7071,1.0649
0.6845,1.0878
0.6613,1.1096
0.6374,1.1304
0.6129,1.1500
0.5878,1.1684
0.5621,1.1857
0.5358,1.2019
0.5090,1.2169
0.4818,1.2306
0.4540,1.2432
0.4258,1.2545
0.3971,1.2646
0.3681,1.2734
0.3387,1.2810
0.3090,1.2874
0.2790,1.2924
0.2487,1.2962
0.2181,1.2987
0.1874,1.2999
0.1564,1.2998
0.1253,1.2984
0.0941,1.2958
0.0628,1.2919
0.0314,1.2867
0.0000,1.2803
-0.0314,1.2725
-0.0628,1.2636
-0.0941,1.2533
-0.1253,1.2419
-0.1564,1.2292
-0.1874,1.2153
-0.2181,1.2002
-0.2487,1.1839
-0.2790,1.1665
-0.3090,1.1478
-0.3387,1.1281
-0.3681,1.1073
-0.3971,1.0853
-0.4258,1.0623
-0.4540,1.0382
-0.4818,1.0132
-0.5090,0.9870
-0.5358,0.9600
-0.5621,0.9320
-0.5878,0.9030
-0.6129,0.8733
-0.6374,0.8426
-0.6613,0.8111
-0.6845,0.7787
-0.7071,0.7457
-0.7290,0.7119
-0.7501,0.6773
-0.7705,0.6421
-0.7902,0.6063
-0.8090,0.5699
-0.8271,0.5329
-0.8443,0.4954
-0.8607,0.4575
-0.8763,0.4189
-0.8910,0.3801
-0.9048,0.3408
-0.9178,0.3013
-0.9298,0.2614
-0.9409,0.2213
-0.9511,0.1810
-0.9603,0.1404
-0.9686,0.0998
-0.9759,0.0590
-0.9823,0.0181
-0.9877,-0.0227
-0.9921,-0.0635
-0.9956,-0.1042
-0.9980,-0.1449
-0.9995,-0.1854
-1.0000,-0.2257
-0.9995,-0.2659
-0.9980,-0.3057
-0.9956,-0.3452
-0.9921,-0.3844
-0.9877,-0.4233
-0.9823,-0.4616
-0.9759,-0.4996
-0.9686,-0.5371
-0.9603,-0.5740
-0.9511,-0.6103
-0.9409,-0.6460
-0.9298,-0.6812
-0.9178,-0.7156
-0.9048,-0.7494
-0.8910,-0.7824
-0.8763,-0.8146
-0.8607,-0.8460
-0.8443,-0.8767
-0.8271,-0.9063
-0.8090,-0.9351
-0.7902,-0.9630
-0.7705,-0.9900
-0.7501,-1.0160
-0.7290,-1.0409
-0.7071,-1.0649
-0.6845,-1.0878
-0.6613,-1.1096
-0.6374,-1.1303
-0.6129,-1.1500
-0.5878,-1.1684
-0.5621,-1.1857
-0.5358,-1.2019
-0.5090,-1.2169
-0.4818,-1.2306
-0.4540,-1.2432
-0.4258,-1.2545
-0.3971,-1.2646
-0.3681,-1.2734
-0.3387,-1.2810
-0.3090,-1.2874
-0.2790,-1.2924
-0.2487,-1.2962
-0.2181,-1.2987
-0.1874,-1.2999
-0.1564,-1.2998
-0.1253,-1.2984
-0.0941,-1.2958
-0.0628,-1.2919
-0.0314,-1.2867
0.0000,-1.2803
0.0314,-1.2725
0.0628,-1.2636
0.0941,-1.2533
0.1253,-1.2419
0.1564,-1.2292
0.1874,-1.2153
0.2181,-1.2002
0.2487,-1.1839
0.2790,-1.1665
0.3090,-1.1478
0.3387,-1.1281
0.3681,-1.1073
0.3971,-1.0853
0.4258,-1.0623
0.4540,-1.0382
0.4818,-1.0132
0.5090,-0.9870
0.5358,-0.9600
0.5621,-0.9320
0.5878,-0.9030
0.6129,-0.8732
0.6374,-0.8425
0.6613,-0.8111
0.6845,-0.7787
0.7071,-0.7456
0.7290,-0.7119
0.7501,-0.6773
0.7705,-0.6421
0.7902,-0.6063
0.8090,-0.5699
0.8271,-0.5328
0.8443,-0.4954
0.8607,-0.4574
0.8763,-0.4189
0.8910,-0.3801
0.9048,-0.3408
0.9178,-0.3013
0.9298,-0.2613
0.9409,-0.2213
0.9511,-0.1810
0.9603,-0.1404
0.9686,-0.0997
0.9759,-0.0590
0.9823,-0.0182
0.9877,0.0227
0.9921,0.0635
0.9956,0.1043
0.9980,0.1450
0.9995,0.1854
1.0000,0.2257
0.9995,0.2658
0.9980,0.3057
0.9956,0.3452
0.9921,0.3844
0.9877,0.4233
0.9823,0.4616
0.9759,0.4996
0.9686,0.5370
0.9603,0.5740
0.9511,0.6103
0.9409,0.6461
0.9298,0.6812
0.9178,0.7156
0.9048,0.7494
0.8910,0.7823
0.8763,0.8146
0.8607,0.8460
0.8443,0.8766
0.8271,0.9063
0.8090,0.9351
0.7902,0.9630
0.7705,0.9900
0.7501,1.0160
0.7290,1.0409
0.7071,1.0649
0.6845,1.0878
0.6613,1.1096
0.6374,1.1303
0.6129,1.1499
0.5878,1.1685
0.5621,1.1858
0.5358,1.2019
0.5090,1.2169
0.4818,1.2306
0.4540,1.2432
0.4258,1.2545
0.3971,1.2646
0.3681,1.2734
0.3387,1.2810
0.3090,1.2874
0.2790,1.2924
0.2487,1.2962
0.2181,1.2987
0.1874,1.2999
0.1564,1.2998
0.1253,1.2984
0.0941,1.2958
0.0628,1.2919
0.0314,1.2867
0.0000,1.2803
-0.0314,1.2725
-0.0628,1.2636
-0.0941,1.2533
-0.1253,1.2419
-0.1564,1.2292
-0.1874,1.2153
-0.2181,1.2002
-0.2487,1.1839
-0.2790,1.1664
-0.3090,1.1478
-0.3387,1.1281
-0.3681,1.1073
-0.3971,1.0853
-0.4258,1.0623
-0.4540,1.0382
-0.4818,1.0132
-0.5090,0.9870
-0.5358,0.9600
-0.5621,0.9320
-0.5878,0.9031
-0.6129,0.8733
-0.6374,0.8425
-0.6613,0.8111
-0.6845,0.7787
-0.7071,0.7456
-0.7290,0.7118
-0.7501,0.6773
-0.7705,0.6421
-0.7902,0.6063
-0.8090,0.5699
-0.8271,0.5328
-0.8443,0.4954
-0.8607,0.4574
-0.8763,0.4190
-0.8910,0.3801
-0.9048,0.3408
-0.9178,0.3013
-0.9298,0.2613
-0.9409,0.2213
-0.9511,0.1809
-0.9603,0.1404
-0.9686,0.0997
-0.9759,0.0590
-0.9823,0.0182
-0.9877,-0.0228
-0.9921,-0.0635
-0.9956,-0.1043
-0.9980,-0.1449
-0.9995,-0.1854
-1.0000,-0.2258
-0.9995,-0.2658
-0.9980,-0.3057
-0.9956,-0.3452
-0.9921,-0.3844
-0.9877,-0.4232
-0.9823,-0.4616
-0.9759,-0.4996
-0.9686,-0.5370
-0.9603,-0.5740
-0.9511,-0.6103
-0.9409,-0.6461
-0.9298,-0.6812
-0.9178,-0.7156
-0.9048,-0.7494
-0.8910,-0.7823
-0.8763,-0.8146
-0.8607,-0.8460
-0.8443,-0.8766
-0.8271,-0.9063
-0.8090,-0.9351
-0.7902,-0.9631
-0.7705,-0.9900
-0.7501,-1.0160
-0.7290,-1.0410
-0.7071,-1.0649
-0.6845,-1.0878
-0.6613,-1.1096
-0.6374,-1.1303
-0.6129,-1.1499
-0.5878,-1.1685
-0.5621,-1.1858
-0.5358,-1.2019
-0.5090,-1.2169
-0.4818,-1.2306
-0.4540,-1.2432
-0.4258,-1.2545
-0.3971,-1.2646
-0.3681,-1.2734
-0.3387,-1.2810
-0.3090,-1.2873
-0.2790,-1.2924
-0.2487,-1.2962
-0.2181,-1.2987
-0.1874,-1.2999
-0.1564,-1.2998
-0.1253,-1.2984
-0.0941,-1.2958
-0.0628,-1.2919
-0.0314,-1.2867
0.0000,-1.2803
0.0314,-1.2725
0.0628,-1.2636
0.0941,-1.2533
0.1253,-1.2419
0.1564,-1.2292
0.1874,-1.2153
0.2181,-1.2002
0.2487,-1.1839
0.2790,-1.1664
0.3090,-1.1478
0.3387,-1.1281
0.3681,-1.1072
0.3971,-1.0853
0.4258,-1.0623
0.4540,-1.0382
0.4818,-1.0132
0.5090,-0.9870
0.5358,-0.9600
0.5621,-0.9319
0.5878,-0.9031
0.6129,-0.8733
0.6374,-0.8425
0.6613,-0.8111
0.6845,-0.7787
0.7071,-0.7456
0.7290,-0.7118
0.7501,-0.6773
0.7705,-0.6422
0.7902,-0.6063
0.8090,-0.5699
0.8271,-0.5329
0.8443,-0.4954
0.8607,-0.4574
0.8763,-0.4190
0.8910,-0.3801
0.9048,-0.3408
0.9178,-0.3013
0.9298,-0.2614
0.9409,-0.2213
0.9511,-0.1809
0.9603,-0.1404
0.9686,-0.0998
0.9759,-0.0589
0.9823,-0.0182
0.9877,0.0227
0.9921,0.0635
0.9956,0.1043
0.9980,0.1449
0.9995,0.1853
1.0000,0.2258
0.9995,0.2658
0.9980,0.3057
0.9956,0.3452
0.9921,0.3845
0.9877,0.4232
0.9823,0.4616
0.9759,0.4996
0.9686,0.5370
0.9603,0.5740
0.9511,0.6103
0.9409,0.6461
0.9298,0.6812
0.9178,0.7156
0.9048,0.7494
0.8910,0.7823
0.8763,0.8146
0.8607,0.8460
0.8443,0.8766
0.8271,0.9063
0.8090,0.9351
0.7902,0.9631
0.7705,0.9900
0.7501,1.0160
0.7290,1.0410
0.7071,1.0649
0.6845,1.0878
0.6613,1.1097
0.6374,1.1304
0.6129,1.1499
0.5878,1.1684
0.5621,1.1858
0.5358,1.2019
0.5090,1.2169
0.4818,1.2307
0.4540,1.2432
0.4258,1.2545
0.3971,1.2646
0.3681,1.2735
0.3387,1.2810
0.3090,1.2873
0.2790,1.2924
0.2487,1.2962
0.2181,1.2987
0.1874,1.2999
0.1564,1.2998
0.1253,1.2984
0.0941,1.2958
0.0628,1.2919
0.0314,1.2867
0.0000,1.2803
-0.0314,1.2725
-0.0628,1.2636
-0.0941,1.2533
-0.1253,1.2419
-0.1564,1.2292
-0.1874,1.2153
-0.2181,1.2002
-0.2487,1.1839
-0.2790,1.1664
-0.3090,1.1478
-0.3387,1.1281
-0.3681,1.1072
-0.3971,1.0853
-0.4258,1.0623
-0.4540,1.0382
-0.4818,1.0131
-0.5090,0.9870
-0.5358,0.9600
-0.5621,0.9319
-0.5878,0.9031
-0.6129,0.8733
-0.6374,0.8425
-0.6613,0.8110
-0.6845,0.7787
-0.7071,0.7457
-0.7290,0.7118
-0.7501,0.6773
-0.7705,0.6422
-0.7902,0.6063
-0.8090,0.5699
-0.8271,0.5329
-0.8443,0.4954
-0.8607,0.4573
-0.8763,0.4189
-0.8910,0.3801
-0.9048,0.3408
-0.9178,0.3013
-0.9298,0.2614
-0.9409,0.2213
-0.9511,0.1809
-0.9603,0.1404
-0.9686,0.0998
-0.9759,0.0589
-0.9823,0.0182
-0.9877,-0.0227
-0.9921,-0.0635
-0.9956,-0.1043
-0.9980,-0.1449
-0.9995,-0.1854
-1.0000,-0.2258
-0.9995,-0.2658
-0.9980,-0.3057
-0.9956,-0.3452
-0.9921,-0.3845
-0.9877,-0.4232
-0.9823,-0.4617
-0.9759,-0.4996
-0.9686,-0.5370
-0.9603,-0.5740
-0.9511,-0.6103
-0.9409,-0.6461
-0.9298,-0.6812
-0.9178,-0.7156
-0.9048,-0.7494
-0.8910,-0.7823
-0.8763,-0.8146
-0.8607,-0.8460
-0.8443,-0.8766
-0.8271,-0.9063
-0.8090,-0.9352
-0.7902,-0.9631
-0.7705,-0.9900
-0.7501,-1.0160
-0.7290,-1.0409
-0.7071,-1.0649
-0.6845,-1.0878
-0.6613,-1.1096
-0.6374,-1.1304
-0.6129,-1.1499
-0.5878,-1.1684
-0.5621,-1.1857
-0.5358,-1.2019
-0.5090,-1.2169
-0.4818,-1.2306
-0.4540,-1.2432
-0.4258,-1.2545
-0.3971,-1.2646
-0.3681,-1.2734
-0.3387,-1.2810
-0.3090,-1.2873
-0.2790,-1.2924
-0.2487,-1.2962
-0.2181,-1.2987
-0.1874,-1.2999
-0.1564,-1.2998
-0.1253,-1.2984
-0.0941,-1.2958
-0.0628,-1.2919
-0.0314,-1.2867
0.0000,-1.2803
0.0314,-1.2725
0.0628,-1.2636
0.0941,-1.2533
0.1253,-1.2419
0.1564,-1.2291
0.1874,-1.2153
0.2181,-1.2002
0.2487,-1.1839
0.2790,-1.1664
0.3090,-1.1478
0.3387,-1.1281
0.3681,-1.1072
0.3971,-1.0853
0.4258,-1.0623
0.4540,-1.0382
0.4818,-1.0131
0.5090,-0.9870
0.5358,-0.9600
0.5621,-0.9319
0.5878,-0.9030
0.6129,-0.8733
0.6374,-0.8426
0.6613,-0.8110
0.6845,-0.7787
0.7071,-0.7457
0.7290,-0.7118
0.7501,-0.6773
0.7705,-0.6422
0.7902,-0.6063
0.8090,-0.5699
0.8271,-0.5329
0.8443,-0.4954
0.8607,-0.4573
0.8763,-0.4189
0.8910,-0.3800
0.9048,-0.3409
0.9178,-0.3013
0.9298,-0.2614
0.9409,-0.2213
0.9511,-0.1809
0.9603,-0.1404
0.9686,-0.0997
0.9759,-0.0590
0.9823,-0.0182
0.9877,0.0227
0.9921,0.0635
0.9956,0.1043
0.9980,0.1449
0.9995,0.1854
1.0000,0.2257
0.9995,0.2658
0.9980,0.3057
0.9956,0.3452
0.9921,0.3845
0.9877,0.4232
0.9823,0.4617
0.9759,0.4996
0.9686,0.5370
0.9603,0.5740
0.9511,0.6103
0.9409,0.6461
0.9298,0.6812
0.9178,0.7156
0.9048,0.7493
0.8910,0.7824
0.8763,0.8146
0.8607,0.8460
0.8443,0.8766
0.8271,0.9063
0.8090,0.9352
0.7902,0.9630
0.7705,0.9900
0.7501,1.0160
0.7290,1.0409
0.7071,1.0649
0.6845,1.0878
0.6613,1.1096
0.6374,1.1303
0.6129,1.1499
0.5878,1.1684
0.5621,1.1857
0.5358,1.2019
0.5090,1.2169
0.4818,1.2307
0.4540,1.2432
0.4258,1.2545
0.3971,1.2646
0.3681,1.2734
0.3387,1.2810
0.3090,1.2873
0.2790,1.2924
0.2487,1.2962
0.2181,1.2987
0.1874,1.2999
0.1564,1.2998
0.1253,1.2984
0.0941,1.2958
0.0628,1.2919
0.0314,1.2867
0.0000,1.2803
-0.0314,1.2725
-0.0628,1.2636
-0.0941,1.2533
-0.1253,1.2419
-0.1564,1.2292
-0.1874,1.2153
-0.2181,1.2002
-0.2487,1.1839
-0.2790,1.1665
-0.3090,1.1478
-0.3387,1.1281
-0.3681,1.1072
-0.3971,1.0853
-0.4258,1.0623
-0.4540,1.0382
-0.4818,1.0132
-0.5090,0.9870
-0.5358,0.9600
-0.5621,0.9320
-0.5878,0.9030
-0.6129,0.8732
-0.6374,0.8426
-0.6613,0.8111
-0.6845,0.7787
-0.7071,0.7457
-0.7290,0.7118
-0.7501,0.6773
-0.7705,0.6421
-0.7902,0.6063
-0.8090,0.5699
-0.8271,0.5329
-0.8443,0.4954
-0.8607,0.4574
-0.8763,0.4189
-0.8910,0.3800
-0.9048,0.3409
-0.9178,0.3013
-0.9298,0.2614
-0.9409,0.2213
-0.9511,0.1809
-0.9603,0.1404
-0.9686,0.0997
-0.9759,0.0590
-0.9823,0.0182
-0.9877,-0.0227
-0.9921,-0.0635
-0.9956,-0.1043
-0.9980,-0.1449
-0.9995,-0.1855
-1.0000,-0.2257
-0.9995,-0.2658
-0.9980,-0.3057
-0.9956,-0.3452
-0.9921,-0.3844
-0.9877,-0.4233
-0.9823,-0.4617
-0.9759,-0.4996
-0.9686,-0.5370
-0.9603,-0.5740
-0.9511,-0.6103
-0.9409,-0.6461
-0.9298,-0.6812
-0.9178,-0.7157
-0.9048,-0.7493
-0.8910,-0.7823
-0.8763,-0.8146
-0.8607,-0.8460
-0.8443,-0.8766
-0.8271,-0.9063
-0.8090,-0.9352
-0.7902,-0.9630
-0.7705,-0.9899
-0.7501,-1.0160
-0.7290,-1.0409
-0.7071,-1.0649
-0.6845,-1.0878
-0.6613,-1.1096
-0.6374,-1.1303
-0.6129,-1.1499
-0.5878,-1.1684
-0.5621,-1.1857
-0.5358,-1.2019
-0.5090,-1.2169
-0.4818,-1.2307
-0.4540,-1.2432
-0.4258,-1.2545
-0.3971,-1.2646
-0.3681,-1.2734
-0.3387,-1.2810
-0.3090,-1.2873
-0.2790,-1.2924
-0.2487,-1.2962
-0.2181,-1.2987
-0.1874,-1.2999
-0.1564,-1.2998
-0.1253,-1.2984
-0.0941,-1.2958
-0.0628,-1.2919
-0.0314,-1.2867
0.0000,-1.2802
0.0314,-1.2725
0.0628,-1.2636
0.0941,-1.2533
0.1253,-1.2419
0.1564,-1.2292
0.1874,-1.2153
0.2181,-1.2001
0.2487,-1.1839
0.2790,-1.1665
0.3090,-1.1478
0.3387,-1.1281
0.3681,-1.1072
0.3971,-1.0853
0.4258,-1.0623
0.4540,-1.0382
0.4818,-1.0132
0.5090,-0.9870
0.5358,-0.9600
0.5621,-0.9320
0.5878,-0.9031
0.6129,-0.8732
0.6374,-0.8426
0.6613,-0.8111
0.6845,-0.7787
0.7071,-0.7457
0.7290,-0.7118
0.7501,-0.6773
0.7705,-0.6421
0.7902,-0.6063
0.8090,-0.5699
0.8271,-0.5329
0.8443,-0.4954
0.8607,-0.4574
0.8763,-0.4190
0.8910,-0.3800
0.9048,-0.3408
0.9178,-0.3013
0.9298,-0.2614
0.9409,-0.2213
0.9511,-0.1809
0.9603,-0.1404
0.9686,-0.0997
0.9759,-0.0590
0.9823,-0.0182
0.9877,0.0227
0.9921,0.0635
0.9956,0.1043
0.9980,0.1449
0.9995,0.1855
1.0000,0.2257
0.9995,0.2658
0.9980,0.3057
0.9956,0.3452
0.9921,0.3844
0.9877,0.4232
0.9823,0.4617
0.9759,0.4996
0.9686,0.5370
0.9603,0.5740
0.9511,0.6103
0.9409,0.6461
0.9298,0.6811
0.9178,0.7157
0.9048,0.7494
0.8910,0.7823
0.8763,0.8146
0.8607,0.8460
0.8443,0.8766
0.8271,0.9063
0.8090,0.9352
0.7902,0.9630
0.7705,0.9900
0.7501,1.0160
0.7290,1.0409
0.7071,1.0649
0.6845,1.0878
0.6613,1.1096
0.6374,1.1303
0.6129,1.1500
0.5878,1.1684
0.5621,1.1857
0.5358,1.2019
0.5090,1.2169
0.4818,1.2307
0.4540,1.2432
0.4258,1.2545
0.3971,1.2646
0.3681,1.2734
0.3387,1.2810
0.3090,1.2873
0.2790,1.2924
0.2487,1.2962
0.2181,1.2987
0.1874,1.2999
0.1564,1.2998
0.1253,1.2984
0.0941,1.2958
0.0628,1.2919
0.0314,1.2867
0.0000,1.2802
-0.0314,1.2725
-0.0628,1.2636
-0.0941,1.2533
-0.1253,1.2419
-0.1564,1.2292
-0.1874,1.2153
-0.2181,1.2001
-0.2487,1.1839
-0.2790,1.1665
-0.3090,1.1478
-0.3387,1.1281
-0.3681,1.1073
-0.3971,1.0853
-0.4258,1.0623
-0.4540,1.0383
-0.4818,1.0132
-0.5090,0.9871
-0.5358,0.9600
-0.5621,0.9320
-0.5878,0.9031
-0.6129,0.8732
-0.6374,0.8425
-0.6613,0.8111
-0.6845,0.7787
-0.7071,0.7456
-0.7290,0.7119
-0.7501,0.6773
-0.7705,0.6421
-0.7902,0.6064
-0.8090,0.5700
-0.8271,0.5329
-0.8443,0.4955
-0.8607,0.4574
-0.8763,0.4190
-0.8910,0.3800
-0.9048,0.3408
-0.9178,0.3013
-0.9298,0.2613
-0.9409,0.2213
-0.9511,0.1810
-0.9603,0.1404
-0.9686,0.0997
-0.9759,0.0590
-0.9823,0.0183
-0.9877,-0.0227
-0.9921,-0.0634
-0.9956,-0.1043
-0.9980,-0.1449
-0.9995,-0.1855
-1.0000,-0.2258
-0.9995,-0.2660
-0.9980,-0.3057
-0.9956,-0.3452
-0.9921,-0.3845
-0.9877,-0.4233
-0.9823,-0.4616
-0.9759,-0.4995
-0.9686,-0.5371
-0.9603,-0.5739
-0.9511,-0.6102
-0.9409,-0.6461
-0.9298,-0.6811
-0.9178,-0.7157
-0.9048,-0.7494
-0.8910,-0.7824
-0.8763,-0.8146
-0.8607,-0.8460
-0.8443,-0.8767
-0.8271,-0.9063
-0.8090,-0.9351
-0.7902,-0.9630
-0.7705,-0.9900
-0.7501,-1.0160
-0.7290,-1.0409
-0.7071,-1.0649
-0.6845,-1.0878
-0.6613,-1.1096
-0.6374,-1.1303
-0.6129,-1.1500
-0.5878,-1.1685
-0.5621,-1.1858
-0.5358,-1.2019
-0.5090,-1.2169
-0.4818,-1.2306
-0.4540,-1.2432
-0.4258,-1.2545
-0.3971,-1.2646
-0.3681,-1.2734
-0.3387,-1.2810
-0.3090,-1.2873
-0.2790,-1.2924
-0.2487,-1.2962
-0.2181,-1.2987
-0.1874,-1.2999
-0.1564,-1.2998
-0.1253,-1.2984
-0.0941,-1.2958
-0.0628,-1.2919
-0.0314,-1.2867
0.0000,-1.2802
0.0314,-1.2725
0.0628,-1.2636
0.0941,-1.2533
0.1253,-1.2419
0.1564,-1.2292
0.1874,-1.2153
0.2181,-1.2001
0.2487,-1.1839
0.2790,-1.1664
0.3090,-1.1478
0.3387,-1.1281
0.3681,-1.1073
0.3971,-1.0854
0.4258,-1.0623
0.4540,-1.0383
0.4818,-1.0132
0.5090,-0.9871
0.5358,-0.9600
0.5621,-0.9320
0.5878,-0.9031
0.6129,-0.8732
0.6374,-0.8425
0.6613,-0.8111
0.6845,-0.7787
0.7071,-0.7456
0.7290,-0.7119
0.7501,-0.6774
0.7705,-0.6421
0.7902,-0.6063
0.8090,-0.5698
0.8271,-0.5329
0.8443,-0.4955
0.8607,-0.4574
0.8763,-0.4190
0.8910,-0.3800
0.9048,-0.3408
0.9178,-0.3011
0.9298,-0.2613
0.9409,-0.2213
0.9511,-0.1810
0.9603,-0.1405
0.9686,-0.0997
0.9759,-0.0590
0.9823,-0.0181
0.9877,0.0227
0.9921,0.0634
0.9956,0.1043
0.9980,0.1449
0.9995,0.1855
1.0000,0.2258
0.9995,0.2660
0.9980,0.3057
0.9956,0.3452
0.9921,0.3844
0.9877,0.4233
0.9823,0.4616
0.9759,0.4995
0.9686,0.5371
0.9603,0.5739
0.9511,0.6102
0.9409,0.6461
0.9298,0.6812
0.9178,0.7157
0.9048,0.7494
0.8910,0.7825
0.8763,0.8146
0.8607,0.8460
0.8443,0.8766
0.8271,0.9063
0.8090,0.9351
0.7902,0.9630
0.7705,0.9900
0.7501,1.0160
0.7290,1.0409
0.7071,1.0649
0.6845,1.0878
0.6613,1.1097
0.6374,1.1303
0.6129,1.1500
0.5878,1.1685
0.5621,1.1858
0.5358,1.2019
0.5090,1.2169
0.4818,1.2306
0.4540,1.2432
0.4258,1.2545
0.3971,1.2646
0.3681,1.2734
0.3387,1.2810
0.3090,1.2873
0.2790,1.2924
0.2487,1.2962
0.2181,1.2987
0.1874,1.2999
0.1564,1.2998
0.1253,1.2985
0.0941,1.2958
0.0628,1.2919
0.0314,1.2867
0.0000,1.2802
-0.0314,1.2725
-0.0628,1.2635
-0.0941,1.2533
-0.1253,1.2419
-0.1564,1.2292
-0.1874,1.2153
-0.2181,1.2001
-0.2487,1.1839
-0.2790,1.1664
-0.3090,1.1479
-0.3387,1.1281
-0.3681,1.1073
-0.3971,1.0853
-0.4258,1.0623
-0.4540,1.0382
-0.4818,1.0131
-0.5090,0.9870
-0.5358,0.9600
-0.5621,0.9319
-0.5878,0.9031
-0.6129,0.8732
-0.6374,0.8425
-0.6613,0.8111
-0.6845,0.7788
-0.7071,0.7456
-0.7290,0.7119
-0.7501,0.6774
-0.7705,0.6421
-0.7902,0.6063
-0.8090,0.5698
-0.8271,0.5329
-0.8443,0.4954
-0.8607,0.4573
-0.8763,0.4190
-0.8910,0.3800
-0.9048,0.3408
-0.9178,0.3013
-0.9298,0.2615
-0.9409,0.2212
-0.9511,0.1810
-0.9603,0.1405
-0.9686,0.0997
-0.9759,0.0590
-0.9823,0.0181
-0.9877,-0.0227
-0.9921,-0.0634
-0.9956,-0.1043
-0.9980,-0.1449
-0.9995,-0.1855
-1.0000,-0.2258
-0.9995,-0.2658
-0.9980,-0.3058
-0.9956,-0.3452
-0.9921,-0.3844
-0.9877,-0.4231
-0.9823,-0.4616
-0.9759,-0.4995
-0.9686,-0.5371
-0.9603,-0.5740
-0.9511,-0.6103
-0.9409,-0.6461
-0.9298,-0.6812
-0.9178,-0.7157
-0.9048,-0.7494
-0.8910,-0.7823
-0.8763,-0.8146
-0.8607,-0.8460
-0.8443,-0.8766
-0.8271,-0.9062
-0.8090,-0.9351
-0.7902,-0.9630
-0.7705,-0.9900
-0.7501,-1.0160
-0.7290,-1.0409
-0.7071,-1.0649
-0.6845,-1.0878
-0.6613,-1.1097
-0.6374,-1.1304
-0.6129,-1.1499
-0.5878,-1.1685
-0.5621,-1.1858
-0.5358,-1.2019
-0.5090,-1.2168
-0.4818,-1.2306
-0.4540,-1.2432
-0.4258,-1.2545
-0.3971,-1.2646
-0.3681,-1.2735
-0.3387,-1.2810
-0.3090,-1.2873
-0.2790,-1.2924
-0.2487,-1.2962
-0.2181,-1.2987
-0.1874,-1.2999
-0.1564,-1.2998
-0.1253,-1.2985
-0.0941,-1.2958
-0.0628,-1.2919
-0.0314,-1.2867
0.0000,-1.2802
0.0314,-1.2725
0.0628,-1.2635
0.0941,-1.2533
0.1253,-1.2419
0.1564,-1.2292
0.1874,-1.2153
0.2181,-1.2002
0.2487,-1.1839
0.2790,-1.1664
0.3090,-1.1479
0.3387,-1.1282
0.3681,-1.1073
0.3971,-1.0853
0.4258,-1.0623
0.4540,-1.0382
0.4818,-1.0131
0.5090,-0.9870
0.5358,-0.9600
0.5621,-0.9319
0.5878,-0.9031
0.6129,-0.8733
0.6374,-0.8425
0.6613,-0.8110
0.6845,-0.7788
0.7071,-0.7457
0.7290,-0.7118
0.7501,-0.6774
0.7705,-0.6421
0.7902,-0.6063
0.8090,-0.5698
0.8271,-0.5329
0.8443,-0.4954
0.8607,-0.4573
0.8763,-0.4189
0.8910,-0.3800
0.9048,-0.3408
0.9178,-0.3013
0.9298,-0.2615
0.9409,-0.2214
0.9511,-0.1809
0.9603,-0.1405
0.9686,-0.0997
0.9759,-0.0590
0.9823,-0.0181
0.9877,0.0227
0.9921,0.0635
0.9956,0.1043
0.9980,0.1449
0.9995,0.1855
1.0000,0.2258
0.9995,0.2658
0.9980,0.3056
0.9956,0.3453
0.9921,0.3844
0.9877,0.4232
0.9823,0.4617
0.9759,0.4995
0.9686,0.5371
0.9603,0.5740
0.9511,0.6104
0.9409,0.6461
0.9298,0.6812
0.9178,0.7157
0.9048,0.7494
0.8910,0.7823
0.8763,0.8145
0.8607,0.8460
0.8443,0.8766
0.8271,0.9063
0.8090,0.9352
0.7902,0.9630
0.7705,0.9900
0.7501,1.0160
0.7290,1.0410
0.7071,1.0649
0.6845,1.0878
0.6613,1.1097
0.6374,1.1304
0.6129,1.1499
0.5878,1.1684
0.5621,1.1858
0.5358,1.2019
0.5090,1.2168
0.4818,1.2306
0.4540,1.2432
0.4258,1.2545
0.3971,1.2646
0.3681,1.2735
0.3387,1.2810
0.3090,1.2873
0.2790,1.2924
0.2487,1.2962
0.2181,1.2987
0.1874,1.2999
0.1564,1.2998
0.1253,1.2985
0.0941,1.2958
0.0628,1.2919
0.0314,1.2867
0.0000,1.2802
-0.0314,1.2725
-0.0628,1.2635
-0.0941,1.2533
-0.1253,1.2419
-0.1564,1.2291
-0.1874,1.2153
-0.2181,1.2002
-0.2487,1.1839
-0.2790,1.1664
-0.3090,1.1479
-0.3387,1.1281
-0.3681,1.1072
-0.3971,1.0853
-0.4258,1.0623
-0.4540,1.0382
-0.4818,1.0131
-0.5090,0.9870
-0.5358,0.9600
-0.5621,0.9319
-0.5878,0.9030
-0.6129,0.8733
-0.6374,0.8426
-0.6613,0.8110
-0.6845,0.7788
-0.7071,0.7457
-0.7290,0.7118
-0.7501,0.6774
-0.7705,0.6421
-0.7902,0.6063
-0.8090,0.5698
-0.8271,0.5329
-0.8443,0.4954
-0.8607,0.4573
-0.8763,0.4189
-0.8910,0.3801
-0.9048,0.3409
-0.9178,0.3013
-0.9298,0.2615
-0.9409,0.2212
-0.9511,0.1809
-0.9603,0.1405
-0.9686,0.0997
-0.9759,0.0590
-0.9823,0.0181
-0.9877,-0.0227
-0.9921,-0.0636
-0.9956,-0.1043
-0.9980,-0.1449
-0.9995,-0.1854
-1.0000,-0.2258
-0.9995,-0.2658
-0.9980,-0.3056
-0.9956,-0.3453
-0.9921,-0.3844
-0.9877,-0.4232
-0.9823,-0.4617
-0.9759,-0.4996
-0.9686,-0.5371
-0.9603,-0.5740
-0.9511,-0.6104
-0.9409,-0.6461
-0.9298,-0.6812
-0.9178,-0.7156
-0.9048,-0.7494
-0.8910,-0.7824
-0.8763,-0.8145
-0.8607,-0.8460
-0.8443,-0.8766
-0.8271,-0.9063
-0.8090,-0.9352
-0.7902,-0.9630
-0.7705,-0.9900
-0.7501,-1.0160
-0.7290,-1.0410
-0.7071,-1.0649
-0.6845,-1.0878
-0.6613,-1.1096
-0.6374,-1.1304
-0.6129,-1.1500
-0.5878,-1.1684
-0.5621,-1.1858
-0.5358,-1.2019
-0.5090,-1.2168
-0.4818,-1.2307
-0.4540,-1.2432
-0.4258,-1.2545
-0.3971,-1.2646
-0.3681,-1.2735
-0.3387,-1.2810
-0.3090,-1.2873
-0.2790,-1.2924
-0.2487,-1.2962
-0.2181,-1.2987
-0.1874,-1.2999
-0.1564,-1.2998
-0.1253,-1.2985
-0.0941,-1.2958
-0.0628,-1.2919
-0.0314,-1.2867
0.0000,-1.2802
0.0314,-1.2725
0.0628,-1.2635
0.0941,-1.2533
0.1253,-1.2419
0.1564,-1.2292
0.1874,-1.2153
0.2181,-1.2002
0.2487,-1.1839
0.2790,-1.1664
0.3090,-1.1478
0.3387,-1.1281
0.3681,-1.1072
0.3971,-1.0853
0.4258,-1.0623
0.4540,-1.0382
0.4818,-1.0131
0.5090,-0.9870
0.5358,-0.9600
0.5621,-0.9320
0.5878,-0.9030
0.6129,-0.8733
0.6374,-0.8426
0.6613,-0.8110
0.6845,-0.7788
0.7071,-0.7456
0.7290,-0.7118
0.7501,-0.6774
0.7705,-0.6421
0.7902,-0.6063
0.8090,-0.5698
0.8271,-0.5329
0.8443,-0.4954
0.8607,-0.4573
0.8763,-0.4189
0.8910,-0.3801
0.9048,-0.3409
0.9178,-0.3013
0.9298,-0.2614
0.9409,-0.2212
0.9511,-0.1809
0.9603,-0.1405
0.9686,-0.0997
0.9759,-0.0590
0.9823,-0.0181
0.9877,0.0227
0.9921,0.0635
0.9956,0.1043
0.9980,0.1449
0.9995,0.1854
1.0000,0.2257
0.9995,0.2659
0.9980,0.3056
0.9956,0.3453
0.9921,0.3844
0.9877,0.4232
0.9823,0.4617
0.9759,0.4996
0.9686,0.5371
0.9603,0.5740
0.9511,0.6103
0.9409,0.6461
0.9298,0.6812
0.9178,0.7156
0.9048,0.7493
0.8910,0.7824
0.8763,0.8145
0.8607,0.8460
0.8443,0.8766
0.8271,0.9063
0.8090,0.9352
0.7902,0.9630
0.7705,0.9901
0.7501,1.0160
0.7290,1.0409
0.7071,1.0649
0.6845,1.0878
0.6613,1.1096
0.6374,1.1303
0.6129,1.1500
0.5878,1.1684
0.5621,1.1858
0.5358,1.2019
0.5090,1.2169
0.4818,1.2307
0.4540,1.2432
0.4258,1.2545
0.3971,1.2646
0.3681,1.2734
0.3387,1.2810
0.3090,1.2874
0.2790,1.2924
0.2487,1.2962
0.2181,1.2987
0.1874,1.2999
0.1564,1.2998
0.1253,1.2984
0.0941,1.2958
0.0628,1.2919
0.0314,1.2867
0.0000,1.2802
-0.0314,1.2725
-0.0628,1.2636
-0.0941,1.2533
-0.1253,1.2419
-0.1564,1.2292
-0.1874,1.2153
-0.2181,1.2002
-0.2487,1.1839
-0.2790,1.1664
-0.3090,1.1478
-0.3387,1.1281
-0.3681,1.1072
-0.3971,1.0853
-0.4258,1.0623
-0.4540,1.0382
-0.4818,1.0132
-0.5090,0.9870
-0.5358,0.9600
-0.5621,0.9320
-0.5878,0.9031
-0.6129,0.8732
-0.6374,0.8426
-0.6613,0.8110
-0.6845,0.7788
-0.7071,0.7456
-0.7290,0.7118
-0.7501,0.6773
-0.7705,0.6421
-0.7902,0.6063
-0.8090,0.5698
-0.8271,0.5329
-0.8443,0.4954
-0.8607,0.4575
-0.8763,0.4191
-0.8910,0.3801
-0.9048,0.3409
-0.9178,0.3012
-0.9298,0.2614
-0.9409,0.2212
-0.9511,0.1809
-0.9603,0.1404
-0.9686,0.0997
-0.9759,0.0590
-0.9823,0.0180
-0.9877,-0.0227
-0.9921,-0.0635
-0.9956,-0.1042
-0.9980,-0.1449
-0.9995,-0.1854
-1.0000,-0.2257
-0.9995,-0.2659
-0.9980,-0.3057
-0.9956,-0.3453
-0.9921,-0.3844
-0.9877,-0.4232
-0.9823,-0.4617
-0.9759,-0.4996
-0.9686,-0.5371
-0.9603,-0.5740
-0.9511,-0.6103
-0.9409,-0.6460
-0.9298,-0.6812
-0.9178,-0.7156
-0.9048,-0.7493
-0.8910,-0.7824
-0.8763,-0.8146
-0.8607,-0.8461
-0.8443,-0.8766
-0.8271,-0.9063
-0.8090,-0.9352
-0.7902,-0.9630
-0.7705,-0.9901
-0.7501,-1.0160
-0.7290,-1.0409
-0.7071,-1.0649
-0.6845,-1.0878
-0.6613,-1.1096
-0.6374,-1.1303
-0.6129,-1.1500
-0.5878,-1.1684
-0.5621,-1.1858
-0.5358,-1.2019
-0.5090,-1.2169
-0.4818,-1.2307
-0.4540,-1.2432
-0.4258,-1.2545
-0.3971,-1.2646
-0.3681,-1.2734
-0.3387,-1.2810
-0.3090,-1.2874
-0.2790,-1.2924
-0.2487,-1.2962
-0.2181,-1.2987
-0.1874,-1.2999
-0.1564,-1.2998
-0.1253,-1.2984
-0.0941,-1.2958
-0.0628,-1.2919
-0.0314,-1.2867
0.0000,-1.2802
0.0314,-1.2725
0.0628,-1.2636
0.0941,-1.2533
0.1253,-1.2419
0.1564,-1.2292
0.1874,-1.2153
0.2181,-1.2002
0.2487,-1.1839
0.2790,-1.1664
0.3090,-1.1478
0.3387,-1.1281
0.3681,-1.1072
0.3971,-1.0853
0.4258,-1.0622
0.4540,-1.0382
0.4818,-1.0132
0.5090,-0.9871
0.5358,-0.9600
0.5621,-0.9320
0.5878,-0.9031
0.6129,-0.8732
0.6374,-0.8426
0.6613,-0.8110
0.6845,-0.7787
0.7071,-0.7456
0.7290,-0.7118
0.7501,-0.6773
0.7705,-0.6421
0.7902,-0.6063
0.8090,-0.5699
0.8271,-0.5330
0.8443,-0.4954
0.8607,-0.4574
0.8763,-0.4190
0.8910,-0.3801
0.9048,-0.3409
0.9178,-0.3012
0.9298,-0.2614
0.9409,-0.2212
0.9511,-0.1809
0.9603,-0.1404
0.9686,-0.0997
0.9759,-0.0590
0.9823,-0.0182
0.9877,0.0227
0.9921,0.0635
0.9956,0.1042
0.9980,0.1448
0.9995,0.1854
1.0000,0.2257
0.9995,0.2659
0.9980,0.3057
0.9956,0.3453
0.9921,0.3844
0.9877,0.4234
0.9823,0.4617
0.9759,0.4996
0.9686,0.5370
0.9603,0.5740
0.9511,0.6103
0.9409,0.6460
0.9298,0.6812
0.9178,0.7156
0.9048,0.7493
0.8910,0.7824
0.8763,0.8146
0.8607,0.8461
0.8443,0.8766
0.8271,0.9064
0.8090,0.9352
0.7902,0.9630
0.7705,0.9900
0.7501,1.0160
0.7290,1.0409
0.7071,1.0649
0.6845,1.0878
0.6613,1.1096
0.6374,1.1303
0.6129,1.1500
0.5878,1.1684
0.5621,1.1858
0.5358,1.2019
0.5090,1.2169
0.4818,1.2307
0.4540,1.2432
0.4258,1.2545
0.3971,1.2646
0.3681,1.2734
0.3387,1.2810
0.3090,1.2874
0.2790,1.2924
0.2487,1.2962
0.2181,1.2987
0.1874,1.2999
0.1564,1.2998
0.1253,1.2984
0.0941,1.2958
0.0628,1.2919
0.0314,1.2867
0.0000,1.2803
-0.0314,1.2725
-0.0628,1.2636
-0.0941,1.2533
-0.1253,1.2419
-0.1564,1.2292
-0.1874,1.2153
-0.2181,1.2002
-0.2487,1.1839
-0.2790,1.1664
-0.3090,1.1478
-0.3387,1.1280
-0.3681,1.1072
-0.3971,1.0853
-0.4258,1.0623
-0.4540,1.0382
-0.4818,1.0132
-0.5090,0.9871
-0.5358,0.9600
-0.5621,0.9320
-0.5878,0.9031
-0.6129,0.8732
-0.6374,0.8426
-0.6613,0.8110
-0.6845,0.7787
-0.7071,0.7456
-0.7290,0.7118
-0.7501,0.6773
-0.7705,0.6422
-0.7902,0.6063
-0.8090,0.5699
-0.8271,0.5330
-0.8443,0.4954
-0.8607,0.4574
-0.8763,0.4189
-0.8910,0.3801
-0.9048,0.3409
-0.9178,0.3012
-0.9298,0.2614
-0.9409,0.2212
-0.9511,0.1809
-0.9603,0.1404
-0.9686,0.0997
-0.9759,0.0589
-0.9823,0.0182
-0.9877,-0.0226
-0.9921,-0.0635
-0.9956,-0.1042
-0.9980,-0.1450
-0.9995,-0.1854
-1.0000,-0.2257
-0.9995,-0.2659
-0.9980,-0.3057
-0.9956,-0.3453
-0.9921,-0.3845
-0.9877,-0.4232
-0.9823,-0.4617
-0.9759,-0.4996
-0.9686,-0.5370
-0.9603,-0.5739
-0.9511,-0.6103
-0.9409,-0.6460
-0.9298,-0.6812
-0.9178,-0.7156
-0.9048,-0.7493
-0.8910,-0.7824
-0.8763,-0.8146
-0.8607,-0.8461
-0.8443,-0.8766
-0.8271,-0.9063
-0.8090,-0.9352
-0.7902,-0.9631
-0.7705,-0.9900
-0.7501,-1.0159
-0.7290,-1.0410
-0.7071,-1.0649
-0.6845,-1.0878
-0.6613,-1.1096
-0.6374,-1.1303
-0.6129,-1.1500
-0.5878,-1.1684
-0.5621,-1.1858
-0.5358,-1.2019
-0.5090,-1.2169
-0.4818,-1.2307
-0.4540,-1.2432
-0.4258,-1.2545
-0.3971,-1.2646
-0.3681,-1.2734
-0.3387,-1.2810
-0.3090,-1.2874
-0.2790,-1.2924
-0.2487,-1.2962
-0.2181,-1.2987
-0.1874,-1.2999
-0.1564,-1.2998
-0.1253,-1.2984
-0.0941,-1.2958
-0.0628,-1.2919
-0.0314,-1.2867
0.0000,-1.2803
0.0314,-1.2726
0.0628,-1.2636
0.0941,-1.2533
0.1253,-1.2419
0.1564,-1.2292
0.1874,-1.2152
0.2181,-1.2002
0.2487,-1.1839
0.2790,-1.1664
0.3090,-1.1478
0.3387,-1.1281
0.3681,-1.1072
0.3971,-1.0853
0.4258,-1.0623
0.4540,-1.0383
0.4818,-1.0131
0.5090,-0.9871
0.5358,-0.9600
0.5621,-0.9320
0.5878,-0.9030
0.6129,-0.8732
0.6374,-0.8426
0.6613,-0.8110
0.6845,-0.7787
0.7071,-0.7456
0.7290,-0.7118
0.7501,-0.6773
0.7705,-0.6422
0.7902,-0.6064
0.8090,-0.5699
0.8271,-0.5330
0.8443,-0.4954
0.8607,-0.4574
0.8763,-0.4189
0.8910,-0.3801
0.9048,-0.3409
0.9178,-0.3012
0.9298,-0.2614
0.9409,-0.2212
0.9511,-0.1809
0.9603,-0.1404
0.9686,-0.0998
0.9759,-0.0589
0.9823,-0.0182
0.9877,0.0226
0.9921,0.0635
0.9956,0.1042
0.9980,0.1450
0.9995,0.1854
1.0000,0.2257
0.9995,0.2659
0.9980,0.3057
0.9956,0.3453
0.9921,0.3845
0.9877,0.4232
0.9823,0.4616
0.9759,0.4996
0.9686,0.5370
0.9603,0.5739
0.9511,0.6103
0.9409,0.6460
0.9298,0.6812
0.9178,0.7156
0.9048,0.7493
0.8910,0.7824
0.8763,0.8146
0.8607,0.8461
0.8443,0.8766
0.8271,0.9063
0.8090,0.9351
0.7902,0.9631
0.7705,0.9900
0.7501,1.0159
0.7290,1.0410
0.7071,1.0649
0.6845,1.0878
0.6613,1.1096
0.6374,1.1303
0.6129,1.1500
0.5878,1.1684
0.5621,1.1858
0.5358,1.2019
0.5090,1.2169
0.4818,1.2306
0.4540,1.2432
0.4258,1.2545
0.3971,1.2646
0.3681,1.2735
0.3387,1.2810
0.3090,1.2874
0.2790,1.2924
0.2487,1.2962
0.2181,1.2987
0.1874,1.2999
0.1564,1.2998
0.1253,1.2984
0.0941,1.2958
0.0628,1.2919
0.0314,1.2867
0.0000,1.2803
-0.0314,1.2725
-0.0628,1.2636
-0.0941,1.2533
-0.1253,1.2418
-0.1564,1.2292
-0.1874,1.2152
-0.2181,1.2002
-0.2487,1.1839
-0.2790,1.1664
-0.3090,1.1478
-0.3387,1.1281
-0.3681,1.1073
-0.3971,1.0853
-0.4258,1.0623
-0.4540,1.0383
-0.4818,1.0131
-0.5090,0.9871
-0.5358,0.9600
-0.5621,0.9320
-0.5878,0.9030
-0.6129,0.8732
-0.6374,0.8426
-0.6613,0.8110
-0.6845,0.7787
-0.7071,0.7457
-0.7290,0.7118
-0.7501,0.6773
-0.7705,0.6422
-0.7902,0.6064
-0.8090,0.5699
-0.8271,0.5330
-0.8443,0.4954
-0.8607,0.4574
-0.8763,0.4189
-0.8910,0.3801
-0.9048,0.3409
-0.9178,0.3012
-0.9298,0.2614
-0.9409,0.2213
-0.9511,0.1809
-0.9603,0.1404
-0.9686,0.0998
-0.9759,0.0591
-0.9823,0.0182
-0.9877,-0.0226
-0.9921,-0.0635
-0.9956,-0.1042
-0.9980,-0.1450
-0.9995,-0.1854
-1.0000,-0.2257
-0.9995,-0.2659
-0.9980,-0.3057
-0.9956,-0.3452
-0.9921,-0.3845
-0.9877,-0.4232
-0.9823,-0.4616
-0.9759,-0.4995
-0.9686,-0.5370
-0.9603,-0.5739
-0.9511,-0.6103
-0.9409,-0.6460
-0.9298,-0.6812
-0.9178,-0.7156
-0.9048,-0.7495
-0.8910,-0.7824
-0.8763,-0.8146
-0.8607,-0.8460
-0.8443,-0.8766
-0.8271,-0.9063
-0.8090,-0.9351
-0.7902,-0.9631
-0.7705,-0.9900
-0.7501,-1.0159
-0.7290,-1.0410
-0.7071,-1.0649
-0.6845,-1.0878
-0.6613,-1.1096
-0.6374,-1.1304
-0.6129,-1.1500
-0.5878,-1.1684
-0.5621,-1.1857
-0.5358,-1.2019
-0.5090,-1.2169
-0.4818,-1.2306
-0.4540,-1.2432
-0.4258,-1.2545
-0.3971,-1.2646
-0.3681,-1.2735
-0.3387,-1.2810
-0.3090,-1.2874
-0.2790,-1.2924
-0.2487,-1.2962
-0.2181,-1.2987
-0.1874,-1.2999
-0.1564,-1.2998
-0.1253,-1.2984
-0.0941,-1.2958
-0.0628,-1.2919
-0.0314,-1.2867
0.0000,-1.2803
0.0314,-1.2725
0.0628,-1.2635
0.0941,-1.2533
0.1253,-1.2418
0.1564,-1.2292
0.1874,-1.2152
0.2181,-1.2002
0.2487,-1.1839
0.2790,-1.1665
0.3090,-1.1478
0.3387,-1.1281
0.3681,-1.1073
0.3971,-1.0853
0.4258,-1.0623
0.4540,-1.0383
0.4818,-1.0131
0.5090,-0.9871
0.5358,-0.9600
0.5621,-0.9320
0.5878,-0.9030
0.6129,-0.8732
0.6374,-0.8426
0.6613,-0.8110
0.6845,-0.7787
0.7071,-0.7457
0.7290,-0.7119
0.7501,-0.6773
0.7705,-0.6422
0.7902,-0.6064
0.8090,-0.5699
0.8271,-0.5329
0.8443,-0.4953
0.8607,-0.4574
0.8763,-0.4189
0.8910,-0.3800
0.9048,-0.3409
0.9178,-0.3012
0.9298,-0.2614
0.9409,-0.2213
0.9511,-0.1810
0.9603,-0.1404
0.9686,-0.0998
0.9759,-0.0589
0.9823,-0.0181
0.9877,0.0226
0.9921,0.0636
0.9956,0.1042
0.9980,0.1450
0.9995,0.1855
1.0000,0.2257
0.9995,0.2659
0.9980,0.3057
0.9956,0.3452
0.9921,0.3843
0.9877,0.4232
0.9823,0.4616
0.9759,0.4996
0.9686,0.5370
0.9603,0.5739
0.9511,0.6104
0.9409,0.6461
0.9298,0.6813
0.9178,0.7157
0.9048,0.7493
0.8910,0.7824
0.8763,0.8146
0.8607,0.8460
0.8443,0.8765
0.8271,0.9063
0.8090,0.9351
0.7902,0.9631
0.7705,0.9900
0.7501,1.0159
0.7290,1.0410
0.7071,1.0649
0.6845,1.0878
0.6613,1.1096
0.6374,1.1303
0.6129,1.1500
0.5878,1.1684
0.5621,1.1857
0.5358,1.2019
0.5090,1.2169
0.4818,1.2306
0.4540,1.2432
0.4258,1.2545
0.3971,1.2646
0.3681,1.2735
0.3387,1.2810
0.3090,1.2874
0.2790,1.2924
0.2487,1.2962
0.2181,1.2987
0.1874,1.2999
0.1564,1.2998
0.1253,1.2985
0.0941,1.2958
0.0628,1.2919
0.0314,1.2867
0.0000,1.2803
-0.0314,1.2725
-0.0628,1.2635
-0.0941,1.2533
-0.1253,1.2418
-0.1564,1.2292
-0.1874,1.2153
-0.2181,1.2002
-0.2487,1.1839
-0.2790,1.1665
-0.3090,1.1479
-0.3387,1.1281
-0.3681,1.1073
-0.3971,1.0853
-0.4258,1.0623
-0.4540,1.0383
-0.4818,1.0131
-0.5090,0.9871
-0.5358,0.9599
-0.5621,0.9320
-0.5878,0.9030
-0.6129,0.8732
-0.6374,0.8426
-0.6613,0.8111
-0.6845,0.7787
-0.7071,0.7457
-0.7290,0.7119
-0.7501,0.6773
-0.7705,0.6421
-0.7902,0.6062
-0.8090,0.5699
-0.8271,0.5329
-0.8443,0.4953
-0.8607,0.4574
-0.8763,0.4188
-0.8910,0.3800
-0.9048,0.3409
-0.9178,0.3013
-0.9298,0.2614
-0.9409,0.2213
-0.9511,0.1810
-0.9603,0.1404
-0.9686,0.0998
-0.9759,0.0589
-0.9823,0.0181
-0.9877,-0.0226
-0.9921,-0.0636
-0.9956,-0.1043
-0.9980,-0.1450
-0.9995,-0.1855
-1.0000,-0.2257
-0.9995,-0.2658
-0.9980,-0.3057
-0.9956,-0.3452
-0.9921,-0.3843
-0.9877,-0.4233
-0.9823,-0.4616
-0.9759,-0.4996
-0.9686,-0.5370
-0.9603,-0.5739
-0.9511,-0.6104
-0.9409,-0.6461
-0.9298,-0.6813
-0.9178,-0.7157
-0.9048,-0.7494
-0.8910,-0.7823
-0.8763,-0.8146
-0.8607,-0.8460
-0.8443,-0.8765
-0.8271,-0.9063
-0.8090,-0.9351
-0.7902,-0.9631
-0.7705,-0.9900
-0.7501,-1.0159
-0.7290,-1.0410
-0.7071,-1.0649
-0.6845,-1.0878
-0.6613,-1.1096
-0.6374,-1.1303
-0.6129,-1.1499
-0.5878,-1.1684
-0.5621,-1.1857
-0.5358,-1.2019
-0.5090,-1.2169
-0.4818,-1.2306
-0.4540,-1.2432
-0.4258,-1.2545
-0.3971,-1.2646
-0.3681,-1.2735
-0.3387,-1.2810
-0.3090,-1.2874
-0.2790,-1.2924
-0.2487,-1.2962
-0.2181,-1.2987
-0.1874,-1.2999
-0.1564,-1.2998
-0.1253,-1.2985
-0.0941,-1.2958
-0.0628,-1.2919
-0.0314,-1.2867
0.0000,-1.2803
0.0314,-1.2725
0.0628,-1.2635
0.0941,-1.2533
0.1253,-1.2418
0.1564,-1.2292
0.1874,-1.2153
0.2181,-1.2002
0.2487,-1.1839
0.2790,-1.1665
0.3090,-1.1479
0.3387,-1.1281
0.3681,-1.1073
0.3971,-1.0853
0.4258,-1.0623
0.4540,-1.0382
0.4818,-1.0131
0.5090,-0.9871
0.5358,-0.9599
0.5621,-0.9320
0.5878,-0.9031
0.6129,-0.8732
0.6374,-0.8425
0.6613,-0.8111
0.6845,-0.7788
0.7071,-0.7457
0.7290,-0.7119
0.7501,-0.6773
0.7705,-0.6421
0.7902,-0.6062
0.8090,-0.5699
0.8271,-0.5329
0.8443,-0.4953
0.8607,-0.4574
0.8763,-0.4190
0.8910,-0.3800
0.9048,-0.3408
0.9178,-0.3013
0.9298,-0.2615
0.9409,-0.2213
0.9511,-0.1810
0.9603,-0.1404
0.9686,-0.0998
0.9759,-0.0589
0.9823,-0.0181
0.9877,0.0227
0.9921,0.0636
0.9956,0.1043
0.9980,0.1449
0.9995,0.1855
1.0000,0.2257
0.9995,0.2658
0.9980,0.3056
0.9956,0.3452
0.9921,0.3844
0.9877,0.4233
0.9823,0.4616
0.9759,0.4997
0.9686,0.5371
0.9603,0.5739
0.9511,0.6104
0.9409,0.6461
0.9298,0.6811
0.9178,0.7157
0.9048,0.7494
0.8910,0.7823
0.8763,0.8145
0.8607,0.8460
0.8443,0.8765
0.8271,0.9063
0.8090,0.9351
0.7902,0.9631
0.7705,0.9900
0.7501,1.0160
0.7290,1.0410
0.7071,1.0649
0.6845,1.0878
0.6613,1.1096
0.6374,1.1303
0.6129,1.1499
0.5878,1.1684
0.5621,1.1857
0.5358,1.2019
0.5090,1.2169
0.4818,1.2306
0.4540,1.2432
0.4258,1.2545
0.3971,1.2646
0.3681,1.2735
0.3387,1.2810
0.3090,1.2873
0.2790,1.2924
0.2487,1.2962
0.2181,1.2987
0.1874,1.2999
0.1564,1.2998
0.1253,1.2985
0.0941,1.2958
0.0628,1.2919
0.0314,1.2867
0.0000,1.2803
-0.0314,1.2725
-0.0628,1.2635
-0.0941,1.2533
-0.1253,1.2418
-0.1564,1.2292
-0.1874,1.2153
-0.2181,1.2002
-0.2487,1.1839
-0.2790,1.1665
-0.3090,1.1479
-0.3387,1.1281
-0.3681,1.1073
-0.3971,1.0853
-0.4258,1.0623
-0.4540,1.0382
-0.4818,1.0131
-0.5090,0.9871
-0.5358,0.9599
-0.5621,0.9320
-0.5878,0.9031
-0.6129,0.8733
-0.6374,0.8425
-0.6613,0.8111
-0.6845,0.7788
-0.7071,0.7456
-0.7290,0.7119
-0.7501,0.6773
-0.7705,0.6421
-0.7902,0.6062
-0.8090,0.5698
-0.8271,0.5329
-0.8443,0.4953
-0.8607,0.4574
-0.8763,0.4190
-0.8910,0.3802
-0.9048,0.3408
-0.9178,0.3013
-0.9298,0.2615
-0.9409,0.2213
-0.9511,0.1810
-0.9603,0.1404
-0.9686,0.0997
-0.9759,0.0589
-0.9823,0.0181
-0.9877,-0.0227
-0.9921,-0.0636
-0.9956,-0.1043
-0.9980,-0.1449
-0.9995,-0.1853
-1.0000,-0.2258
-0.9995,-0.2658
-0.9980,-0.3057
-0.9956,-0.3452
-0.9921,-0.3844
-0.9877,-0.4233
-0.9823,-0.4616
-0.9759,-0.4997
-0.9686,-0.5371
-0.9603,-0.5739
-0.9511,-0.6104
-0.9409,-0.6461
-0.9298,-0.6812
-0.9178,-0.7155
-0.9048,-0.7494
-0.8910,-0.7823
-0.8763,-0.8146
-0.8607,-0.8460
-0.8443,-0.8765
-0.8271,-0.9063
-0.8090,-0.9351
-0.7902,-0.9631
-0.7705,-0.9900
-0.7501,-1.0160
-0.7290,-1.0410
-0.7071,-1.0649
-0.6845,-1.0878
-0.6613,-1.1096
-0.6374,-1.1303
-0.6129,-1.1499
-0.5878,-1.1685
-0.5621,-1.1858
-0.5358,-1.2019
-0.5090,-1.2169
-0.4818,-1.2306
-0.4540,-1.2432
-0.4258,-1.2545
-0.3971,-1.2646
-0.3681,-1.2735
-0.3387,-1.2810
-0.3090,-1.2873
-0.2790,-1.2924
-0.2487,-1.2962
-0.2181,-1.2987
-0.1874,-1.2999
-0.1564,-1.2998
-0.1253,-1.2985
-0.0941,-1.2958
-0.0628,-1.2919
-0.0314,-1.2867
0.0000,-1.2802
0.0314,-1.2725
0.0628,-1.2635
0.0941,-1.2533
0.1253,-1.2419
0.1564,-1.2292
0.1874,-1.2153
0.2181,-1.2002
0.2487,-1.1839
0.2790,-1.1664
0.3090,-1.1479
0.3387,-1.1281
0.3681,-1.1073
0.3971,-1.0853
0.4258,-1.0623
0.4540,-1.0382
0.4818,-1.0131
0.5090,-0.9871
0.5358,-0.9600
0.5621,-0.9320
0.5878,-0.9031
0.6129,-0.8733
0.6374,-0.8425
0.6613,-0.8111
0.6845,-0.7788
0.7071,-0.7456
0.7290,-0.7119
0.7501,-0.6773
0.7705,-0.6421
0.7902,-0.6062
0.8090,-0.5698
0.8271,-0.5329
0.8443,-0.4954
0.8607,-0.4574
0.8763,-0.4190
0.8910,-0.3802
0.9048,-0.3408
0.9178,-0.3013
0.9298,-0.2613
0.9409,-0.2213
0.9511,-0.1810
0.9603,-0.1403
0.9686,-0.0997
0.9759,-0.0589
0.9823,-0.0181
0.9877,0.0227
0.9921,0.0634
0.9956,0.1043
0.9980,0.1449
0.9995,0.1853
1.0000,0.2258
0.9995,0.2658
0.9980,0.3058
0.9956,0.3452
0.9921,0.3844
0.9877,0.4233
0.9823,0.4616
0.9759,0.4997
0.9686,0.5371
0.9603,0.5739
0.9511,0.6103
0.9409,0.6461
0.9298,0.6812
0.9178,0.7156
0.9048,0.7494
0.8910,0.7823
0.8763,0.8146
0.8607,0.8460
0.8443,0.8766
0.8271,0.9064
0.8090,0.9351
0.7902,0.9631
0.7705,0.9900
0.7501,1.0160
0.7290,1.0409
0.7071,1.0649
0.6845,1.0878
0.6613,1.1096
0.6374,1.1304
0.6129,1.1499
0.5878,1.1685
0.5621,1.1858
0.5358,1.2019
0.5090,1.2169
0.4818,1.2306
0.4540,1.2432
0.4258,1.2545
0.3971,1.2646
0.3681,1.2734
0.3387,1.2810
0.3090,1.2873
0.2790,1.2924
0.2487,1.2962
0.2181,1.2987
0.1874,1.2999
0.1564,1.2998
0.1253,1.2985
0.0941,1.2958
0.0628,1.2919
0.0314,1.2867
0.0000,1.2802
-0.0314,1.2725
-0.0628,1.2635
-0.0941,1.2533
-0.1253,1.2419
-0.1564,1.2292
-0.1874,1.2153
-0.2181,1.2002
-0.2487,1.1839
-0.2790,1.1664
-0.3090,1.1478
-0.3387,1.1281
-0.3681,1.1073
-0.3971,1.0853
-0.4258,1.0623
-0.4540,1.0382
-0.4818,1.0131
-0.5090,0.9870
-0.5358,0.9600
-0.5621,0.9321
-0.5878,0.9031
-0.6129,0.8733
-0.6374,0.8425
-0.6613,0.8111
-0.6845,0.7787
-0.7071,0.7456
-0.7290,0.7119
-0.7501,0.6772
-0.7705,0.6421
-0.7902,0.6063
-0.8090,0.5698
-0.8271,0.5329
-0.8443,0.4954
-0.8607,0.4575
-0.8763,0.4190
-0.8910,0.3801
-0.9048,0.3408
-0.9178,0.3013
-0.9298,0.2613
-0.9409,0.2212
-0.9511,0.1810
-0.9603,0.1403
-0.9686,0.0997
-0.9759,0.0590
-0.9823,0.0181
-0.9877,-0.0227
-0.9921,-0.0635
-0.9956,-0.1041
-0.9980,-0.1449
-0.9995,-0.1854
-1.0000,-0.2258
-0.9995,-0.2658
-0.9980,-0.3058
-0.9956,-0.3452
-0.9921,-0.3844
-0.9877,-0.4233
-0.9823,-0.4616
-0.9759,-0.4995
-0.9686,-0.5371
-0.9603,-0.5740
-0.9511,-0.6103
-0.9409,-0.6460
-0.9298,-0.6812
-0.9178,-0.7156
-0.9048,-0.7494
-0.8910,-0.7823
-0.8763,-0.8146
-0.8607,-0.8460
-0.8443,-0.8766
-0.8271,-0.9064
-0.8090,-0.9351
-0.7902,-0.9630
-0.7705,-0.9900
-0.7501,-1.0160
-0.7290,-1.0409
-0.7071,-1.0648
-0.6845,-1.0878
-0.6613,-1.1096
-0.6374,-1.1304
-0.6129,-1.1499
-0.5878,-1.1685
-0.5621,-1.1858
-0.5358,-1.2019
-0.5090,-1.2169
-0.4818,-1.2306
-0.4540,-1.2432
-0.4258,-1.2545
-0.3971,-1.2646
-0.3681,-1.2734
-0.3387,-1.2810
-0.3090,-1.2873
-0.2790,-1.2924
-0.2487,-1.2962
-0.2181,-1.2987
-0.1874,-1.2999
-0.1564,-1.2998
-0.1253,-1.2984
-0.0941,-1.2958
-0.0628,-1.2919
-0.0314,-1.2867
0.0000,-1.2802
0.0314,-1.2725
0.0628,-1.2636
0.0941,-1.2533
0.1253,-1.2419
0.1564,-1.2292
0.1874,-1.2153
0.2181,-1.2002
0.2487,-1.1839
0.2790,-1.1664
0.3090,-1.1478
0.3387,-1.1281
0.3681,-1.1072
0.3971,-1.0853
0.4258,-1.0623
0.4540,-1.0382
0.4818,-1.0132
0.5090,-0.9870
0.5358,-0.9600
0.5621,-0.9320
0.5878,-0.9030
0.6129,-0.8733
0.6374,-0.8425
0.6613,-0.8110
0.6845,-0.7786
0.7071,-0.7456
0.7290,-0.7118
0.7501,-0.6772
0.7705,-0.6421
0.7902,-0.6063
0.8090,-0.5700
0.8271,-0.5329
0.8443,-0.4954
0.8607,-0.4575
0.8763,-0.4189
0.8910,-0.3801
0.9048,-0.3408
0.9178,-0.3013
0.9298,-0.2613
0.9409,-0.2212
0.9511,-0.1809
0.9603,-0.1403
0.9686,-0.0997
0.9759,-0.0590
0.9823,-0.0182
0.9877,0.0227
0.9921,0.0635
0.9956,0.1042
0.9980,0.1449
0.9995,0.1854
1.0000,0.2258
0.9995,0.2658
0.9980,0.3058
0.9956,0.3453
0.9921,0.3844
0.9877,0.4233
0.9823,0.4617
0.9759,0.4996
0.9686,0.5370
0.9603,0.5740
0.9511,0.6103
0.9409,0.6460
0.9298,0.6812
0.9178,0.7156
0.9048,0.7494
0.8910,0.7823
0.8763,0.8147
0.8607,0.8460
0.8443,0.8766
0.8271,0.9064
0.8090,0.9352
0.7902,0.9630
0.7705,0.9899
0.7501,1.0160
0.7290,1.0409
0.7071,1.0649
0.6845,1.0878
0.6613,1.1096
0.6374,1.1304
0.6129,1.1499
0.5878,1.1685
0.5621,1.1858
0.5358,1.2019
0.5090,1.2169
0.4818,1.2306
0.4540,1.2432
0.4258,1.2545
0.3971,1.2646
0.3681,1.2734
0.3387,1.2810
0.3090,1.2873
0.2790,1.2924
0.2487,1.2962
0.2181,1.2987
0.1874,1.2999
0.1564,1.2998
0.1253,1.2984
0.0941,1.2958
0.0628,1.2919
0.0314,1.2867
0.0000,1.2802
-0.0314,1.2725
-0.0628,1.2636
-0.0941,1.2533
-0.1253,1.2419
-0.1564,1.2292
-0.1874,1.2153
-0.2181,1.2002
-0.2487,1.1839
-0.2790,1.1664
-0.3090,1.1478
-0.3387,1.1281
-0.3681,1.1072
-0.3971,1.0853
-0.4258,1.0623
-0.4540,1.0382
-0.4818,1.0132
-0.5090,0.9870
-0.5358,0.9600
-0.5621,0.9320
-0.5878,0.9030
-0.6129,0.8733
-0.6374,0.8425
-0.6613,0.8110
-0.6845,0.7786
-0.7071,0.7456
-0.7290,0.7118
-0.7501,0.6774
-0.7705,0.6421
-0.7902,0.6063
-0.8090,0.5699
-0.8271,0.5329
-0.8443,0.4954
-0.8607,0.4575
-0.8763,0.4189
-0.8910,0.3801
-0.9048,0.3408
-0.9178,0.3013
-0.9298,0.2613
-0.9409,0.2212
-0.9511,0.1809
-0.9603,0.1405
-0.9686,0.0997
-0.9759,0.0590
-0.9823,0.0182
-0.9877,-0.0227
-0.9921,-0.0635
-0.9956,-0.1043
-0.9980,-0.1449
-0.9995,-0.1854
-1.0000,-0.2258
-0.9995,-0.2658
-0.9980,-0.3058
-0.9956,-0.3453
-0.9921,-0.3844
-0.9877,-0.4232
-0.9823,-0.4617
-0.9759,-0.4996
-0.9686,-0.5370
-0.9603,-0.5740
-0.9511,-0.6103
-0.9409,-0.6461
-0.9298,-0.6812
-0.9178,-0.7156
-0.9048,-0.7494
-0.8910,-0.7824
-0.8763,-0.8147
-0.8607,-0.8460
-0.8443,-0.8766
-0.8271,-0.9063
-0.8090,-0.9352
-0.7902,-0.9630
-0.7705,-0.9899
-0.7501,-1.0160
-0.7290,-1.0409
-0.7071,-1.0649
-0.6845,-1.0878
-0.6613,-1.1096
-0.6374,-1.1304
-0.6129,-1.1500
-0.5878,-1.1685
-0.5621,-1.1858
-0.5358,-1.2019
-0.5090,-1.2168
-0.4818,-1.2307
-0.4540,-1.2432
-0.4258,-1.2545
-0.3971,-1.2646
-0.3681,-1.2734
-0.3387,-1.2810
-0.3090,-1.2873
-0.2790,-1.2924
-0.2487,-1.2962
-0.2181,-1.2987
-0.1874,-1.2999
-0.1564,-1.2998
-0.1253,-1.2984
-0.0941,-1.2958
-0.0628,-1.2919
-0.0314,-1.2867
0.0000,-1.2803
0.0314,-1.2725
0.0628,-1.2636
0.0941,-1.2533
0.1253,-1.2419
0.1564,-1.2292
0.1874,-1.2153
0.2181,-1.2002
0.2487,-1.1839
0.2790,-1.1664
0.3090,-1.1478
0.3387,-1.1281
0.3681,-1.1072
0.3971,-1.0853
0.4258,-1.0623
0.4540,-1.0382
0.4818,-1.0132
0.5090,-0.9870
0.5358,-0.9600
0.5621,-0.9320
0.5878,-0.9030
0.6129,-0.8733
0.6374,-0.8425
0.6613,-0.8110
0.6845,-0.7788
0.7071,-0.7456
0.7290,-0.7118
0.7501,-0.6774
0.7705,-0.6422
0.7902,-0.6063
0.8090,-0.5699
0.8271,-0.5329
0.8443,-0.4954
0.8607,-0.4573
0.8763,-0.4189
0.8910,-0.3801
0.9048,-0.3408
0.9178,-0.3013
0.9298,-0.2614
0.9409,-0.2212
0.9511,-0.1809
0.9603,-0.1405
0.9686,-0.0998
0.9759,-0.0590
0.9823,-0.0182
0.9877,0.0227
0.9921,0.0635
0.9956,0.1043
0.9980,0.1449
0.9995,0.1854
1.0000,0.2258
0.9995,0.2659
0.9980,0.3056
0.9956,0.3453
0.9921,0.3844
0.9877,0.4232
0.9823,0.4615
0.9759,0.4996
0.9686,0.5370
0.9603,0.5740
0.9511,0.6103
0.9409,0.6461
0.9298,0.6812
0.9178,0.7156
0.9048,0.7494
0.8910,0.7824
0.8763,0.8145
0.8607,0.8460
0.8443,0.8766
0.8271,0.9063
0.8090,0.9351
0.7902,0.9630
0.7705,0.9900
0.7501,1.0160
0.7290,1.0409
0.7071,1.0649
0.6845,1.0878
0.6613,1.1096
0.6374,1.1304
0.6129,1.1500
0.5878,1.1684
0.5621,1.1858
0.5358,1.2019
0.5090,1.2169
0.4818,1.2306
0.4540,1.2432
0.4258,1.2545
0.3971,1.2646
0.3681,1.2734
0.3387,1.2810
0.3090,1.2873
0.2790,1.2924
0.2487,1.2962
0.2181,1.2987
0.1874,1.2999
0.1564,1.2998
0.1253,1.2984
0.0941,1.2958
0.0628,1.2919
0.0314,1.2867
0.0000,1.2803
-0.0314,1.2725
-0.0628,1.2636
-0.0941,1.2533
-0.1253,1.2419
-0.1564,1.2291
-0.1874,1.2153
-0.2181,1.2002
-0.2487,1.1838
-0.2790,1.1664
-0.3090,1.1478
-0.3387,1.1281
-0.3681,1.1072
-0.3971,1.0853
-0.4258,1.0623
-0.4540,1.0382
-0.4818,1.0132
-0.5090,0.9870
-0.5358,0.9600
-0.5621,0.9319
-0.5878,0.9030
-0.6129,0.8732
-0.6374,0.8425
-0.6613,0.8110
-0.6845,0.7787
-0.7071,0.7457
-0.7290,0.7118
-0.7501,0.6773
-0.7705,0.6422
-0.7902,0.6063
-0.8090,0.5699
-0.8271,0.5329
-0.8443,0.4954
-0.8607,0.4573
-0.8763,0.4189
-0.8910,0.3801
-0.9048,0.3408
-0.9178,0.3012
-0.9298,0.2614
-0.9409,0.2214
-0.9511,0.1809
-0.9603,0.1404
-0.9686,0.0998
-0.9759,0.0590
-0.9823,0.0182
-0.9877,-0.0227
-0.9921,-0.0635
-0.9956,-0.1044
-0.9980,-0.1449
-0.9995,-0.1854
-1.0000,-0.2258
-0.9995,-0.2659
-0.9980,-0.3057
-0.9956,-0.3451
-0.9921,-0.3844
-0.9877,-0.4232
-0.9823,-0.4615
-0.9759,-0.4996
-0.9686,-0.5370
-0.9603,-0.5740
-0.9511,-0.6103
-0.9409,-0.6461
-0.9298,-0.6812
-0.9178,-0.7156
-0.9048,-0.7494
-0.8910,-0.7824
-0.8763,-0.8146
-0.8607,-0.8459
-0.8443,-0.8766
-0.8271,-0.9063
-0.8090,-0.9351
-0.7902,-0.9630
-0.7705,-0.9900
-0.7501,-1.0160
-0.7290,-1.0409
-0.7071,-1.0649
-0.6845,-1.0878
-0.6613,-1.1096
-0.6374,-1.1304
-0.6129,-1.1500
-0.5878,-1.1684
-0.5621,-1.1857
-0.5358,-1.2019
-0.5090,-1.2169
-0.4818,-1.2307
-0.4540,-1.2432
-0.4258,-1.2545
-0.3971,-1.2646
-0.3681,-1.2734
-0.3387,-1.2810
-0.3090,-1.2873
-0.2790,-1.2924
-0.2487,-1.2962
-0.2181,-1.2987
-0.1874,-1.2999
-0.1564,-1.2998
-0.1253,-1.2984
-0.0941,-1.2958
-0.0628,-1.2919
-0.0314,-1.2867
0.0000,-1.2803
0.0314,-1.2725
0.0628,-1.2636
0.0941,-1.2533
0.1253,-1.2419
0.1564,-1.2291
0.1874,-1.2152
0.2181,-1.2002
0.2487,-1.1839
0.2790,-1.1664
0.3090,-1.1478
0.3387,-1.1281
0.3681,-1.1072
0.3971,-1.0853
0.4258,-1.0623
0.4540,-1.0382
0.4818,-1.0132
0.5090,-0.9870
0.5358,-0.9600
0.5621,-0.9319
0.5878,-0.9030
0.6129,-0.8732
0.6374,-0.8426
0.6613,-0.8110
0.6845,-0.7787
0.7071,-0.7457
0.7290,-0.7118
0.7501,-0.6773
0.7705,-0.6422
0.7902,-0.6063
0.8090,-0.5699
0.8271,-0.5328
0.8443,-0.4954
0.8607,-0.4573
0.8763,-0.4189
0.8910,-0.3801
0.9048,-0.3409
0.9178,-0.3012
0.9298,-0.2614
0.9409,-0.2213
0.9511,-0.1809
0.9603,-0.1404
0.9686,-0.0998
0.9759,-0.0590
0.9823,-0.0182
0.9877,0.0227
0.9921,0.0635
0.9956,0.1044
0.9980,0.1450
0.9995,0.1854
1.0000,0.2257
0.9995,0.2659
0.9980,0.3057
0.9956,0.3451
0.9921,0.3844
0.9877,0.4232
0.9823,0.4617
0.9759,0.4996
0.9686,0.5370
0.9603,0.5740
0.9511,0.6103
0.9409,0.6462
0.9298,0.6812
0.9178,0.7156
0.9048,0.7493
0.8910,0.7824
0.8763,0.8146
0.8607,0.8459
0.8443,0.8766
0.8271,0.9063
0.8090,0.9352
0.7902,0.9630
0.7705,0.9900
0.7501,1.0160
0.7290,1.0409
0.7071,1.0650
0.6845,1.0878
0.6613,1.1096
0.6374,1.1303
0.6129,1.1500
0.5878,1.1684
0.5621,1.1857
0.5358,1.2019
0.5090,1.2169
0.4818,1.2307
0.4540,1.2432
0.4258,1.2545
0.3971,1.2646
0.3681,1.2734
0.3387,1.2810
0.3090,1.2874
0.2790,1.2924
0.2487,1.2962
0.2181,1.2987
0.1874,1.2999
0.1564,1.2998
0.1253,1.2984
0.0941,1.2958
0.0628,1.2919
0.0314,1.2867
0.0000,1.2803
-0.0314,1.2725
-0.0628,1.2636
-0.0941,1.2533
-0.1253,1.2419
-0.1564,1.2292
-0.1874,1.2152
-0.2181,1.2002
-0.2487,1.1839
-0.2790,1.1665
-0.3090,1.1478
-0.3387,1.1281
-0.3681,1.1072
-0.3971,1.0853
-0.4258,1.0623
-0.4540,1.0382
-0.4818,1.0132
-0.5090,0.9870
-0.5358,0.9600
-0.5621,0.9320
-0.5878,0.9030
-0.6129,0.8732
-0.6374,0.8426
-0.6613,0.8111
-0.6845,0.7787
-0.7071,0.7457
-0.7290,0.7118
-0.7501,0.6773
-0.7705,0.6422
-0.7902,0.6063
-0.8090,0.5699
-0.8271,0.5328
-0.8443,0.4954
-0.8607,0.4574
-0.8763,0.4189
-0.8910,0.3801
-0.9048,0.3409
-0.9178,0.3014
-0.9298,0.2614
-0.9409,0.2213
-0.9511,0.1809
-0.9603,0.1404
-0.9686,0.0997
-0.9759,0.0589
-0.9823,0.0182
-0.9877,-0.0228
-0.9921,-0.0635
-0.9956,-0.1042
-0.9980,-0.1450
-0.9995,-0.1854
-1.0000,-0.2257
-0.9995,-0.2657
-0.9980,-0.3057
-0.9956,-0.3452
-0.9921,-0.3845
-0.9877,-0.4232
-0.9823,-0.4617
-0.9759,-0.4996
-0.9686,-0.5370
-0.9603,-0.5740
-0.9511,-0.6103
-0.9409,-0.6460
-0.9298,-0.6812
-0.9178,-0.7156
-0.9048,-0.7493
-0.8910,-0.7823
-0.8763,-0.8146
-0.8607,-0.8460
-0.8443,-0.8766
-0.8271,-0.9063
-0.8090,-0.9352
-0.7902,-0.9631
-0.7705,-0.9900
-0.7501,-1.0160
-0.7290,-1.0410
-0.7071,-1.0649
-0.6845,-1.0878
-0.6613,-1.1096
-0.6374,-1.1303
-0.6129,-1.1499
-0.5878,-1.1684
-0.5621,-1.1857
-0.5358,-1.2019
-0.5090,-1.2169
-0.4818,-1.2307
-0.4540,-1.2432
-0.4258,-1.2545
-0.3971,-1.2646
-0.3681,-1.2734
-0.3387,-1.2810
-0.3090,-1.2874
-0.2790,-1.2924
-0.2487,-1.2962
-0.2181,-1.2987
-0.1874,-1.2999
-0.1564,-1.2998
-0.1253,-1.2984
-0.0941,-1.2958
-0.0628,-1.2919
-0.0314,-1.2867
0.0000,-1.2803
0.0314,-1.2725
0.0628,-1.2635
0.0941,-1.2533
0.1253,-1.2418
0.1564,-1.2292
0.1874,-1.2153
0.2181,-1.2002
0.2487,-1.1839
0.2790,-1.1665
0.3090,-1.1478
0.3387,-1.1281
0.3681,-1.1072
0.3971,-1.0853
0.4258,-1.0622
0.4540,-1.0382
0.4818,-1.0131
0.5090,-0.9870
0.5358,-0.9600
0.5621,-0.9320
0.5878,-0.9031
0.6129,-0.8732
0.6374,-0.8426
0.6613,-0.8111
0.6845,-0.7787
0.7071,-0.7457
0.7290,-0.7118
0.7501,-0.6773
0.7705,-0.6420
0.7902,-0.6063
0.8090,-0.5699
0.8271,-0.5328
0.8443,-0.4954
0.8607,-0.4574
0.8763,-0.4190
0.8910,-0.3801
0.9048,-0.3409
0.9178,-0.3014
0.9298,-0.2614
0.9409,-0.2213
0.9511,-0.1809
0.9603,-0.1404
0.9686,-0.0996
0.9759,-0.0589
0.9823,-0.0182
0.9877,0.0228
0.9921,0.0635
0.9956,0.1042
0.9980,0.1448
0.9995,0.1854
1.0000,0.2257
0.9995,0.2657
0.9980,0.3057
0.9956,0.3452
0.9921,0.3845
0.9877,0.4232
0.9823,0.4617
0.9759,0.4996
0.9686,0.5370
0.9603,0.5740
0.9511,0.6103
0.9409,0.6460
0.9298,0.6811
0.9178,0.7156
0.9048,0.7493
0.8910,0.7823
0.8763,0.8146
0.8607,0.8460
0.8443,0.8766
0.8271,0.9063
0.8090,0.9352
0.7902,0.9631
0.7705,0.9900
0.7501,1.0160
0.7290,1.0410
0.7071,1.0649
0.6845,1.0877
0.6613,1.1096
0.6374,1.1303
0.6129,1.1499
0.5878,1.1684
0.5621,1.1857
0.5358,1.2019
0.5090,1.2169
0.4818,1.2307
0.4540,1.2432
0.4258,1.2545
0.3971,1.2646
0.3681,1.2734
0.3387,1.2810
0.3090,1.2874
0.2790,1.2924
0.2487,1.2962
0.2181,1.2987
0.1874,1.2999
0.1564,1.2998
0.1253,1.2984
0.0941,1.2958
0.0628,1.2919
0.0314,1.2867
0.0000,1.2802
-0.0314,1.2725
-0.0628,1.2635
-0.0941,1.2533
-0.1253,1.2418
-0.1564,1.2292
-0.1874,1.2153
-0.2181,1.2002
-0.2487,1.1839
-0.2790,1.1665
-0.3090,1.1478
-0.3387,1.1281
-0.3681,1.1072
-0.3971,1.0853
-0.4258,1.0622
-0.4540,1.0382
-0.4818,1.0131
-0.5090,0.9871
-0.5358,0.9600
-0.5621,0.9320
-0.5878,0.9031
-0.6129,0.8732
-0.6374,0.8426
-0.6613,0.8111
-0.6845,0.7787
-0.7071,0.7457
-0.7290,0.7118
-0.7501,0.6773
-0.7705,0.6420
-0.7902,0.6063
-0.8090,0.5699
-0.8271,0.5330
-0.8443,0.4954
-0.8607,0.4574
-0.8763,0.4190
-0.8910,0.3801
-0.9048,0.3409
-0.9178,0.3014
-0.9298,0.2614
-0.9409,0.2213
-0.9511,0.1809
-0.9603,0.1404
-0.9686,0.0996
-0.9759,0.0589
-0.9823,0.0182
-0.9877,-0.0226
-0.9921,-0.0635
-0.9956,-0.1042
-0.9980,-0.1448
-0.9995,-0.1854
-1.0000,-0.2257
-0.9995,-0.2658
-0.9980,-0.3057
-0.9956,-0.3452
-0.9921,-0.3845
-0.9877,-0.4232
-0.9823,-0.4617
-0.9759,-0.4996
-0.9686,-0.5370
-0.9603,-0.5739
-0.9511,-0.6103
-0.9409,-0.6460
-0.9298,-0.6811
-0.9178,-0.7156
-0.9048,-0.7493
-0.8910,-0.7823
-0.8763,-0.8146
-0.8607,-0.8460
-0.8443,-0.8766
-0.8271,-0.9063
-0.8090,-0.9352
-0.7902,-0.9631
-0.7705,-0.9900
-0.7501,-1.0159
-0.7290,-1.0410
-0.7071,-1.0649
-0.6845,-1.0877
-0.6613,-1.1096
-0.6374,-1.1303
-0.6129,-1.1500
-0.5878,-1.1684
-0.5621,-1.1857
-0.5358,-1.2019
-0.5090,-1.2169
-0.4818,-1.2307
-0.4540,-1.2432
-0.4258,-1.2545
-0.3971,-1.2646
-0.3681,-1.2735
-0.3387,-1.2810
-0.3090,-1.2873
-0.2790,-1.2924
-0.2487,-1.2962
-0.2181,-1.2987
-0.1874,-1.2999
-0.1564,-1.2998
-0.1253,-1.2984
-0.0941,-1.2958
-0.0628,-1.2919
-0.0314,-1.2867
0.0000,-1.2803
0.0314,-1.2725
0.0628,-1.2635
0.0941,-1.2533
0.1253,-1.2419
0.1564,-1.2292
0.1874,-1.2153
0.2181,-1.2002
0.2487,-1.1839
0.2790,-1.1665
0.3090,-1.1478
0.3387,-1.1281
0.3681,-1.1072
0.3971,-1.0853
0.4258,-1.0623
0.4540,-1.0382
0.4818,-1.0131
0.5090,-0.9871
0.5358,-0.9601
0.5621,-0.9320
0.5878,-0.9031
0.6129,-0.8732
0.6374,-0.8426
0.6613,-0.8111
0.6845,-0.7787
0.7071,-0.7457
0.7290,-0.7118
0.7501,-0.6773
0.7705,-0.6422
0.7902,-0.6062
0.8090,-0.5699
0.8271,-0.5329
0.8443,-0.4955
0.8607,-0.4574
0.8763,-0.4190
0.8910,-0.3800
0.9048,-0.3409
0.9178,-0.3013
0.9298,-0.2614
0.9409,-0.2213
0.9511,-0.1809
0.9603,-0.1404
0.9686,-0.0998
0.9759,-0.0589
0.9823,-0.0181
0.9877,0.0226
0.9921,0.0634
0.9956,0.1043
0.9980,0.1448
0.9995,0.1855
1.0000,0.2257
0.9995,0.2659
0.9980,0.3057
0.9956,0.3452
0.9921,0.3845
0.9877,0.4233
0.9823,0.4616
0.9759,0.4996
0.9686,0.5370
0.9603,0.5739
0.9511,0.6102
0.9409,0.6461
0.9298,0.6811
0.9178,0.7157
0.9048,0.7493
0.8910,0.7824
0.8763,0.8146
0.8607,0.8460
0.8443,0.8766
0.8271,0.9063
0.8090,0.9351
0.7902,0.9631
0.7705,0.9900
0.7501,1.0159
0.7290,1.0409
0.7071,1.0649
0.6845,1.0878
0.6613,1.1096
0.6374,1.1303
0.6129,1.1500
0.5878,1.1684
0.5621,1.1857
0.5358,1.2019
0.5090,1.2169
0.4818,1.2307
0.4540,1.2432
0.4258,1.2545
0.3971,1.2646
0.3681,1.2734
0.3387,1.2810
0.3090,1.2873
0.2790,1.2924
0.2487,1.2962
0.2181,1.2987
0.1874,1.2999
0.1564,1.2998
0.1253,1.2984
0.0941,1.2958
0.0628,1.2919
0.0314,1.2867
0.0000,1.2803
-0.0314,1.2725
-0.0628,1.2635
-0.0941,1.2533
-0.1253,1.2419
-0.1564,1.2292
-0.1874,1.2153
-0.2181,1.2001
-0.2487,1.1839
-0.2790,1.1665
-0.3090,1.1478
-0.3387,1.1281
-0.3681,1.1072
-0.3971,1.0853
-0.4258,1.0623
-0.4540,1.0383
-0.4818,1.0131
-0.5090,0.9871
-0.5358,0.9600
-0.5621,0.9320
-0.5878,0.9031
-0.6129,0.8732
-0.6374,0.8426
-0.6613,0.8111
-0.6845,0.7787
-0.7071,0.7457
-0.7290,0.7118
-0.7501,0.6773
-0.7705,0.6421
-0.7902,0.6064
-0.8090,0.5699
-0.8271,0.5329
-0.8443,0.4955
-0.8607,0.4574
-0.8763,0.4190
-0.8910,0.3800
-0.9048,0.3408
-0.9178,0.3012
-0.9298,0.2614
-0.9409,0.2213
-0.9511,0.1808
-0.9603,0.1404
-0.9686,0.0998
-0.9759,0.0591
-0.9823,0.0181
-0.9877,-0.0226
-0.9921,-0.0634
-0.9956,-0.1043
-0.9980,-0.1449
-0.9995,-0.1855
-1.0000,-0.2257
-0.9995,-0.2659
-0.9980,-0.3057
-0.9956,-0.3452
-0.9921,-0.3845
-0.9877,-0.4233
-0.9823,-0.4616
-0.9759,-0.4995
-0.9686,-0.5370
-0.9603,-0.5739
-0.9511,-0.6102
-0.9409,-0.6461
-0.9298,-0.6811
-0.9178,-0.7157
-0.9048,-0.7494
-0.8910,-0.7824
-0.8763,-0.8146
-0.8607,-0.8460
-0.8443,-0.8766
-0.8271,-0.9063
-0.8090,-0.9351
-0.7902,-0.9630
-0.7705,-0.9900
-0.7501,-1.0159
-0.7290,-1.0409
-0.7071,-1.0649
-0.6845,-1.0878
-0.6613,-1.1096
-0.6374,-1.1303
-0.6129,-1.1500
-0.5878,-1.1684
-0.5621,-1.1857
-0.5358,-1.2019
-0.5090,-1.2169
-0.4818,-1.2306
-0.4540,-1.2432
-0.4258,-1.2545
-0.3971,-1.2646
-0.3681,-1.2734
-0.3387,-1.2810
-0.3090,-1.2873
-0.2790,-1.2924
-0.2487,-1.2962
-0.2181,-1.2987
-0.1874,-1.2999
-0.1564,-1.2998
-0.1253,-1.2984
-0.0941,-1.2958
-0.0628,-1.2919
-0.0314,-1.2867
0.0000,-1.2802
0.0314,-1.2725
0.0628,-1.2635
0.0941,-1.2533
0.1253,-1.2419
0.1564,-1.2292
0.1874,-1.2153
0.2181,-1.2001
0.2487,-1.1839
0.2790,-1.1664
0.3090,-1.1478
0.3387,-1.1281
0.3681,-1.1073
0.3971,-1.0853
0.4258,-1.0623
0.4540,-1.0383
0.4818,-1.0131
0.5090,-0.9871
0.5358,-0.9600
0.5621,-0.9320
0.5878,-0.9031
0.6129,-0.8732
0.6374,-0.8425
0.6613,-0.8110
0.6845,-0.7787
0.7071,-0.7456
0.7290,-0.7119
0.7501,-0.6773
0.7705,-0.6421
0.7902,-0.6064
0.8090,-0.5699
0.8271,-0.5329
0.8443,-0.4955
0.8607,-0.4574
0.8763,-0.4190
0.8910,-0.3800
0.9048,-0.3408
0.9178,-0.3012
0.9298,-0.2613
0.9409,-0.2213
0.9511,-0.1810
0.9603,-0.1404
0.9686,-0.0998
0.9759,-0.0590
0.9823,-0.0181
0.9877,0.0227
0.9921,0.0634
0.9956,0.1043
0.9980,0.1449
0.9995,0.1855
1.0000,0.2257
0.9995,0.2659
0.9980,0.3057
0.9956,0.3452
0.9921,0.3844
0.9877,0.4233
0.9823,0.4616
0.9759,0.4995
0.9686,0.5371
0.9603,0.5739
0.9511,0.6102
0.9409,0.6461
0.9298,0.6811
0.9178,0.7157
0.9048,0.7494
0.8910,0.7824
0.8763,0.8146
0.8607,0.8460
0.8443,0.8765
0.8271,0.9063
0.8090,0.9351
0.7902,0.9630
0.7705,0.9900
0.7501,1.0160
0.7290,1.0409
0.7071,1.0649
0.6845,1.0878
0.6613,1.1096
0.6374,1.1303
0.6129,1.1500
0.5878,1.1684
0.5621,1.1857
0.5358,1.2019
0.5090,1.2169
0.4818,1.2306
0.4540,1.2432
0.4258,1.2545
0.3971,1.2646
0.3681,1.2735
0.3387,1.2810
0.3090,1.2873
0.2790,1.2924
0.2487,1.2962
0.2181,1.2987
0.1874,1.2999
0.1564,1.2998
0.1253,1.2984
0.0941,1.2958
0.0628,1.2919
0.0314,1.2867
0.0000,1.2802
-0.0314,1.2725
-0.0628,1.2635
-0.0941,1.2533
-0.1253,1.2419
-0.1564,1.2292
-0.1874,1.2153
-0.2181,1.2001
-0.2487,1.1839
-0.2790,1.1664
-0.3090,1.1478
-0.3387,1.1281
-0.3681,1.1073
-0.3971,1.0854
-0.4258,1.0623
-0.4540,1.0383
-0.4818,1.0131
-0.5090,0.9871
-0.5358,0.9600
-0.5621,0.9320
-0.5878,0.9031
-0.6129,0.8732
-0.6374,0.8425
-0.6613,0.8111
-0.6845,0.7787
-0.7071,0.7456
-0.7290,0.7119
-0.7501,0.6774
-0.7705,0.6421
-0.7902,0.6064
-0.8090,0.5698
-0.8271,0.5329
-0.8443,0.4955
-0.8607,0.4574
-0.8763,0.4190
-0.8910,0.3800
-0.9048,0.3408
-0.9178,0.3013
-0.9298,0.2613
-0.9409,0.2213
-0.9511,0.1810
-0.9603,0.1405
-0.9686,0.0997
-0.9759,0.0590
-0.9823,0.0181
-0.9877,-0.0227
-0.9921,-0.0634
-0.9956,-0.1043
-0.9980,-0.1449
-0.9995,-0.1855
-1.0000,-0.2258
-0.9995,-0.2658
-0.9980,-0.3057
-0.9956,-0.3452
-0.9921,-0.3844
-0.9877,-0.4231
-0.9823,-0.4616
-0.9759,-0.4995
-0.9686,-0.5371
-0.9603,-0.5739
-0.9511,-0.6104
-0.9409,-0.6461
-0.9298,-0.6812
-0.9178,-0.7157
-0.9048,-0.7494
-0.8910,-0.7823
-0.8763,-0.8146
-0.8607,-0.8460
-0.8443,-0.8765
-0.8271,-0.9062
-0.8090,-0.9351
-0.7902,-0.9630
-0.7705,-0.9900
-0.7501,-1.0160
-0.7290,-1.0410
-0.7071,-1.0649
-0.6845,-1.0878
-0.6613,-1.1096
-0.6374,-1.1303
-0.6129,-1.1500
-0.5878,-1.1685
-0.5621,-1.1858
-0.5358,-1.2019
-0.5090,-1.2168
-0.4818,-1.2306
-0.4540,-1.2432
-0.4258,-1.2545
-0.3971,-1.2646
-0.3681,-1.2735
-0.3387,-1.2810
-0.3090,-1.2873
-0.2790,-1.2924
-0.2487,-1.2962
-0.2181,-1.2987
-0.1874,-1.2999
-0.1564,-1.2998
-0.1253,-1.2985
-0.0941,-1.2958
-0.0628,-1.2919
-0.0314,-1.2867
0.0000,-1.2802
0.0314,-1.2725
0.0628,-1.2635
0.0941,-1.2533
0.1253,-1.2419
0.1564,-1.2292
0.1874,-1.2153
0.2181,-1.2001
0.2487,-1.1839
0.2790,-1.1664
0.3090,-1.1479
0.3387,-1.1281
0.3681,-1.1073
0.3971,-1.0853
0.4258,-1.0623
0.4540,-1.0383
0.4818,-1.0131
0.5090,-0.9870
0.5358,-0.9600
0.5621,-0.9319
0.5878,-0.9031
0.6129,-0.8732
0.6374,-0.8425
0.6613,-0.8111
0.6845,-0.7788
0.7071,-0.7456
0.7290,-0.7119
0.7501,-0.6774
0.7705,-0.6421
0.7902,-0.6063
0.8090,-0.5698
0.8271,-0.5329
0.8443,-0.4954
0.8607,-0.4574
0.8763,-0.4190
0.8910,-0.3800
0.9048,-0.3408
0.9178,-0.3013
0.9298,-0.2615
0.9409,-0.2213
0.9511,-0.1810
0.9603,-0.1405
0.9686,-0.0997
0.9759,-0.0590
0.9823,-0.0181
0.9877,0.0227
0.9921,0.0636
0.9956,0.1043
0.9980,0.1449
0.9995,0.1855
1.0000,0.2258
0.9995,0.2658
0.9980,0.3056
0.9956,0.3452
0.9921,0.3844
0.9877,0.4231
0.9823,0.4616
0.9759,0.4995
0.9686,0.5371
0.9603,0.5739
0.9511,0.6104
0.9409,0.6461
0.9298,0.6812
0.9178,0.7157
0.9048,0.7494
0.8910,0.7823
0.8763,0.8145
0.8607,0.8460
0.8443,0.8766
0.8271,0.9062
0.8090,0.9351
0.7902,0.9630
0.7705,0.9900
0.7501,1.0160
0.7290,1.0410
0.7071,1.0649
0.6845,1.0878
0.6613,1.1097
0.6374,1.1304
0.6129,1.1499
0.5878,1.1685
0.5621,1.1858
0.5358,1.2019
0.5090,1.2168
0.4818,1.2306
0.4540,1.2432
0.4258,1.2545
0.3971,1.2646
0.3681,1.2735
0.3387,1.2810
0.3090,1.2873
0.2790,1.2924
0.2487,1.2962
0.2181,1.2987
0.1874,1.2999
0.1564,1.2998
0.1253,1.2985
0.0941,1.2958
0.0628,1.2919
0.0314,1.2867
0.0000,1.2802
-0.0314,1.2725
-0.0628,1.2635
-0.0941,1.2533
-0.1253,1.2419
-0.1564,1.2292
-0.1874,1.2153
-0.2181,1.2002
-0.2487,1.1839
-0.2790,1.1664
-0.3090,1.1479
-0.3387,1.1282
-0.3681,1.1073
-0.3971,1.0853
-0.4258,1.0623
-0.4540,1.0382
-0.4818,1.0131
-0.5090,0.9870
-0.5358,0.9599
-0.5621,0.9319
-0.5878,0.9031
-0.6129,0.8733
-0.6374,0.8425
-0.6613,0.8111
-0.6845,0.7788
-0.7071,0.7456
-0.7290,0.7118
-0.7501,0.6774
-0.7705,0.6421
-0.7902,0.6063
-0.8090,0.5698
-0.8271,0.5329
-0.8443,0.4953
-0.8607,0.4573
-0.8763,0.4189
-0.8910,0.3801
-0.9048,0.3408
-0.9178,0.3013
-0.9298,0.2615
-0.9409,0.2212
-0.9511,0.1810
-0.9603,0.1405
-0.9686,0.0997
-0.9759,0.0590
-0.9823,0.0181
-0.9877,-0.0227
-0.9921,-0.0636
-0.9956,-0.1043
-0.9980,-0.1449
-0.9995,-0.1854
-1.0000,-0.2258
-0.9995,-0.2658
-0.9980,-0.3056
-0.9956,-0.3452
-0.9921,-0.3844
-0.9877,-0.4232
-0.9823,-0.4617
-0.9759,-0.4995
-0.9686,-0.5371
-0.9603,-0.5740
-0.9511,-0.6104
-0.9409,-0.6461
-0.9298,-0.6812
-0.9178,-0.7156
-0.9048,-0.7494
-0.8910,-0.7823
-0.8763,-0.8145
-0.8607,-0.8460
-0.8443,-0.8766
-0.8271,-0.9062
-0.8090,-0.9351
-0.7902,-0.9630
-0.7705,-0.9900
-0.7501,-1.0160
-0.7290,-1.0410
-0.7071,-1.0649
-0.6845,-1.0878
-0.6613,-1.1097
-0.6374,-1.1304
-0.6129,-1.1499
-0.5878,-1.1684
-0.5621,-1.1858
-0.5358,-1.2019
-0.5090,-1.2168
-0.4818,-1.2306
-0.4540,-1.2432
-0.4258,-1.2545
-0.3971,-1.2646
-0.3681,-1.2735
-0.3387,-1.2810
-0.3090,-1.2873
-0.2790,-1.2924
-0.2487,-1.2962
-0.2181,-1.2987
-0.1874,-1.2999
-0.1564,-1.2998
-0.1253,-1.2984
-0.0941,-1.2958
-0.0628,-1.2919
-0.0314,-1.2867
0.0000,-1.2802
0.0314,-1.2725
0.0628,-1.2635
0.0941,-1.2533
0.1253,-1.2419
0.1564,-1.2291
0.1874,-1.2153
0.2181,-1.2002
0.2487,-1.1839
0.2790,-1.1664
0.3090,-1.1479
0.3387,-1.1281
0.3681,-1.1072
0.3971,-1.0853
0.4258,-1.0623
0.4540,-1.0382
0.4818,-1.0131
0.5090,-0.9870
0.5358,-0.9600
0.5621,-0.9319
0.5878,-0.9030
0.6129,-0.8733
0.6374,-0.8426
0.6613,-0.8110
0.6845,-0.7788
0.7071,-0.7456
0.7290,-0.7118
0.7501,-0.6774
0.7705,-0.6421
0.7902,-0.6063
0.8090,-0.5698
0.8271,-0.5329
0.8443,-0.4954
0.8607,-0.4573
0.8763,-0.4189
0.8910,-0.3801
0.9048,-0.3409
0.9178,-0.3013
0.9298,-0.2615
0.9409,-0.2212
0.9511,-0.1809
0.9603,-0.1405
0.9686,-0.0997
0.9759,-0.0590
0.9823,-0.0181
0.9877,0.0227
0.9921,0.0635
0.9956,0.1043
0.9980,0.1449
0.9995,0.1854
1.0000,0.2256
0.9995,0.2658
0.9980,0.3056
0.9956,0.3453
0.9921,0.3844
0.9877,0.4232
0.9823,0.4617
0.9759,0.4996
0.9686,0.5371
0.9603,0.5740
0.9511,0.6103
0.9409,0.6461
0.9298,0.6812
0.9178,0.7156
0.9048,0.7493
0.8910,0.7824
0.8763,0.8145
0.8607,0.8460
0.8443,0.8766
0.8271,0.9063
0.8090,0.9352
0.7902,0.9630
0.7705,0.9900
0.7501,1.0160
0.7290,1.0410
0.7071,1.0649
0.6845,1.0878
0.6613,1.1096
0.6374,1.1304
0.6129,1.1499
0.5878,1.1684
0.5621,1.1858
0.5358,1.2019
0.5090,1.2169
0.4818,1.2306
0.4540,1.2432
0.4258,1.2545
0.3971,1.2646
0.3681,1.2735
0.3387,1.2810
0.3090,1.2873
0.2790,1.2924
0.2487,1.2962
0.2181,1.2987
0.1874,1.2999
0.1564,1.2998
0.1253,1.2984
0.0941,1.2958
0.0628,1.2919
0.0314,1.2867
0.0000,1.2802
-0.0314,1.2725
-0.0628,1.2635
-0.0941,1.2533
-0.1253,1.2419
-0.1564,1.2292
-0.1874,1.2153
-0.2181,1.2002
-0.2487,1.1839
-0.2790,1.1664
-0.3090,1.1478
-0.3387,1.1281
-0.3681,1.1072
-0.3971,1.0853
-0.4258,1.0623
-0.4540,1.0382
-0.4818,1.0131
-0.5090,0.9870
-0.5358,0.9600
-0.5621,0.9320
-0.5878,0.9030
-0.6129,0.8733
-0.6374,0.8426
-0.6613,0.8110
-0.6845,0.7788
-0.7071,0.7456
-0.7290,0.7118
-0.7501,0.6774
-0.7705,0.6421
-0.7902,0.6063
-0.8090,0.5698
-0.8271,0.5329
-0.8443,0.4954
-0.8607,0.4575
-0.8763,0.4189
-0.8910,0.3801
-0.9048,0.3409
-0.9178,0.3013
-0.9298,0.2614
-0.9409,0.2212
-0.9511,0.1809
-0.9603,0.1405
-0.9686,0.0997
-0.9759,0.0590
-0.9823,0.0181
-0.9877,-0.0227
-0.9921,-0.0635
-0.9956,-0.1042
-0.9980,-0.1449
-0.9995,-0.1854
-1.0000,-0.2256
-0.9995,-0.2658
-0.9980,-0.3056
-0.9956,-0.3453
-0.9921,-0.3844
-0.9877,-0.4233
-0.9823,-0.4617
-0.9759,-0.4996
-0.9686,-0.5371
-0.9603,-0.5740
-0.9511,-0.6103
-0.9409,-0.6460
-0.9298,-0.6812
-0.9178,-0.7156
-0.9048,-0.7493
-0.8910,-0.7824
-0.8763,-0.8145
-0.8607,-0.8460
-0.8443,-0.8766
-0.8271,-0.9064
-0.8090,-0.9352
-0.7902,-0.9630
-0.7705,-0.9900
-0.7501,-1.0160
-0.7290,-1.0409
-0.7071,-1.0649
-0.6845,-1.0878
-0.6613,-1.1096
-0.6374,-1.1303
-0.6129,-1.1500
-0.5878,-1.1684
-0.5621,-1.1858
-0.5358,-1.2019
-0.5090,-1.2169
-0.4818,-1.2307
-0.4540,-1.2432
-0.4258,-1.2545
-0.3971,-1.2646
-0.3681,-1.2734
-0.3387,-1.2810
-0.3090,-1.2873
-0.2790,-1.2924
-0.2487,-1.2962
-0.2181,-1.2987
-0.1874,-1.2999
-0.1564,-1.2998
-0.1253,-1.2984
-0.0941,-1.2958
-0.0628,-1.2919
-0.0314,-1.2867
0.0000,-1.2802
0.0314,-1.2725
0.0628,-1.2636
0.0941,-1.2533
0.1253,-1.2419
0.1564,-1.2292
0.1874,-1.2153
0.2181,-1.2002
0.2487,-1.1839
0.2790,-1.1664
0.3090,-1.1478
0.3387,-1.1281
0.3681,-1.1072
0.3971,-1.0853
0.4258,-1.0623
0.4540,-1.0382
0.4818,-1.0132
0.5090,-0.9870
0.5358,-0.9600
0.5621,-0.9320
0.5878,-0.9031
0.6129,-0.8733
0.6374,-0.8426
0.6613,-0.8110
0.6845,-0.7788
0.7071,-0.7456
0.7290,-0.7118
0.7501,-0.6772
0.7705,-0.6421
0.7902,-0.6063
0.8090,-0.5699
0.8271,-0.5329
0.8443,-0.4954
0.8607,-0.4575
0.8763,-0.4189
0.8910,-0.3801
0.9048,-0.3409
0.9178,-0.3013
0.9298,-0.2614
0.9409,-0.2212
0.9511,-0.1809
0.9603,-0.1403
0.9686,-0.0997
0.9759,-0.0590
0.9823,-0.0182
0.9877,0.0227
0.9921,0.0635
0.9956,0.1042
0.9980,0.1449
0.9995,0.1854
1.0000,0.2257
0.9995,0.2659
0.9980,0.3056
0.9956,0.3453
0.9921,0.3844
0.9877,0.4233
0.9823,0.4617
0.9759,0.4996
0.9686,0.5370
0.9603,0.5740
0.9511,0.6103
0.9409,0.6460
0.9298,0.6812
0.9178,0.7156
0.9048,0.7493
0.8910,0.7824
0.8763,0.8145
0.8607,0.8460
0.8443,0.8766
0.8271,0.9064
0.8090,0.9352
0.7902,0.9630
0.7705,0.9901
0.7501,1.0160
0.7290,1.0409
0.7071,1.0648
0.6845,1.0878
0.6613,1.1096
0.6374,1.1303
0.6129,1.1500
0.5878,1.1684
0.5621,1.1858
0.5358,1.2019
0.5090,1.2169
0.4818,1.2307
0.4540,1.2432
0.4258,1.2545
0.3971,1.2646
0.3681,1.2734
0.3387,1.2810
0.3090,1.2873
0.2790,1.2924
0.2487,1.2962
0.2181,1.2987
0.1874,1.2999
0.1564,1.2998
0.1253,1.2984
0.0941,1.2958
0.0628,1.2919
0.0314,1.2867
0.0000,1.2802
-0.0314,1.2725
-0.0628,1.2636
-0.0941,1.2533
-0.1253,1.2419
-0.1564,1.2292
-0.1874,1.2153
-0.2181,1.2002
-0.2487,1.1839
-0.2790,1.1664
-0.3090,1.1478
-0.3387,1.1281
-0.3681,1.1072
-0.3971,1.0853
-0.4258,1.0622
-0.4540,1.0382
-0.4818,1.0132
-0.5090,0.9871
-0.5358,0.9600
-0.5621,0.9320
-0.5878,0.9030
-0.6129,0.8732
-0.6374,0.8426
-0.6613,0.8110
-0.6845,0.7787
-0.7071,0.7456
-0.7290,0.7118
-0.7501,0.6773
-0.7705,0.6421
-0.7902,0.6063
-0.8090,0.5699
-0.8271,0.5330
-0.8443,0.4954
-0.8607,0.4574
-0.8763,0.4189
-0.8910,0.3801
-0.9048,0.3409
-0.9178,0.3012
-0.9298,0.2614
-0.9409,0.2212
-0.9511,0.1809
-0.9603,0.1404
-0.9686,0.0997
-0.9759,0.0590
-0.9823,0.0182
-0.9877,-0.0226
-0.9921,-0.0635
-0.9956,-0.1042
-0.9980,-0.1449
-0.9995,-0.1854
-1.0000,-0.2257
-0.9995,-0.2659
-0.9980,-0.3057
-0.9956,-0.3453
-0.9921,-0.3844
-0.9877,-0.4233
-0.9823,-0.4617
-0.9759,-0.4996
-0.9686,-0.5370
-0.9603,-0.5739
-0.9511,-0.6103
-0.9409,-0.6460
-0.9298,-0.6812
-0.9178,-0.7156
-0.9048,-0.7493
-0.8910,-0.7824
-0.8763,-0.8146
-0.8607,-0.8461
-0.8443,-0.8766
-0.8271,-0.9064
-0.8090,-0.9352
-0.7902,-0.9630
-0.7705,-0.9900
-0.7501,-1.0160
-0.7290,-1.0409
-0.7071,-1.0649
-0.6845,-1.0878
-0.6613,-1.1096
-0.6374,-1.1303
-0.6129,-1.1500
-0.5878,-1.1684
-0.5621,-1.1858
-0.5358,-1.2019
-0.5090,-1.2169
-0.4818,-1.2307
-0.4540,-1.2432
-0.4258,-1.2545
-0.3971,-1.2646
-0.3681,-1.2734
-0.3387,-1.2810
-0.3090,-1.2874
-0.2790,-1.2924
-0.2487,-1.2962
-0.2181,-1.2987
-0.1874,-1.2999
-0.1564,-1.2998
-0.1253,-1.2984
-0.0941,-1.2958
-0.0628,-1.2919
-0.0314,-1.2867
0.0000,-1.2803
0.0314,-1.2725
0.0628,-1.2636
0.0941,-1.2533
0.1253,-1.2419
0.1564,-1.2292
0.1874,-1.2152
0.2181,-1.2002
0.2487,-1.1839
0.2790,-1.1664
0.3090,-1.1478
0.3387,-1.1280
0.3681,-1.1072
0.3971,-1.0853
0.4258,-1.0623
0.4540,-1.0382
0.4818,-1.0132
0.5090,-0.9871
0.5358,-0.9600
0.5621,-0.9320
0.5878,-0.9030
0.6129,-0.8732
0.6374,-0.8426
0.6613,-0.8110
0.6845,-0.7787
0.7071,-0.7456
0.7290,-0.7118
0.7501,-0.6773
0.7705,-0.6422
0.7902,-0.6063
0.8090,-0.5699
0.8271,-0.5330
0.8443,-0.4954
0.8607,-0.4574
0.8763,-0.4189
0.8910,-0.3801
0.9048,-0.3409
0.9178,-0.3012
0.9298,-0.2614
0.9409,-0.2212
0.9511,-0.1809
0.9603,-0.1404
0.9686,-0.0998
0.9759,-0.0590
0.9823,-0.0182
0.9877,0.0226
0.9921,0.0635
0.9956,0.1042
0.9980,0.1450
0.9995,0.1854
1.0000,0.2257
0.9995,0.2659
0.9980,0.3057
0.9956,0.3453
0.9921,0.3844
0.9877,0.4232
0.9823,0.4617
0.9759,0.4996
0.9686,0.5370
0.9603,0.5739
0.9511,0.6103
0.9409,0.6460
0.9298,0.6812
0.9178,0.7156
0.9048,0.7494
0.8910,0.7824
0.8763,0.8146
0.8607,0.8461
0.8443,0.8766
0.8271,0.9063
0.8090,0.9352
0.7902,0.9631
0.7705,0.9900
0.7501,1.0159
0.7290,1.0409
0.7071,1.0649
0.6845,1.0878
0.6613,1.1096
0.6374,1.1304
0.6129,1.1500
0.5878,1.1684
0.5621,1.1858
0.5358,1.2019
0.5090,1.2169
0.4818,1.2307
0.4540,1.2432
0.4258,1.2545
0.3971,1.2646
0.3681,1.2734
0.3387,1.2810
0.3090,1.2874
0.2790,1.2924
0.2487,1.2962
0.2181,1.2987
0.1874,1.2999
0.1564,1.2998
0.1253,1.2984
0.0941,1.2958
0.0628,1.2919
0.0314,1.2867
0.0000,1.2803
-0.0314,1.2726
-0.0628,1.2636
-0.0941,1.2533
-0.1253,1.2419
-0.1564,1.2292
-0.1874,1.2152
-0.2181,1.2002
-0.2487,1.1839
-0.2790,1.1664
-0.3090,1.1478
-0.3387,1.1281
-0.3681,1.1072
-0.3971,1.0853
-0.4258,1.0623
-0.4540,1.0383
-0.4818,1.0131
-0.5090,0.9871
-0.5358,0.9600
-0.5621,0.9320
-0.5878,0.9030
-0.6129,0.8732
-0.6374,0.8426
-0.6613,0.8110
-0.6845,0.7787
-0.7071,0.7457
-0.7290,0.7118
-0.7501,0.6773
-0.7705,0.6422
-0.7902,0.6064
-0.8090,0.5699
-0.8271,0.5330
-0.8443,0.4954
-0.8607,0.4574
-0.8763,0.4189
-0.8910,0.3801
-0.9048,0.3409
-0.9178,0.3012
-0.9298,0.2614
-0.9409,0.2213
-0.9511,0.1809
-0.9603,0.1404
-0.9686,0.0998
-0.9759,0.0589
-0.9823,0.0182
-0.9877,-0.0226
-0.9921,-0.0635
-0.9956,-0.1042
-0.9980,-0.1450
-0.9995,-0.1854
-1.0000,-0.2258
-0.9995,-0.2659
-0.9980,-0.3057
-0.9956,-0.3453
-0.9921,-0.3845
-0.9877,-0.4232
-0.9823,-0.4616
-0.9759,-0.4996
-0.9686,-0.5370
-0.9603,-0.5739
-0.9511,-0.6103
-0.9409,-0.6460
-0.9298,-0.6812
-0.9178,-0.7156
-0.9048,-0.7494
-0.8910,-0.7824
-0.8763,-0.8146
-0.8607,-0.8461
-0.8443,-0.8766
-0.8271,-0.9063
-0.8090,-0.9351
-0.7902,-0.9631
-0.7705,-0.9900
-0.7501,-1.0159
-0.7290,-1.0410
-0.7071,-1.0649
-0.6845,-1.0878
-0.6613,-1.1096
-0.6374,-1.1304
-0.6129,-1.1500
-0.5878,-1.1684
-0.5621,-1.1858
-0.5358,-1.2019
-0.5090,-1.2169
-0.4818,-1.2306
-0.4540,-1.2432
-0.4258,-1.2545
-0.3971,-1.2646
-0.3681,-1.2734
-0.3387,-1.2810
-0.3090,-1.2874
-0.2790,-1.2924
-0.2487,-1.2962
-0.2181,-1.2987
-0.1874,-1.2999
-0.1564,-1.2998
-0.1253,-1.2984
-0.0941,-1.2958
-0.0628,-1.2919
-0.0314,-1.2867
0.0000,-1.2803
0.0314,-1.2725
0.0628,-1.2635
0.0941,-1.2533
0.1253,-1.2418
0.1564,-1.2292
0.1874,-1.2152
0.2181,-1.2002
0.2487,-1.1839
0.2790,-1.1664
0.3090,-1.1478
0.3387,-1.1281
0.3681,-1.1073
0.3971,-1.0853
0.4258,-1.0623
0.4540,-1.0383
0.4818,-1.0131
0.5090,-0.9871
0.5358,-0.9600
0.5621,-0.9320
0.5878,-0.9030
0.6129,-0.8732
0.6374,-0.8426
0.6613,-0.8110
0.6845,-0.7787
0.7071,-0.7457
0.7290,-0.7119
0.7501,-0.6773
0.7705,-0.6422
0.7902,-0.6063
0.8090,-0.5699
0.8271,-0.5330
0.8443,-0.4954
0.8607,-0.4574
0.8763,-0.4189
0.8910,-0.3801
0.9048,-0.3409
0.9178,-0.3012
0.9298,-0.2614
0.9409,-0.2213
0.9511,-0.1810
0.9603,-0.1404
0.9686,-0.0998
0.9759,-0.0589
0.9823,-0.0182
0.9877,0.0226
0.9921,0.0635
0.9956,0.1042
0.9980,0.1450
0.9995,0.1854
1.0000,0.2259
0.9995,0.2659
0.9980,0.3057
0.9956,0.3452
0.9921,0.3845
0.9877,0.4232
0.9823,0.4616
0.9759,0.4996
0.9686,0.5370
0.9603,0.5739
0.9511,0.6103
0.9409,0.6460
0.9298,0.6812
0.9178,0.7156
0.9048,0.7495
0.8910,0.7824
0.8763,0.8146
0.8607,0.8460
0.8443,0.8766
0.8271,0.9063
0.8090,0.9351
0.7902,0.9631
0.7705,0.9900
0.7501,1.0159
0.7290,1.0410
0.7071,1.0649
0.6845,1.0878
0.6613,1.1096
0.6374,1.1304
0.6129,1.1500
0.5878,1.1684
0.5621,1.1857
0.5358,1.2019
0.5090,1.2169
0.4818,1.2306
0.4540,1.2432
0.4258,1.2545
0.3971,1.2646
0.3681,1.2735
0.3387,1.2810
0.3090,1.2874
0.2790,1.2924
0.2487,1.2962
0.2181,1.2987
0.1874,1.2999
0.1564,1.2998
0.1253,1.2984
0.0941,1.2958
0.0628,1.2919
0.0314,1.2867
0.0000,1.2803
-0.0314,1.2725
-0.0628,1.2635
-0.0941,1.2533
-0.1253,1.2418
-0.1564,1.2292
-0.1874,1.2152
-0.2181,1.2002
-0.2487,1.1839
-0.2790,1.1665
-0.3090,1.1478
-0.3387,1.1281
-0.3681,1.1073
-0.3971,1.0853
-0.4258,1.0623
-0.4540,1.0382
-0.4818,1.0131
-0.5090,0.9871
-0.5358,0.9600
-0.5621,0.9320
-0.5878,0.9030
-0.6129,0.8732
-0.6374,0.8426
-0.6613,0.8111
-0.6845,0.7787
-0.7071,0.7457
-0.7290,0.7119
-0.7501,0.6773
-0.7705,0.6422
-0.7902,0.6063
-0.8090,0.5699
-0.8271,0.5330
-0.8443,0.4953
-0.8607,0.4574
-0.8763,0.4189
-0.8910,0.3801
-0.9048,0.3409
-0.9178,0.3013
-0.9298,0.2614
-0.9409,0.2213
-0.9511,0.1810
-0.9603,0.1404
-0.9686,0.0998
-0.9759,0.0589
-0.9823,0.0182
-0.9877,-0.0226
-0.9921,-0.0635
-0.9956,-0.1042
-0.9980,-0.1450
-0.9995,-0.1854
-1.0000,-0.2257
-0.9995,-0.2659
-0.9980,-0.3057
-0.9956,-0.3452
-0.9921,-0.3843
-0.9877,-0.4232
-0.9823,-0.4616
-0.9759,-0.4996
-0.9686,-0.5370
-0.9603,-0.5739
-0.9511,-0.6103
-0.9409,-0.6460
-0.9298,-0.6813
-0.9178,-0.7156
-0.9048,-0.7493
-0.8910,-0.7824
-0.8763,-0.8146
-0.8607,-0.8460
-0.8443,-0.8765
-0.8271,-0.9063
-0.8090,-0.9351
-0.7902,-0.9631
-0.7705,-0.9900
-0.7501,-1.0159
-0.7290,-1.0410
-0.7071,-1.0649
-0.6845,-1.0878
-0.6613,-1.1096
-0.6374,-1.1303
-0.6129,-1.1500
-0.5878,-1.1684
-0.5621,-1.1857
-0.5358,-1.2019
-0.5090,-1.2169
-0.4818,-1.2306
-0.4540,-1.2432
-0.4258,-1.2545
-0.3971,-1.2646
-0.3681,-1.2735
-0.3387,-1.2810
-0.3090,-1.2874
-0.2790,-1.2924
-0.2487,-1.2962
-0.2181,-1.2987
-0.1874,-1.2999
-0.1564,-1.2998
-0.1253,-1.2985
-0.0941,-1.2958
-0.0628,-1.2919
-0.0314,-1.2867
0.0000,-1.2803
0.0314,-1.2725
0.0628,-1.2635
0.0941,-1.2533
0.1253,-1.2418
0.1564,-1.2292
0.1874,-1.2153
0.2181,-1.2002
0.2487,-1.1839
0.2790,-1.1665
0.3090,-1.1479
0.3387,-1.1281
0.3681,-1.1073
0.3971,-1.0853
0.4258,-1.0623
0.4540,-1.0382
0.4818,-1.0131
0.5090,-0.9871
0.5358,-0.9599
0.5621,-0.9320
0.5878,-0.9031
0.6129,-0.8732
0.6374,-0.8426
0.6613,-0.8111
0.6845,-0.7788
0.7071,-0.7457
0.7290,-0.7119
0.7501,-0.6773
0.7705,-0.6422
0.7902,-0.6062
0.8090,-0.5699
0.8271,-0.5329
0.8443,-0.4953
0.8607,-0.4574
0.8763,-0.4188
0.8910,-0.3800
0.9048,-0.3409
0.9178,-0.3013
0.9298,-0.2615
0.9409,-0.2213
0.9511,-0.1810
0.9603,-0.1404
0.9686,-0.0998
0.9759,-0.0589
0.9823,-0.0181
0.9877,0.0226
0.9921,0.0636
0.9956,0.1043
0.9980,0.1450
0.9995,0.1855
1.0000,0.2257
0.9995,0.2658
0.9980,0.3057
0.9956,0.3452
0.9921,0.3843
0.9877,0.4233
0.9823,0.4616
0.9759,0.4996
0.9686,0.5370
0.9603,0.5741
0.9511,0.6104
0.9409,0.6461
0.9298,0.6813
0.9178,0.7157
0.9048,0.7493
0.8910,0.7823
0.8763,0.8146
0.8607,0.8460
0.8443,0.8765
0.8271,0.9063
0.8090,0.9351
0.7902,0.9631
0.7705,0.9900
0.7501,1.0160
0.7290,1.0410
0.7071,1.0649
0.6845,1.0878
0.6613,1.1096
0.6374,1.1303
0.6129,1.1499
0.5878,1.1684
0.5621,1.1857
0.5358,1.2019
0.5090,1.2169
0.4818,1.2306
0.4540,1.2432
0.4258,1.2545
0.3971,1.2646
0.3681,1.2735
0.3387,1.2810
0.3090,1.2874
0.2790,1.2924
0.2487,1.2962
0.2181,1.2987
0.1874,1.2999
0.1564,1.2998
0.1253,1.2985
0.0941,1.2958
0.0628,1.2919
0.0314,1.2867
0.0000,1.2803
-0.0314,1.2725
-0.0628,1.2635
-0.0941,1.2533
-0.1253,1.2418
-0.1564,1.2292
-0.1874,1.2153
-0.2181,1.2002
-0.2487,1.1839
-0.2790,1.1665
-0.3090,1.1479
-0.3387,1.1281
-0.3681,1.1073
-0.3971,1.0853
-0.4258,1.0623
-0.4540,1.0382
-0.4818,1.0131
-0.5090,0.9871
-0.5358,0.9599
-0.5621,0.9320
-0.5878,0.9031
-0.6129,0.8733
-0.6374,0.8426
-0.6613,0.8111
-0.6845,0.7788
-0.7071,0.7457
-0.7290,0.7119
-0.7501,0.6773
-0.7705,0.6421
-0.7902,0.6062
-0.8090,0.5699
-0.8271,0.5328
-0.8443,0.4953
-0.8607,0.4574
-0.8763,0.4190
-0.8910,0.3802
-0.9048,0.3408
-0.9178,0.3013
-0.9298,0.2614
-0.9409,0.2213
-0.9511,0.1810
-0.9603,0.1404
-0.9686,0.0998
-0.9759,0.0589
-0.9823,0.0181
-0.9877,-0.0228
-0.9921,-0.0636
-0.9956,-0.1043
-0.9980,-0.1449
-0.9995,-0.1855
-1.0000,-0.2257
-0.9995,-0.2658
-0.9980,-0.3057
-0.9956,-0.3452
-0.9921,-0.3844
-0.9877,-0.4233
-0.9823,-0.4616
-0.9759,-0.4997
-0.9686,-0.5371
-0.9603,-0.5741
-0.9511,-0.6104
-0.9409,-0.6461
-0.9298,-0.6811
-0.9178,-0.7157
-0.9048,-0.7494
-0.8910,-0.7823
-0.8763,-0.8146
-0.8607,-0.8460
-0.8443,-0.8765
-0.8271,-0.9063
-0.8090,-0.9351
-0.7902,-0.9631
-0.7705,-0.9900
-0.7501,-1.0160
-0.7290,-1.0410
-0.7071,-1.0649
-0.6845,-1.0878
-0.6613,-1.1096
-0.6374,-1.1303
-0.6129,-1.1499
-0.5878,-1.1684
-0.5621,-1.1857
-0.5358,-1.2019
-0.5090,-1.2169
-0.4818,-1.2306
-0.4540,-1.2432
-0.4258,-1.2545
-0.3971,-1.2646
-0.3681,-1.2735
-0.3387,-1.2810
-0.3090,-1.2873
-0.2790,-1.2924
-0.2487,-1.2962
-0.2181,-1.2987
-0.1874,-1.2999
-0.1564,-1.2998
-0.1253,-1.2985
-0.0941,-1.2958
-0.0628,-1.2919
-0.0314,-1.2867
0.0000,-1.2803
0.0314,-1.2725
0.0628,-1.2635
0.0941,-1.2533
0.1253,-1.2419
0.1564,-1.2292
0.1874,-1.2153
0.2181,-1.2002
0.2487,-1.1839
0.2790,-1.1665
0.3090,-1.1478
0.3387,-1.1281
0.3681,-1.1073
0.3971,-1.0853
0.4258,-1.0623
0.4540,-1.0382
0.4818,-1.0131
0.5090,-0.9871
0.5358,-0.9600
0.5621,-0.9320
0.5878,-0.9031
0.6129,-0.8733
0.6374,-0.8425
0.6613,-0.8111
0.6845,-0.7787
0.7071,-0.7456
0.7290,-0.7119
0.7501,-0.6773
0.7705,-0.6421
0.7902,-0.6062
0.8090,-0.5699
0.8271,-0.5329
0.8443,-0.4953
0.8607,-0.4574
0.8763,-0.4190
0.8910,-0.3802
0.9048,-0.3408
0.9178,-0.3013
0.9298,-0.2613
0.9409,-0.2213
0.9511,-0.1810
0.9603,-0.1404
0.9686,-0.0997
0.9759,-0.0589
0.9823,-0.0181
0.9877,0.0227
0.9921,0.0636
0.9956,0.1043
0.9980,0.1449
0.9995,0.1853
1.0000,0.2258
0.9995,0.2658
0.9980,0.3057
0.9956,0.3452
0.9921,0.3844
0.9877,0.4233
0.9823,0.4616
0.9759,0.4997
0.9686,0.5371
0.9603,0.5739
0.9511,0.6104
0.9409,0.6461
0.9298,0.6811
0.9178,0.7155
0.9048,0.7494
0.8910,0.7823
0.8763,0.8146
0.8607,0.8460
0.8443,0.8765
0.8271,0.9063
0.8090,0.9351
0.7902,0.9631
0.7705,0.9900
0.7501,1.0160
0.7290,1.0410
0.7071,1.0649
0.6845,1.0878
0.6613,1.1096
0.6374,1.1303
0.6129,1.1499
0.5878,1.1685
0.5621,1.1858
0.5358,1.2019
0.5090,1.2169
0.4818,1.2306
0.4540,1.2432
0.4258,1.2545
0.3971,1.2646
0.3681,1.2735
0.3387,1.2810
0.3090,1.2873
0.2790,1.2924
0.2487,1.2962
0.2181,1.2987
0.1874,1.2999
0.1564,1.2998
0.1253,1.2984
0.0941,1.2958
0.0628,1.2919
0.0314,1.2867
0.0000,1.2802
-0.0314,1.2725
-0.0628,1.2635
-0.0941,1.2533
-0.1253,1.2419
-0.1564,1.2292
-0.1874,1.2153
-0.2181,1.2002
-0.2487,1.1839
-0.2790,1.1664
-0.3090,1.1478
-0.3387,1.1281
-0.3681,1.1073
-0.3971,1.0853
-0.4258,1.0623
-0.4540,1.0383
-0.4818,1.0131
-0.5090,0.9871
-0.5358,0.9600
-0.5621,0.9321
-0.5878,0.9031
-0.6129,0.8733
-0.6374,0.8425
-0.6613,0.8111
-0.6845,0.7787
-0.7071,0.7456
-0.7290,0.7119
-0.7501,0.6773
-0.7705,0.6421
-0.7902,0.6062
-0.8090,0.5698
-0.8271,0.5329
-0.8443,0.4955
-0.8607,0.4574
-0.8763,0.4190
-0.8910,0.3802
-0.9048,0.3408
-0.9178,0.3013
-0.9298,0.2613
-0.9409,0.2213
-0.9511,0.1810
-0.9603,0.1403
-0.9686,0.0997
-0.9759,0.0589
-0.9823,0.0181
-0.9877,-0.0227
-0.9921,-0.0634
-0.9956,-0.1043
-0.9980,-0.1449
-0.9995,-0.1853
-1.0000,-0.2258
-0.9995,-0.2658
-0.9980,-0.3057
-0.9956,-0.3452
-0.9921,-0.3844
-0.9877,-0.4233
-0.9823,-0.4616
-0.9759,-0.4997
-0.9686,-0.5371
-0.9603,-0.5739
-0.9511,-0.6102
-0.9409,-0.6461
-0.9298,-0.6812
-0.9178,-0.7156
-0.9048,-0.7494
-0.8910,-0.7823
-0.8763,-0.8146
-0.8607,-0.8460
-0.8443,-0.8767
-0.8271,-0.9063
-0.8090,-0.9351
-0.7902,-0.9631
-0.7705,-0.9900
-0.7501,-1.0160
-0.7290,-1.0409
-0.7071,-1.0649
-0.6845,-1.0878
-0.6613,-1.1096
-0.6374,-1.1303
-0.6129,-1.1499
-0.5878,-1.1685
-0.5621,-1.1858
-0.5358,-1.2019
-0.5090,-1.2169
-0.4818,-1.2306
-0.4540,-1.2432
-0.4258,-1.2545
-0.3971,-1.2646
-0.3681,-1.2734
-0.3387,-1.2810
-0.3090,-1.2873
-0.2790,-1.2924
-0.2487,-1.2962
-0.2181,-1.2987
-0.1874,-1.2999
-0.1564,-1.2998
-0.1253,-1.2984
-0.0941,-1.2958
-0.0628,-1.2919
-0.0314,-1.2867
0.0000,-1.2802
0.0314,-1.2725
0.0628,-1.2636
0.0941,-1.2533
0.1253,-1.2419
0.1564,-1.2292
0.1874,-1.2153
0.2181,-1.2002
0.2487,-1.1839
0.2790,-1.1664
0.3090,-1.1478
0.3387,-1.1281
0.3681,-1.1073
0.3971,-1.0853
0.4258,-1.0623
0.4540,-1.0382
0.4818,-1.0132
0.5090,-0.9870
0.5358,-0.9600
0.5621,-0.9321
0.5878,-0.9031
0.6129,-0.8733
0.6374,-0.8425
0.6613,-0.8111
0.6845,-0.7787
0.7071,-0.7456
0.7290,-0.7119
0.7501,-0.6773
0.7705,-0.6421
0.7902,-0.6063
0.8090,-0.5698
0.8271,-0.5329
0.8443,-0.4954
0.8607,-0.4575
0.8763,-0.4190
0.8910,-0.3801
0.9048,-0.3408
0.9178,-0.3013
0.9298,-0.2613
0.9409,-0.2212
0.9511,-0.1810
0.9603,-0.1403
0.9686,-0.0997
0.9759,-0.0590
0.9823,-0.0181
0.9877,0.0227
0.9921,0.0634
0.9956,0.1043
0.9980,0.1449
0.9995,0.1853
1.0000,0.2258
0.9995,0.2658
0.9980,0.3058
0.9956,0.3452
0.9921,0.3845
0.9877,0.4233
0.9823,0.4616
0.9759,0.4995
0.9686,0.5371
0.9603,0.5740
0.9511,0.6103
0.9409,0.6461
0.9298,0.6812
0.9178,0.7156
0.9048,0.7494
0.8910,0.7823
0.8763,0.8146
0.8607,0.8460
0.8443,0.8767
0.8271,0.9064
0.8090,0.9351
0.7902,0.9630
0.7705,0.9900
0.7501,1.0160
0.7290,1.0409
0.7071,1.0649
0.6845,1.0878
0.6613,1.1096
0.6374,1.1304
0.6129,1.1499
0.5878,1.1685
0.5621,1.1858
0.5358,1.2020
0.5090,1.2169
0.4818,1.2306
0.4540,1.2432
0.4258,1.2545
0.3971,1.2646
0.3681,1.2734
0.3387,1.2810
0.3090,1.2873
0.2790,1.2924
0.2487,1.2962
0.2181,1.2987
0.1874,1.2999
0.1564,1.2998
0.1253,1.2984
0.0941,1.2958
0.0628,1.2919
0.0314,1.2867
0.0000,1.2802
-0.0314,1.2725
-0.0628,1.2636
-0.0941,1.2533
-0.1253,1.2419
-0.1564,1.2292
-0.1874,1.2153
-0.2181,1.2002
-0.2487,1.1839
-0.2790,1.1664
-0.3090,1.1478
-0.3387,1.1281
-0.3681,1.1073
-0.3971,1.0853
-0.4258,1.0623
-0.4540,1.0382
-0.4818,1.0132
-0.5090,0.9870
-0.5358,0.9600
-0.5621,0.9321
-0.5878,0.9031
-0.6129,0.8733
-0.6374,0.8425
-0.6613,0.8110
-0.6845,0.7787
-0.7071,0.7456
-0.7290,0.7118
-0.7501,0.6772
-0.7705,0.6421
-0.7902,0.6063
-0.8090,0.5700
-0.8271,0.5329
-0.8443,0.4954
-0.8607,0.4573
-0.8763,0.4189
-0.8910,0.3801
-0.9048,0.3408
-0.9178,0.3013
-0.9298,0.2613
-0.9409,0.2212
-0.9511,0.1809
-0.9603,0.1403
-0.9686,0.0997
-0.9759,0.0590
-0.9823,0.0182
-0.9877,-0.0227
-0.9921,-0.0635
-0.9956,-0.1043
-0.9980,-0.1449
-0.9995,-0.1854
-1.0000,-0.2258
-0.9995,-0.2658
-0.9980,-0.3058
-0.9956,-0.3453
-0.9921,-0.3844
-0.9877,-0.4233
-0.9823,-0.4617
-0.9759,-0.4995
-0.9686,-0.5369
-0.9603,-0.5740
-0.9511,-0.6103
-0.9409,-0.6461
-0.9298,-0.6812
-0.9178,-0.7156
-0.9048,-0.7494
-0.8910,-0.7823
-0.8763,-0.8147
-0.8607,-0.8460
-0.8443,-0.8766
-0.8271,-0.9064
-0.8090,-0.9352
-0.7902,-0.9630
-0.7705,-0.9899
-0.7501,-1.0160
-0.7290,-1.0409
-0.7071,-1.0649
-0.6845,-1.0878
-0.6613,-1.1096
-0.6374,-1.1304
-0.6129,-1.1499
-0.5878,-1.1685
-0.5621,-1.1858
-0.5358,-1.2019
-0.5090,-1.2169
-0.4818,-1.2306
-0.4540,-1.2432
-0.4258,-1.2545
-0.3971,-1.2646
-0.3681,-1.2734
-0.3387,-1.2810
-0.3090,-1.2873
-0.2790,-1.2924
-0.2487,-1.2962
-0.2181,-1.2987
-0.1874,-1.2999
-0.1564,-1.2998
-0.1253,-1.2985
-0.0941,-1.2958
-0.0628,-1.2919
-0.0314,-1.2867
0.0000,-1.2803
0.0314,-1.2725
0.0628,-1.2636
0.0941,-1.2533
0.1253,-1.2419
0.1564,-1.2291
0.1874,-1.2153
0.2181,-1.2002
0.2487,-1.1839
0.2790,-1.1664
0.3090,-1.1478
0.3387,-1.1281
0.3681,-1.1072
0.3971,-1.0853
0.4258,-1.0624
0.4540,-1.0382
0.4818,-1.0132
0.5090,-0.9870
0.5358,-0.9600
0.5621,-0.9319
0.5878,-0.9030
0.6129,-0.8733
0.6374,-0.8425
0.6613,-0.8110
0.6845,-0.7786
0.7071,-0.7456
0.7290,-0.7118
0.7501,-0.6774
0.7705,-0.6421
0.7902,-0.6063
0.8090,-0.5700
0.8271,-0.5329
0.8443,-0.4954
0.8607,-0.4573
0.8763,-0.4189
0.8910,-0.3801
0.9048,-0.3408
0.9178,-0.3013
0.9298,-0.2613
0.9409,-0.2212
0.9511,-0.1809
0.9603,-0.1405
0.9686,-0.0997
0.9759,-0.0590
0.9823,-0.0182
0.9877,0.0227
0.9921,0.0635
0.9956,0.1043
0.9980,0.1449
0.9995,0.1854
1.0000,0.2258
0.9995,0.2658
0.9980,0.3058
0.9956,0.3453
0.9921,0.3844
0.9877,0.4232
0.9823,0.4617
0.9759,0.4996
0.9686,0.5370
0.9603,0.5740
0.9511,0.6103
0.9409,0.6461
0.9298,0.6812
0.9178,0.7156
0.9048,0.7494
0.8910,0.7824
0.8763,0.8147
0.8607,0.8460
0.8443,0.8766
0.8271,0.9063
0.8090,0.9352
0.7902,0.9630
0.7705,0.9899
0.7501,1.0160
0.7290,1.0409
0.7071,1.0649
0.6845,1.0878
0.6613,1.1097
0.6374,1.1304
0.6129,1.1500
0.5878,1.1685
0.5621,1.1858
0.5358,1.2019
0.5090,1.2168
0.4818,1.2307
0.4540,1.2432
0.4258,1.2545
0.3971,1.2646
0.3681,1.2734
0.3387,1.2810
0.3090,1.2873
0.2790,1.2924
0.2487,1.2962
0.2181,1.2987
0.1874,1.2999
0.1564,1.2998
0.1253,1.2985
0.0941,1.2958
0.0628,1.2919
0.0314,1.2867
0.0000,1.2803
-0.0314,1.2725
-0.0628,1.2636
-0.0941,1.2533
-0.1253,1.2419
-0.1564,1.2291
-0.1874,1.2153
-0.2181,1.2002
-0.2487,1.1839
-0.2790,1.1664
-0.3090,1.1478
-0.3387,1.1281
-0.3681,1.1072
-0.3971,1.0853
-0.4258,1.0623
-0.4540,1.0382
-0.4818,1.0132
-0.5090,0.9870
-0.5358,0.9600
-0.5621,0.9319
-0.5878,0.9030
-0.6129,0.8733
-0.6374,0.8425
-0.6613,0.8110
-0.6845,0.7788
-0.7071,0.7456
-0.7290,0.7118
-0.7501,0.6774
-0.7705,0.6422
-0.7902,0.6063
-0.8090,0.5699
-0.8271,0.5329
-0.8443,0.4954
-0.8607,0.4573
-0.8763,0.4189
-0.8910,0.3801
-0.9048,0.3408
-0.9178,0.3013
-0.9298,0.2614
-0.9409,0.2212
-0.9511,0.1809
-0.9603,0.1405
-0.9686,0.0998
-0.9759,0.0590
-0.9823,0.0182
-0.9877,-0.0227
-0.9921,-0.0635
-0.9956,-0.1043
-0.9980,-0.1449
-0.9995,-0.1854
-1.0000,-0.2258
-0.9995,-0.2659
-0.9980,-0.3056
-0.9956,-0.3453
-0.9921,-0.3844
-0.9877,-0.4232
-0.9823,-0.4617
-0.9759,-0.4996
-0.9686,-0.5370
-0.9603,-0.5740
-0.9511,-0.6103
-0.9409,-0.6461
-0.9298,-0.6812
-0.9178,-0.7157
-0.9048,-0.7494
-0.8910,-0.7824
-0.8763,-0.8145
-0.8607,-0.8460
-0.8443,-0.8766
-0.8271,-0.9063
-0.8090,-0.9352
-0.7902,-0.9630
-0.7705,-0.9899
-0.7501,-1.0160
-0.7290,-1.0409
-0.7071,-1.0649
-0.6845,-1.0878
-0.6613,-1.1097
-0.6374,-1.1304
-0.6129,-1.1500
-0.5878,-1.1684
-0.5621,-1.1858
-0.5358,-1.2019
-0.5090,-1.2169
-0.4818,-1.2307
-0.4540,-1.2432
-0.4258,-1.2545
-0.3971,-1.2646
-0.3681,-1.2734
-0.3387,-1.2810
-0.3090,-1.2874
-0.2790,-1.2924
-0.2487,-1.2962
-0.2181,-1.2987
-0.1874,-1.2999
-0.1564,-1.2998
-0.1253,-1.2984
-0.0941,-1.2958
-0.0628,-1.2919
-0.0314,-1.2867
0.0000,-1.2803
0.0314,-1.2725
0.0628,-1.2636
0.0941,-1.2533
0.1253,-1.2419
0.1564,-1.2291
0.1874,-1.2153
0.2181,-1.2002
0.2487,-1.1839
0.2790,-1.1664
0.3090,-1.1478
0.3387,-1.1281
0.3681,-1.1072
0.3971,-1.0853
0.4258,-1.0623
0.4540,-1.0382
0.4818,-1.0132
0.5090,-0.9870
0.5358,-0.9600
0.5621,-0.9319
0.5878,-0.9030
0.6129,-0.8732
0.6374,-0.8425
0.6613,-0.8110
0.6845,-0.7788
0.7071,-0.7457
0.7290,-0.7118
0.7501,-0.6773
0.7705,-0.6422
0.7902,-0.6063
0.8090,-0.5699
0.8271,-0.5329
0.8443,-0.4954
0.8607,-0.4573
0.8763,-0.4189
0.8910,-0.3801
0.9048,-0.3408
0.9178,-0.3012
0.9298,-0.2614
0.9409,-0.2214
0.9511,-0.1809
0.9603,-0.1404
0.9686,-0.0997
0.9759,-0.0590
0.9823,-0.0182
0.9877,0.0227
0.9921,0.0635
0.9956,0.1043
0.9980,0.1449
0.9995,0.1854
1.0000,0.2258
0.9995,0.2659
0.9980,0.3056
0.9956,0.3451
0.9921,0.3844
0.9877,0.4232
0.9823,0.4617
0.9759,0.4996
0.9686,0.5370
0.9603,0.5740
0.9511,0.6103
0.9409,0.6461
0.9298,0.6812
0.9178,0.7156
0.9048,0.7494
0.8910,0.7824
0.8763,0.8146
0.8607,0.8459
0.8443,0.8766
0.8271,0.9063
0.8090,0.9352
0.7902,0.9630
0.7705,0.9900
0.7501,1.0160
0.7290,1.0409
0.7071,1.0649
0.6845,1.0878
0.6613,1.1096
0.6374,1.1304
0.6129,1.1500
0.5878,1.1684
0.5621,1.1857
0.5358,1.2019
0.5090,1.2169
0.4818,1.2307
0.4540,1.2432
0.4258,1.2545
0.3971,1.2646
0.3681,1.2734
0.3387,1.2810
0.3090,1.2874
0.2790,1.2924
0.2487,1.2962
0.2181,1.2987
0.1874,1.2999
0.1564,1.2998
0.1253,1.2984
0.0941,1.2958
0.0628,1.2919
0.0314,1.2867
0.0000,1.2803
-0.0314,1.2725
-0.0628,1.2636
-0.0941,1.2533
-0.1253,1.2419
-0.1564,1.2291
-0.1874,1.2153
-0.2181,1.2002
-0.2487,1.1839
-0.2790,1.1664
-0.3090,1.1478
-0.3387,1.1281
-0.3681,1.1072
-0.3971,1.0853
-0.4258,1.0622
-0.4540,1.0382
-0.4818,1.0132
-0.5090,0.9870
-0.5358,0.9600
-0.5621,0.9319
-0.5878,0.9030
-0.6129,0.8732
-0.6374,0.8426
-0.6613,0.8110
-0.6845,0.7787
-0.7071,0.7457
-0.7290,0.7118
-0.7501,0.6773
-0.7705,0.6421
-0.7902,0.6063
-0.8090,0.5699
-0.8271,0.5328
-0.8443,0.4954
-0.8607,0.4573
-0.8763,0.4189
-0.8910,0.3801
-0.9048,0.3409
-0.9178,0.3012
-0.9298,0.2614
-0.9409,0.2213
-0.9511,0.1809
-0.9603,0.1404
-0.9686,0.0997
-0.9759,0.0590
-0.9823,0.0182
-0.9877,-0.0227
-0.9921,-0.0635
-0.9956,-0.1044
-0.9980,-0.1450
-0.9995,-0.1854
-1.0000,-0.2257
-0.9995,-0.2659
-0.9980,-0.3057
-0.9956,-0.3451
-0.9921,-0.3844
-0.9877,-0.4232
-0.9823,-0.4617
-0.9759,-0.4996
-0.9686,-0.5370
-0.9603,-0.5740
-0.9511,-0.6103
-0.9409,-0.6462
-0.9298,-0.6812
-0.9178,-0.7156
-0.9048,-0.7493
-0.8910,-0.7824
-0.8763,-0.8146
-0.8607,-0.8459
-0.8443,-0.8766
-0.8271,-0.9063
-0.8090,-0.9352
-0.7902,-0.9630
-0.7705,-0.9900
-0.7501,-1.0160
-0.7290,-1.0409
-0.7071,-1.0650
-0.6845,-1.0878
-0.6613,-1.1096
-0.6374,-1.1303
-0.6129,-1.1500
-0.5878,-1.1684
-0.5621,-1.1857
-0.5358,-1.2019
-0.5090,-1.2169
-0.4818,-1.2307
-0.4540,-1.2432
-0.4258,-1.2545
-0.3971,-1.2646
-0.3681,-1.2734
-0.3387,-1.2810
-0.3090,-1.2874
-0.2790,-1.2924
-0.2487,-1.2962
-0.2181,-1.2987
-0.1874,-1.2999
-0.1564,-1.2998
-0.1253,-1.2984
-0.0941,-1.2958
-0.0628,-1.2919
-0.0314,-1.2867
0.0000,-1.2802
0.0314,-1.2725
0.0628,-1.2636
0.0941,-1.2533
0.1253,-1.2419
0.1564,-1.2292
0.1874,-1.2152
0.2181,-1.2002
0.2487,-1.1839
0.2790,-1.1665
0.3090,-1.1478
0.3387,-1.1281
0.3681,-1.1072
0.3971,-1.0853
0.4258,-1.0622
0.4540,-1.0382
0.4818,-1.0132
0.5090,-0.9870
0.5358,-0.9600
0.5621,-0.9320
0.5878,-0.9030
0.6129,-0.8732
0.6374,-0.8426
0.6613,-0.8111
0.6845,-0.7787
0.7071,-0.7457
0.7290,-0.7118
0.7501,-0.6773
0.7705,-0.6421
0.7902,-0.6063
0.8090,-0.5699
0.8271,-0.5328
0.8443,-0.4954
0.8607,-0.4574
0.8763,-0.4189
0.8910,-0.3801
0.9048,-0.3409
0.9178,-0.3014
0.9298,-0.2614
0.9409,-0.2213
0.9511,-0.1809
0.9603,-0.1404
0.9686,-0.0997
0.9759,-0.0589
0.9823,-0.0182
0.9877,0.0228
0.9921,0.0635
0.9956,0.1042
0.9980,0.1450
0.9995,0.1854
1.0000,0.2257
0.9995,0.2657
0.9980,0.3057
0.9956,0.3452
0.9921,0.3845
0.9877,0.4232
0.9823,0.4617
0.9759,0.4996
0.9686,0.5370
0.9603,0.5740
0.9511,0.6103
0.9409,0.6460
0.9298,0.6812
0.9178,0.7156
0.9048,0.7493
0.8910,0.7823
0.8763,0.8146
0.8607,0.8459
0.8443,0.8766
0.8271,0.9063
0.8090,0.9352
0.7902,0.9631
0.7705,0.9901
0.7501,1.0160
0.7290,1.0410
0.7071,1.0649
0.6845,1.0878
0.6613,1.1096
0.6374,1.1303
0.6129,1.1500
0.5878,1.1684
0.5621,1.1857
0.5358,1.2019
0.5090,1.2169
0.4818,1.2307
0.4540,1.2432
0.4258,1.2546
0.3971,1.2646
0.3681,1.2734
0.3387,1.2810
0.3090,1.2874
0.2790,1.2924
0.2487,1.2962
0.2181,1.2987
0.1874,1.2999
0.1564,1.2998
0.1253,1.2984
0.0941,1.2958
0.0628,1.2919
0.0314,1.2867
0.0000,1.2802
-0.0314,1.2725
-0.0628,1.2636
-0.0941,1.2533
-0.1253,1.2419
-0.1564,1.2292
-0.1874,1.2153
-0.2181,1.2002
-0.2487,1.1839
-0.2790,1.1665
-0.3090,1.1478
-0.3387,1.1281
-0.3681,1.1072
-0.3971,1.0853
-0.4258,1.0622
-0.4540,1.0382
-0.4818,1.0131
-0.5090,0.9870
-0.5358,0.9600
-0.5621,0.9320
-0.5878,0.9031
-0.6129,0.8732
-0.6374,0.8426
-0.6613,0.8111
-0.6845,0.7787
-0.7071,0.7457
-0.7290,0.7118
-0.7501,0.6773
-0.7705,0.6420
-0.7902,0.6063
-0.8090,0.5699
-0.8271,0.5328
-0.8443,0.4954
-0.8607,0.4574
-0.8763,0.4190
-0.8910,0.3801
-0.9048,0.3409
-0.9178,0.3014
-0.9298,0.2614
-0.9409,0.2213
-0.9511,0.1809
-0.9603,0.1404
-0.9686,0.0996
-0.9759,0.0589
-0.9823,0.0182
-0.9877,-0.0228
-0.9921,-0.0635
-0.9956,-0.1042
-0.9980,-0.1448
-0.9995,-0.1854
-1.0000,-0.2257
-0.9995,-0.2659
-0.9980,-0.3057
-0.9956,-0.3452
-0.9921,-0.3845
-0.9877,-0.4232
-0.9823,-0.4617
-0.9759,-0.4996
-0.9686,-0.5370
-0.9603,-0.5740
-0.9511,-0.6103
-0.9409,-0.6460
-0.9298,-0.6811
-0.9178,-0.7156
-0.9048,-0.7493
-0.8910,-0.7824
-0.8763,-0.8146
-0.8607,-0.8460
-0.8443,-0.8766
-0.8271,-0.9063
-0.8090,-0.9352
-0.7902,-0.9631
-0.7705,-0.9900
-0.7501,-1.0160
-0.7290,-1.0410
-0.7071,-1.0649
-0.6845,-1.0877
-0.6613,-1.1096
-0.6374,-1.1303
-0.6129,-1.1500
-0.5878,-1.1684
-0.5621,-1.1857
-0.5358,-1.2019
-0.5090,-1.2169
-0.4818,-1.2307
-0.4540,-1.2432
-0.4258,-1.2546
-0.3971,-1.2646
-0.3681,-1.2734
-0.3387,-1.2810
-0.3090,-1.2873
-0.2790,-1.2924
-0.2487,-1.2962
-0.2181,-1.2987
-0.1874,-1.2999
-0.1564,-1.2998
-0.1253,-1.2984
-0.0941,-1.2958
-0.0628,-1.2919
-0.0314,-1.2867
0.0000,-1.2802
0.0314,-1.2725
0.0628,-1.2635
0.0941,-1.2533
0.1253,-1.2418
0.1564,-1.2292
0.1874,-1.2153
0.2181,-1.2002
0.2487,-1.1839
0.2790,-1.1665
0.3090,-1.1478
0.3387,-1.1281
0.3681,-1.1072
0.3971,-1.0853
0.4258,-1.0622
0.4540,-1.0382
0.4818,-1.0131
0.5090,-0.9871
0.5358,-0.9600
0.5621,-0.9320
0.5878,-0.9031
0.6129,-0.8732
0.6374,-0.8426
0.6613,-0.8111
0.6845,-0.7787
0.7071,-0.7457
0.7290,-0.7118
0.7501,-0.6773
0.7705,-0.6420
0.7902,-0.6063
0.8090,-0.5699
0.8271,-0.5330
0.8443,-0.4954
0.8607,-0.4574
0.8763,-0.4190
0.8910,-0.3801
0.9048,-0.3409
0.9178,-0.3012
0.9298,-0.2614
0.9409,-0.2213
0.9511,-0.1809
0.9603,-0.1404
0.9686,-0.0996
0.9759,-0.0589
0.9823,-0.0182
0.9877,0.0226
0.9921,0.0635
0.9956,0.1042
0.9980,0.1448
0.9995,0.1854
1.0000,0.2257
0.9995,0.2659
0.9980,0.3057
0.9956,0.3452
0.9921,0.3845
0.9877,0.4232
0.9823,0.4617
0.9759,0.4996
0.9686,0.5370
0.9603,0.5739
0.9511,0.6103
0.9409,0.6460
0.9298,0.6811
0.9178,0.7156
0.9048,0.7493
0.8910,0.7824
0.8763,0.8146
0.8607,0.8460
0.8443,0.8766
0.8271,0.9063
0.8090,0.9352
0.7902,0.9631
0.7705,0.9900
0.7501,1.0159
0.7290,1.0410
0.7071,1.0649
0.6845,1.0877
0.6613,1.1096
0.6374,1.1303
0.6129,1.1500
0.5878,1.1684
0.5621,1.1857
0.5358,1.2019
0.5090,1.2169
0.4818,1.2307
0.4540,1.2432
0.4258,1.2545
0.3971,1.2646
0.3681,1.2735
0.3387,1.2810
0.3090,1.2873
0.2790,1.2924
0.2487,1.2962
0.2181,1.2987
0.1874,1.2999
0.1564,1.2998
0.1253,1.2984
0.0941,1.2958
0.0628,1.2919
0.0314,1.2867
0.0000,1.2803
-0.0314,1.2725
-0.0628,1.2635
-0.0941,1.2533
-0.1253,1.2419
-0.1564,1.2292
-0.1874,1.2153
-0.2181,1.2002
-0.2487,1.1839
-0.2790,1.1664
-0.3090,1.1478
-0.3387,1.1281
-0.3681,1.1072
-0.3971,1.0853
-0.4258,1.0623
-0.4540,1.0382
-0.4818,1.0131
-0.5090,0.9871
-0.5358,0.9601
-0.5621,0.9320
-0.5878,0.9031
-0.6129,0.8732
-0.6374,0.8426
-0.6613,0.8110
-0.6845,0.7787
-0.7071,0.7457
-0.7290,0.7118
-0.7501,0.6773
-0.7705,0.6422
-0.7902,0.6062
-0.8090,0.5699
-0.8271,0.5329
-0.8443,0.4955
-0.8607,0.4574
-0.8763,0.4190
-0.8910,0.3800
-0.9048,0.3409
-0.9178,0.3012
-0.9298,0.2614
-0.9409,0.2213
-0.9511,0.1809
-0.9603,0.1404
-0.9686,0.0998
-0.9759,0.0589
-0.9823,0.0181
-0.9877,-0.0226
-0.9921,-0.0634
-0.9956,-0.1042
-0.9980,-0.1448
-0.9995,-0.1855
-1.0000,-0.2257
-0.9995,-0.2659
-0.9980,-0.3057
-0.9956,-0.3452
-0.9921,-0.3845
-0.9877,-0.4232
-0.9823,-0.4616
-0.9759,-0.4996
-0.9686,-0.5370
-0.9603,-0.5739
-0.9511,-0.6102
-0.9409,-0.6461
-0.9298,-0.6811
-0.9178,-0.7156
-0.9048,-0.7493
-0.8910,-0.7824
-0.8763,-0.8146
-0.8607,-0.8460
-0.8443,-0.8766
-0.8271,-0.9063
-0.8090,-0.9351
-0.7902,-0.9631
-0.7705,-0.9900
-0.7501,-1.0159
-0.7290,-1.0409
-0.7071,-1.0649
-0.6845,-1.0878
-0.6613,-1.1096
-0.6374,-1.1303
-0.6129,-1.1500
-0.5878,-1.1684
-0.5621,-1.1858
-0.5358,-1.2019
-0.5090,-1.2169
-0.4818,-1.2306
-0.4540,-1.2432
-0.4258,-1.2545
-0.3971,-1.2646
-0.3681,-1.2735
-0.3387,-1.2810
-0.3090,-1.2873
-0.2790,-1.2924
-0.2487,-1.2962
-0.2181,-1.2987
-0.1874,-1.2999
-0.1564,-1.2998
-0.1253,-1.2984
-0.0941,-1.2958
-0.0628,-1.2919
-0.0314,-1.2867
0.0000,-1.2803
0.0314,-1.2725
0.0628,-1.2635
0.0941,-1.2533
0.1253,-1.2419
0.1564,-1.2292
0.1874,-1.2153
0.2181,-1.2002
0.2487,-1.1839
0.2790,-1.1664
0.3090,-1.1478
0.3387,-1.1281
0.3681,-1.1072
0.3971,-1.0853
0.4258,-1.0623
0.4540,-1.0383
0.4818,-1.0131
0.5090,-0.9871
0.5358,-0.9601
0.5621,-0.9320
0.5878,-0.9031
0.6129,-0.8732
0.6374,-0.8426
0.6613,-0.8110
0.6845,-0.7787
0.7071,-0.7457
0.7290,-0.7118
0.7501,-0.6773
0.7705,-0.6421
0.7902,-0.6064
0.8090,-0.5699
0.8271,-0.5329
0.8443,-0.4955
0.8607,-0.4574
0.8763,-0.4190
0.8910,-0.3800
0.9048,-0.3409
0.9178,-0.3012
0.9298,-0.2614
0.9409,-0.2213
0.9511,-0.1808
0.9603,-0.1404
0.9686,-0.0998
0.9759,-0.0591
0.9823,-0.0181
0.9877,0.0226
0.9921,0.0634
0.9956,0.1043
0.9980,0.1449
0.9995,0.1855
1.0000,0.2257
0.9995,0.2659
0.9980,0.3057
0.9956,0.3452
0.9921,0.3845
0.9877,0.4233
0.9823,0.4616
0.9759,0.4995
0.9686,0.5370
0.9603,0.5739
0.9511,0.6104
0.9409,0.6461
0.9298,0.6811
0.9178,0.7157
0.9048,0.7493
0.8910,0.7824
0.8763,0.8146
0.8607,0.8460
0.8443,0.8766
0.8271,0.9063
0.8090,0.9351
0.7902,0.9630
0.7705,0.9900
0.7501,1.0159
0.7290,1.0410
0.7071,1.0649
0.6845,1.0878
0.6613,1.1096
0.6374,1.1303
0.6129,1.1500
0.5878,1.1684
0.5621,1.1858
0.5358,1.2019
0.5090,1.2169
0.4818,1.2306
0.4540,1.2432
0.4258,1.2545
0.3971,1.2646
0.3681,1.2735
0.3387,1.2810
0.3090,1.2873
0.2790,1.2924
0.2487,1.2962
0.2181,1.2987
0.1874,1.2999
0.1564,1.2998
0.1253,1.2984
0.0941,1.2958
0.0628,1.2919
0.0314,1.2867
0.0000,1.2803
-0.0314,1.2725
-0.0628,1.2635
-0.0941,1.2533
-0.1253,1.2419
-0.1564,1.2292
-0.1874,1.2153
-0.2181,1.2001
-0.2487,1.1839
-0.2790,1.1664
-0.3090,1.1478
-0.3387,1.1281
-0.3681,1.1073
-0.3971,1.0853
-0.4258,1.0623
-0.4540,1.0383
-0.4818,1.0131
-0.5090,0.9871
-0.5358,0.9600
-0.5621,0.9320
-0.5878,0.9031
-0.6129,0.8732
-0.6374,0.8425
-0.6613,0.8110
-0.6845,0.7787
-0.7071,0.7457
-0.7290,0.7119
-0.7501,0.6773
-0.7705,0.6421
-0.7902,0.6064
-0.8090,0.5699
-0.8271,0.5329
-0.8443,0.4955
-0.8607,0.4574
-0.8763,0.4190
-0.8910,0.3800
-0.9048,0.3408
-0.9178,0.3012
-0.9298,0.2614
-0.9409,0.2213
-0.9511,0.1810
-0.9603,0.1404
-0.9686,0.0998
-0.9759,0.0590
-0.9823,0.0181
-0.9877,-0.0227
-0.9921,-0.0636
-0.9956,-0.1043
-0.9980,-0.1449
-0.9995,-0.1855
-1.0000,-0.2257
-0.9995,-0.2659
-0.9980,-0.3057
-0.9956,-0.3452
-0.9921,-0.3844
-0.9877,-0.4233
-0.9823,-0.4616
-0.9759,-0.4995
-0.9686,-0.5371
-0.9603,-0.5739
-0.9511,-0.6104
-0.9409,-0.6461
-0.9298,-0.6811
-0.9178,-0.7157
-0.9048,-0.7494
-0.8910,-0.7824
-0.8763,-0.8146
-0.8607,-0.8460
-0.8443,-0.8765
-0.8271,-0.9063
-0.8090,-0.9351
-0.7902,-0.9630
-0.7705,-0.9900
-0.7501,-1.0159
-0.7290,-1.0410
-0.7071,-1.0649
-0.6845,-1.0878
-0.6613,-1.1096
-0.6374,-1.1303
-0.6129,-1.1500
-0.5878,-1.1684
-0.5621,-1.1857
-0.5358,-1.2019
-0.5090,-1.2169
-0.4818,-1.2306
-0.4540,-1.2432
-0.4258,-1.2545
-0.3971,-1.2646
-0.3681,-1.2735
-0.3387,-1.2810
-0.3090,-1.2873
-0.2790,-1.2924
-0.2487,-1.2962
-0.2181,-1.2987
-0.1874,-1.2999
-0.1564,-1.2998
-0.1253,-1.2984
-0.0941,-1.2958
-0.0628,-1.2919
-0.0314,-1.2867
0.0000,-1.2802
0.0314,-1.2725
0.0628,-1.2635
0.0941,-1.2533
0.1253,-1.2419
0.1564,-1.2292
0.1874,-1.2153
0.2181,-1.2001
0.2487,-1.1839
0.2790,-1.1664
0.3090,-1.1478
0.3387,-1.1281
0.3681,-1.1073
0.3971,-1.0854
0.4258,-1.0623
0.4540,-1.0383
0.4818,-1.0131
0.5090,-0.9871
0.5358,-0.9599
0.5621,-0.9320
0.5878,-0.9031
0.6129,-0.8732
0.6374,-0.8425
0.6613,-0.8111
0.6845,-0.7787
0.7071,-0.7456
0.7290,-0.7119
0.7501,-0.6774
0.7705,-0.6421
0.7902,-0.6064
0.8090,-0.5698
0.8271,-0.5329
0.8443,-0.4953
0.8607,-0.4574
0.8763,-0.4190
0.8910,-0.3800
0.9048,-0.3408
0.9178,-0.3013
0.9298,-0.2613
0.9409,-0.2213
0.9511,-0.1810
0.9603,-0.1405
0.9686,-0.0997
0.9759,-0.0590
0.9823,-0.0181
0.9877,0.0227
0.9921,0.0636
0.9956,0.1043
0.9980,0.1449
0.9995,0.1855
1.0000,0.2258
0.9995,0.2658
0.9980,0.3057
0.9956,0.3452
0.9921,0.3844
0.9877,0.4231
0.9823,0.4616
0.9759,0.4995
0.9686,0.5371
0.9603,0.5739
0.9511,0.6104
0.9409,0.6461
0.9298,0.6811
0.9178,0.7157
0.9048,0.7494
0.8910,0.7823
0.8763,0.8146
0.8607,0.8460
0.8443,0.8765
0.8271,0.9062
0.8090,0.9351
0.7902,0.9630
0.7705,0.9900
0.7501,1.0160
0.7290,1.0410
0.7071,1.0649
0.6845,1.0878
0.6613,1.1096
0.6374,1.1303
0.6129,1.1499
0.5878,1.1685
0.5621,1.1858
0.5358,1.2019
0.5090,1.2168
0.4818,1.2306
0.4540,1.2432
0.4258,1.2545
0.3971,1.2646
0.3681,1.2735
0.3387,1.2810
0.3090,1.2873
0.2790,1.2924
0.2487,1.2962
0.2181,1.2987
0.1874,1.2999
0.1564,1.2998
0.1253,1.2985
0.0941,1.2958
0.0628,1.2919
0.0314,1.2867
0.0000,1.2802
-0.0314,1.2725
-0.0628,1.2635
-0.0941,1.2533
-0.1253,1.2418
-0.1564,1.2292
-0.1874,1.2153
-0.2181,1.2001
-0.2487,1.1839
-0.2790,1.1664
-0.3090,1.1479
-0.3387,1.1281
-0.3681,1.1073
-0.3971,1.0854
-0.4258,1.0623
-0.4540,1.0383
-0.4818,1.0131
-0.5090,0.9871
-0.5358,0.9599
-0.5621,0.9320
-0.5878,0.9031
-0.6129,0.8732
-0.6374,0.8425
-0.6613,0.8111
-0.6845,0.7788
-0.7071,0.7456
-0.7290,0.7119
-0.7501,0.6774
-0.7705,0.6421
-0.7902,0.6063
-0.8090,0.5698
-0.8271,0.5329
-0.8443,0.4953
-0.8607,0.4574
-0.8763,0.4190
-0.8910,0.3800
-0.9048,0.3408
-0.9178,0.3013
-0.9298,0.2615
-0.9409,0.2213
-0.9511,0.1810
-0.9603,0.1405
-0.9686,0.0997
-0.9759,0.0590
-0.9823,0.0181
-0.9877,-0.0227
-0.9921,-0.0636
-0.9956,-0.1043
-0.9980,-0.1449
-0.9995,-0.1855
-1.0000,-0.2258
-0.9995,-0.2658
-0.9980,-0.3056
-0.9956,-0.3452
-0.9921,-0.3844
-0.9877,-0.4231
-0.9823,-0.4616
-0.9759,-0.4995
-0.9686,-0.5371
-0.9603,-0.5739
-0.9511,-0.6104
-0.9409,-0.6461
-0.9298,-0.6812
-0.9178,-0.7157
-0.9048,-0.7494
-0.8910,-0.7823
-0.8763,-0.8145
-0.8607,-0.8460
-0.8443,-0.8766
-0.8271,-0.9062
-0.8090,-0.9351
-0.7902,-0.9630
-0.7705,-0.9900
-0.7501,-1.0160
-0.7290,-1.0410
-0.7071,-1.0649
-0.6845,-1.0878
-0.6613,-1.1097
-0.6374,-1.1303
-0.6129,-1.1499
-0.5878,-1.1684
-0.5621,-1.1858
-0.5358,-1.2019
-0.5090,-1.2169
-0.4818,-1.2306
-0.4540,-1.2432
-0.4258,-1.2545
-0.3971,-1.2646
-0.3681,-1.2735
-0.3387,-1.2810
-0.3090,-1.2874
-0.2790,-1.2924
-0.2487,-1.2962
-0.2181,-1.2987
-0.1874,-1.2999
-0.1564,-1.2998
-0.1253,-1.2984
-0.0941,-1.2958
-0.0628,-1.2919
-0.0314,-1.2867
0.0000,-1.2802
0.0314,-1.2725
0.0628,-1.2635
0.0941,-1.2533
0.1253,-1.2418
0.1564,-1.2292
0.1874,-1.2153
0.2181,-1.2002
0.2487,-1.1839
0.2790,-1.1664
0.3090,-1.1479
0.3387,-1.1281
0.3681,-1.1073
0.3971,-1.0853
0.4258,-1.0623
0.4540,-1.0382
0.4818,-1.0131
0.5090,-0.9870
0.5358,-0.9599
0.5621,-0.9319
0.5878,-0.9031
0.6129,-0.8733
0.6374,-0.8425
0.6613,-0.8111
0.6845,-0.7788
0.7071,-0.7456
0.7290,-0.7119
0.7501,-0.6774
0.7705,-0.6421
0.7902,-0.6063
0.8090,-0.5698
0.8271,-0.5329
0.8443,-0.4953
0.8607,-0.4573
0.8763,-0.4190
0.8910,-0.3801
0.9048,-0.3408
0.9178,-0.3013
0.9298,-0.2615
0.9409,-0.2212
0.9511,-0.1810
0.9603,-0.1405
0.9686,-0.0997
0.9759,-0.0590
0.9823,-0.0181
0.9877,0.0227
0.9921,0.0636
0.9956,0.1043
0.9980,0.1449
0.9995,0.1854
1.0000,0.2258
0.9995,0.2658
0.9980,0.3056
0.9956,0.3452
0.9921,0.3844
0.9877,0.4233
0.9823,0.4616
0.9759,0.4995
0.9686,0.5371
0.9603,0.5740
0.9511,0.6104
0.9409,0.6461
0.9298,0.6812
0.9178,0.7156
0.9048,0.7494
0.8910,0.7823
0.8763,0.8145
0.8607,0.8460
0.8443,0.8766
0.8271,0.9064
0.8090,0.9351
0.7902,0.9630
0.7705,0.9900
0.7501,1.0160
0.7290,1.0410
0.7071,1.0649
0.6845,1.0878
0.6613,1.1096
0.6374,1.1304
0.6129,1.1499
0.5878,1.1684
0.5621,1.1858
0.5358,1.2019
0.5090,1.2169
0.4818,1.2306
0.4540,1.2432
0.4258,1.2545
0.3971,1.2646
0.3681,1.2735
0.3387,1.2810
0.3090,1.2873
0.2790,1.2924
0.2487,1.2962
0.2181,1.2987
0.1874,1.2999
0.1564,1.2998
0.1253,1.2984
0.0941,1.2958
0.0628,1.2919
0.0314,1.2867
0.0000,1.2802
-0.0314,1.2725
-0.0628,1.2635
-0.0941,1.2533
-0.1253,1.2419
-0.1564,1.2291
-0.1874,1.2153
-0.2181,1.2002
-0.2487,1.1839
-0.2790,1.1664
-0.3090,1.1479
-0.3387,1.1281
-0.3681,1.1072
-0.3971,1.0853
-0.4258,1.0623
-0.4540,1.0382
-0.4818,1.0131
-0.5090,0.9870
-0.5358,0.9600
-0.5621,0.9319
-0.5878,0.9030
-0.6129,0.8733
-0.6374,0.8426
-0.6613,0.8110
-0.6845,0.7788
-0.7071,0.7456
-0.7290,0.7118
-0.7501,0.6772
-0.7705,0.6421
-0.7902,0.6063
-0.8090,0.5698
-0.8271,0.5329
-0.8443,0.4954
-0.8607,0.4573
-0.8763,0.4189
-0.8910,0.3801
-0.9048,0.3409
-0.9178,0.3013
-0.9298,0.2615
-0.9409,0.2212
-0.9511,0.1809
-0.9603,0.1403
-0.9686,0.0997
-0.9759,0.0590
-0.9823,0.0181
-0.9877,-0.0227
-0.9921,-0.0635
-0.9956,-0.1043
-0.9980,-0.1449
-0.9995,-0.1854
-1.0000,-0.2256
-0.9995,-0.2658
-0.9980,-0.3056
-0.9956,-0.3453
-0.9921,-0.3844
-0.9877,-0.4233
-0.9823,-0.4617
-0.9759,-0.4995
-0.9686,-0.5371
-0.9603,-0.5740
-0.9511,-0.6103
-0.9409,-0.6461
-0.9298,-0.6812
-0.9178,-0.7156
-0.9048,-0.7493
-0.8910,-0.7823
-0.8763,-0.8145
-0.8607,-0.8460
-0.8443,-0.8766
-0.8271,-0.9064
-0.8090,-0.9352
-0.7902,-0.9630
-0.7705,-0.9900
-0.7501,-1.0160
-0.7290,-1.0409
-0.7071,-1.0649
-0.6845,-1.0878
-0.6613,-1.1096
-0.6374,-1.1303
-0.6129,-1.1499
-0.5878,-1.1684
-0.5621,-1.1858
-0.5358,-1.2019
-0.5090,-1.2169
-0.4818,-1.2306
-0.4540,-1.2432
-0.4258,-1.2545
-0.3971,-1.2646
-0.3681,-1.2735
-0.3387,-1.2810
-0.3090,-1.2873
-0.2790,-1.2924
-0.2487,-1.2962
-0.2181,-1.2987
-0.1874,-1.2999
-0.1564,-1.2998
-0.1253,-1.2984
-0.0941,-1.2958
-0.0628,-1.2919
-0.0314,-1.2867
0.0000,-1.2802
0.0314,-1.2725
0.0628,-1.2635
0.0941,-1.2533
0.1253,-1.2419
0.1564,-1.2292
0.1874,-1.2153
0.2181,-1.2002
0.2487,-1.1839
0.2790,-1.1664
0.3090,-1.1478
0.3387,-1.1281
0.3681,-1.1072
0.3971,-1.0852
0.4258,-1.0623
0.4540,-1.0382
0.4818,-1.0131
0.5090,-0.9870
0.5358,-0.9600
0.5621,-0.9320
0.5878,-0.9030
0.6129,-0.8733
0.6374,-0.8426
0.6613,-0.8110
0.6845,-0.7788
0.7071,-0.7456
0.7290,-0.7118
0.7501,-0.6772
0.7705,-0.6421
0.7902,-0.6063
0.8090,-0.5698
0.8271,-0.5329
0.8443,-0.4954
0.8607,-0.4575
0.8763,-0.4189
0.8910,-0.3801
0.9048,-0.3409
0.9178,-0.3013
0.9298,-0.2615
0.9409,-0.2212
0.9511,-0.1809
0.9603,-0.1403
0.9686,-0.0997
0.9759,-0.0590
0.9823,-0.0181
0.9877,0.0227
0.9921,0.0635
0.9956,0.1042
0.9980,0.1449
0.9995,0.1854
1.0000,0.2256
0.9995,0.2658
0.9980,0.3056
0.9956,0.3453
0.9921,0.3844
0.9877,0.4233
0.9823,0.4617
0.9759,0.4996
0.9686,0.5371
0.9603,0.5740
0.9511,0.6103
0.9409,0.6460
0.9298,0.6812
0.9178,0.7156
0.9048,0.7493
0.8910,0.7824
0.8763,0.8145
0.8607,0.8460
0.8443,0.8766
0.8271,0.9064
0.8090,0.9352
0.7902,0.9630
0.7705,0.9900
0.7501,1.0160
0.7290,1.0409
0.7071,1.0648
0.6845,1.0878
0.6613,1.1096
0.6374,1.1303
0.6129,1.1499
0.5878,1.1684
0.5621,1.1858
0.5358,1.2019
0.5090,1.2169
0.4818,1.2306
0.4540,1.2432
0.4258,1.2545
0.3971,1.2646
0.3681,1.2734
0.3387,1.2810
0.3090,1.2873
0.2790,1.2924
0.2487,1.2962
0.2181,1.2987
0.1874,1.2999
0.1564,1.2998
0.1253,1.2984
0.0941,1.2958
0.0628,1.2919
0.0314,1.2867
0.0000,1.2802
-0.0314,1.2725
-0.0628,1.2636
-0.0941,1.2533
-0.1253,1.2419
-0.1564,1.2292
-0.1874,1.2153
-0.2181,1.2002
-0.2487,1.1839
-0.2790,1.1664
-0.3090,1.1478
-0.3387,1.1281
-0.3681,1.1072
-0.3971,1.0852
-0.4258,1.0623
-0.4540,1.0382
-0.4818,1.0132
-0.5090,0.9870
-0.5358,0.9600
-0.5621,0.9320
-0.5878,0.9030
-0.6129,0.8733
-0.6374,0.8426
-0.6613,0.8110
-0.6845,0.7788
-0.7071,0.7456
-0.7290,0.7118
-0.7501,0.6772
-0.7705,0.6421
-0.7902,0.6063
-0.8090,0.5699
-0.8271,0.5329
-0.8443,0.4954
-0.8607,0.4575
-0.8763,0.4189
-0.8910,0.3801
-0.9048,0.3409
-0.9178,0.3013
-0.9298,0.2614
-0.9409,0.2212
-0.9511,0.1809
-0.9603,0.1403
-0.9686,0.0997
-0.9759,0.0590
-0.9823,0.0182
-0.9877,-0.0227
-0.9921,-0.0635
-0.9956,-0.1042
-0.9980,-0.1449
-0.9995,-0.1854
-1.0000,-0.2257
-0.9995,-0.2659
-0.9980,-0.3056
-0.9956,-0.3453
-0.9921,-0.3844
-0.9877,-0.4233
-0.9823,-0.4617
-0.9759,-0.4996
-0.9686,-0.5370
-0.9603,-0.5740
-0.9511,-0.6103
-0.9409,-0.6460
-0.9298,-0.6812
-0.9178,-0.7156
-0.9048,-0.7494
-0.8910,-0.7824
-0.8763,-0.8145
-0.8607,-0.8460
-0.8443,-0.8766
-0.8271,-0.9064
-0.8090,-0.9352
-0.7902,-0.9630
-0.7705,-0.9899
-0.7501,-1.0160
-0.7290,-1.0409
-0.7071,-1.0648
-0.6845,-1.0878
-0.6613,-1.1096
-0.6374,-1.1304
-0.6129,-1.1500
-0.5878,-1.1684
-0.5621,-1.1858
-0.5358,-1.2019
-0.5090,-1.2169
-0.4818,-1.2307
-0.4540,-1.2432
-0.4258,-1.2545
-0.3971,-1.2646
-0.3681,-1.2734
-0.3387,-1.2810
-0.3090,-1.2873
-0.2790,-1.2924
-0.2487,-1.2962
-0.2181,-1.2987
-0.1874,-1.2999
-0.1564,-1.2998
-0.1253,-1.2984
-0.0941,-1.2958
-0.0628,-1.2919
-0.0314,-1.2867
0.0000,-1.2802
0.0314,-1.2725
0.0628,-1.2636
0.0941,-1.2533
0.1253,-1.2419
0.1564,-1.2292
0.1874,-1.2153
0.2181,-1.2002
0.2487,-1.1839
0.2790,-1.1664
0.3090,-1.1478
0.3387,-1.1281
0.3681,-1.1072
0.3971,-1.0853
0.4258,-1.0622
0.4540,-1.0382
0.4818,-1.0132
0.5090,-0.9871
0.5358,-0.9600
0.5621,-0.9320
0.5878,-0.9030
0.6129,-0.8732
0.6374,-0.8426
0.6613,-0.8110
0.6845,-0.7787
0.7071,-0.7456
0.7290,-0.7118
0.7501,-0.6773
0.7705,-0.6421
0.7902,-0.6063
0.8090,-0.5699
0.8271,-0.5330
0.8443,-0.4954
0.8607,-0.4575
0.8763,-0.4189
0.8910,-0.3801
0.9048,-0.3409
0.9178,-0.3012
0.9298,-0.2614
0.9409,-0.2212
0.9511,-0.1809
0.9603,-0.1404
0.9686,-0.0997
0.9759,-0.0590
0.9823,-0.0182
0.9877,0.0226
0.9921,0.0635
0.9956,0.1042
0.9980,0.1449
0.9995,0.1854
1.0000,0.2258
0.9995,0.2659
0.9980,0.3057
0.9956,0.3453
0.9921,0.3844
0.9877,0.4232
0.9823,0.4617
0.9759,0.4996
0.9686,0.5370
0.9603,0.5739
0.9511,0.6103
0.9409,0.6460
0.9298,0.6812
0.9178,0.7156
0.9048,0.7494
0.8910,0.7824
0.8763,0.8146
0.8607,0.8461
0.8443,0.8766
0.8271,0.9063
0.8090,0.9352
0.7902,0.9630
0.7705,0.9900
0.7501,1.0159
0.7290,1.0409
0.7071,1.0649
0.6845,1.0878
0.6613,1.1096
0.6374,1.1304
0.6129,1.1500
0.5878,1.1684
0.5621,1.1858
0.5358,1.2019
0.5090,1.2169
0.4818,1.2307
0.4540,1.2432
0.4258,1.2545
0.3971,1.2646
0.3681,1.2734
0.3387,1.2810
0.3090,1.2873
0.2790,1.2924
0.2487,1.2962
0.2181,1.2987
0.1874,1.2999
0.1564,1.2998
0.1253,1.2984
0.0941,1.2958
0.0628,1.2919
0.0314,1.2867
0.0000,1.2803
-0.0314,1.2725
-0.0628,1.2636
-0.0941,1.2533
-0.1253,1.2419
-0.1564,1.2292
-0.1874,1.2152
-0.2181,1.2002
-0.2487,1.1839
-0.2790,1.1664
-0.3090,1.1478
-0.3387,1.1280
-0.3681,1.1072
-0.3971,1.0853
-0.4258,1.0623
-0.4540,1.0382
-0.4818,1.0132
-0.5090,0.9871
-0.5358,0.9600
-0.5621,0.9320
-0.5878,0.9030
-0.6129,0.8732
-0.6374,0.8425
-0.6613,0.8110
-0.6845,0.7787
-0.7071,0.7456
-0.7290,0.7118
-0.7501,0.6773
-0.7705,0.6422
-0.7902,0.6063
-0.8090,0.5699
-0.8271,0.5330
-0.8443,0.4954
-0.8607,0.4574
-0.8763,0.4189
-0.8910,0.3801
-0.9048,0.3408
-0.9178,0.3012
-0.9298,0.2614
-0.9409,0.2212
-0.9511,0.1809
-0.9603,0.1404
-0.9686,0.0998
-0.9759,0.0590
-0.9823,0.0182
-0.9877,-0.0226
-0.9921,-0.0635
-0.9956,-0.1042
-0.9980,-0.1450
-0.9995,-0.1854
-1.0000,-0.2258
-0.9995,-0.2659
-0.9980,-0.3057
-0.9956,-0.3453
-0.9921,-0.3844
-0.9877,-0.4232
-0.9823,-0.4616
-0.9759,-0.4996
-0.9686,-0.5370
-0.9603,-0.5739
-0.9511,-0.6103
-0.9409,-0.6460
-0.9298,-0.6812
-0.9178,-0.7156
-0.9048,-0.7494
-0.8910,-0.7824
-0.8763,-0.8146
-0.8607,-0.8461
-0.8443,-0.8766
-0.8271,-0.9063
-0.8090,-0.9351
-0.7902,-0.9630
-0.7705,-0.9900
-0.7501,-1.0159
-0.7290,-1.0409
-0.7071,-1.0649
-0.6845,-1.0878
-0.6613,-1.1096
-0.6374,-1.1304
-0.6129,-1.1500
-0.5878,-1.1684
-0.5621,-1.1858
-0.5358,-1.2019
-0.5090,-1.2169
-0.4818,-1.2307
-0.4540,-1.2432
-0.4258,-1.2545
-0.3971,-1.2646
-0.3681,-1.2734
-0.3387,-1.2810
-0.3090,-1.2874
-0.2790,-1.2924
-0.2487,-1.2962
-0.2181,-1.2987
-0.1874,-1.2999
-0.1564,-1.2998
-0.1253,-1.2984
-0.0941,-1.2958
-0.0628,-1.2919
-0.0314,-1.2867
0.0000,-1.2803
0.0314,-1.2725
0.0628,-1.2636
0.0941,-1.2533
0.1253,-1.2419
0.1564,-1.2292
0.1874,-1.2152
0.2181,-1.2002
0.2487,-1.1838
0.2790,-1.1664
0.3090,-1.1478
0.3387,-1.1281
0.3681,-1.1072
0.3971,-1.0853
0.4258,-1.0623
0.4540,-1.0382
0.4818,-1.0132
0.5090,-0.9871
0.5358,-0.9600
0.5621,-0.9320
0.5878,-0.9030
0.6129,-0.8732
0.6374,-0.8425
0.6613,-0.8110
0.6845,-0.7787
0.7071,-0.7457
0.7290,-0.7118
0.7501,-0.6773
0.7705,-0.6422
0.7902,-0.6063
0.8090,-0.5699
0.8271,-0.5330
0.8443,-0.4954
0.8607,-0.4574
0.8763,-0.4189
0.8910,-0.3801
0.9048,-0.3407
0.9178,-0.3012
0.9298,-0.2614
0.9409,-0.2213
0.9511,-0.1809
0.9603,-0.1404
0.9686,-0.0998
0.9759,-0.0589
0.9823,-0.0182
0.9877,0.0226
0.9921,0.0635
0.9956,0.1042
0.9980,0.1450
0.9995,0.1854
1.0000,0.2258
0.9995,0.2659
0.9980,0.3057
0.9956,0.3452
0.9921,0.3845
0.9877,0.4232
0.9823,0.4616
0.9759,0.4996
0.9686,0.5370
0.9603,0.5739
0.9511,0.6103
0.9409,0.6460
0.9298,0.6812
0.9178,0.7156
0.9048,0.7494
0.8910,0.7824
0.8763,0.8146
0.8607,0.8460
0.8443,0.8766
0.8271,0.9063
0.8090,0.9351
0.7902,0.9631
0.7705,0.9900
0.7501,1.0159
0.7290,1.0410
0.7071,1.0649
0.6845,1.0878
0.6613,1.1096
0.6374,1.1304
0.6129,1.1500
0.5878,1.1684
0.5621,1.1858
0.5358,1.2019
0.5090,1.2169
0.4818,1.2306
0.4540,1.2432
0.4258,1.2545
0.3971,1.2646
0.3681,1.2734
0.3387,1.2810
0.3090,1.2874
0.2790,1.2924
0.2487,1.2962
0.2181,1.2987
0.1874,1.2999
0.1564,1.2998
0.1253,1.2984
0.0941,1.2958
0.0628,1.2919
0.0314,1.2867
0.0000,1.2803
-0.0314,1.2725
-0.0628,1.2635
-0.0941,1.2533
-0.1253,1.2418
-0.1564,1.2292
-0.1874,1.2152
-0.2181,1.2002
-0.2487,1.1839
-0.2790,1.1664
-0.3090,1.1478
-0.3387,1.1281
-0.3681,1.1073
-0.3971,1.0853
-0.4258,1.0623
-0.4540,1.0382
-0.4818,1.0131
-0.5090,0.9871
-0.5358,0.9600
-0.5621,0.9320
-0.5878,0.9030
-0.6129,0.8732
-0.6374,0.8426
-0.6613,0.8110
-0.6845,0.7787
-0.7071,0.7457
-0.7290,0.7119
-0.7501,0.6773
-0.7705,0.6422
-0.7902,0.6063
-0.8090,0.5699
-0.8271,0.5330
-0.8443,0.4954
-0.8607,0.4574
-0.8763,0.4189
-0.8910,0.3801
-0.9048,0.3409
-0.9178,0.3012
-0.9298,0.2614
-0.9409,0.2213
-0.9511,0.1810
-0.9603,0.1404
-0.9686,0.0998
-0.9759,0.0589
-0.9823,0.0182
-0.9877,-0.0226
-0.9921,-0.0635
-0.9956,-0.1042
-0.9980,-0.1450
-0.9995,-0.1854
-1.0000,-0.2257
-0.9995,-0.2659
-0.9980,-0.3057
-0.9956,-0.3452
-0.9921,-0.3843
-0.9877,-0.4232
-0.9823,-0.4616
-0.9759,-0.4996
-0.9686,-0.5370
-0.9603,-0.5740
-0.9511,-0.6103
-0.9409,-0.6460
-0.9298,-0.6812
-0.9178,-0.7156
-0.9048,-0.7493
-0.8910,-0.7824
-0.8763,-0.8146
-0.8607,-0.8460
-0.8443,-0.8765
-0.8271,-0.9063
-0.8090,-0.9351
-0.7902,-0.9631
-0.7705,-0.9900
-0.7501,-1.0160
-0.7290,-1.0410
-0.7071,-1.0649
-0.6845,-1.0878
-0.6613,-1.1096
-0.6374,-1.1304
-0.6129,-1.1500
-0.5878,-1.1684
-0.5621,-1.1857
-0.5358,-1.2019
-0.5090,-1.2169
-0.4818,-1.2306
-0.4540,-1.2432
-0.4258,-1.2545
-0.3971,-1.2646
-0.3681,-1.2734
-0.3387,-1.2810
-0.3090,-1.2874
-0.2790,-1.2924
-0.2487,-1.2962
-0.2181,-1.2987
-0.1874,-1.2999
-0.1564,-1.2998
-0.1253,-1.2984
-0.0941,-1.2958
-0.0628,-1.2919
-0.0314,-1.2867
0.0000,-1.2803
0.0314,-1.2725
0.0628,-1.2635
0.0941,-1.2533
0.1253,-1.2418
0.1564,-1.2292
0.1874,-1.2152
0.2181,-1.2002
0.2487,-1.1839
0.2790,-1.1665
0.3090,-1.1478
0.3387,-1.1281
0.3681,-1.1073
0.3971,-1.0853
0.4258,-1.0623
0.4540,-1.0382
0.4818,-1.0131
0.5090,-0.9871
0.5358,-0.9600
0.5621,-0.9320
0.5878,-0.9030
0.6129,-0.8732
0.6374,-0.8426
0.6613,-0.8111
0.6845,-0.7787
0.7071,-0.7457
0.7290,-0.7119
0.7501,-0.6773
0.7705,-0.6422
0.7902,-0.6063
0.8090,-0.5699
0.8271,-0.5328
0.8443,-0.4954
0.8607,-0.4574
0.8763,-0.4189
0.8910,-0.3801
0.9048,-0.3409
0.9178,-0.3014
0.9298,-0.2614
0.9409,-0.2213
0.9511,-0.1810
0.9603,-0.1404
0.9686,-0.0998
0.9759,-0.0589
0.9823,-0.0182
0.9877,0.0228
0.9921,0.0635
0.9956,0.1042
0.9980,0.1450
0.9995,0.1854
1.0000,0.2257
0.9995,0.2658
0.9980,0.3057
0.9956,0.3452
0.9921,0.3843
0.9877,0.4232
0.9823,0.4616
0.9759,0.4996
0.9686,0.5370
0.9603,0.5740
0.9511,0.6103
0.9409,0.6460
0.9298,0.6812
0.9178,0.7156
0.9048,0.7493
0.8910,0.7823
0.8763,0.8146
0.8607,0.8460
0.8443,0.8765
0.8271,0.9063
0.8090,0.9351
0.7902,0.9631
0.7705,0.9900
0.7501,1.0160
0.7290,1.0410
0.7071,1.0649
0.6845,1.0878
0.6613,1.1096
0.6374,1.1303
0.6129,1.1500
0.5878,1.1684
0.5621,1.1857
0.5358,1.2019
0.5090,1.2169
0.4818,1.2306
0.4540,1.2432
0.4258,1.2545
0.3971,1.2646
0.3681,1.2735
0.3387,1.2810
0.3090,1.2874
0.2790,1.2924
0.2487,1.2962
0.2181,1.2987
0.1874,1.2999
0.1564,1.2998
0.1253,1.2985
0.0941,1.2958
0.0628,1.2919
0.0314,1.2867
0.0000,1.2803
-0.0314,1.2725
-0.0628,1.2635
-0.0941,1.2533
-0.1253,1.2418
-0.1564,1.2292
-0.1874,1.2153
-0.2181,1.2002
-0.2487,1.1839
-0.2790,1.1665
-0.3090,1.1478
-0.3387,1.1281
-0.3681,1.1073
-0.3971,1.0853
-0.4258,1.0623
-0.4540,1.0382
-0.4818,1.0131
-0.5090,0.9870
-0.5358,0.9600
-0.5621,0.9320
-0.5878,0.9031
-0.6129,0.8732
-0.6374,0.8426
-0.6613,0.8111
-0.6845,0.7787
-0.7071,0.7457
-0.7290,0.7119
-0.7501,0.6773
-0.7705,0.6422
-0.7902,0.6062
-0.8090,0.5699
-0.8271,0.5328
-0.8443,0.4953
-0.8607,0.4574
-0.8763,0.4190
-0.8910,0.3800
-0.9048,0.3409
-0.9178,0.3013
-0.9298,0.2614
-0.9409,0.2213
-0.9511,0.1810
-0.9603,0.1404
-0.9686,0.0998
-0.9759,0.0589
-0.9823,0.0181
-0.9877,-0.0228
-0.9921,-0.0636
-0.9956,-0.1043
-0.9980,-0.1448
-0.9995,-0.1855
-1.0000,-0.2257
-0.9995,-0.2658
-0.9980,-0.3057
-0.9956,-0.3452
-0.9921,-0.3843
-0.9877,-0.4232
-0.9823,-0.4616
-0.9759,-0.4996
-0.9686,-0.5370
-0.9603,-0.5740
-0.9511,-0.6104
-0.9409,-0.6461
-0.9298,-0.6813
-0.9178,-0.7157
-0.9048,-0.7493
-0.8910,-0.7823
-0.8763,-0.8146
-0.8607,-0.8460
-0.8443,-0.8765
-0.8271,-0.9063
-0.8090,-0.9351
-0.7902,-0.9631
-0.7705,-0.9900
-0.7501,-1.0160
-0.7290,-1.0410
-0.7071,-1.0649
-0.6845,-1.0878
-0.6613,-1.1096
-0.6374,-1.1303
-0.6129,-1.1499
-0.5878,-1.1684
-0.5621,-1.1857
-0.5358,-1.2019
-0.5090,-1.2169
-0.4818,-1.2306
-0.4540,-1.2432
-0.4258,-1.2545
-0.3971,-1.2646
-0.3681,-1.2735
-0.3387,-1.2810
-0.3090,-1.2874
-0.2790,-1.2924
-0.2487,-1.2962
-0.2181,-1.2987
-0.1874,-1.2999
-0.1564,-1.2998
-0.1253,-1.2984
-0.0941,-1.2958
-0.0628,-1.2919
-0.0314,-1.2867
0.0000,-1.2803
0.0314,-1.2725
0.0628,-1.2635
0.0941,-1.2533
0.1253,-1.2418
0.1564,-1.2292
0.1874,-1.2153
0.2181,-1.2002
0.2487,-1.1839
0.2790,-1.1665
0.3090,-1.1478
0.3387,-1.1281
0.3681,-1.1073
0.3971,-1.0853
0.4258,-1.0623
0.4540,-1.0382
0.4818,-1.0131
0.5090,-0.9871
0.5358,-0.9599
0.5621,-0.9320
0.5878,-0.9031
0.6129,-0.8733
0.6374,-0.8426
0.6613,-0.8111
0.6845,-0.7787
0.7071,-0.7457
0.7290,-0.7119
0.7501,-0.6773
0.7705,-0.6421
0.7902,-0.6062
0.8090,-0.5699
0.8271,-0.5329
0.8443,-0.4953
0.8607,-0.4574
0.8763,-0.4190
0.8910,-0.3802
0.9048,-0.3408
0.9178,-0.3013
0.9298,-0.2614
0.9409,-0.2213
0.9511,-0.1810
0.9603,-0.1404
0.9686,-0.0998
0.9759,-0.0589
0.9823,-0.0181
0.9877,0.0226
0.9921,0.0636
0.9956,0.1043
0.9980,0.1449
0.9995,0.1853
1.0000,0.2257
0.9995,0.2658
0.9980,0.3057
0.9956,0.3452
0.9921,0.3843
0.9877,0.4233
0.9823,0.4616
0.9759,0.4996
0.9686,0.5370
0.9603,0.5741
0.9511,0.6104
0.9409,0.6461
0.9298,0.6811
0.9178,0.7155
0.9048,0.7494
0.8910,0.7823
0.8763,0.8146
0.8607,0.8460
0.8443,0.8766
0.8271,0.9063
0.8090,0.9351
0.7902,0.9631
0.7705,0.9900
0.7501,1.0160
0.7290,1.0410
0.7071,1.0649
0.6845,1.0878
0.6613,1.1096
0.6374,1.1303
0.6129,1.1499
0.5878,1.1684
0.5621,1.1857
0.5358,1.2019
0.5090,1.2169
0.4818,1.2306
0.4540,1.2432
0.4258,1.2545
0.3971,1.2646
0.3681,1.2735
0.3387,1.2810
0.3090,1.2873
0.2790,1.2924
0.2487,1.2962
0.2181,1.2987
0.1874,1.2999
0.1564,1.2998
0.1253,1.2984
0.0941,1.2958
0.0628,1.2919
0.0314,1.2867
0.0000,1.2803
-0.0314,1.2725
-0.0628,1.2635
-0.0941,1.2533
-0.1253,1.2419
-0.1564,1.2292
-0.1874,1.2153
-0.2181,1.2002
-0.2487,1.1839
-0.2790,1.1665
-0.3090,1.1478
-0.3387,1.1281
-0.3681,1.1073
-0.3971,1.0853
-0.4258,1.0623
-0.4540,1.0382
-0.4818,1.0131
-0.5090,0.9871
-0.5358,0.9600
-0.5621,0.9320
-0.5878,0.9031
-0.6129,0.8733
-0.6374,0.8425
-0.6613,0.8111
-0.6845,0.7787
-0.7071,0.7456
-0.7290,0.7119
-0.7501,0.6773
-0.7705,0.6421
-0.7902,0.6062
-0.8090,0.5699
-0.8271,0.5329
-0.8443,0.4955
-0.8607,0.4574
-0.8763,0.4190
-0.8910,0.3802
-0.9048,0.3408
-0.9178,0.3013
-0.9298,0.2614
-0.9409,0.2213
-0.9511,0.1810
-0.9603,0.1404
-0.9686,0.0998
-0.9759,0.0589
-0.9823,0.0181
-0.9877,-0.0227
-0.9921,-0.0634
-0.9956,-0.1043
-0.9980,-0.1449
-0.9995,-0.1853
-1.0000,-0.2257
-0.9995,-0.2658
-0.9980,-0.3057
-0.9956,-0.3452
-0.9921,-0.3845
-0.9877,-0.4233
-0.9823,-0.4616
-0.9759,-0.4997
-0.9686,-0.5371
-0.9603,-0.5739
-0.9511,-0.6102
-0.9409,-0.6461
-0.9298,-0.6811
-0.9178,-0.7155
-0.9048,-0.7494
-0.8910,-0.7823
-0.8763,-0.8146
-0.8607,-0.8460
-0.8443,-0.8767
-0.8271,-0.9063
-0.8090,-0.9351
-0.7902,-0.9631
-0.7705,-0.9900
-0.7501,-1.0160
-0.7290,-1.0410
-0.7071,-1.0649
-0.6845,-1.0878
-0.6613,-1.1096
-0.6374,-1.1303
-0.6129,-1.1499
-0.5878,-1.1684
-0.5621,-1.1857
-0.5358,-1.2019
-0.5090,-1.2169
-0.4818,-1.2306
-0.4540,-1.2432
-0.4258,-1.2545
-0.3971,-1.2646
-0.3681,-1.2735
-0.3387,-1.2810
-0.3090,-1.2873
-0.2790,-1.2924
-0.2487,-1.2962
-0.2181,-1.2987
-0.1874,-1.2999
-0.1564,-1.2998
-0.1253,-1.2984
-0.0941,-1.2958
-0.0628,-1.2919
-0.0314,-1.2867
0.0000,-1.2802
0.0314,-1.2725
0.0628,-1.2635
0.0941,-1.2533
0.1253,-1.2419
0.1564,-1.2292
0.1874,-1.2153
0.2181,-1.2002
0.2487,-1.1839
0.2790,-1.1664
0.3090,-1.1478
0.3387,-1.1281
0.3681,-1.1073
0.3971,-1.0853
0.4258,-1.0623
0.4540,-1.0383
0.4818,-1.0131
0.5090,-0.9871
0.5358,-0.9600
0.5621,-0.9321
0.5878,-0.9031
0.6129,-0.8733
0.6374,-0.8425
0.6613,-0.8111
0.6845,-0.7787
0.7071,-0.7456
0.7290,-0.7117
0.7501,-0.6773
0.7705,-0.6421
0.7902,-0.6064
0.8090,-0.5698
0.8271,-0.5329
0.8443,-0.4955
0.8607,-0.4574
0.8763,-0.4190
0.8910,-0.3802
0.9048,-0.3408
0.9178,-0.3013
0.9298,-0.2613
0.9409,-0.2213
0.9511,-0.1808
0.9603,-0.1403
0.9686,-0.0997
0.9759,-0.0590
0.9823,-0.0181
0.9877,0.0227
0.9921,0.0634
0.9956,0.1043
0.9980,0.1449
0.9995,0.1853
1.0000,0.2258
0.9995,0.2658
0.9980,0.3057
0.9956,0.3452
0.9921,0.3845
0.9877,0.4233
0.9823,0.4616
0.9759,0.4997
0.9686,0.5371
0.9603,0.5739
0.9511,0.6102
0.9409,0.6461
0.9298,0.6812
0.9178,0.7155
0.9048,0.7494
0.8910,0.7823
0.8763,0.8146
0.8607,0.8460
0.8443,0.8767
0.8271,0.9063
0.8090,0.9351
0.7902,0.9631
0.7705,0.9900
0.7501,1.0160
0.7290,1.0409
0.7071,1.0649
0.6845,1.0878
0.6613,1.1096
0.6374,1.1303
0.6129,1.1499
0.5878,1.1685
0.5621,1.1858
0.5358,1.2019
0.5090,1.2169
0.4818,1.2306
0.4540,1.2432
0.4258,1.2545
0.3971,1.2646
0.3681,1.2734
0.3387,1.2810
0.3090,1.2873
0.2790,1.2924
0.2487,1.2962
0.2181,1.2987
0.1874,1.2999
0.1564,1.2998
0.1253,1.2984
0.0941,1.2958
0.0628,1.2919
0.0314,1.2867
0.0000,1.2802
-0.0314,1.2725
-0.0628,1.2636
-0.0941,1.2533
-0.1253,1.2419
-0.1564,1.2292
-0.1874,1.2153
-0.2181,1.2002
-0.2487,1.1839
-0.2790,1.1664
-0.3090,1.1478
-0.3387,1.1281
-0.3681,1.1073
-0.3971,1.0853
-0.4258,1.0623
-0.4540,1.0383
-0.4818,1.0132
-0.5090,0.9871
-0.5358,0.9600
-0.5621,0.9320
-0.5878,0.9031
-0.6129,0.8733
-0.6374,0.8425
-0.6613,0.8111
-0.6845,0.7787
-0.7071,0.7456
-0.7290,0.7119
-0.7501,0.6773
-0.7705,0.6421
-0.7902,0.6063
-0.8090,0.5700
-0.8271,0.5329
-0.8443,0.4954
-0.8607,0.4574
-0.8763,0.4190
-0.8910,0.3802
-0.9048,0.3408
-0.9178,0.3013
-0.9298,0.2613
-0.9409,0.2213
-0.9511,0.1810
-0.9603,0.1403
-0.9686,0.0997
-0.9759,0.0590
-0.9823,0.0183
-0.9877,-0.0227
-0.9921,-0.0634
-0.9956,-0.1043
-0.9980,-0.1449
-0.9995,-0.1853
-1.0000,-0.2258
-0.9995,-0.2658
-0.9980,-0.3058
-0.9956,-0.3452
-0.9921,-0.3845
-0.9877,-0.4233
-0.9823,-0.4616
-0.9759,-0.4995
-0.9686,-0.5371
-0.9603,-0.5739
-0.9511,-0.6103
-0.9409,-0.6461
-0.9298,-0.6812
-0.9178,-0.7156
-0.9048,-0.7494
-0.8910,-0.7823
-0.8763,-0.8146
-0.8607,-0.8460
-0.8443,-0.8767
-0.8271,-0.9064
-0.8090,-0.9351
-0.7902,-0.9630
-0.7705,-0.9900
-0.7501,-1.0160
-0.7290,-1.0409
-0.7071,-1.0649
-0.6845,-1.0878
-0.6613,-1.1097
-0.6374,-1.1304
-0.6129,-1.1499
-0.5878,-1.1685
-0.5621,-1.1858
-0.5358,-1.2020
-0.5090,-1.2169
-0.4818,-1.2306
-0.4540,-1.2432
-0.4258,-1.2545
-0.3971,-1.2646
-0.3681,-1.2734
-0.3387,-1.2810
-0.3090,-1.2873
-0.2790,-1.2924
-0.2487,-1.2962
-0.2181,-1.2987
-0.1874,-1.2999
-0.1564,-1.2998
-0.1253,-1.2984
-0.0941,-1.2958
-0.0628,-1.2919
-0.0314,-1.2867
0.0000,-1.2802
0.0314,-1.2725
0.0628,-1.2636
0.0941,-1.2533
0.1253,-1.2419
0.1564,-1.2292
0.1874,-1.2153
0.2181,-1.2002
0.2487,-1.1839
0.2790,-1.1664
0.3090,-1.1478
0.3387,-1.1281
0.3681,-1.1073
0.3971,-1.0853
0.4258,-1.0623
0.4540,-1.0382
0.4818,-1.0132
0.5090,-0.9870
0.5358,-0.9600
0.5621,-0.9319
0.5878,-0.9031
0.6129,-0.8733
0.6374,-0.8425
0.6613,-0.8111
0.6845,-0.7787
0.7071,-0.7456
0.7290,-0.7119
0.7501,-0.6774
0.7705,-0.6421
0.7902,-0.6063
0.8090,-0.5700
0.8271,-0.5329
0.8443,-0.4954
0.8607,-0.4573
0.8763,-0.4189
0.8910,-0.3801
0.9048,-0.3408
0.9178,-0.3013
0.9298,-0.2613
0.9409,-0.2212
0.9511,-0.1810
0.9603,-0.1405
0.9686,-0.0997
0.9759,-0.0590
0.9823,-0.0182
0.9877,0.0227
0.9921,0.0635
0.9956,0.1043
0.9980,0.1449
0.9995,0.1854
1.0000,0.2258
0.9995,0.2658
0.9980,0.3058
0.9956,0.3452
0.9921,0.3844
0.9877,0.4233
0.9823,0.4617
0.9759,0.4995
0.9686,0.5369
0.9603,0.5740
0.9511,0.6103
0.9409,0.6461
0.9298,0.6812
0.9178,0.7157
0.9048,0.7494
0.8910,0.7823
0.8763,0.8146
0.8607,0.8460
0.8443,0.8766
0.8271,0.9064
0.8090,0.9351
0.7902,0.9630
0.7705,0.9899
0.7501,1.0160
0.7290,1.0409
0.7071,1.0649
0.6845,1.0878
0.6613,1.1097
0.6374,1.1304
0.6129,1.1499
0.5878,1.1685
0.5621,1.1858
0.5358,1.2019
0.5090,1.2169
0.4818,1.2306
0.4540,1.2432
0.4258,1.2545
0.3971,1.2646
0.3681,1.2734
0.3387,1.2810
0.3090,1.2873
0.2790,1.2924
0.2487,1.2962
0.2181,1.2987
0.1874,1.2999
0.1564,1.2998
0.1253,1.2985
0.0941,1.2958
0.0628,1.2919
0.0314,1.2867
0.0000,1.2803
-0.0314,1.2725
-0.0628,1.2636
-0.0941,1.2533
-0.1253,1.2419
-0.1564,1.2292
-0.1874,1.2153
-0.2181,1.2002
-0.2487,1.1839
-0.2790,1.1664
-0.3090,1.1479
-0.3387,1.1281
-0.3681,1.1072
-0.3971,1.0853
-0.4258,1.0624
-0.4540,1.0382
-0.4818,1.0132
-0.5090,0.9870
-0.5358,0.9600
-0.5621,0.9319
-0.5878,0.9030
-0.6129,0.8733
-0.6374,0.8425
-0.6613,0.8110
-0.6845,0.7788
-0.7071,0.7456
-0.7290,0.7118
-0.7501,0.6774
-0.7705,0.6422
-0.7902,0.6063
-0.8090,0.5700
-0.8271,0.5329
-0.8443,0.4954
-0.8607,0.4573
-0.8763,0.4189
-0.8910,0.3800
-0.9048,0.3408
-0.9178,0.3013
-0.9298,0.2613
-0.9409,0.2212
-0.9511,0.1809
-0.9603,0.1405
-0.9686,0.0997
-0.9759,0.0590
-0.9823,0.0182
-0.9877,-0.0227
-0.9921,-0.0635
-0.9956,-0.1043
-0.9980,-0.1449
-0.9995,-0.1855
-1.0000,-0.2258
-0.9995,-0.2658
-0.9980,-0.3058
-0.9956,-0.3453
-0.9921,-0.3844
-0.9877,-0.4232
-0.9823,-0.4617
-0.9759,-0.4996
-0.9686,-0.5370
-0.9603,-0.5740
-0.9511,-0.6103
-0.9409,-0.6461
-0.9298,-0.6812
-0.9178,-0.7157
-0.9048,-0.7494
-0.8910,-0.7824
-0.8763,-0.8147
-0.8607,-0.8460
-0.8443,-0.8766
-0.8271,-0.9063
-0.8090,-0.9352
-0.7902,-0.9630
-0.7705,-0.9899
-0.7501,-1.0160
-0.7290,-1.0409
-0.7071,-1.0649
-0.6845,-1.0878
-0.6613,-1.1097
-0.6374,-1.1304
-0.6129,-1.1499
-0.5878,-1.1685
-0.5621,-1.1858
-0.5358,-1.2019
-0.5090,-1.2168
-0.4818,-1.2307
-0.4540,-1.2432
-0.4258,-1.2545
-0.3971,-1.2646
-0.3681,-1.2734
-0.3387,-1.2810
-0.3090,-1.2873
-0.2790,-1.2924
-0.2487,-1.2962
-0.2181,-1.2987
-0.1874,-1.2999
-0.1564,-1.2998
-0.1253,-1.2985
-0.0941,-1.2958
-0.0628,-1.2919
-0.0314,-1.2867
0.0000,-1.2803
0.0314,-1.2725
0.0628,-1.2636
0.0941,-1.2533
0.1253,-1.2419
0.1564,-1.2291
0.1874,-1.2153
0.2181,-1.2002
0.2487,-1.1839
0.2790,-1.1664
0.3090,-1.1479
0.3387,-1.1281
0.3681,-1.1072
0.3971,-1.0853
0.4258,-1.0623
0.4540,-1.0382
0.4818,-1.0132
0.5090,-0.9870
0.5358,-0.9600
0.5621,-0.9319
0.5878,-0.9030
0.6129,-0.8733
0.6374,-0.8425
0.6613,-0.8110
0.6845,-0.7788
0.7071,-0.7457
0.7290,-0.7118
0.7501,-0.6774
0.7705,-0.6421
0.7902,-0.6063
0.8090,-0.5699
0.8271,-0.5329
0.8443,-0.4954
0.8607,-0.4573
0.8763,-0.4189
0.8910,-0.3800
0.9048,-0.3408
0.9178,-0.3013
0.9298,-0.2614
0.9409,-0.2212
0.9511,-0.1809
0.9603,-0.1405
0.9686,-0.0997
0.9759,-0.0590
0.9823,-0.0182
0.9877,0.0227
0.9921,0.0635
0.9956,0.1043
0.9980,0.1449
0.9995,0.1855
1.0000,0.2258
0.9995,0.2658
0.9980,0.3056
0.9956,0.3453
0.9921,0.3844
0.9877,0.4233
0.9823,0.4615
0.9759,0.4996
0.9686,0.5371
0.9603,0.5738
0.9511,0.6103
0.9409,0.6461
0.9298,0.6812
0.9178,0.7156
0.9048,0.7494
0.8910,0.7824
0.8763,0.8145
0.8607,0.8460
0.8443,0.8766
0.8271,0.9064
0.8090,0.9351
0.7902,0.9630
0.7705,0.9901
0.7501,1.0159
0.7290,1.0409
0.7071,1.0649
0.6845,1.0878
0.6613,1.1096
0.6374,1.1304
0.6129,1.1500
0.5878,1.1684
0.5621,1.1858
0.5358,1.2019
0.5090,1.2169
0.4818,1.2306
0.4540,1.2432
0.4258,1.2545
0.3971,1.2646
0.3681,1.2734
0.3387,1.2810
0.3090,1.2874
0.2790,1.2924
0.2487,1.2962
0.2181,1.2987
0.1874,1.2999
0.1564,1.2998
0.1253,1.2985
0.0941,1.2958
0.0628,1.2919
0.0314,1.2867
0.0000,1.2802
-0.0314,1.2726
-0.0628,1.2636
-0.0941,1.2533
-0.1253,1.2419
-0.1564,1.2292
-0.1874,1.2153
-0.2181,1.2002
-0.2487,1.1839
-0.2790,1.1664
-0.3090,1.1478
-0.3387,1.1281
-0.3681,1.1073
-0.3971,1.0853
-0.4258,1.0623
-0.4540,1.0383
-0.4818,1.0132
-0.5090,0.9870
-0.5358,0.9600
-0.5621,0.9320
-0.5878,0.9030
-0.6129,0.8733
-0.6374,0.8426
-0.6613,0.8110
-0.6845,0.7788
-0.7071,0.7456
-0.7290,0.7120
-0.7501,0.6774
-0.7705,0.6421
-0.7902,0.6062
-0.8090,0.5699
-0.8271,0.5329
-0.8443,0.4953
-0.8607,0.4575
-0.8763,0.4189
-0.8910,0.3801
-0.9048,0.3408
-0.9178,0.3013
-0.9298,0.2614
-0.9409,0.2212
-0.9511,0.1809
-0.9603,0.1404
-0.9686,0.0997
-0.9759,0.0588
-0.9823,0.0182
-0.9877,-0.0227
-0.9921,-0.0636
-0.9956,-0.1042
-0.9980,-0.1449
-0.9995,-0.1854
-1.0000,-0.2258
-0.9995,-0.2659
-0.9980,-0.3056
-0.9956,-0.3453
-0.9921,-0.3844
-0.9877,-0.4232
-0.9823,-0.4617
-0.9759,-0.4997
-0.9686,-0.5370
-0.9603,-0.5740
-0.9511,-0.6104
-0.9409,-0.6460
-0.9298,-0.6812
-0.9178,-0.7156
-0.9048,-0.7494
-0.8910,-0.7824
-0.8763,-0.8146
-0.8607,-0.8460
-0.8443,-0.8766
-0.8271,-0.9063
-0.8090,-0.9352
-0.7902,-0.9631
-0.7705,-0.9900
-0.7501,-1.0160
-0.7290,-1.0410
-0.7071,-1.0649
-0.6845,-1.0878
-0.6613,-1.1096
-0.6374,-1.1304
-0.6129,-1.1500
-0.5878,-1.1684
-0.5621,-1.1858
-0.5358,-1.2019
-0.5090,-1.2169
-0.4818,-1.2307
-0.4540,-1.2432
-0.4258,-1.2545
-0.3971,-1.2646
-0.3681,-1.2735
-0.3387,-1.2810
-0.3090,-1.2874
-0.2790,-1.2924
-0.2487,-1.2962
-0.2181,-1.2987
-0.1874,-1.2999
-0.1564,-1.2998
-0.1253,-1.2985
-0.0941,-1.2958
-0.0628,-1.2919
-0.0314,-1.2867
0.0000,-1.2803
0.0314,-1.2725
0.0628,-1.2635
0.0941,-1.2534
0.1253,-1.2419
0.1564,-1.2292
0.1874,-1.2153
0.2181,-1.2002
0.2487,-1.1839
0.2790,-1.1664
0.3090,-1.1478
0.3387,-1.1281
0.3681,-1.1072
0.3971,-1.0852
0.4258,-1.0623
0.4540,-1.0382
0.4818,-1.0131
0.5090,-0.9871
0.5358,-0.9600
0.5621,-0.9319
0.5878,-0.9030
0.6129,-0.8732
0.6374,-0.8426
0.6613,-0.8110
0.6845,-0.7787
0.7071,-0.7457
0.7290,-0.7118
0.7501,-0.6772
0.7705,-0.6422
0.7902,-0.6063
0.8090,-0.5698
0.8271,-0.5330
0.8443,-0.4954
0.8607,-0.4573
0.8763,-0.4189
0.8910,-0.3801
0.9048,-0.3409
0.9178,-0.3012
0.9298,-0.2614
0.9409,-0.2214
0.9511,-0.1809
0.9603,-0.1403
0.9686,-0.0998
0.9759,-0.0590
0.9823,-0.0180
0.9877,0.0226
0.9921,0.0635
0.9956,0.1044
0.9980,0.1449
0.9995,0.1854
1.0000,0.2257
0.9995,0.2659
0.9980,0.3057
0.9956,0.3451
0.9921,0.3844
0.9877,0.4233
0.9823,0.4615
0.9759,0.4996
0.9686,0.5371
0.9603,0.5739
0.9511,0.6103
0.9409,0.6461
0.9298,0.6812
0.9178,0.7156
0.9048,0.7493
0.8910,0.7824
0.8763,0.8146
0.8607,0.8459
0.8443,0.8766
0.8271,0.9064
0.8090,0.9351
0.7902,0.9630
0.7705,0.9901
0.7501,1.0159
0.7290,1.0409
0.7071,1.0649
0.6845,1.0878
0.6613,1.1096
0.6374,1.1303
0.6129,1.1500
0.5878,1.1684
0.5621,1.1857
0.5358,1.2019
0.5090,1.2169
0.4818,1.2306
0.4540,1.2432
0.4258,1.2545
0.3971,1.2646
0.3681,1.2734
0.3387,1.2810
0.3090,1.2874
0.2790,1.2924
0.2487,1.2962
0.2181,1.2987
0.1874,1.2999
0.1564,1.2998
0.1253,1.2984
0.0941,1.2958
0.0628,1.2919
0.0314,1.2867
0.0000,1.2802
-0.0314,1.2725
-0.0628,1.2636
-0.0941,1.2533
-0.1253,1.2419
-0.1564,1.2292
-0.1874,1.2153
-0.2181,1.2002
-0.2487,1.1838
-0.2790,1.1665
-0.3090,1.1478
-0.3387,1.1280
-0.3681,1.1073
-0.3971,1.0853
-0.4258,1.0622
-0.4540,1.0382
-0.4818,1.0132
-0.5090,0.9870
-0.5358,0.9600
-0.5621,0.9320
-0.5878,0.9030
-0.6129,0.8732
-0.6374,0.8425
-0.6613,0.8111
-0.6845,0.7787
-0.7071,0.7456
-0.7290,0.7119
-0.7501,0.6773
-0.7705,0.6421
-0.7902,0.6063
-0.8090,0.5699
-0.8271,0.5328
-0.8443,0.4954
-0.8607,0.4574
-0.8763,0.4189
-0.8910,0.3801
-0.9048,0.3407
-0.9178,0.3014
-0.9298,0.2614
-0.9409,0.2212
-0.9511,0.1811
-0.9603,0.1404
-0.9686,0.0997
-0.9759,0.0590
-0.9823,0.0182
-0.9877,-0.0228
-0.9921,-0.0635
-0.9956,-0.1042
-0.9980,-0.1450
-0.9995,-0.1854
-1.0000,-0.2258
-0.9995,-0.2657
-0.9980,-0.3057
-0.9956,-0.3453
-0.9921,-0.3843
-0.9877,-0.4232
-0.9823,-0.4617
-0.9759,-0.4996
-0.9686,-0.5370
-0.9603,-0.5740
-0.9511,-0.6103
-0.9409,-0.6460
-0.9298,-0.6812
-0.9178,-0.7156
-0.9048,-0.7494
-0.8910,-0.7823
-0.8763,-0.8146
-0.8607,-0.8461
-0.8443,-0.8765
-0.8271,-0.9063
-0.8090,-0.9352
-0.7902,-0.9631
-0.7705,-0.9900
-0.7501,-1.0160
-0.7290,-1.0410
-0.7071,-1.0649
-0.6845,-1.0878
-0.6613,-1.1096
-0.6374,-1.1304
-0.6129,-1.1499
-0.5878,-1.1684
-0.5621,-1.1858
-0.5358,-1.2019
-0.5090,-1.2169
-0.4818,-1.2307
-0.4540,-1.2432
-0.4258,-1.2545
-0.3971,-1.2646
-0.3681,-1.2734
-0.3387,-1.2810
-0.3090,-1.2874
-0.2790,-1.2924
-0.2487,-1.2962
-0.2181,-1.2987
-0.1874,-1.2999
-0.1564,-1.2998
-0.1253,-1.2985
-0.0941,-1.2958
-0.0628,-1.2919
-0.0314,-1.2867
0.0000,-1.2803
0.0314,-1.2725
0.0628,-1.2636
0.0941,-1.2533
0.1253,-1.2419
0.1564,-1.2292
0.1874,-1.2152
0.2181,-1.2002
0.2487,-1.1839
0.2790,-1.1664
0.3090,-1.1479
0.3387,-1.1281
0.3681,-1.1072
0.3971,-1.0852
0.4258,-1.0623
0.4540,-1.0382
0.4818,-1.0132
0.5090,-0.9871
0.5358,-0.9600
0.5621,-0.9320
0.5878,-0.9030
0.6129,-0.8732
0.6374,-0.8426
0.6613,-0.8110
0.6845,-0.7789
0.7071,-0.7457
0.7290,-0.7118
0.7501,-0.6772
0.7705,-0.6422
0.7902,-0.6063
0.8090,-0.5699
0.8271,-0.5330
0.8443,-0.4954
0.8607,-0.4574
0.8763,-0.4189
0.8910,-0.3801
0.9048,-0.3409
0.9178,-0.3012
0.9298,-0.2616
0.9409,-0.2213
0.9511,-0.1809
0.9603,-0.1403
0.9686,-0.0998
0.9759,-0.0589
0.9823,-0.0182
0.9877,0.0228
0.9921,0.0635
0.9956,0.1042
0.9980,0.1450
0.9995,0.1854
1.0000,0.2257
0.9995,0.2659
0.9980,0.3058
0.9956,0.3452
0.9921,0.3845
0.9877,0.4234
0.9823,0.4616
0.9759,0.4996
0.9686,0.5370
0.9603,0.5740
0.9511,0.6103
0.9409,0.6460
0.9298,0.6812
0.9178,0.7156
0.9048,0.7493
0.8910,0.7824
0.8763,0.8147
0.8607,0.8460
0.8443,0.8766
0.8271,0.9064
0.8090,0.9351
0.7902,0.9631
0.7705,0.9900
0.7501,1.0160
0.7290,1.0410
0.7071,1.0649
0.6845,1.0878
0.6613,1.1096
0.6374,1.1303
0.6129,1.1500
0.5878,1.1685
0.5621,1.1857
0.5358,1.2019
0.5090,1.2169
0.4818,1.2306
0.4540,1.2432
0.4258,1.2545
0.3971,1.2646
0.3681,1.2735
0.3387,1.2810
0.3090,1.2874
0.2790,1.2924
0.2487,1.2962
0.2181,1.2987
0.1874,1.2999
0.1564,1.2998
0.1253,1.2984
0.0941,1.2958
0.0628,1.2919
0.0314,1.2867
0.0000,1.2802
-0.0314,1.2725
-0.0628,1.2636
-0.0941,1.2533
-0.1253,1.2419
-0.1564,1.2292
-0.1874,1.2153
-0.2181,1.2002
-0.2487,1.1838
-0.2790,1.1665
-0.3090,1.1478
-0.3387,1.1280
-0.3681,1.1073
-0.3971,1.0853
-0.4258,1.0622
-0.4540,1.0382
-0.4818,1.0131
-0.5090,0.9871
-0.5358,0.9600
-0.5621,0.9320
-0.5878,0.9031
-0.6129,0.8732
-0.6374,0.8425
-0.6613,0.8111
-0.6845,0.7787
-0.7071,0.7456
-0.7290,0.7119
-0.7501,0.6773
-0.7705,0.6420
-0.7902,0.6063
-0.8090,0.5699
-0.8271,0.5330
-0.8443,0.4954
-0.8607,0.4574
-0.8763,0.4190
-0.8910,0.3801
-0.9048,0.3407
-0.9178,0.3014
-0.9298,0.2614
-0.9409,0.2212
-0.9511,0.1810
-0.9603,0.1404
-0.9686,0.0996
-0.9759,0.0589
-0.9823,0.0182
-0.9877,-0.0226
-0.9921,-0.0635
-0.9956,-0.1042
-0.9980,-0.1448
-0.9995,-0.1854
-1.0000,-0.2259
-0.9995,-0.2658
-0.9980,-0.3057
-0.9956,-0.3453
-0.9921,-0.3843
-0.9877,-0.4232
-0.9823,-0.4617
-0.9759,-0.4996
-0.9686,-0.5370
-0.9603,-0.5739
-0.9511,-0.6103
-0.9409,-0.6460
-0.9298,-0.6811
-0.9178,-0.7156
-0.9048,-0.7495
-0.8910,-0.7823
-0.8763,-0.8146
-0.8607,-0.8461
-0.8443,-0.8765
-0.8271,-0.9063
-0.8090,-0.9352
-0.7902,-0.9631
-0.7705,-0.9900
-0.7501,-1.0159
-0.7290,-1.0410
-0.7071,-1.0649
-0.6845,-1.0877
-0.6613,-1.1096
-0.6374,-1.1304
-0.6129,-1.1499
-0.5878,-1.1684
-0.5621,-1.1858
-0.5358,-1.2019
-0.5090,-1.2169
-0.4818,-1.2307
-0.4540,-1.2432
-0.4258,-1.2545
-0.3971,-1.2646
-0.3681,-1.2735
-0.3387,-1.2810
-0.3090,-1.2873
-0.2790,-1.2924
-0.2487,-1.2962
-0.2181,-1.2987
-0.1874,-1.2999
-0.1564,-1.2998
-0.1253,-1.2985
-0.0941,-1.2958
-0.0628,-1.2919
-0.0314,-1.2867
0.0000,-1.2803
0.0314,-1.2725
0.0628,-1.2635
0.0941,-1.2533
0.1253,-1.2419
0.1564,-1.2292
0.1874,-1.2152
0.2181,-1.2002
0.2487,-1.1839
0.2790,-1.1664
0.3090,-1.1478
0.3387,-1.1281
0.3681,-1.1072
0.3971,-1.0853
0.4258,-1.0623
0.4540,-1.0382
0.4818,-1.0131
0.5090,-0.9870
0.5358,-0.9601
0.5621,-0.9320
0.5878,-0.9030
0.6129,-0.8733
0.6374,-0.8426
0.6613,-0.8110
0.6845,-0.7787
0.7071,-0.7457
0.7290,-0.7118
0.7501,-0.6773
0.7705,-0.6422
0.7902,-0.6063
0.8090,-0.5699
0.8271,-0.5328
0.8443,-0.4955
0.8607,-0.4574
0.8763,-0.4189
0.8910,-0.3802
0.9048,-0.3409
0.9178,-0.3012
0.9298,-0.2614
0.9409,-0.2213
0.9511,-0.1809
0.9603,-0.1404
0.9686,-0.0998
0.9759,-0.0589
0.9823,-0.0182
0.9877,0.0228
0.9921,0.0634
0.9956,0.1042
0.9980,0.1450
0.9995,0.1853
1.0000,0.2257
0.9995,0.2659
0.9980,0.3057
0.9956,0.3452
0.9921,0.3845
0.9877,0.4232
0.9823,0.4616
0.9759,0.4996
0.9686,0.5370
0.9603,0.5740
0.9511,0.6102
0.9409,0.6460
0.9298,0.6813
0.9178,0.7155
0.9048,0.7493
0.8910,0.7824
0.8763,0.8146
0.8607,0.8460
0.8443,0.8766
0.8271,0.9063
0.8090,0.9351
0.7902,0.9631
0.7705,0.9900
0.7501,1.0160
0.7290,1.0409
0.7071,1.0649
0.6845,1.0878
0.6613,1.1095
0.6374,1.1303
0.6129,1.1500
0.5878,1.1684
0.5621,1.1857
0.5358,1.2019
0.5090,1.2169
0.4818,1.2306
0.4540,1.2432
0.4258,1.2545
0.3971,1.2646
0.3681,1.2734
0.3387,1.2810
0.3090,1.2874
0.2790,1.2924
0.2487,1.2962
0.2181,1.2987
0.1874,1.2999
0.1564,1.2998
0.1253,1.2984
0.0941,1.2958
0.0628,1.2919
0.0314,1.2867
0.0000,1.2803
-0.0314,1.2725
-0.0628,1.2636
-0.0941,1.2533
-0.1253,1.2418
-0.1564,1.2292
-0.1874,1.2153
-0.2181,1.2002
-0.2487,1.1838
-0.2790,1.1665
-0.3090,1.1478
-0.3387,1.1281
-0.3681,1.1073
-0.3971,1.0853
-0.4258,1.0623
-0.4540,1.0382
-0.4818,1.0131
-0.5090,0.9871
-0.5358,0.9600
-0.5621,0.9321
-0.5878,0.9031
-0.6129,0.8732
-0.6374,0.8424
-0.6613,0.8111
-0.6845,0.7787
-0.7071,0.7457
-0.7290,0.7119
-0.7501,0.6773
-0.7705,0.6422
-0.7902,0.6062
-0.8090,0.5699
-0.8271,0.5329
-0.8443,0.4953
-0.8607,0.4575
-0.8763,0.4190
-0.8910,0.3800
-0.9048,0.3407
-0.9178,0.3013
-0.9298,0.2614
-0.9409,0.2213
-0.9511,0.1810
-0.9603,0.1404
-0.9686,0.0998
-0.9759,0.0589
-0.9823,0.0181
-0.9877,-0.0226
-0.9921,-0.0636
-0.9956,-0.1041
-0.9980,-0.1448
-0.9995,-0.1855
-1.0000,-0.2259
-0.9995,-0.2658
-0.9980,-0.3057
-0.9956,-0.3452
-0.9921,-0.3845
-0.9877,-0.4233
-0.9823,-0.4616
-0.9759,-0.4996
-0.9686,-0.5370
-0.9603,-0.5739
-0.9511,-0.6104
-0.9409,-0.6462
-0.9298,-0.6811
-0.9178,-0.7157
-0.9048,-0.7495
-0.8910,-0.7823
-0.8763,-0.8146
-0.8607,-0.8460
-0.8443,-0.8766
-0.8271,-0.9063
-0.8090,-0.9351
-0.7902,-0.9631
-0.7705,-0.9900
-0.7501,-1.0159
-0.7290,-1.0410
-0.7071,-1.0650
-0.6845,-1.0878
-0.6613,-1.1096
-0.6374,-1.1304
-0.6129,-1.1499
-0.5878,-1.1684
-0.5621,-1.1857
-0.5358,-1.2019
-0.5090,-1.2169
-0.4818,-1.2306
-0.4540,-1.2432
-0.4258,-1.2545
-0.3971,-1.2646
-0.3681,-1.2735
-0.3387,-1.2811
-0.3090,-1.2873
-0.2790,-1.2924
-0.2487,-1.2962
-0.2181,-1.2987
-0.1874,-1.2999
-0.1564,-1.2998
-0.1253,-1.2984
-0.0941,-1.2958
-0.0628,-1.2919
-0.0314,-1.2867
0.0000,-1.2803
0.0314,-1.2725
0.0628,-1.2635
0.0941,-1.2533
0.1253,-1.2419
0.1564,-1.2292
0.1874,-1.2152
0.2181,-1.2002
0.2487,-1.1839
0.2790,-1.1664
0.3090,-1.1478
0.3387,-1.1281
0.3681,-1.1073
0.3971,-1.0853
0.4258,-1.0623
0.4540,-1.0383
0.4818,-1.0131
0.5090,-0.9870
0.5358,-0.9600
0.5621,-0.9320
0.5878,-0.9030
0.6129,-0.8733
0.6374,-0.8426
0.6613,-0.8110
0.6845,-0.7787
0.7071,-0.7457
0.7290,-0.7119
0.7501,-0.6773
0.7705,-0.6421
0.7902,-0.6064
0.8090,-0.5699
0.8271,-0.5328
0.8443,-0.4955
0.8607,-0.4574
0.8763,-0.4188
0.8910,-0.3802
0.9048,-0.3408
0.9178,-0.3012
0.9298,-0.2614
0.9409,-0.2213
0.9511,-0.1810
0.9603,-0.1404
0.9686,-0.0998
0.9759,-0.0591
0.9823,-0.0181
0.9877,0.0228
0.9921,0.0634
0.9956,0.1043
0.9980,0.1450
0.9995,0.1853
1.0000,0.2257
0.9995,0.2659
0.9980,0.3057
0.9956,0.3452
0.9921,0.3843
0.9877,0.4233
0.9823,0.4616
0.9759,0.4995
0.9686,0.5370
0.9603,0.5741
0.9511,0.6102
0.9409,0.6461
0.9298,0.6813
0.9178,0.7155
0.9048,0.7494
0.8910,0.7824
0.8763,0.8146
0.8607,0.8460
0.8443,0.8765
0.8271,0.9063
0.8090,0.9351
0.7902,0.9630
0.7705,0.9900
0.7501,1.0160
0.7290,1.0409
0.7071,1.0649
0.6845,1.0878
0.6613,1.1096
0.6374,1.1303
0.6129,1.1500
0.5878,1.1684
0.5621,1.1857
0.5358,1.2019
0.5090,1.2169
0.4818,1.2306
0.4540,1.2432
0.4258,1.2545
0.3971,1.2646
0.3681,1.2734
0.3387,1.2810
0.3090,1.2874
0.2790,1.2924
0.2487,1.2962
0.2181,1.2987
0.1874,1.2999
0.1564,1.2998
0.1253,1.2984
0.0941,1.2958
0.0628,1.2919
0.0314,1.2867
0.0000,1.2803
-0.0314,1.2725
-0.0628,1.2636
-0.0941,1.2533
-0.1253,1.2418
-0.1564,1.2292
-0.1874,1.2153
-0.2181,1.2001
-0.2487,1.1839
-0.2790,1.1665
-0.3090,1.1478
-0.3387,1.1281
-0.3681,1.1072
-0.3971,1.0854
-0.4258,1.0623
-0.4540,1.0382
-0.4818,1.0132
-0.5090,0.9871
-0.5358,0.9599
-0.5621,0.9320
-0.5878,0.9031
-0.6129,0.8732
-0.6374,0.8425
-0.6613,0.8111
-0.6845,0.7787
-0.7071,0.7456
-0.7290,0.7117
-0.7501,0.6774
-0.7705,0.6421
-0.7902,0.6062
-0.8090,0.5700
-0.8271,0.5329
-0.8443,0.4953
-0.8607,0.4574
-0.8763,0.4190
-0.8910,0.3800
-0.9048,0.3408
-0.9178,0.3013
-0.9298,0.2613
-0.9409,0.2213
-0.9511,0.1808
-0.9603,0.1405
-0.9686,0.0997
-0.9759,0.0589
-0.9823,0.0183
-0.9877,-0.0227
-0.9921,-0.0636
-0.9956,-0.1043
-0.9980,-0.1449
-0.9995,-0.1855
-1.0000,-0.2257
-0.9995,-0.2658
-0.9980,-0.3057
-0.9956,-0.3452
-0.9921,-0.3845
-0.9877,-0.4231
-0.9823,-0.4616
-0.9759,-0.4997
-0.9686,-0.5369
-0.9603,-0.5739
-0.9511,-0.6104
-0.9409,-0.6461
-0.9298,-0.6811
-0.9178,-0.7157
-0.9048,-0.7494
-0.8910,-0.7823
-0.8763,-0.8146
-0.8607,-0.8460
-0.8443,-0.8767
-0.8271,-0.9062
-0.8090,-0.9351
-0.7902,-0.9631
-0.7705,-0.9899
-0.7501,-1.0160
-0.7290,-1.0410
-0.7071,-1.0650
-0.6845,-1.0878
-0.6613,-1.1096
-0.6374,-1.1303
-0.6129,-1.1499
-0.5878,-1.1684
-0.5621,-1.1857
-0.5358,-1.2019
-0.5090,-1.2168
-0.4818,-1.2306
-0.4540,-1.2432
-0.4258,-1.2545
-0.3971,-1.2646
-0.3681,-1.2735
-0.3387,-1.2811
-0.3090,-1.2873
-0.2790,-1.2924
-0.2487,-1.2962
-0.2181,-1.2987
-0.1874,-1.2999
-0.1564,-1.2998
-0.1253,-1.2984
-0.0941,-1.2958
-0.0628,-1.2919
-0.0314,-1.2867
0.0000,-1.2803
0.0314,-1.2725
0.0628,-1.2635
0.0941,-1.2533
0.1253,-1.2419
0.1564,-1.2292
0.1874,-1.2153
0.2181,-1.2002
0.2487,-1.1839
0.2790,-1.1664
0.3090,-1.1478
0.3387,-1.1281
0.3681,-1.1073
0.3971,-1.0853
0.4258,-1.0624
0.4540,-1.0383
0.4818,-1.0131
0.5090,-0.9870
0.5358,-0.9600
0.5621,-0.9320
0.5878,-0.9031
0.6129,-0.8733
0.6374,-0.8425
0.6613,-0.8111
0.6845,-0.7787
0.7071,-0.7456
0.7290,-0.7119
0.7501,-0.6773
0.7705,-0.6423
0.7902,-0.6064
0.8090,-0.5698
0.8271,-0.5328
0.8443,-0.4955
0.8607,-0.4574
0.8763,-0.4190
0.8910,-0.3802
0.9048,-0.3408
0.9178,-0.3013
0.9298,-0.2613
0.9409,-0.2213
0.9511,-0.1810
0.9603,-0.1403
0.9686,-0.0999
0.9759,-0.0590
0.9823,-0.0181
0.9877,0.0228
0.9921,0.0634
0.9956,0.1043
0.9980,0.1449
0.9995,0.1853
1.0000,0.2258
0.9995,0.2658
0.9980,0.3057
0.9956,0.3452
0.9921,0.3844
0.9877,0.4233
0.9823,0.4615
0.9759,0.4995
0.9686,0.5371
0.9603,0.5741
0.9511,0.6102
0.9409,0.6461
0.9298,0.6812
0.9178,0.7156
0.9048,0.7494
0.8910,0.7823
0.8763,0.8146
0.8607,0.8460
0.8443,0.8766
0.8271,0.9063
0.8090,0.9352
0.7902,0.9630
0.7705,0.9900
0.7501,1.0161
0.7290,1.0409
0.7071,1.0649
0.6845,1.0878
0.6613,1.1096
0.6374,1.1303
0.6129,1.1499
0.5878,1.1685
0.5621,1.1858
0.5358,1.2019
0.5090,1.2169
0.4818,1.2307
0.4540,1.2432
0.4258,1.2545
0.3971,1.2646
0.3681,1.2734
0.3387,1.2810
0.3090,1.2874
0.2790,1.2924
0.2487,1.2962
0.2181,1.2987
0.1874,1.2999
0.1564,1.2998
0.1253,1.2985
0.0941,1.2958
0.0628,1.2919
0.0314,1.2867
0.0000,1.2802
-0.0314,1.2725
-0.0628,1.2636
-0.0941,1.2533
-0.1253,1.2418
-0.1564,1.2292
-0.1874,1.2153
-0.2181,1.2002
-0.2487,1.1839
-0.2790,1.1664
-0.3090,1.1479
-0.3387,1.1281
-0.3681,1.1072
-0.3971,1.0853
-0.4258,1.0623
-0.4540,1.0382
-0.4818,1.0132
-0.5090,0.9870
-0.5358,0.9599
-0.5621,0.9319
-0.5878,0.9031
-0.6129,0.8733
-0.6374,0.8425
-0.6613,0.8111
-0.6845,0.7788
-0.7071,0.7456
-0.7290,0.7117
-0.7501,0.6774
-0.7705,0.6421
-0.7902,0.6062
-0.8090,0.5700
-0.8271,0.5329
-0.8443,0.4953
-0.8607,0.4574
-0.8763,0.4190
-0.8910,0.3801
-0.9048,0.3408
-0.9178,0.3013
-0.9298,0.2615
-0.9409,0.2213
-0.9511,0.1808
-0.9603,0.1405
-0.9686,0.0997
-0.9759,0.0589
-0.9823,0.0183
-0.9877,-0.0227
-0.9921,-0.0636
-0.9956,-0.1043
-0.9980,-0.1449
-0.9995,-0.1853
-1.0000,-0.2258
-0.9995,-0.2658
-0.9980,-0.3056
-0.9956,-0.3452
-0.9921,-0.3845
-0.9877,-0.4231
-0.9823,-0.4616
-0.9759,-0.4997
-0.9686,-0.5369
-0.9603,-0.5740
-0.9511,-0.6104
-0.9409,-0.6461
-0.9298,-0.6812
-0.9178,-0.7156
-0.9048,-0.7494
-0.8910,-0.7823
-0.8763,-0.8145
-0.8607,-0.8460
-0.8443,-0.8767
-0.8271,-0.9062
-0.8090,-0.9351
-0.7902,-0.9631
-0.7705,-0.9899
-0.7501,-1.0160
-0.7290,-1.0410
-0.7071,-1.0649
-0.6845,-1.0878
-0.6613,-1.1096
-0.6374,-1.1304
-0.6129,-1.1499
-0.5878,-1.1684
-0.5621,-1.1858
-0.5358,-1.2019
-0.5090,-1.2168
-0.4818,-1.2306
-0.4540,-1.2432
-0.4258,-1.2545
-0.3971,-1.2646
-0.3681,-1.2735
-0.3387,-1.2810
-0.3090,-1.2873
-0.2790,-1.2924
-0.2487,-1.2962
-0.2181,-1.2987
-0.1874,-1.2999
-0.1564,-1.2998
-0.1253,-1.2984
-0.0941,-1.2958
-0.0628,-1.2919
-0.0314,-1.2867
0.0000,-1.2803
0.0314,-1.2725
0.0628,-1.2635
0.0941,-1.2533
0.1253,-1.2419
0.1564,-1.2292
0.1874,-1.2153
0.2181,-1.2002
0.2487,-1.1839
0.2790,-1.1664
0.3090,-1.1478
0.3387,-1.1282
0.3681,-1.1073
0.3971,-1.0853
0.4258,-1.0624
0.4540,-1.0382
0.4818,-1.0131
0.5090,-0.9870
0.5358,-0.9600
0.5621,-0.9319
0.5878,-0.9031
0.6129,-0.8733
0.6374,-0.8426
0.6613,-0.8110
0.6845,-0.7787
0.7071,-0.7457
0.7290,-0.7118
0.7501,-0.6772
0.7705,-0.6421
0.7902,-0.6063
0.8090,-0.5698
0.8271,-0.5329
0.8443,-0.4954
0.8607,-0.4573
0.8763,-0.4189
0.8910,-0.3800
0.9048,-0.3410
0.9178,-0.3013
0.9298,-0.2613
0.9409,-0.2214
0.9511,-0.1809
0.9603,-0.1403
0.9686,-0.0997
0.9759,-0.0590
0.9823,-0.0181
0.9877,0.0227
0.9921,0.0635
0.9956,0.1043
0.9980,0.1449
0.9995,0.1855
1.0000,0.2256
0.9995,0.2658
0.9980,0.3058
0.9956,0.3451
0.9921,0.3844
0.9877,0.4233
0.9823,0.4617
0.9759,0.4995
0.9686,0.5371
0.9603,0.5740
0.9511,0.6103
0.9409,0.6461
0.9298,0.6812
0.9178,0.7157
0.9048,0.7493
0.8910,0.7823
0.8763,0.8146
0.8607,0.8459
0.8443,0.8766
0.8271,0.9064
0.8090,0.9351
0.7902,0.9630
0.7705,0.9900
0.7501,1.0160
0.7290,1.0409
0.7071,1.0649
0.6845,1.0878
0.6613,1.1097
0.6374,1.1303
0.6129,1.1499
0.5878,1.1685
0.5621,1.1857
0.5358,1.2019
0.5090,1.2169
0.4818,1.2307
0.4540,1.2432
0.4258,1.2545
0.3971,1.2646
0.3681,1.2734
0.3387,1.2810
0.3090,1.2873
0.2790,1.2924
0.2487,1.2962
0.2181,1.2987
0.1874,1.2999
0.1564,1.2998
0.1253,1.2984
0.0941,1.2958
0.0628,1.2919
0.0314,1.2867
0.0000,1.2802
-0.0314,1.2725
-0.0628,1.2636
-0.0941,1.2533
-0.1253,1.2419
-0.1564,1.2291
-0.1874,1.2153
-0.2181,1.2002
-0.2487,1.1839
-0.2790,1.1665
-0.3090,1.1479
-0.3387,1.1281
-0.3681,1.1072
-0.3971,1.0853
-0.4258,1.0623
-0.4540,1.0382
-0.4818,1.0132
-0.5090,0.9870
-0.5358,0.9600
-0.5621,0.9319
-0.5878,0.9030
-0.6129,0.8733
-0.6374,0.8425
-0.6613,0.8112
-0.6845,0.7788
-0.7071,0.7456
-0.7290,0.7117
-0.7501,0.6774
-0.7705,0.6421
-0.7902,0.6063
-0.8090,0.5700
-0.8271,0.5329
-0.8443,0.4954
-0.8607,0.4573
-0.8763,0.4189
-0.8910,0.3801
-0.9048,0.3408
-0.9178,0.3014
-0.9298,0.2615
-0.9409,0.2212
-0.9511,0.1808
-0.9603,0.1405
-0.9686,0.0997
-0.9759,0.0590
-0.9823,0.0182
-0.9877,-0.0227
-0.9921,-0.0635
-0.9956,-0.1043
-0.9980,-0.1449
-0.9995,-0.1854
-1.0000,-0.2258
-0.9995,-0.2657
-0.9980,-0.3056
-0.9956,-0.3453
-0.9921,-0.3846
-0.9877,-0.4232
-0.9823,-0.4617
-0.9759,-0.4996
-0.9686,-0.5370
-0.9603,-0.5740
-0.9511,-0.6103
-0.9409,-0.6461
-0.9298,-0.6812
-0.9178,-0.7156
-0.9048,-0.7494
-0.8910,-0.7822
-0.8763,-0.8145
-0.8607,-0.8460
-0.8443,-0.8767
-0.8271,-0.9063
-0.8090,-0.9352
-0.7902,-0.9630
-0.7705,-0.9899
-0.7501,-1.0160
-0.7290,-1.0409
-0.7071,-1.0649
-0.6845,-1.0878
-0.6613,-1.1096
-0.6374,-1.1304
-0.6129,-1.1500
-0.5878,-1.1684
-0.5621,-1.1858
-0.5358,-1.2020
-0.5090,-1.2168
-0.4818,-1.2306
-0.4540,-1.2432
-0.4258,-1.2545
-0.3971,-1.2646
-0.3681,-1.2734
-0.3387,-1.2810
-0.3090,-1.2873
-0.2790,-1.2924
-0.2487,-1.2962
-0.2181,-1.2987
-0.1874,-1.2999
-0.1564,-1.2998
-0.1253,-1.2984
-0.0941,-1.2958
-0.0628,-1.2919
-0.0314,-1.2867
0.0000,-1.2802
0.0314,-1.2725
0.0628,-1.2636
0.0941,-1.2533
0.1253,-1.2419
0.1564,-1.2292
0.1874,-1.2153
0.2181,-1.2001
0.2487,-1.1839
0.2790,-1.1664
0.3090,-1.1478
0.3387,-1.1281
0.3681,-1.1072
0.3971,-1.0852
0.4258,-1.0623
0.4540,-1.0382
0.4818,-1.0132
0.5090,-0.9870
0.5358,-0.9600
0.5621,-0.9320
0.5878,-0.9030
0.6129,-0.8731
0.6374,-0.8426
0.6613,-0.8110
0.6845,-0.7786
0.7071,-0.7457
0.7290,-0.7118
0.7501,-0.6772
0.7705,-0.6421
0.7902,-0.6063
0.8090,-0.5699
0.8271,-0.5329
0.8443,-0.4954
0.8607,-0.4575
0.8763,-0.4189
0.8910,-0.3800
0.9048,-0.3409
0.9178,-0.3013
0.9298,-0.2613
0.9409,-0.2214
0.9511,-0.1809
0.9603,-0.1403
0.9686,-0.0997
0.9759,-0.0590
0.9823,-0.0182
0.9877,0.0227
0.9921,0.0635
0.9956,0.1042
0.9980,0.1449
0.9995,0.1855
1.0000,0.2256
0.9995,0.2659
0.9980,0.3058
0.9956,0.3451
0.9921,0.3844
0.9877,0.4233
0.9823,0.4617
0.9759,0.4996
0.9686,0.5370
0.9603,0.5740
0.9511,0.6103
0.9409,0.6460
0.9298,0.6812
0.9178,0.7157
0.9048,0.7493
0.8910,0.7824
0.8763,0.8147
0.8607,0.8459
0.8443,0.8766
0.8271,0.9064
0.8090,0.9352
0.7902,0.9630
0.7705,0.9899
0.7501,1.0160
0.7290,1.0409
0.7071,1.0648
0.6845,1.0878
0.6613,1.1097
0.6374,1.1303
0.6129,1.1500
0.5878,1.1685
0.5621,1.1857
0.5358,1.2019
0.5090,1.2169
0.4818,1.2307
0.4540,1.2432
0.4258,1.2545
0.3971,1.2646
0.3681,1.2734
0.3387,1.2810
0.3090,1.2873
0.2790,1.2924
0.2487,1.2962
0.2181,1.2987
0.1874,1.2999
0.1564,1.2998
0.1253,1.2984
0.0941,1.2958
0.0628,1.2919
0.0314,1.2867
0.0000,1.2802
-0.0314,1.2725
-0.0628,1.2636
-0.0941,1.2533
-0.1253,1.2419
-0.1564,1.2291
-0.1874,1.2153
-0.2181,1.2002
-0.2487,1.1838
-0.2790,1.1665
-0.3090,1.1478
-0.3387,1.1281
-0.3681,1.1072
-0.3971,1.0853
-0.4258,1.0622
-0.4540,1.0382
-0.4818,1.0132
-0.5090,0.9871
-0.5358,0.9600
-0.5621,0.9319
-0.5878,0.9031
-0.6129,0.8732
-0.6374,0.8425
-0.6613,0.8111
-0.6845,0.7788
-0.7071,0.7456
-0.7290,0.7118
-0.7501,0.6773
-0.7705,0.6421
-0.7902,0.6063
-0.8090,0.5699
-0.8271,0.5330
-0.8443,0.4954
-0.8607,0.4573
-0.8763,0.4191
-0.8910,0.3801
-0.9048,0.3408
-0.9178,0.3012
-0.9298,0.2614
-0.9409,0.2212
-0.9511,0.1809
-0.9603,0.1404
-0.9686,0.0997
-0.9759,0.0590
-0.9823,0.0181
-0.9877,-0.0226
-0.9921,-0.0635
-0.9956,-0.1043
-0.9980,-0.1448
-0.9995,-0.1854
-1.0000,-0.2258
-0.9995,-0.2659
-0.9980,-0.3056
-0.9956,-0.3453
-0.9921,-0.3844
-0.9877,-0.4232
-0.9823,-0.4617
-0.9759,-0.4996
-0.9686,-0.5371
-0.9603,-0.5738
-0.9511,-0.6103
-0.9409,-0.6461
-0.9298,-0.6811
-0.9178,-0.7156
-0.9048,-0.7494
-0.8910,-0.7824
-0.8763,-0.8146
-0.8607,-0.8460
-0.8443,-0.8766
-0.8271,-0.9063
-0.8090,-0.9352
-0.7902,-0.9630
-0.7705,-0.9901
-0.7501,-1.0159
-0.7290,-1.0409
-0.7071,-1.0649
-0.6845,-1.0877
-0.6613,-1.1096
-0.6374,-1.1304
-0.6129,-1.1500
-0.5878,-1.1684
-0.5621,-1.1858
-0.5358,-1.2019
-0.5090,-1.2169
-0.4818,-1.2307
-0.4540,-1.2432
-0.4258,-1.2545
-0.3971,-1.2646
-0.3681,-1.2734
-0.3387,-1.2810
-0.3090,-1.2873
-0.2790,-1.2924
-0.2487,-1.2962
-0.2181,-1.2987
-0.1874,-1.2999
-0.1564,-1.2998
-0.1253,-1.2984
-0.0941,-1.2958
-0.0628,-1.2919
-0.0314,-1.2867
0.0000,-1.2802
0.0314,-1.2725
0.0628,-1.2636
0.0941,-1.2533
0.1253,-1.2419
0.1564,-1.2292
0.1874,-1.2153
0.2181,-1.2001
0.2487,-1.1839
0.2790,-1.1664
0.3090,-1.1478
0.3387,-1.1281
0.3681,-1.1072
0.3971,-1.0853
0.4258,-1.0622
0.4540,-1.0382
0.4818,-1.0132
0.5090,-0.9870
0.5358,-0.9601
0.5621,-0.9320
0.5878,-0.9030
0.6129,-0.8731
0.6374,-0.8426
0.6613,-0.8110
0.6845,-0.7787
0.7071,-0.7457
0.7290,-0.7118
0.7501,-0.6773
0.7705,-0.6421
0.7902,-0.6063
0.8090,-0.5699
0.8271,-0.5328
0.8443,-0.4955
0.8607,-0.4574
0.8763,-0.4189
0.8910,-0.3799
0.9048,-0.3409
0.9178,-0.3012
0.9298,-0.2614
0.9409,-0.2213
0.9511,-0.1809
0.9603,-0.1404
0.9686,-0.0997
0.9759,-0.0590
0.9823,-0.0182
0.9877,0.0227
0.9921,0.0633
0.9956,0.1042
0.9980,0.1450
0.9995,0.1856
1.0000,0.2257
0.9995,0.2659
0.9980,0.3057
0.9956,0.3451
0.9921,0.3844
0.9877,0.4232
0.9823,0.4617
0.9759,0.4996
0.9686,0.5370
0.9603,0.5740
0.9511,0.6102
0.9409,0.6460
0.9298,0.6812
0.9178,0.7157
0.9048,0.7493
0.8910,0.7824
0.8763,0.8146
0.8607,0.8459
0.8443,0.8766
0.8271,0.9063
0.8090,0.9352
0.7902,0.9630
0.7705,0.9900
0.7501,1.0160
0.7290,1.0408
0.7071,1.0649
0.6845,1.0878
0.6613,1.1097
0.6374,1.1303
0.6129,1.1500
0.5878,1.1684
0.5621,1.1857
0.5358,1.2019
0.5090,1.2169
0.4818,1.2307
0.4540,1.2432
0.4258,1.2545
0.3971,1.2646
0.3681,1.2734
0.3387,1.2810
0.3090,1.2874
0.2790,1.2924
0.2487,1.2962
0.2181,1.2987
0.1874,1.2999
0.1564,1.2998
0.1253,1.2984
0.0941,1.2958
0.0628,1.2919
0.0314,1.2867
0.0000,1.2803
-0.0314,1.2725
-0.0628,1.2635
-0.0941,1.2533
-0.1253,1.2419
-0.1564,1.2291
-0.1874,1.2153
-0.2181,1.2002
-0.2487,1.1838
-0.2790,1.1664
-0.3090,1.1478
-0.3387,1.1281
-0.3681,1.1072
-0.3971,1.0853
-0.4258,1.0623
-0.4540,1.0382
-0.4818,1.0131
-0.5090,0.9871
-0.5358,0.9600
-0.5621,0.9319
-0.5878,0.9031
-0.6129,0.8732
-0.6374,0.8425
-0.6613,0.8110
-0.6845,0.7787
-0.7071,0.7457
-0.7290,0.7118
-0.7501,0.6773
-0.7705,0.6422
-0.7902,0.6063
-0.8090,0.5698
-0.8271,0.5330
-0.8443,0.4954
-0.8607,0.4573
-0.8763,0.4190
-0.8910,0.3801
-0.9048,0.3407
-0.9178,0.3012
-0.9298,0.2614
-0.9409,0.2213
-0.9511,0.1809
-0.9603,0.1404
-0.9686,0.0998
-0.9759,0.0589
-0.9823,0.0180
-0.9877,-0.0226
-0.9921,-0.0635
-0.9956,-0.1044
-0.9980,-0.1448
-0.9995,-0.1854
-1.0000,-0.2258
-0.9995,-0.2659
-0.9980,-0.3057
-0.9956,-0.3452
-0.9921,-0.3844
-0.9877,-0.4232
-0.9823,-0.4616
-0.9759,-0.4996
-0.9686,-0.5371
-0.9603,-0.5739
-0.9511,-0.6103
-0.9409,-0.6462
-0.9298,-0.6811
-0.9178,-0.7156
-0.9048,-0.7494
-0.8910,-0.7824
-0.8763,-0.8146
-0.8607,-0.8459
-0.8443,-0.8766
-0.8271,-0.9063
-0.8090,-0.9351
-0.7902,-0.9631
-0.7705,-0.9901
-0.7501,-1.0159
-0.7290,-1.0409
-0.7071,-1.0650
-0.6845,-1.0877
-0.6613,-1.1096
-0.6374,-1.1304
-0.6129,-1.1500
-0.5878,-1.1684
-0.5621,-1.1857
-0.5358,-1.2019
-0.5090,-1.2169
-0.4818,-1.2306
-0.4540,-1.2432
-0.4258,-1.2545
-0.3971,-1.2646
-0.3681,-1.2734
-0.3387,-1.2810
-0.3090,-1.2873
-0.2790,-1.2924
-0.2487,-1.2962
-0.2181,-1.2987
-0.1874,-1.2999
-0.1564,-1.2998
-0.1253,-1.2984
-0.0941,-1.2958
-0.0628,-1.2919
-0.0314,-1.2867
0.0000,-1.2802
0.0314,-1.2725
0.0628,-1.2635
0.0941,-1.2533
0.1253,-1.2419
0.1564,-1.2292
0.1874,-1.2152
0.2181,-1.2002
0.2487,-1.1839
0.2790,-1.1664
0.3090,-1.1478
0.3387,-1.1281
0.3681,-1.1073
0.3971,-1.0853
0.4258,-1.0622
0.4540,-1.0383
0.4818,-1.0131
0.5090,-0.9870
0.5358,-0.9601
0.5621,-0.9320
0.5878,-0.9030
0.6129,-0.8732
0.6374,-0.8426
0.6613,-0.8110
0.6845,-0.7787
0.7071,-0.7457
0.7290,-0.7119
0.7501,-0.6773
0.7705,-0.6420
0.7902,-0.6064
0.8090,-0.5699
0.8271,-0.5328
0.8443,-0.4955
0.8607,-0.4574
0.8763,-0.4189
0.8910,-0.3801
0.9048,-0.3409
0.9178,-0.3012
0.9298,-0.2614
0.9409,-0.2213
0.9511,-0.1810
0.9603,-0.1404
0.9686,-0.0996
0.9759,-0.0591
0.9823,-0.0182
0.9877,0.0228
0.9921,0.0634
0.9956,0.1042
0.9980,0.1450
0.9995,0.1854
1.0000,0.2257
0.9995,0.2659
0.9980,0.3057
0.9956,0.3453
0.9921,0.3843
0.9877,0.4232
0.9823,0.4617
0.9759,0.4995
0.9686,0.5370
0.9603,0.5740
0.9511,0.6103
0.9409,0.6460
0.9298,0.6812
0.9178,0.7156
0.9048,0.7493
0.8910,0.7824
0.8763,0.8146
0.8607,0.8461
0.8443,0.8765
0.8271,0.9063
0.8090,0.9352
0.7902,0.9630
0.7705,0.9900
0.7501,1.0160
0.7290,1.0411
0.7071,1.0649
0.6845,1.0878
0.6613,1.1096
0.6374,1.1303
0.6129,1.1500
0.5878,1.1684
0.5621,1.1858
0.5358,1.2019
0.5090,1.2169
0.4818,1.2307
0.4540,1.2432
0.4258,1.2545
0.3971,1.2646
0.3681,1.2735
0.3387,1.2810
0.3090,1.2874
0.2790,1.2924
0.2487,1.2962
0.2181,1.2987
0.1874,1.2999
0.1564,1.2998
0.1253,1.2984
0.0941,1.2958
0.0628,1.2919
0.0314,1.2867
0.0000,1.2803
-0.0314,1.2725
-0.0628,1.2635
-0.0941,1.2533
-0.1253,1.2418
-0.1564,1.2292
-0.1874,1.2153
-0.2181,1.2002
-0.2487,1.1839
-0.2790,1.1664
-0.3090,1.1478
-0.3387,1.1281
-0.3681,1.1072
-0.3971,1.0854
-0.4258,1.0623
-0.4540,1.0382
-0.4818,1.0130
-0.5090,0.9871
-0.5358,0.9600
-0.5621,0.9320
-0.5878,0.9031
-0.6129,0.8732
-0.6374,0.8426
-0.6613,0.8110
-0.6845,0.7787
-0.7071,0.7457
-0.7290,0.7118
-0.7501,0.6774
-0.7705,0.6422
-0.7902,0.6063
-0.8090,0.5697
-0.8271,0.5330
-0.8443,0.4954
-0.8607,0.4574
-0.8763,0.4190
-0.8910,0.3801
-0.9048,0.3409
-0.9178,0.3012
-0.9298,0.2614
-0.9409,0.2213
-0.9511,0.1809
-0.9603,0.1406
-0.9686,0.0998
-0.9759,0.0589
-0.9823,0.0180
-0.9877,-0.0226
-0.9921,-0.0635
-0.9956,-0.1042
-0.9980,-0.1448
-0.9995,-0.1854
-1.0000,-0.2257
-0.9995,-0.2659
-0.9980,-0.3057
-0.9956,-0.3452
-0.9921,-0.3845
-0.9877,-0.4231
-0.9823,-0.4616
-0.9759,-0.4996
-0.9686,-0.5372
-0.9603,-0.5739
-0.9511,-0.6103
-0.9409,-0.6460
-0.9298,-0.6811
-0.9178,-0.7156
-0.9048,-0.7493
-0.8910,-0.7824
-0.8763,-0.8146
-0.8607,-0.8460
-0.8443,-0.8766
-0.8271,-0.9062
-0.8090,-0.9351
-0.7902,-0.9631
-0.7705,-0.9901
-0.7501,-1.0159
-0.7290,-1.0410
-0.7071,-1.0649
-0.6845,-1.0877
-0.6613,-1.1096
-0.6374,-1.1303
-0.6129,-1.1500
-0.5878,-1.1684
-0.5621,-1.1857
-0.5358,-1.2019
-0.5090,-1.2168
-0.4818,-1.2306
-0.4540,-1.2432
-0.4258,-1.2546
-0.3971,-1.2646
-0.3681,-1.2735
-0.3387,-1.2810
-0.3090,-1.2873
-0.2790,-1.2924
-0.2487,-1.2962
-0.2181,-1.2987
-0.1874,-1.2999
-0.1564,-1.2998
-0.1253,-1.2984
-0.0941,-1.2958
-0.0628,-1.2919
-0.0314,-1.2867
0.0000,-1.2802
0.0314,-1.2725
0.0628,-1.2635
0.0941,-1.2533
0.1253,-1.2418
0.1564,-1.2292
0.1874,-1.2153
0.2181,-1.2002
0.2487,-1.1839
0.2790,-1.1665
0.3090,-1.1478
0.3387,-1.1280
0.3681,-1.1073
0.3971,-1.0853
0.4258,-1.0622
0.4540,-1.0383
0.4818,-1.0131
0.5090,-0.9870
0.5358,-0.9600
0.5621,-0.9320
0.5878,-0.9031
0.6129,-0.8732
0.6374,-0.8426
0.6613,-0.8111
0.6845,-0.7787
0.7071,-0.7455
0.7290,-0.7119
0.7501,-0.6773
0.7705,-0.6420
0.7902,-0.6064
0.8090,-0.5699
0.8271,-0.5328
0.8443,-0.4953
0.8607,-0.4574
0.8763,-0.4190
0.8910,-0.3800
0.9048,-0.3409
0.9178,-0.3013
0.9298,-0.2614
0.9409,-0.2211
0.9511,-0.1810
0.9603,-0.1404
0.9686,-0.0996
0.9759,-0.0591
0.9823,-0.0182
0.9877,0.0228
0.9921,0.0635
0.9956,0.1042
0.9980,0.1448
0.9995,0.1854
1.0000,0.2257
0.9995,0.2658
0.9980,0.3057
0.9956,0.3453
0.9921,0.3843
0.9877,0.4232
0.9823,0.4617
0.9759,0.4995
0.9686,0.5370
0.9603,0.5740
0.9511,0.6103
0.9409,0.6461
0.9298,0.6811
0.9178,0.7156
0.9048,0.7493
0.8910,0.7823
0.8763,0.8146
0.8607,0.8461
0.8443,0.8765
0.8271,0.9063
0.8090,0.9352
0.7902,0.9630
0.7705,0.9900
0.7501,1.0160
0.7290,1.0410
0.7071,1.0649
0.6845,1.0877
0.6613,1.1096
0.6374,1.1303
0.6129,1.1499
0.5878,1.1684
0.5621,1.1858
0.5358,1.2019
0.5090,1.2169
0.4818,1.2307
0.4540,1.2432
0.4258,1.2545
0.3971,1.2646
0.3681,1.2735
0.3387,1.2810
0.3090,1.2874
0.2790,1.2924
0.2487,1.2962
0.2181,1.2987
0.1874,1.2999
0.1564,1.2998
0.1253,1.2985
0.0941,1.2958
0.0628,1.2919
0.0314,1.2867
0.0000,1.2803
-0.0314,1.2725
-0.0628,1.2635
-0.0941,1.2533
-0.1253,1.2418
-0.1564,1.2292
-0.1874,1.2153
-0.2181,1.2002
-0.2487,1.1839
-0.2790,1.1664
-0.3090,1.1479
-0.3387,1.1281
-0.3681,1.1072
-0.3971,1.0854
-0.4258,1.0623
-0.4540,1.0382
-0.4818,1.0131
-0.5090,0.9871
-0.5358,0.9599
-0.5621,0.9320
-0.5878,0.9031
-0.6129,0.8733
-0.6374,0.8426
-0.6613,0.8110
-0.6845,0.7788
-0.7071,0.7457
-0.7290,0.7118
-0.7501,0.6774
-0.7705,0.6421
-0.7902,0.6062
-0.8090,0.5699
-0.8271,0.5329
-0.8443,0.4953
-0.8607,0.4574
-0.8763,0.4190
-0.8910,0.3802
-0.9048,0.3409
-0.9178,0.3012
-0.9298,0.2615
-0.9409,0.2213
-0.9511,0.1808
-0.9603,0.1405
-0.9686,0.0998
-0.9759,0.0589
-0.9823,0.0181
-0.9877,-0.0226
-0.9921,-0.0636
-0.9956,-0.1043
-0.9980,-0.1449
-0.9995,-0.1853
-1.0000,-0.2257
-0.9995,-0.2659
-0.9980,-0.3056
-0.9956,-0.3452
-0.9921,-0.3845
-0.9877,-0.4231
-0.9823,-0.4616
-0.9759,-0.4996
-0.9686,-0.5370
-0.9603,-0.5739
-0.9511,-0.6104
-0.9409,-0.6461
-0.9298,-0.6813
-0.9178,-0.7155
-0.9048,-0.7493
-0.8910,-0.7824
-0.8763,-0.8145
-0.8607,-0.8460
-0.8443,-0.8766
-0.8271,-0.9063
-0.8090,-0.9351
-0.7902,-0.9631
-0.7705,-0.9900
-0.7501,-1.0159
-0.7290,-1.0410
-0.7071,-1.0649
-0.6845,-1.0878
-0.6613,-1.1096
-0.6374,-1.1303
-0.6129,-1.1500
-0.5878,-1.1684
-0.5621,-1.1857
-0.5358,-1.2019
-0.5090,-1.2169
-0.4818,-1.2306
-0.4540,-1.2432
-0.4258,-1.2545
-0.3971,-1.2646
-0.3681,-1.2735
-0.3387,-1.2810
-0.3090,-1.2874
-0.2790,-1.2924
-0.2487,-1.2962
-0.2181,-1.2987
-0.1874,-1.2999
-0.1564,-1.2998
-0.1253,-1.2984
-0.0941,-1.2958
-0.0628,-1.2919
-0.0314,-1.2867
0.0000,-1.2803
0.0314,-1.2725
0.0628,-1.2635
0.0941,-1.2533
0.1253,-1.2418
0.1564,-1.2292
0.1874,-1.2153
0.2181,-1.2001
0.2487,-1.1839
0.2790,-1.1665
0.3090,-1.1478
0.3387,-1.1280
0.3681,-1.1073
0.3971,-1.0853
0.4258,-1.0623
0.4540,-1.0383
0.4818,-1.0131
0.5090,-0.9871
0.5358,-0.9599
0.5621,-0.9320
0.5878,-0.9031
0.6129,-0.8732
0.6374,-0.8427
0.6613,-0.8111
0.6845,-0.7787
0.7071,-0.7455
0.7290,-0.7119
0.7501,-0.6773
0.7705,-0.6421
0.7902,-0.6064
0.8090,-0.5699
0.8271,-0.5329
0.8443,-0.4953
0.8607,-0.4574
0.8763,-0.4190
0.8910,-0.3800
0.9048,-0.3410
0.9178,-0.3013
0.9298,-0.2614
0.9409,-0.2211
0.9511,-0.1810
0.9603,-0.1404
0.9686,-0.0998
0.9759,-0.0591
0.9823,-0.0181
0.9877,0.0227
0.9921,0.0636
0.9956,0.1043
0.9980,0.1449
0.9995,0.1855
1.0000,0.2256
0.9995,0.2658
0.9980,0.3057
0.9956,0.3454
0.9921,0.3844
0.9877,0.4233
0.9823,0.4616
0.9759,0.4995
0.9686,0.5371
0.9603,0.5739
0.9511,0.6104
0.9409,0.6461
0.9298,0.6811
0.9178,0.7157
0.9048,0.7492
0.8910,0.7823
0.8763,0.8146
0.8607,0.8461
0.8443,0.8765
0.8271,0.9063
0.8090,0.9351
0.7902,0.9630
0.7705,0.9900
0.7501,1.0159
0.7290,1.0410
0.7071,1.0649
0.6845,1.0878
0.6613,1.1096
0.6374,1.1303
0.6129,1.1499
0.5878,1.1684
0.5621,1.1858
0.5358,1.2019
0.5090,1.2169
0.4818,1.2307
0.4540,1.2432
0.4258,1.2545
0.3971,1.2646
0.3681,1.2735
0.3387,1.2810
0.3090,1.2873
0.2790,1.2924
0.2487,1.2962
0.2181,1.2987
0.1874,1.2999
0.1564,1.2998
0.1253,1.2985
0.0941,1.2958
0.0628,1.2919
0.0314,1.2867
0.0000,1.2802
-0.0314,1.2725
-0.0628,1.2635
-0.0941,1.2533
-0.1253,1.2419
-0.1564,1.2292
-0.1874,1.2153
-0.2181,1.2002
-0.2487,1.1839
-0.2790,1.1664
-0.3090,1.1479
-0.3387,1.1281
-0.3681,1.1072
-0.3971,1.0854
-0.4258,1.0623
-0.4540,1.0383
-0.4818,1.0131
-0.5090,0.9871
-0.5358,0.9600
-0.5621,0.9320
-0.5878,0.9030
-0.6129,0.8733
-0.6374,0.8425
-0.6613,0.8109
-0.6845,0.7788
-0.7071,0.7456
-0.7290,0.7117
-0.7501,0.6773
-0.7705,0.6421
-0.7902,0.6064
-0.8090,0.5698
-0.8271,0.5329
-0.8443,0.4955
-0.8607,0.4574
-0.8763,0.4188
-0.8910,0.3802
-0.9048,0.3408
-0.9178,0.3012
-0.9298,0.2615
-0.9409,0.2213
-0.9511,0.1808
-0.9603,0.1404
-0.9686,0.0997
-0.9759,0.0590
-0.9823,0.0181
-0.9877,-0.0227
-0.9921,-0.0634
-0.9956,-0.1043
-0.9980,-0.1450
-0.9995,-0.1853
-1.0000,-0.2258
-0.9995,-0.2660
-0.9980,-0.3056
-0.9956,-0.3452
-0.9921,-0.3845
-0.9877,-0.4233
-0.9823,-0.4616
-0.9759,-0.4995
-0.9686,-0.5371
-0.9603,-0.5739
-0.9511,-0.6102
-0.9409,-0.6461
-0.9298,-0.6813
-0.9178,-0.7155
-0.9048,-0.7494
-0.8910,-0.7824
-0.8763,-0.8145
-0.8607,-0.8460
-0.8443,-0.8767
-0.8271,-0.9063
-0.8090,-0.9351
-0.7902,-0.9630
-0.7705,-0.9900
-0.7501,-1.0160
-0.7290,-1.0409
-0.7071,-1.0649
-0.6845,-1.0879
-0.6613,-1.1096
-0.6374,-1.1303
-0.6129,-1.1500
-0.5878,-1.1684
-0.5621,-1.1858
-0.5358,-1.2019
-0.5090,-1.2169
-0.4818,-1.2306
-0.4540,-1.2432
-0.4258,-1.2545
-0.3971,-1.2646
-0.3681,-1.2734
-0.3387,-1.2810
-0.3090,-1.2874
-0.2790,-1.2924
-0.2487,-1.2962
-0.2181,-1.2987
-0.1874,-1.2999
-0.1564,-1.2998
-0.1253,-1.2984
-0.0941,-1.2958
-0.0628,-1.2919
-0.0314,-1.2867
0.0000,-1.2802
0.0314,-1.2725
0.0628,-1.2636
0.0941,-1.2533
0.1253,-1.2418
0.1564,-1.2292
0.1874,-1.2153
0.2181,-1.2001
0.2487,-1.1839
0.2790,-1.1664
0.3090,-1.1478
0.3387,-1.1281
0.3681,-1.1073
0.3971,-1.0853
0.4258,-1.0623
0.4540,-1.0383
0.4818,-1.0132
0.5090,-0.9871
0.5358,-0.9599
0.5621,-0.9321
0.5878,-0.9031
0.6129,-0.8732
0.6374,-0.8427
0.6613,-0.8111
0.6845,-0.7787
0.7071,-0.7456
0.7290,-0.7119
0.7501,-0.6773
0.7705,-0.6421
0.7902,-0.6063
0.8090,-0.5700
0.8271,-0.5329
0.8443,-0.4953
0.8607,-0.4575
0.8763,-0.4190
0.8910,-0.3800
0.9048,-0.3410
0.9178,-0.3013
0.9298,-0.2613
0.9409,-0.2213
0.9511,-0.1810
0.9603,-0.1403
0.9686,-0.0997
0.9759,-0.0590
0.9823,-0.0183
0.9877,0.0227
0.9921,0.0636
0.9956,0.1041
0.9980,0.1449
0.9995,0.1855
1.0000,0.2256
0.9995,0.2658
0.9980,0.3057
0.9956,0.3452
0.9921,0.3844
0.9877,0.4233
0.9823,0.4616
0.9759,0.4995
0.9686,0.5369
0.9603,0.5739
0.9511,0.6104
0.9409,0.6460
0.9298,0.6812
0.9178,0.7157
0.9048,0.7492
0.8910,0.7823
0.8763,0.8146
0.8607,0.8460
0.8443,0.8766
0.8271,0.9064
0.8090,0.9351
0.7902,0.9630
0.7705,0.9899
0.7501,1.0160
0.7290,1.0410
0.7071,1.0648
0.6845,1.0878
0.6613,1.1097
0.6374,1.1304
0.6129,1.1499
0.5878,1.1685
0.5621,1.1858
0.5358,1.2019
0.5090,1.2169
0.4818,1.2306
0.4540,1.2432
0.4258,1.2545
0.3971,1.2646
0.3681,1.2735
0.3387,1.2810
0.3090,1.2873
0.2790,1.2924
0.2487,1.2962
0.2181,1.2987
0.1874,1.2999
0.1564,1.2998
0.1253,1.2985
0.0941,1.2958
0.0628,1.2919
0.0314,1.2867
0.0000,1.2802
-0.0314,1.2725
-0.0628,1.2635
-0.0941,1.2534
-0.1253,1.2419
-0.1564,1.2292
-0.1874,1.2152
-0.2181,1.2002
-0.2487,1.1839
-0.2790,1.1664
-0.3090,1.1479
-0.3387,1.1281
-0.3681,1.1073
-0.3971,1.0853
-0.4258,1.0623
-0.4540,1.0382
-0.4818,1.0131
-0.5090,0.9872
-0.5358,0.9600
-0.5621,0.9319
-0.5878,0.9029
-0.6129,0.8733
-0.6374,0.8425
-0.6613,0.8111
-0.6845,0.7788
-0.7071,0.7456
-0.7290,0.7119
-0.7501,0.6772
-0.7705,0.6421
-0.7902,0.6063
-0.8090,0.5698
-0.8271,0.5330
-0.8443,0.4954
-0.8607,0.4573
-0.8763,0.4188
-0.8910,0.3801
-0.9048,0.3408
-0.9178,0.3013
-0.9298,0.2615
-0.9409,0.2212
-0.9511,0.1810
-0.9603,0.1403
-0.9686,0.0997
-0.9759,0.0590
-0.9823,0.0181
-0.9877,-0.0225
-0.9921,-0.0634
-0.9956,-0.1043
-0.9980,-0.1451
-0.9995,-0.1853
-1.0000,-0.2258
-0.9995,-0.2658
-0.9980,-0.3056
-0.9956,-0.3452
-0.9921,-0.3844
-0.9877,-0.4233
-0.9823,-0.4616
-0.9759,-0.4995
-0.9686,-0.5371
-0.9603,-0.5738
-0.9511,-0.6103
-0.9409,-0.6461
-0.9298,-0.6813
-0.9178,-0.7156
-0.9048,-0.7494
-0.8910,-0.7823
-0.8763,-0.8145
-0.8607,-0.8460
-0.8443,-0.8766
-0.8271,-0.9064
-0.8090,-0.9351
-0.7902,-0.9630
-0.7705,-0.9900
-0.7501,-1.0159
-0.7290,-1.0409
-0.7071,-1.0649
-0.6845,-1.0879
-0.6613,-1.1096
-0.6374,-1.1304
-0.6129,-1.1500
-0.5878,-1.1684
-0.5621,-1.1858
-0.5358,-1.2019
-0.5090,-1.2169
-0.4818,-1.2306
-0.4540,-1.2432
-0.4258,-1.2545
-0.3971,-1.2646
-0.3681,-1.2734
-0.3387,-1.2810
-0.3090,-1.2874
-0.2790,-1.2924
-0.2487,-1.2962
-0.2181,-1.2987
-0.1874,-1.2999
-0.1564,-1.2998
-0.1253,-1.2985
-0.0941,-1.2958
-0.0628,-1.2919
-0.0314,-1.2867
0.0000,-1.2802
0.0314,-1.2725
0.0628,-1.2636
0.0941,-1.2533
0.1253,-1.2418
0.1564,-1.2292
0.1874,-1.2153
0.2181,-1.2001
0.2487,-1.1839
0.2790,-1.1664
0.3090,-1.1479
0.3387,-1.1281
0.3681,-1.1073
0.3971,-1.0853
0.4258,-1.0623
0.4540,-1.0382
0.4818,-1.0132
0.5090,-0.9870
0.5358,-0.9599
0.5621,-0.9320
0.5878,-0.9030
0.6129,-0.8732
0.6374,-0.8426
0.6613,-0.8110
0.6845,-0.7788
0.7071,-0.7456
0.7290,-0.7118
0.7501,-0.6774
0.7705,-0.6421
0.7902,-0.6062
0.8090,-0.5700
0.8271,-0.5329
0.8443,-0.4953
0.8607,-0.4575
0.8763,-0.4189
0.8910,-0.3800
0.9048,-0.3408
0.9178,-0.3013
0.9298,-0.2615
0.9409,-0.2212
0.9511,-0.1809
0.9603,-0.1405
0.9686,-0.0997
0.9759,-0.0588
0.9823,-0.0182
0.9877,0.0227
0.9921,0.0636
0.9956,0.1042
0.9980,0.1449
0.9995,0.1855
1.0000,0.2258
0.9995,0.2658
0.9980,0.3056
0.9956,0.3453
0.9921,0.3844
0.9877,0.4232
0.9823,0.4617
0.9759,0.4997
0.9686,0.5370
0.9603,0.5740
0.9511,0.6104
0.9409,0.6460
0.9298,0.6812
0.9178,0.7157
0.9048,0.7494
0.8910,0.7823
0.8763,0.8147
0.8607,0.8460
0.8443,0.8766
0.8271,0.9063
0.8090,0.9352
0.7902,0.9631
0.7705,0.9899
0.7501,1.0160
0.7290,1.0410
0.7071,1.0648
0.6845,1.0878
0.6613,1.1097
0.6374,1.1304
0.6129,1.1499
0.5878,1.1685
0.5621,1.1858
0.5358,1.2019
0.5090,1.2168
0.4818,1.2306
0.4540,1.2432
0.4258,1.2545
0.3971,1.2646
0.3681,1.2735
0.3387,1.2810
0.3090,1.2873
0.2790,1.2924
0.2487,1.2962
0.2181,1.2987
0.1874,1.2999
0.1564,1.2998
0.1253,1.2985
0.0941,1.2958
0.0628,1.2919
0.0314,1.2867
0.0000,1.2803
-0.0314,1.2725
-0.0628,1.2635
-0.0941,1.2534
-0.1253,1.2419
-0.1564,1.2291
-0.1874,1.2153
-0.2181,1.2002
-0.2487,1.1839
-0.2790,1.1664
-0.3090,1.1479
-0.3387,1.1281
-0.3681,1.1072
-0.3971,1.0852
-0.4258,1.0624
-0.4540,1.0382
-0.4818,1.0131
-0.5090,0.9871
-0.5358,0.9600
-0.5621,0.9319
-0.5878,0.9030
-0.6129,0.8733
-0.6374,0.8425
-0.6613,0.8110
-0.6845,0.7788
-0.7071,0.7457
-0.7290,0.7118
-0.7501,0.6772
-0.7705,0.6422
-0.7902,0.6063
-0.8090,0.5698
-0.8271,0.5330
-0.8443,0.4954
-0.8607,0.4573
-0.8763,0.4189
-0.8910,0.3801
-0.9048,0.3408
-0.9178,0.3013
-0.9298,0.2615
-0.9409,0.2214
-0.9511,0.1809
-0.9603,0.1403
-0.9686,0.0999
-0.9759,0.0590
-0.9823,0.0181
-0.9877,-0.0226
-0.9921,-0.0635
-0.9956,-0.1043
-0.9980,-0.1449
-0.9995,-0.1854
-1.0000,-0.2258
-0.9995,-0.2658
-0.9980,-0.3056
-0.9956,-0.3451
-0.9921,-0.3844
-0.9877,-0.4233
-0.9823,-0.4615
-0.9759,-0.4996
-0.9686,-0.5371
-0.9603,-0.5738
-0.9511,-0.6103
-0.9409,-0.6461
-0.9298,-0.6812
-0.9178,-0.7156
-0.9048,-0.7494
-0.8910,-0.7824
-0.8763,-0.8145
-0.8607,-0.8459
-0.8443,-0.8766
-0.8271,-0.9064
-0.8090,-0.9351
-0.7902,-0.9630
-0.7705,-0.9900
-0.7501,-1.0159
-0.7290,-1.0409
-0.7071,-1.0649
-0.6845,-1.0878
-0.6613,-1.1096
-0.6374,-1.1304
-0.6129,-1.1500
-0.5878,-1.1684
-0.5621,-1.1858
-0.5358,-1.2019
-0.5090,-1.2169
-0.4818,-1.2306
-0.4540,-1.2432
-0.4258,-1.2545
-0.3971,-1.2646
-0.3681,-1.2734
-0.3387,-1.2810
-0.3090,-1.2873
-0.2790,-1.2924
-0.2487,-1.2962
-0.2181,-1.2987
-0.1874,-1.2999
-0.1564,-1.2998
-0.1253,-1.2985
-0.0941,-1.2958
-0.0628,-1.2919
-0.0314,-1.2867
0.0000,-1.2802
0.0314,-1.2725
0.0628,-1.2636
0.0941,-1.2533
0.1253,-1.2419
0.1564,-1.2292
0.1874,-1.2153
0.2181,-1.2002
0.2487,-1.1839
0.2790,-1.1664
0.3090,-1.1478
0.3387,-1.1281
0.3681,-1.1073
0.3971,-1.0853
0.4258,-1.0623
0.4540,-1.0381
0.4818,-1.0132
0.5090,-0.9870
0.5358,-0.9600
0.5621,-0.9320
0.5878,-0.9030
0.6129,-0.8733
0.6374,-0.8425
0.6613,-0.8110
0.6845,-0.7788
0.7071,-0.7456
0.7290,-0.7120
0.7501,-0.6774
0.7705,-0.6421
0.7902,-0.6062
0.8090,-0.5699
0.8271,-0.5329
0.8443,-0.4954
0.8607,-0.4575
0.8763,-0.4189
0.8910,-0.3801
0.9048,-0.3408
0.9178,-0.3013
0.9298,-0.2614
0.9409,-0.2212
0.9511,-0.1811
0.9603,-0.1405
0.9686,-0.0997
0.9759,-0.0588
0.9823,-0.0182
0.9877,0.0227
0.9921,0.0635
0.9956,0.1042
0.9980,0.1449
0.9995,0.1854
1.0000,0.2258
0.9995,0.2659
0.9980,0.3056
0.9956,0.3453
0.9921,0.3843
0.9877,0.4232
0.9823,0.4617
0.9759,0.4997
0.9686,0.5370
0.9603,0.5740
0.9511,0.6104
0.9409,0.6460
0.9298,0.6812
0.9178,0.7156
0.9048,0.7494
0.8910,0.7824
0.8763,0.8145
0.8607,0.8460
0.8443,0.8765
0.8271,0.9063
0.8090,0.9352
0.7902,0.9631
0.7705,0.9900
0.7501,1.0160
0.7290,1.0410
0.7071,1.0648
0.6845,1.0878
0.6613,1.1096
0.6374,1.1304
0.6129,1.1500
0.5878,1.1684
0.5621,1.1858
0.5358,1.2019
0.5090,1.2169
0.4818,1.2307
0.4540,1.2432
0.4258,1.2545
0.3971,1.2646
0.3681,1.2735
0.3387,1.2810
0.3090,1.2874
0.2790,1.2924
0.2487,1.2962
0.2181,1.2987
0.1874,1.2999
0.1564,1.2998
0.1253,1.2984
0.0941,1.2958
0.0628,1.2919
0.0314,1.2867
0.0000,1.2803
-0.0314,1.2725
-0.0628,1.2635
-0.0941,1.2534
-0.1253,1.2419
-0.1564,1.2292
-0.1874,1.2153
-0.2181,1.2002
-0.2487,1.1839
-0.2790,1.1664
-0.3090,1.1478
-0.3387,1.1281
-0.3681,1.1072
-0.3971,1.0852
-0.4258,1.0623
-0.4540,1.0382
-0.4818,1.0131
-0.5090,0.9871
-0.5358,0.9600
-0.5621,0.9320
-0.5878,0.9030
-0.6129,0.8732
-0.6374,0.8426
-0.6613,0.8110
-0.6845,0.7788
-0.7071,0.7457
-0.7290,0.7118
-0.7501,0.6772
-0.7705,0.6422
-0.7902,0.6063
-0.8090,0.5698
-0.8271,0.5330
-0.8443,0.4954
-0.8607,0.4575
-0.8763,0.4189
-0.8910,0.3801
-0.9048,0.3409
-0.9178,0.3012
-0.9298,0.2614
-0.9409,0.2214
-0.9511,0.1809
-0.9603,0.1403
-0.9686,0.0998
-0.9759,0.0590
-0.9823,0.0180
-0.9877,-0.0227
-0.9921,-0.0635
-0.9956,-0.1042
-0.9980,-0.1449
-0.9995,-0.1854
-1.0000,-0.2257
-0.9995,-0.2659
-0.9980,-0.3058
-0.9956,-0.3451
-0.9921,-0.3844
-0.9877,-0.4233
-0.9823,-0.4615
-0.9759,-0.4996
-0.9686,-0.5371
-0.9603,-0.5740
-0.9511,-0.6103
-0.9409,-0.6461
-0.9298,-0.6812
-0.9178,-0.7156
-0.9048,-0.7493
-0.8910,-0.7824
-0.8763,-0.8147
-0.8607,-0.8459
-0.8443,-0.8766
-0.8271,-0.9064
-0.8090,-0.9351
-0.7902,-0.9630
-0.7705,-0.9901
-0.7501,-1.0160
-0.7290,-1.0409
-0.7071,-1.0649
-0.6845,-1.0878
-0.6613,-1.1096
-0.6374,-1.1303
-0.6129,-1.1500
-0.5878,-1.1685
-0.5621,-1.1857
-0.5358,-1.2019
-0.5090,-1.2169
-0.4818,-1.2306
-0.4540,-1.2432
-0.4258,-1.2545
-0.3971,-1.2646
-0.3681,-1.2734
-0.3387,-1.2810
-0.3090,-1.2874
-0.2790,-1.2924
-0.2487,-1.2962
-0.2181,-1.2987
-0.1874,-1.2999
-0.1564,-1.2998
-0.1253,-1.2984
-0.0941,-1.2958
-0.0628,-1.2919
-0.0314,-1.2867
0.0000,-1.2802
0.0314,-1.2725
0.0628,-1.2636
0.0941,-1.2533
0.1253,-1.2419
0.1564,-1.2292
0.1874,-1.2153
0.2181,-1.2002
0.2487,-1.1838
0.2790,-1.1665
0.3090,-1.1478
0.3387,-1.1281
0.3681,-1.1073
0.3971,-1.0853
0.4258,-1.0622
0.4540,-1.0382
0.4818,-1.0132
0.5090,-0.9870
0.5358,-0.9600
0.5621,-0.9320
0.5878,-0.9031
0.6129,-0.8732
0.6374,-0.8425
0.6613,-0.8111
0.6845,-0.7787
0.7071,-0.7456
0.7290,-0.7119
0.7501,-0.6773
0.7705,-0.6421
0.7902,-0.6063
0.8090,-0.5699
0.8271,-0.5328
0.8443,-0.4954
0.8607,-0.4574
0.8763,-0.4190
0.8910,-0.3801
0.9048,-0.3408
0.9178,-0.3014
0.9298,-0.2614
0.9409,-0.2212
0.9511,-0.1811
0.9603,-0.1404
0.9686,-0.0997
0.9759,-0.0590
0.9823,-0.0182
0.9877,0.0227
0.9921,0.0635
0.9956,0.1042
0.9980,0.1448
0.9995,0.1854
1.0000,0.2258
0.9995,0.2657
0.9980,0.3057
0.9956,0.3453
0.9921,0.3843
0.9877,0.4232
0.9823,0.4617
0.9759,0.4996
0.9686,0.5370
0.9603,0.5740
0.9511,0.6103
0.9409,0.6460
0.9298,0.6812
0.9178,0.7156
0.9048,0.7494
0.8910,0.7823
0.8763,0.8146
0.8607,0.8461
0.8443,0.8765
0.8271,0.9063
0.8090,0.9352
0.7902,0.9630
0.7705,0.9900
0.7501,1.0160
0.7290,1.0409
0.7071,1.0649
0.6845,1.0878
0.6613,1.1096
0.6374,1.1304
0.6129,1.1499
0.5878,1.1684
0.5621,1.1858
0.5358,1.2019
0.5090,1.2169
0.4818,1.2307
0.4540,1.2432
0.4258,1.2545
0.3971,1.2646
0.3681,1.2734
0.3387,1.2810
0.3090,1.2874
0.2790,1.2924
0.2487,1.2962
0.2181,1.2987
0.1874,1.2999
0.1564,1.2998
0.1253,1.2985
0.0941,1.2958
0.0628,1.2919
0.0314,1.2867
0.0000,1.2803
-0.0314,1.2725
-0.0628,1.2636
-0.0941,1.2533
-0.1253,1.2419
-0.1564,1.2292
-0.1874,1.2152
-0.2181,1.2002
-0.2487,1.1839
-0.2790,1.1664
-0.3090,1.1478
-0.3387,1.1281
-0.3681,1.1072
-0.3971,1.0853
-0.4258,1.0623
-0.4540,1.0382
-0.4818,1.0132
-0.5090,0.9870
-0.5358,0.9600
-0.5621,0.9320
-0.5878,0.9030
-0.6129,0.8733
-0.6374,0.8426
-0.6613,0.8110
-0.6845,0.7786
-0.7071,0.7457
-0.7290,0.7118
-0.7501,0.6773
-0.7705,0.6422
-0.7902,0.6063
-0.8090,0.5699
-0.8271,0.5328
-0.8443,0.4954
-0.8607,0.4574
-0.8763,0.4189
-0.8910,0.3802
-0.9048,0.3409
-0.9178,0.3012
-0.9298,0.2613
-0.9409,0.2213
-0.9511,0.1809
-0.9603,0.1403
-0.9686,0.0998
-0.9759,0.0589
-0.9823,0.0182
-0.9877,-0.0228
-0.9921,-0.0635
-0.9956,-0.1042
-0.9980,-0.1450
-0.9995,-0.1853
-1.0000,-0.2257
-0.9995,-0.2659
-0.9980,-0.3058
-0.9956,-0.3452
-0.9921,-0.3845
-0.9877,-0.4234
-0.9823,-0.4616
-0.9759,-0.4996
-0.9686,-0.5370
-0.9603,-0.5740
-0.9511,-0.6103
-0.9409,-0.6460
-0.9298,-0.6812
-0.9178,-0.7156
-0.9048,-0.7493
-0.8910,-0.7824
-0.8763,-0.8147
-0.8607,-0.8460
-0.8443,-0.8766
-0.8271,-0.9064
-0.8090,-0.9351
-0.7902,-0.9631
-0.7705,-0.9900
-0.7501,-1.0160
-0.7290,-1.0410
-0.7071,-1.0649
-0.6845,-1.0878
-0.6613,-1.1096
-0.6374,-1.1303
-0.6129,-1.1500
-0.5878,-1.1685
-0.5621,-1.1857
-0.5358,-1.2019
-0.5090,-1.2169
-0.4818,-1.2306
-0.4540,-1.2432
-0.4258,-1.2545
-0.3971,-1.2646
-0.3681,-1.2734
-0.3387,-1.2810
-0.3090,-1.2874
-0.2790,-1.2924
-0.2487,-1.2962
-0.2181,-1.2987
-0.1874,-1.2999
-0.1564,-1.2998
-0.1253,-1.2984
-0.0941,-1.2958
-0.0628,-1.2919
-0.0314,-1.2867
0.0000,-1.2803
0.0314,-1.2725
0.0628,-1.2636
0.0941,-1.2533
0.1253,-1.2419
0.1564,-1.2292
0.1874,-1.2153
0.2181,-1.2002
0.2487,-1.1838
0.2790,-1.1665
0.3090,-1.1478
0.3387,-1.1280
0.3681,-1.1073
0.3971,-1.0853
0.4258,-1.0623
0.4540,-1.0382
0.4818,-1.0131
0.5090,-0.9871
0.5358,-0.9600
0.5621,-0.9320
0.5878,-0.9031
0.6129,-0.8732
0.6374,-0.8425
0.6613,-0.8111
0.6845,-0.7787
0.7071,-0.7456
0.7290,-0.7119
0.7501,-0.6773
0.7705,-0.6422
0.7902,-0.6063
0.8090,-0.5699
0.8271,-0.5330
0.8443,-0.4954
0.8607,-0.4574
0.8763,-0.4190
0.8910,-0.3801
0.9048,-0.3407
0.9178,-0.3014
0.9298,-0.2614
0.9409,-0.2212
0.9511,-0.1810
0.9603,-0.1404
0.9686,-0.0996
0.9759,-0.0589
0.9823,-0.0182
0.9877,0.0226
0.9921,0.0635
0.9956,0.1042
0.9980,0.1448
0.9995,0.1854
1.0000,0.2259
0.9995,0.2657
0.9980,0.3057
0.9956,0.3453
0.9921,0.3845
0.9877,0.4232
0.9823,0.4617
0.9759,0.4996
0.9686,0.5370
0.9603,0.5739
0.9511,0.6103
0.9409,0.6462
0.9298,0.6811
0.9178,0.7156
0.9048,0.7495
0.8910,0.7823
0.8763,0.8146
0.8607,0.8461
0.8443,0.8766
0.8271,0.9063
0.8090,0.9352
0.7902,0.9631
0.7705,0.9900
0.7501,1.0159
0.7290,1.0410
0.7071,1.0650
0.6845,1.0877
0.6613,1.1096
0.6374,1.1304
0.6129,1.1499
0.5878,1.1684
0.5621,1.1858
0.5358,1.2019
0.5090,1.2169
0.4818,1.2307
0.4540,1.2432
0.4258,1.2545
0.3971,1.2646
0.3681,1.2735
0.3387,1.2810
0.3090,1.2873
0.2790,1.2924
0.2487,1.2962
0.2181,1.2987
0.1874,1.2999
0.1564,1.2998
0.1253,1.2984
0.0941,1.2958
0.0628,1.2919
0.0314,1.2867
0.0000,1.2803
-0.0314,1.2725
-0.0628,1.2635
-0.0941,1.2533
-0.1253,1.2419
-0.1564,1.2292
-0.1874,1.2152
-0.2181,1.2002
-0.2487,1.1839
-0.2790,1.1664
-0.3090,1.1478
-0.3387,1.1281
-0.3681,1.1072
-0.3971,1.0853
-0.4258,1.0623
-0.4540,1.0383
-0.4818,1.0131
-0.5090,0.9870
-0.5358,0.9601
-0.5621,0.9320
-0.5878,0.9030
-0.6129,0.8733
-0.6374,0.8426
-0.6613,0.8110
-0.6845,0.7787
-0.7071,0.7457
-0.7290,0.7118
-0.7501,0.6773
-0.7705,0.6422
-0.7902,0.6064
-0.8090,0.5699
-0.8271,0.5328
-0.8443,0.4955
-0.8607,0.4574
-0.8763,0.4189
-0.8910,0.3802
-0.9048,0.3409
-0.9178,0.3012
-0.9298,0.2614
-0.9409,0.2213
-0.9511,0.1809
-0.9603,0.1404
-0.9686,0.0998
-0.9759,0.0589
-0.9823,0.0182
-0.9877,-0.0228
-0.9921,-0.0634
-0.9956,-0.1042
-0.9980,-0.1450
-0.9995,-0.1853
-1.0000,-0.2257
-0.9995,-0.2659
-0.9980,-0.3057
-0.9956,-0.3452
-0.9921,-0.3845
-0.9877,-0.4232
-0.9823,-0.4616
-0.9759,-0.4996
-0.9686,-0.5370
-0.9603,-0.5740
-0.9511,-0.6102
-0.9409,-0.6460
-0.9298,-0.6812
-0.9178,-0.7155
-0.9048,-0.7493
-0.8910,-0.7824
-0.8763,-0.8146
-0.8607,-0.8460
-0.8443,-0.8766
-0.8271,-0.9063
-0.8090,-0.9351
-0.7902,-0.9631
-0.7705,-0.9900
-0.7501,-1.0160
-0.7290,-1.0409
-0.7071,-1.0649
-0.6845,-1.0878
-0.6613,-1.1095
-0.6374,-1.1303
-0.6129,-1.1500
-0.5878,-1.1684
-0.5621,-1.1857
-0.5358,-1.2019
-0.5090,-1.2169
-0.4818,-1.2306
-0.4540,-1.2432
-0.4258,-1.2545
-0.3971,-1.2646
-0.3681,-1.2734
-0.3387,-1.2810
-0.3090,-1.2874
-0.2790,-1.2924
-0.2487,-1.2962
-0.2181,-1.2987
-0.1874,-1.2999
-0.1564,-1.2998
-0.1253,-1.2984
-0.0941,-1.2958
-0.0628,-1.2919
-0.0314,-1.2867
0.0000,-1.2803
0.0314,-1.2725
0.0628,-1.2636
0.0941,-1.2533
0.1253,-1.2418
0.1564,-1.2292
0.1874,-1.2153
0.2181,-1.2002
0.2487,-1.1839
0.2790,-1.1665
0.3090,-1.1478
0.3387,-1.1281
0.3681,-1.1072
0.3971,-1.0853
0.4258,-1.0623
0.4540,-1.0382
0.4818,-1.0132
0.5090,-0.9871
0.5358,-0.9600
0.5621,-0.9319
0.5878,-0.9031
0.6129,-0.8732
0.6374,-0.8426
0.6613,-0.8111
0.6845,-0.7787
0.7071,-0.7457
0.7290,-0.7118
0.7501,-0.6773
0.7705,-0.6422
0.7902,-0.6062
0.8090,-0.5700
0.8271,-0.5329
0.8443,-0.4953
0.8607,-0.4572
0.8763,-0.4190
0.8910,-0.3800
0.9048,-0.3407
0.9178,-0.3013
0.9298,-0.2614
0.9409,-0.2213
0.9511,-0.1809
0.9603,-0.1404
0.9686,-0.0998
0.9759,-0.0589
0.9823,-0.0181
0.9877,0.0226
0.9921,0.0636
0.9956,0.1044
0.9980,0.1448
0.9995,0.1855
1.0000,0.2259
0.9995,0.2658
0.9980,0.3057
0.9956,0.3452
0.9921,0.3845
0.9877,0.4232
0.9823,0.4616
0.9759,0.4996
0.9686,0.5370
0.9603,0.5739
0.9511,0.6104
0.9409,0.6462
0.9298,0.6811
0.9178,0.7157
0.9048,0.7495
0.8910,0.7823
0.8763,0.8146
0.8607,0.8460
0.8443,0.8766
0.8271,0.9063
0.8090,0.9351
0.7902,0.9631
0.7705,0.9900
0.7501,1.0159
0.7290,1.0410
0.7071,1.0650
0.6845,1.0878
0.6613,1.1096
0.6374,1.1304
0.6129,1.1499
0.5878,1.1684
0.5621,1.1857
0.5358,1.2019
0.5090,1.2169
0.4818,1.2306
0.4540,1.2432
0.4258,1.2545
0.3971,1.2646
0.3681,1.2735
0.3387,1.2811
0.3090,1.2873
0.2790,1.2924
0.2487,1.2962
0.2181,1.2987
0.1874,1.2999
0.1564,1.2998
0.1253,1.2984
0.0941,1.2958
0.0628,1.2919
0.0314,1.2867
0.0000,1.2803
-0.0314,1.2725
-0.0628,1.2635
-0.0941,1.2533
-0.1253,1.2419
-0.1564,1.2292
-0.1874,1.2152
-0.2181,1.2002
-0.2487,1.1839
-0.2790,1.1665
-0.3090,1.1478
-0.3387,1.1281
-0.3681,1.1073
-0.3971,1.0853
-0.4258,1.0623
-0.4540,1.0383
-0.4818,1.0131
-0.5090,0.9870
-0.5358,0.9601
-0.5621,0.9320
-0.5878,0.9030
-0.6129,0.8733
-0.6374,0.8426
-0.6613,0.8110
-0.6845,0.7787
-0.7071,0.7457
-0.7290,0.7119
-0.7501,0.6773
-0.7705,0.6421
-0.7902,0.6064
-0.8090,0.5699
-0.8271,0.5328
-0.8443,0.4955
-0.8607,0.4574
-0.8763,0.4188
-0.8910,0.3802
-0.9048,0.3409
-0.9178,0.3012
-0.9298,0.2614
-0.9409,0.2213
-0.9511,0.1810
-0.9603,0.1404
-0.9686,0.0998
-0.9759,0.0591
-0.9823,0.0181
-0.9877,-0.0228
-0.9921,-0.0634
-0.9956,-0.1043
-0.9980,-0.1450
-0.9995,-0.1853
-1.0000,-0.2257
-0.9995,-0.2659
-0.9980,-0.3057
-0.9956,-0.3452
-0.9921,-0.3843
-0.9877,-0.4233
-0.9823,-0.4616
-0.9759,-0.4995
-0.9686,-0.5370
-0.9603,-0.5741
-0.9511,-0.6102
-0.9409,-0.6461
-0.9298,-0.6813
-0.9178,-0.7155
-0.9048,-0.7494
-0.8910,-0.7824
-0.8763,-0.8146
-0.8607,-0.8460
-0.8443,-0.8765
-0.8271,-0.9063
-0.8090,-0.9352
-0.7902,-0.9630
-0.7705,-0.9900
-0.7501,-1.0160
-0.7290,-1.0409
-0.7071,-1.0649
-0.6845,-1.0878
-0.6613,-1.1096
-0.6374,-1.1303
-0.6129,-1.1500
-0.5878,-1.1684
-0.5621,-1.1857
-0.5358,-1.2019
-0.5090,-1.2169
-0.4818,-1.2307
-0.4540,-1.2432
-0.4258,-1.2545
-0.3971,-1.2646
-0.3681,-1.2734
-0.3387,-1.2810
-0.3090,-1.2874
-0.2790,-1.2924
-0.2487,-1.2962
-0.2181,-1.2987
-0.1874,-1.2999
-0.1564,-1.2998
-0.1253,-1.2985
-0.0941,-1.2958
-0.0628,-1.2919
-0.0314,-1.2867
0.0000,-1.2803
0.0314,-1.2725
0.0628,-1.2636
0.0941,-1.2533
0.1253,-1.2418
0.1564,-1.2292
0.1874,-1.2153
0.2181,-1.2001
0.2487,-1.1839
0.2790,-1.1665
0.3090,-1.1479
0.3387,-1.1281
0.3681,-1.1072
0.3971,-1.0854
0.4258,-1.0623
0.4540,-1.0382
0.4818,-1.0132
0.5090,-0.9871
0.5358,-0.9599
0.5621,-0.9320
0.5878,-0.9031
0.6129,-0.8732
0.6374,-0.8425
0.6613,-0.8111
0.6845,-0.7787
0.7071,-0.7457
0.7290,-0.7117
0.7501,-0.6774
0.7705,-0.6421
0.7902,-0.6062
0.8090,-0.5700
0.8271,-0.5329
0.8443,-0.4953
0.8607,-0.4574
0.8763,-0.4190
0.8910,-0.3800
0.9048,-0.3408
0.9178,-0.3013
0.9298,-0.2614
0.9409,-0.2213
0.9511,-0.1808
0.9603,-0.1405
0.9686,-0.0998
0.9759,-0.0589
0.9823,-0.0183
0.9877,0.0227
0.9921,0.0636
0.9956,0.1043
0.9980,0.1449
0.9995,0.1855
1.0000,0.2257
0.9995,0.2658
0.9980,0.3057
0.9956,0.3452
0.9921,0.3845
0.9877,0.4231
0.9823,0.4616
0.9759,0.4997
0.9686,0.5369
0.9603,0.5739
0.9511,0.6104
0.9409,0.6461
0.9298,0.6811
0.9178,0.7157
0.9048,0.7494
0.8910,0.7823
0.8763,0.8146
0.8607,0.8460
0.8443,0.8767
0.8271,0.9062
0.8090,0.9351
0.7902,0.9631
0.7705,0.9899
0.7501,1.0160
0.7290,1.0410
0.7071,1.0649
0.6845,1.0878
0.6613,1.1096
0.6374,1.1303
0.6129,1.1499
0.5878,1.1684
0.5621,1.1857
0.5358,1.2019
0.5090,1.2168
0.4818,1.2306
0.4540,1.2432
0.4258,1.2545
0.3971,1.2646
0.3681,1.2735
0.3387,1.2810
0.3090,1.2873
0.2790,1.2924
0.2487,1.2962
0.2181,1.2987
0.1874,1.2999
0.1564,1.2998
0.1253,1.2984
0.0941,1.2958
0.0628,1.2919
0.0314,1.2867
0.0000,1.2803
-0.0314,1.2725
-0.0628,1.2635
-0.0941,1.2533
-0.1253,1.2419
-0.1564,1.2292
-0.1874,1.2153
-0.2181,1.2002
-0.2487,1.1839
-0.2790,1.1665
-0.3090,1.1478
-0.3387,1.1282
-0.3681,1.1073
-0.3971,1.0853
-0.4258,1.0624
-0.4540,1.0383
-0.4818,1.0131
-0.5090,0.9870
-0.5358,0.9600
-0.5621,0.9320
-0.5878,0.9031
-0.6129,0.8733
-0.6374,0.8425
-0.6613,0.8111
-0.6845,0.7787
-0.7071,0.7458
-0.7290,0.7119
-0.7501,0.6773
-0.7705,0.6420
-0.7902,0.6064
-0.8090,0.5698
-0.8271,0.5328
-0.8443,0.4955
-0.8607,0.4574
-0.8763,0.4190
-0.8910,0.3800
-0.9048,0.3408
-0.9178,0.3013
-0.9298,0.2613
-0.9409,0.2213
-0.9511,0.1810
-0.9603,0.1403
-0.9686,0.0996
-0.9759,0.0590
-0.9823,0.0181
-0.9877,-0.0228
-0.9921,-0.0634
-0.9956,-0.1043
-0.9980,-0.1449
-0.9995,-0.1855
-1.0000,-0.2258
-0.9995,-0.2658
-0.9980,-0.3057
-0.9956,-0.3452
-0.9921,-0.3844
-0.9877,-0.4233
-0.9823,-0.4618
-0.9759,-0.4995
-0.9686,-0.5371
-0.9603,-0.5741
-0.9511,-0.6102
-0.9409,-0.6461
-0.9298,-0.6812
-0.9178,-0.7157
-0.9048,-0.7494
-0.8910,-0.7823
-0.8763,-0.8146
-0.8607,-0.8460
-0.8443,-0.8765
-0.8271,-0.9063
-0.8090,-0.9352
-0.7902,-0.9630
-0.7705,-0.9900
-0.7501,-1.0161
-0.7290,-1.0409
-0.7071,-1.0649
-0.6845,-1.0878
-0.6613,-1.1096
-0.6374,-1.1303
-0.6129,-1.1499
-0.5878,-1.1685
-0.5621,-1.1858
-0.5358,-1.2019
-0.5090,-1.2169
-0.4818,-1.2307
-0.4540,-1.2432
-0.4258,-1.2545
-0.3971,-1.2646
-0.3681,-1.2734
-0.3387,-1.2810
-0.3090,-1.2873
-0.2790,-1.2924
-0.2487,-1.2962
-0.2181,-1.2987
-0.1874,-1.2999
-0.1564,-1.2998
-0.1253,-1.2985
-0.0941,-1.2958
-0.0628,-1.2919
-0.0314,-1.2867
0.0000,-1.2802
0.0314,-1.2725
0.0628,-1.2636
0.0941,-1.2533
0.1253,-1.2418
0.1564,-1.2292
0.1874,-1.2153
0.2181,-1.2002
0.2487,-1.1839
0.2790,-1.1664
0.3090,-1.1479
0.3387,-1.1281
0.3681,-1.1072
0.3971,-1.0854
0.4258,-1.0623
0.4540,-1.0382
0.4818,-1.0132
0.5090,-0.9871
0.5358,-0.9599
0.5621,-0.9320
0.5878,-0.9031
0.6129,-0.8733
0.6374,-0.8425
0.6613,-0.8111
0.6845,-0.7788
0.7071,-0.7456
0.7290,-0.7117
0.7501,-0.6774
0.7705,-0.6421
0.7902,-0.6062
0.8090,-0.5700
0.8271,-0.5329
0.8443,-0.4953
0.8607,-0.4574
0.8763,-0.4190
0.8910,-0.3802
0.9048,-0.3408
0.9178,-0.3013
0.9298,-0.2615
0.9409,-0.2213
0.9511,-0.1808
0.9603,-0.1405
0.9686,-0.0997
0.9759,-0.0589
0.9823,-0.0183
0.9877,0.0227
0.9921,0.0636
0.9956,0.1043
0.9980,0.1449
0.9995,0.1853
1.0000,0.2258
0.9995,0.2658
0.9980,0.3056
0.9956,0.3452
0.9921,0.3845
0.9877,0.4231
0.9823,0.4616
0.9759,0.4997
0.9686,0.5369
0.9603,0.5739
0.9511,0.6104
0.9409,0.6461
0.9298,0.6812
0.9178,0.7156
0.9048,0.7494
0.8910,0.7823
0.8763,0.8145
0.8607,0.8460
0.8443,0.8767
0.8271,0.9062
0.8090,0.9351
0.7902,0.9631
0.7705,0.9899
0.7501,1.0160
0.7290,1.0410
0.7071,1.0649
0.6845,1.0878
0.6613,1.1096
0.6374,1.1304
0.6129,1.1500
0.5878,1.1684
0.5621,1.1858
0.5358,1.2020
0.5090,1.2168
0.4818,1.2306
0.4540,1.2432
0.4258,1.2545
0.3971,1.2646
0.3681,1.2735
0.3387,1.2810
0.3090,1.2873
0.2790,1.2924
0.2487,1.2962
0.2181,1.2987
0.1874,1.2999
0.1564,1.2998
0.1253,1.2984
0.0941,1.2958
0.0628,1.2919
0.0314,1.2867
0.0000,1.2802
-0.0314,1.2725
-0.0628,1.2635
-0.0941,1.2533
-0.1253,1.2419
-0.1564,1.2292
-0.1874,1.2153
-0.2181,1.2001
-0.2487,1.1839
-0.2790,1.1664
-0.3090,1.1478
-0.3387,1.1282
-0.3681,1.1073
-0.3971,1.0853
-0.4258,1.0623
-0.4540,1.0382
-0.4818,1.0131
-0.5090,0.9870
-0.5358,0.9600
-0.5621,0.9319
-0.5878,0.9031
-0.6129,0.8732
-0.6374,0.8426
-0.6613,0.8111
-0.6845,0.7787
-0.7071,0.7458
-0.7290,0.7119
-0.7501,0.6772
-0.7705,0.6421
-0.7902,0.6063
-0.8090,0.5698
-0.8271,0.5329
-0.8443,0.4954
-0.8607,0.4573
-0.8763,0.4189
-0.8910,0.3800
-0.9048,0.3410
-0.9178,0.3013
-0.9298,0.2613
-0.9409,0.2214
-0.9511,0.1810
-0.9603,0.1403
-0.9686,0.0997
-0.9759,0.0590
-0.9823,0.0181
-0.9877,-0.0227
-0.9921,-0.0635
-0.9956,-0.1043
-0.9980,-0.1449
-0.9995,-0.1855
-1.0000,-0.2256
-0.9995,-0.2658
-0.9980,-0.3058
-0.9956,-0.3451
-0.9921,-0.3844
-0.9877,-0.4233
-0.9823,-0.4617
-0.9759,-0.4995
-0.9686,-0.5371
-0.9603,-0.5740
-0.9511,-0.6103
-0.9409,-0.6461
-0.9298,-0.6812
-0.9178,-0.7157
-0.9048,-0.7493
-0.8910,-0.7823
-0.8763,-0.8146
-0.8607,-0.8459
-0.8443,-0.8766
-0.8271,-0.9064
-0.8090,-0.9351
-0.7902,-0.9630
-0.7705,-0.9900
-0.7501,-1.0160
-0.7290,-1.0409
-0.7071,-1.0649
-0.6845,-1.0878
-0.6613,-1.1097
-0.6374,-1.1303
-0.6129,-1.1499
-0.5878,-1.1685
-0.5621,-1.1857
-0.5358,-1.2019
-0.5090,-1.2169
-0.4818,-1.2306
-0.4540,-1.2432
-0.4258,-1.2545
-0.3971,-1.2646
-0.3681,-1.2734
-0.3387,-1.2810
-0.3090,-1.2873
-0.2790,-1.2924
-0.2487,-1.2962
-0.2181,-1.2987
-0.1874,-1.2999
-0.1564,-1.2998
-0.1253,-1.2985
-0.0941,-1.2958
-0.0628,-1.2919
-0.0314,-1.2867
0.0000,-1.2802
0.0314,-1.2725
0.0628,-1.2636
0.0941,-1.2533
0.1253,-1.2419
0.1564,-1.2292
0.1874,-1.2153
0.2181,-1.2002
0.2487,-1.1839
0.2790,-1.1665
0.3090,-1.1479
0.3387,-1.1281
0.3681,-1.1072
0.3971,-1.0853
0.4258,-1.0623
0.4540,-1.0382
0.4818,-1.0132
0.5090,-0.9870
0.5358,-0.9600
0.5621,-0.9319
0.5878,-0.9030
0.6129,-0.8733
0.6374,-0.8425
0.6613,-0.8112
0.6845,-0.7788
0.7071,-0.7456
0.7290,-0.7117
0.7501,-0.6774
0.7705,-0.6421
0.7902,-0.6063
0.8090,-0.5700
0.8271,-0.5329
0.8443,-0.4954
0.8607,-0.4573
0.8763,-0.4189
0.8910,-0.3801
0.9048,-0.3408
0.9178,-0.3011
0.9298,-0.2615
0.9409,-0.2212
0.9511,-0.1808
0.9603,-0.1405
0.9686,-0.0997
0.9759,-0.0590
0.9823,-0.0181
0.9877,0.0227
0.9921,0.0635
0.9956,0.1043
0.9980,0.1449
0.9995,0.1854
1.0000,0.2258
0.9995,0.2660
0.9980,0.3056
0.9956,0.3453
0.9921,0.3846
0.9877,0.4232
0.9823,0.4617
0.9759,0.4996
0.9686,0.5371
0.9603,0.5740
0.9511,0.6103
0.9409,0.6461
0.9298,0.6812
0.9178,0.7156
0.9048,0.7494
0.8910,0.7825
0.8763,0.8145
0.8607,0.8460
0.8443,0.8767
0.8271,0.9063
0.8090,0.9352
0.7902,0.9630
0.7705,0.9900
0.7501,1.0160
0.7290,1.0409
0.7071,1.0649
0.6845,1.0878
0.6613,1.1096
0.6374,1.1304
0.6129,1.1500
0.5878,1.1684
0.5621,1.1858
0.5358,1.2020
0.5090,1.2168
0.4818,1.2306
0.4540,1.2432
0.4258,1.2545
0.3971,1.2646
0.3681,1.2734
0.3387,1.2810
0.3090,1.2873
0.2790,1.2924
0.2487,1.2962
0.2181,1.2987
0.1874,1.2999
0.1564,1.2998
0.1253,1.2984
0.0941,1.2958
0.0628,1.2919
0.0314,1.2867
0.0000,1.2802
-0.0314,1.2725
-0.0628,1.2636
-0.0941,1.2533
-0.1253,1.2419
-0.1564,1.2292
-0.1874,1.2153
-0.2181,1.2001
-0.2487,1.1839
-0.2790,1.1664
-0.3090,1.1478
-0.3387,1.1281
-0.3681,1.1072
-0.3971,1.0852
-0.4258,1.0623
-0.4540,1.0382
-0.4818,1.0132
-0.5090,0.9870
-0.5358,0.9600
-0.5621,0.9320
-0.5878,0.9030
-0.6129,0.8731
-0.6374,0.8426
-0.6613,0.8110
-0.6845,0.7786
-0.7071,0.7457
-0.7290,0.7118
-0.7501,0.6772
-0.7705,0.6421
-0.7902,0.6063
-0.8090,0.5699
-0.8271,0.5329
-0.8443,0.4954
-0.8607,0.4575
-0.8763,0.4189
-0.8910,0.3800
-0.9048,0.3409
-0.9178,0.3013
-0.9298,0.2613
-0.9409,0.2214
-0.9511,0.1809
-0.9603,0.1403
-0.9686,0.0997
-0.9759,0.0590
-0.9823,0.0182
-0.9877,-0.0227
-0.9921,-0.0635
-0.9956,-0.1042
-0.9980,-0.1449
-0.9995,-0.1855
-1.0000,-0.2256
-0.9995,-0.2658
-0.9980,-0.3058
-0.9956,-0.3451
-0.9921,-0.3844
-0.9877,-0.4233
-0.9823,-0.4617
-0.9759,-0.4996
-0.9686,-0.5370
-0.9603,-0.5740
-0.9511,-0.6103
-0.9409,-0.6460
-0.9298,-0.6812
-0.9178,-0.7157
-0.9048,-0.7493
-0.8910,-0.7824
-0.8763,-0.8147
-0.8607,-0.8459
-0.8443,-0.8766
-0.8271,-0.9064
-0.8090,-0.9352
-0.7902,-0.9630
-0.7705,-0.9899
-0.7501,-1.0160
-0.7290,-1.0409
-0.7071,-1.0648
-0.6845,-1.0878
-0.6613,-1.1097
-0.6374,-1.1303
-0.6129,-1.1500
-0.5878,-1.1685
-0.5621,-1.1857
-0.5358,-1.2019
-0.5090,-1.2169
-0.4818,-1.2307
-0.4540,-1.2432
-0.4258,-1.2545
-0.3971,-1.2646
-0.3681,-1.2734
-0.3387,-1.2810
-0.3090,-1.2873
-0.2790,-1.2924
-0.2487,-1.2962
-0.2181,-1.2987
-0.1874,-1.2999
-0.1564,-1.2998
-0.1253,-1.2985
-0.0941,-1.2958
-0.0628,-1.2919
-0.0314,-1.2867
0.0000,-1.2802
0.0314,-1.2725
0.0628,-1.2635
0.0941,-1.2534
0.1253,-1.2419
0.1564,-1.2291
0.1874,-1.2153
0.2181,-1.2002
0.2487,-1.1839
0.2790,-1.1664
0.3090,-1.1478
0.3387,-1.1281
0.3681,-1.1072
0.3971,-1.0853
0.4258,-1.0623
0.4540,-1.0382
0.4818,-1.0131
0.5090,-0.9871
0.5358,-0.9600
0.5621,-0.9319
0.5878,-0.9031
0.6129,-0.8733
0.6374,-0.8425
0.6613,-0.8110
0.6845,-0.7788
0.7071,-0.7456
0.7290,-0.7118
0.7501,-0.6774
0.7705,-0.6421
0.7902,-0.6063
0.8090,-0.5698
0.8271,-0.5330
0.8443,-0.4954
0.8607,-0.4573
0.8763,-0.4191
0.8910,-0.3801
0.9048,-0.3408
0.9178,-0.3013
0.9298,-0.2614
0.9409,-0.2212
0.9511,-0.1809
0.9603,-0.1404
0.9686,-0.0997
0.9759,-0.0590
0.9823,-0.0181
0.9877,0.0226
0.9921,0.0635
0.9956,0.1043
0.9980,0.1448
0.9995,0.1854
1.0000,0.2258
0.9995,0.2659
0.9980,0.3056
0.9956,0.3453
0.9921,0.3844
0.9877,0.4232
0.9823,0.4617
0.9759,0.4996
0.9686,0.5371
0.9603,0.5738
0.9511,0.6103
0.9409,0.6461
0.9298,0.6811
0.9178,0.7156
0.9048,0.7494
0.8910,0.7824
0.8763,0.8145
0.8607,0.8460
0.8443,0.8766
0.8271,0.9063
0.8090,0.9352
0.7902,0.9630
0.7705,0.9901
0.7501,1.0159
0.7290,1.0409
0.7071,1.0649
0.6845,1.0877
0.6613,1.1096
0.6374,1.1304
0.6129,1.1500
0.5878,1.1684
0.5621,1.1858
0.5358,1.2019
0.5090,1.2169
0.4818,1.2307
0.4540,1.2432
0.4258,1.2545
0.3971,1.2646
0.3681,1.2734
0.3387,1.2810
0.3090,1.2873
0.2790,1.2924
0.2487,1.2962
0.2181,1.2987
0.1874,1.2999
0.1564,1.2998
0.1253,1.2984
0.0941,1.2958
0.0628,1.2919
0.0314,1.2867
0.0000,1.2802
-0.0314,1.2726
-0.0628,1.2636
-0.0941,1.2533
-0.1253,1.2419
-0.1564,1.2292
-0.1874,1.2153
-0.2181,1.2001
-0.2487,1.1839
-0.2790,1.1664
-0.3090,1.1478
-0.3387,1.1281
-0.3681,1.1072
-0.3971,1.0853
-0.4258,1.0622
-0.4540,1.0382
-0.4818,1.0132
-0.5090,0.9870
-0.5358,0.9601
-0.5621,0.9320
-0.5878,0.9030
-0.6129,0.8731
-0.6374,0.8426
-0.6613,0.8110
-0.6845,0.7787
-0.7071,0.7457
-0.7290,0.7118
-0.7501,0.6773
-0.7705,0.6421
-0.7902,0.6063
-0.8090,0.5699
-0.8271,0.5328
-0.8443,0.4955
-0.8607,0.4574
-0.8763,0.4189
-0.8910,0.3799
-0.9048,0.3409
-0.9178,0.3012
-0.9298,0.2614
-0.9409,0.2214
-0.9511,0.1809
-0.9603,0.1404
-0.9686,0.0997
-0.9759,0.0590
-0.9823,0.0182
-0.9877,-0.0227
-0.9921,-0.0633
-0.9956,-0.1042
-0.9980,-0.1449
-0.9995,-0.1856
-1.0000,-0.2257
-0.9995,-0.2659
-0.9980,-0.3057
-0.9956,-0.3453
-0.9921,-0.3844
-0.9877,-0.4232
-0.9823,-0.4617
-0.9759,-0.4996
-0.9686,-0.5370
-0.9603,-0.5740
-0.9511,-0.6104
-0.9409,-0.6460
-0.9298,-0.6812
-0.9178,-0.7157
-0.9048,-0.7493
-0.8910,-0.7824
-0.8763,-0.8146
-0.8607,-0.8461
-0.8443,-0.8766
-0.8271,-0.9063
-0.8090,-0.9352
-0.7902,-0.9630
-0.7705,-0.9900
-0.7501,-1.0160
-0.7290,-1.0410
-0.7071,-1.0649
-0.6845,-1.0878
-0.6613,-1.1097
-0.6374,-1.1303
-0.6129,-1.1500
-0.5878,-1.1684
-0.5621,-1.1858
-0.5358,-1.2019
-0.5090,-1.2169
-0.4818,-1.2307
-0.4540,-1.2432
-0.4258,-1.2545
-0.3971,-1.2646
-0.3681,-1.2735
-0.3387,-1.2810
-0.3090,-1.2874
-0.2790,-1.2924
-0.2487,-1.2962
-0.2181,-1.2987
-0.1874,-1.2999
-0.1564,-1.2998
-0.1253,-1.2984
-0.0941,-1.2958
-0.0628,-1.2919
-0.0314,-1.2867
0.0000,-1.2803
0.0314,-1.2725
0.0628,-1.2635
0.0941,-1.2533
0.1253,-1.2419
0.1564,-1.2291
0.1874,-1.2153
0.2181,-1.2002
0.2487,-1.1838
0.2790,-1.1664
0.3090,-1.1478
0.3387,-1.1281
0.3681,-1.1072
0.3971,-1.0853
0.4258,-1.0623
0.4540,-1.0382
0.4818,-1.0131
0.5090,-0.9871
0.5358,-0.9600
0.5621,-0.9319
0.5878,-0.9031
0.6129,-0.8732
0.6374,-0.8425
0.6613,-0.8110
0.6845,-0.7787
0.7071,-0.7457
0.7290,-0.7118
0.7501,-0.6773
0.7705,-0.6422
0.7902,-0.6063
0.8090,-0.5698
0.8271,-0.5330
0.8443,-0.4954
0.8607,-0.4573
0.8763,-0.4190
0.8910,-0.3801
0.9048,-0.3408
0.9178,-0.3012
0.9298,-0.2614
0.9409,-0.2213
0.9511,-0.1809
0.9603,-0.1404
0.9686,-0.0998
0.9759,-0.0590
0.9823,-0.0180
0.9877,0.0226
0.9921,0.0635
0.9956,0.1044
0.9980,0.1448
0.9995,0.1854
1.0000,0.2258
0.9995,0.2659
0.9980,0.3057
0.9956,0.3451
0.9921,0.3844
0.9877,0.4232
0.9823,0.4616
0.9759,0.4996
0.9686,0.5371
0.9603,0.5739
0.9511,0.6103
0.9409,0.6462
0.9298,0.6811
0.9178,0.7156
0.9048,0.7494
0.8910,0.7824
0.8763,0.8146
0.8607,0.8459
0.8443,0.8766
0.8271,0.9063
0.8090,0.9351
0.7902,0.9631
0.7705,0.9901
0.7501,1.0159
0.7290,1.0409
0.7071,1.0650
0.6845,1.0877
0.6613,1.1096
0.6374,1.1304
0.6129,1.1500
0.5878,1.1684
0.5621,1.1857
0.5358,1.2019
0.5090,1.2169
0.4818,1.2306
0.4540,1.2432
0.4258,1.2545
0.3971,1.2646
0.3681,1.2734
0.3387,1.2810
0.3090,1.2873
0.2790,1.2924
0.2487,1.2962
0.2181,1.2987
0.1874,1.2999
0.1564,1.2998
0.1253,1.2984
0.0941,1.2958
0.0628,1.2919
0.0314,1.2867
0.0000,1.2802
-0.0314,1.2726
-0.0628,1.2636
-0.0941,1.2533
-0.1253,1.2419
-0.1564,1.2292
-0.1874,1.2152
-0.2181,1.2002
-0.2487,1.1839
-0.2790,1.1664
-0.3090,1.1478
-0.3387,1.1280
-0.3681,1.1073
-0.3971,1.0853
-0.4258,1.0622
-0.4540,1.0383
-0.4818,1.0132
-0.5090,0.9870
-0.5358,0.9600
-0.5621,0.9320
-0.5878,0.9030
-0.6129,0.8732
-0.6374,0.8426
-0.6613,0.8110
-0.6845,0.7787
-0.7071,0.7456
-0.7290,0.7119
-0.7501,0.6773
-0.7705,0.6420
-0.7902,0.6064
-0.8090,0.5699
-0.8271,0.5328
-0.8443,0.4954
-0.8607,0.4574
-0.8763,0.4189
-0.8910,0.3801
-0.9048,0.3409
-0.9178,0.3012
-0.9298,0.2614
-0.9409,0.2212
-0.9511,0.1810
-0.9603,0.1404
-0.9686,0.0996
-0.9759,0.0591
-0.9823,0.0182
-0.9877,-0.0228
-0.9921,-0.0635
-0.9956,-0.1042
-0.9980,-0.1450
-0.9995,-0.1854
-1.0000,-0.2257
-0.9995,-0.2659
-0.9980,-0.3057
-0.9956,-0.3453
-0.9921,-0.3843
-0.9877,-0.4232
-0.9823,-0.4617
-0.9759,-0.4995
-0.9686,-0.5370
-0.9603,-0.5740
-0.9511,-0.6103
-0.9409,-0.6460
-0.9298,-0.6812
-0.9178,-0.7156
-0.9048,-0.7493
-0.8910,-0.7824
-0.8763,-0.8146
-0.8607,-0.8461
-0.8443,-0.8765
-0.8271,-0.9063
-0.8090,-0.9352
-0.7902,-0.9630
-0.7705,-0.9900
-0.7501,-1.0160
-0.7290,-1.0410
-0.7071,-1.0649
-0.6845,-1.0878
-0.6613,-1.1096
-0.6374,-1.1303
-0.6129,-1.1500
-0.5878,-1.1684
-0.5621,-1.1858
-0.5358,-1.2019
-0.5090,-1.2169
-0.4818,-1.2307
-0.4540,-1.2432
-0.4258,-1.2545
-0.3971,-1.2646
-0.3681,-1.2735
-0.3387,-1.2810
-0.3090,-1.2874
-0.2790,-1.2924
-0.2487,-1.2962
-0.2181,-1.2987
-0.1874,-1.2999
-0.1564,-1.2998
-0.1253,-1.2985
-0.0941,-1.2958
-0.0628,-1.2919
-0.0314,-1.2867
0.0000,-1.2803
0.0314,-1.2725
0.0628,-1.2635
0.0941,-1.2533
0.1253,-1.2418
0.1564,-1.2292
0.1874,-1.2153
0.2181,-1.2002
0.2487,-1.1839
0.2790,-1.1664
0.3090,-1.1478
0.3387,-1.1281
0.3681,-1.1072
0.3971,-1.0854
0.4258,-1.0623
0.4540,-1.0382
0.4818,-1.0130
0.5090,-0.9871
0.5358,-0.9600
0.5621,-0.9320
0.5878,-0.9031
0.6129,-0.8732
0.6374,-0.8426
0.6613,-0.8110
0.6845,-0.7787
0.7071,-0.7457
0.7290,-0.7118
0.7501,-0.6774
0.7705,-0.6422
0.7902,-0.6063
0.8090,-0.5698
0.8271,-0.5330
0.8443,-0.4954
0.8607,-0.4574
0.8763,-0.4190
0.8910,-0.3801
0.9048,-0.3409
0.9178,-0.3012
0.9298,-0.2614
0.9409,-0.2213
0.9511,-0.1809
0.9603,-0.1406
0.9686,-0.0998
0.9759,-0.0589
0.9823,-0.0180
0.9877,0.0226
0.9921,0.0635
0.9956,0.1042
0.9980,0.1448
0.9995,0.1854
1.0000,0.2257
0.9995,0.2659
0.9980,0.3057
0.9956,0.3452
0.9921,0.3845
0.9877,0.4231
0.9823,0.4616
0.9759,0.4996
0.9686,0.5372
0.9603,0.5739
0.9511,0.6103
0.9409,0.6460
0.9298,0.6812
0.9178,0.7156
0.9048,0.7493
0.8910,0.7824
0.8763,0.8146
0.8607,0.8460
0.8443,0.8766
0.8271,0.9064
0.8090,0.9351
0.7902,0.9631
0.7705,0.9901
0.7501,1.0159
0.7290,1.0410
0.7071,1.0649
0.6845,1.0878
0.6613,1.1096
0.6374,1.1303
0.6129,1.1500
0.5878,1.1684
0.5621,1.1857
0.5358,1.2019
0.5090,1.2169
0.4818,1.2306
0.4540,1.2432
0.4258,1.2546
0.3971,1.2646
0.3681,1.2735
0.3387,1.2810
0.3090,1.2874
0.2790,1.2924
0.2487,1.2962
0.2181,1.2987
0.1874,1.2999
0.1564,1.2998
0.1253,1.2984
0.0941,1.2958
0.0628,1.2919
0.0314,1.2867
0.0000,1.2802
-0.0314,1.2725
-0.0628,1.2635
-0.0941,1.2533
-0.1253,1.2418
-0.1564,1.2292
-0.1874,1.2153
-0.2181,1.2002
-0.2487,1.1839
-0.2790,1.1665
-0.3090,1.1478
-0.3387,1.1280
-0.3681,1.1073
-0.3971,1.0853
-0.4258,1.0622
-0.4540,1.0383
-0.4818,1.0131
-0.5090,0.9870
-0.5358,0.9600
-0.5621,0.9320
-0.5878,0.9031
-0.6129,0.8732
-0.6374,0.8426
-0.6613,0.8111
-0.6845,0.7787
-0.7071,0.7455
-0.7290,0.7119
-0.7501,0.6773
-0.7705,0.6420
-0.7902,0.6064
-0.8090,0.5699
-0.8271,0.5328
-0.8443,0.4954
-0.8607,0.4574
-0.8763,0.4190
-0.8910,0.3801
-0.9048,0.3409
-0.9178,0.3014
-0.9298,0.2614
-0.9409,0.2212
-0.9511,0.1810
-0.9603,0.1404
-0.9686,0.0996
-0.9759,0.0591
-0.9823,0.0182
-0.9877,-0.0228
-0.9921,-0.0635
-0.9956,-0.1042
-0.9980,-0.1448
-0.9995,-0.1854
-1.0000,-0.2257
-0.9995,-0.2658
-0.9980,-0.3057
-0.9956,-0.3453
-0.9921,-0.3843
-0.9877,-0.4232
-0.9823,-0.4617
-0.9759,-0.4995
-0.9686,-0.5370
-0.9603,-0.5740
-0.9511,-0.6103
-0.9409,-0.6460
-0.9298,-0.6811
-0.9178,-0.7156
-0.9048,-0.7493
-0.8910,-0.7823
-0.8763,-0.8146
-0.8607,-0.8461
-0.8443,-0.8765
-0.8271,-0.9063
-0.8090,-0.9352
-0.7902,-0.9630
-0.7705,-0.9900
-0.7501,-1.0160
-0.7290,-1.0410
-0.7071,-1.0649
-0.6845,-1.0877
-0.6613,-1.1096
-0.6374,-1.1303
-0.6129,-1.1499
-0.5878,-1.1684
-0.5621,-1.1858
-0.5358,-1.2019
-0.5090,-1.2169
-0.4818,-1.2307
-0.4540,-1.2432
-0.4258,-1.2545
-0.3971,-1.2646
-0.3681,-1.2735
-0.3387,-1.2810
-0.3090,-1.2874
-0.2790,-1.2924
-0.2487,-1.2962
-0.2181,-1.2987
-0.1874,-1.2999
-0.1564,-1.2998
-0.1253,-1.2985
-0.0941,-1.2958
-0.0628,-1.2919
-0.0314,-1.2867
0.0000,-1.2803
0.0314,-1.2725
0.0628,-1.2635
0.0941,-1.2533
0.1253,-1.2418
0.1564,-1.2292
0.1874,-1.2153
0.2181,-1.2002
0.2487,-1.1839
0.2790,-1.1664
0.3090,-1.1479
0.3387,-1.1281
0.3681,-1.1072
0.3971,-1.0854
0.4258,-1.0623
0.4540,-1.0382
0.4818,-1.0131
0.5090,-0.9871
0.5358,-0.9599
0.5621,-0.9320
0.5878,-0.9030
0.6129,-0.8733
0.6374,-0.8426
0.6613,-0.8110
0.6845,-0.7788
0.7071,-0.7457
0.7290,-0.7118
0.7501,-0.6773
0.7705,-0.6422
0.7902,-0.6062
0.8090,-0.5699
0.8271,-0.5329
0.8443,-0.4953
0.8607,-0.4574
0.8763,-0.4188
0.8910,-0.3802
0.9048,-0.3409
0.9178,-0.3012
0.9298,-0.2615
0.9409,-0.2213
0.9511,-0.1808
0.9603,-0.1404
0.9686,-0.0998
0.9759,-0.0589
0.9823,-0.0181
0.9877,0.0226
0.9921,0.0636
0.9956,0.1043
0.9980,0.1450
0.9995,0.1853
1.0000,0.2257
0.9995,0.2659
0.9980,0.3056
0.9956,0.3452
0.9921,0.3845
0.9877,0.4233
0.9823,0.4616
0.9759,0.4996
0.9686,0.5370
0.9603,0.5739
0.9511,0.6104
0.9409,0.6461
0.9298,0.6813
0.9178,0.7155
0.9048,0.7493
0.8910,0.7824
0.8763,0.8145
0.8607,0.8460
0.8443,0.8766
0.8271,0.9063
0.8090,0.9351
0.7902,0.9631
0.7705,0.9900
0.7501,1.0159
0.7290,1.0410
0.7071,1.0649
0.6845,1.0878
0.6613,1.1095
0.6374,1.1303
0.6129,1.1500
0.5878,1.1684
0.5621,1.1857
0.5358,1.2019
0.5090,1.2169
0.4818,1.2306
0.4540,1.2432
0.4258,1.2545
0.3971,1.2646
0.3681,1.2735
0.3387,1.2810
0.3090,1.2874
0.2790,1.2924
0.2487,1.2962
0.2181,1.2987
0.1874,1.2999
0.1564,1.2998
0.1253,1.2984
0.0941,1.2958
0.0628,1.2919
0.0314,1.2867
0.0000,1.2803
-0.0314,1.2725
-0.0628,1.2635
-0.0941,1.2533
-0.1253,1.2418
-0.1564,1.2292
-0.1874,1.2153
-0.2181,1.2001
-0.2487,1.1840
-0.2790,1.1665
-0.3090,1.1478
-0.3387,1.1280
-0.3681,1.1073
-0.3971,1.0853
-0.4258,1.0623
-0.4540,1.0383
-0.4818,1.0131
-0.5090,0.9871
-0.5358,0.9599
-0.5621,0.9320
-0.5878,0.9031
-0.6129,0.8732
-0.6374,0.8427
-0.6613,0.8111
-0.6845,0.7787
-0.7071,0.7455
-0.7290,0.7119
-0.7501,0.6773
-0.7705,0.6421
-0.7902,0.6064
-0.8090,0.5699
-0.8271,0.5329
-0.8443,0.4953
-0.8607,0.4574
-0.8763,0.4190
-0.8910,0.3800
-0.9048,0.3410
-0.9178,0.3013
-0.9298,0.2614
-0.9409,0.2211
-0.9511,0.1810
-0.9603,0.1404
-0.9686,0.0998
-0.9759,0.0591
-0.9823,0.0181
-0.9877,-0.0226
-0.9921,-0.0636
-0.9956,-0.1043
-0.9980,-0.1449
-0.9995,-0.1855
-1.0000,-0.2256
-0.9995,-0.2658
-0.9980,-0.3057
-0.9956,-0.3454
-0.9921,-0.3843
-0.9877,-0.4233
-0.9823,-0.4616
-0.9759,-0.4995
-0.9686,-0.5370
-0.9603,-0.5739
-0.9511,-0.6104
-0.9409,-0.6461
-0.9298,-0.6811
-0.9178,-0.7157
-0.9048,-0.7492
-0.8910,-0.7823
-0.8763,-0.8146
-0.8607,-0.8461
-0.8443,-0.8765
-0.8271,-0.9063
-0.8090,-0.9351
-0.7902,-0.9630
-0.7705,-0.9900
-0.7501,-1.0159
-0.7290,-1.0410
-0.7071,-1.0649
-0.6845,-1.0878
-0.6613,-1.1096
-0.6374,-1.1304
-0.6129,-1.1499
-0.5878,-1.1684
-0.5621,-1.1858
-0.5358,-1.2019
-0.5090,-1.2169
-0.4818,-1.2307
-0.4540,-1.2432
-0.4258,-1.2545
-0.3971,-1.2646
-0.3681,-1.2735
-0.3387,-1.2810
-0.3090,-1.2873
-0.2790,-1.2924
-0.2487,-1.2962
-0.2181,-1.2987
-0.1874,-1.2999
-0.1564,-1.2998
-0.1253,-1.2985
-0.0941,-1.2958
-0.0628,-1.2919
-0.0314,-1.2867
0.0000,-1.2802
0.0314,-1.2725
0.0628,-1.2635
0.0941,-1.2533
0.1253,-1.2419
0.1564,-1.2292
0.1874,-1.2152
0.2181,-1.2002
0.2487,-1.1839
0.2790,-1.1664
0.3090,-1.1479
0.3387,-1.1281
0.3681,-1.1072
0.3971,-1.0853
0.4258,-1.0623
0.4540,-1.0383
0.4818,-1.0131
0.5090,-0.9871
0.5358,-0.9600
0.5621,-0.9320
0.5878,-0.9030
0.6129,-0.8733
0.6374,-0.8425
0.6613,-0.8110
0.6845,-0.7788
0.7071,-0.7456
0.7290,-0.7117
0.7501,-0.6773
0.7705,-0.6421
0.7902,-0.6064
0.8090,-0.5699
0.8271,-0.5329
0.8443,-0.4955
0.8607,-0.4574
0.8763,-0.4188
0.8910,-0.3802
0.9048,-0.3408
0.9178,-0.3012
0.9298,-0.2615
0.9409,-0.2213
0.9511,-0.1808
0.9603,-0.1404
0.9686,-0.0997
0.9759,-0.0590
0.9823,-0.0181
0.9877,0.0227
0.9921,0.0634
0.9956,0.1043
0.9980,0.1450
0.9995,0.1853
1.0000,0.2257
0.9995,0.2659
0.9980,0.3056
0.9956,0.3452
0.9921,0.3845
0.9877,0.4233
0.9823,0.4616
0.9759,0.4995
0.9686,0.5371
0.9603,0.5739
0.9511,0.6102
0.9409,0.6461
0.9298,0.6813
0.9178,0.7155
0.9048,0.7494
0.8910,0.7824
0.8763,0.8145
0.8607,0.8460
0.8443,0.8767
0.8271,0.9063
0.8090,0.9351
0.7902,0.9630
0.7705,0.9900
0.7501,1.0160
0.7290,1.0409
0.7071,1.0649
0.6845,1.0879
0.6613,1.1096
0.6374,1.1303
0.6129,1.1500
0.5878,1.1684
0.5621,1.1857
0.5358,1.2019
0.5090,1.2169
0.4818,1.2306
0.4540,1.2432
0.4258,1.2545
0.3971,1.2646
0.3681,1.2734
0.3387,1.2810
0.3090,1.2874
0.2790,1.2924
0.2487,1.2962
0.2181,1.2987
0.1874,1.2999
0.1564,1.2998
0.1253,1.2984
0.0941,1.2958
0.0628,1.2919
0.0314,1.2867
0.0000,1.2802
-0.0314,1.2725
-0.0628,1.2636
-0.0941,1.2533
-0.1253,1.2418
-0.1564,1.2292
-0.1874,1.2153
-0.2181,1.2001
-0.2487,1.1839
-0.2790,1.1664
-0.3090,1.1478
-0.3387,1.1281
-0.3681,1.1073
-0.3971,1.0853
-0.4258,1.0623
-0.4540,1.0383
-0.4818,1.0132
-0.5090,0.9871
-0.5358,0.9599
-0.5621,0.9321
-0.5878,0.9031
-0.6129,0.8732
-0.6374,0.8427
-0.6613,0.8111
-0.6845,0.7787
-0.7071,0.7456
-0.7290,0.7119
-0.7501,0.6773
-0.7705,0.6421
-0.7902,0.6062
-0.8090,0.5700
-0.8271,0.5329
-0.8443,0.4953
-0.8607,0.4575
-0.8763,0.4190
-0.8910,0.3800
-0.9048,0.3408
-0.9178,0.3013
-0.9298,0.2613
-0.9409,0.2213
-0.9511,0.1810
-0.9603,0.1403
-0.9686,0.0997
-0.9759,0.0589
-0.9823,0.0183
-0.9877,-0.0227
-0.9921,-0.0636
-0.9956,-0.1041
-0.9980,-0.1449
-0.9995,-0.1855
-1.0000,-0.2258
-0.9995,-0.2658
-0.9980,-0.3057
-0.9956,-0.3452
-0.9921,-0.3844
-0.9877,-0.4233
-0.9823,-0.4616
-0.9759,-0.4997
-0.9686,-0.5369
-0.9603,-0.5739
-0.9511,-0.6104
-0.9409,-0.6459
-0.9298,-0.6812
-0.9178,-0.7157
-0.9048,-0.7494
-0.8910,-0.7823
-0.8763,-0.8146
-0.8607,-0.8460
-0.8443,-0.8765
-0.8271,-0.9063
-0.8090,-0.9351
-0.7902,-0.9631
-0.7705,-0.9899
-0.7501,-1.0160
-0.7290,-1.0410
-0.7071,-1.0648
-0.6845,-1.0878
-0.6613,-1.1096
-0.6374,-1.1304
-0.6129,-1.1499
-0.5878,-1.1685
-0.5621,-1.1858
-0.5358,-1.2019
-0.5090,-1.2169
-0.4818,-1.2306
-0.4540,-1.2432
-0.4258,-1.2545
-0.3971,-1.2646
-0.3681,-1.2735
-0.3387,-1.2810
-0.3090,-1.2873
-0.2790,-1.2924
-0.2487,-1.2962
-0.2181,-1.2987
-0.1874,-1.2999
-0.1564,-1.2998
-0.1253,-1.2984
-0.0941,-1.2958
-0.0628,-1.2919
-0.0314,-1.2867
0.0000,-1.2802
0.0314,-1.2725
0.0628,-1.2635
0.0941,-1.2534
0.1253,-1.2419
0.1564,-1.2292
0.1874,-1.2152
0.2181,-1.2002
0.2487,-1.1839
0.2790,-1.1664
0.3090,-1.1479
0.3387,-1.1281
0.3681,-1.1073
0.3971,-1.0853
0.4258,-1.0623
0.4540,-1.0382
0.4818,-1.0131
0.5090,-0.9872
0.5358,-0.9600
0.5621,-0.9319
0.5878,-0.9029
0.6129,-0.8733
0.6374,-0.8425
0.6613,-0.8111
0.6845,-0.7788
0.7071,-0.7456
0.7290,-0.7119
0.7501,-0.6773
0.7705,-0.6421
0.7902,-0.6063
0.8090,-0.5698
0.8271,-0.5330
0.8443,-0.4954
0.8607,-0.4574
0.8763,-0.4188
0.8910,-0.3801
0.9048,-0.3408
0.9178,-0.3013
0.9298,-0.2615
0.9409,-0.2213
0.9511,-0.1810
0.9603,-0.1403
0.9686,-0.0997
0.9759,-0.0590
0.9823,-0.0181
0.9877,0.0225
0.9921,0.0634
0.9956,0.1043
0.9980,0.1451
0.9995,0.1853
1.0000,0.2258
0.9995,0.2658
0.9980,0.3056
0.9956,0.3452
0.9921,0.3844
0.9877,0.4233
0.9823,0.4616
0.9759,0.4995
0.9686,0.5371
0.9603,0.5738
0.9511,0.6103
0.9409,0.6461
0.9298,0.6813
0.9178,0.7156
0.9048,0.7494
0.8910,0.7823
0.8763,0.8145
0.8607,0.8460
0.8443,0.8766
0.8271,0.9064
0.8090,0.9351
0.7902,0.9630
0.7705,0.9900
0.7501,1.0159
0.7290,1.0409
0.7071,1.0649
0.6845,1.0879
0.6613,1.1096
0.6374,1.1304
0.6129,1.1499
0.5878,1.1684
0.5621,1.1858
0.5358,1.2019
0.5090,1.2169
0.4818,1.2306
0.4540,1.2432
0.4258,1.2545
0.3971,1.2646
0.3681,1.2734
0.3387,1.2810
0.3090,1.2874
0.2790,1.2924
0.2487,1.2962
0.2181,1.2987
0.1874,1.2999
0.1564,1.2998
0.1253,1.2984
0.0941,1.2958
0.0628,1.2919
0.0314,1.2867
0.0000,1.2802
-0.0314,1.2725
-0.0628,1.2636
-0.0941,1.2533
-0.1253,1.2418
-0.1564,1.2292
-0.1874,1.2153
-0.2181,1.2001
-0.2487,1.1839
-0.2790,1.1664
-0.3090,1.1479
-0.3387,1.1281
-0.3681,1.1073
-0.3971,1.0853
-0.4258,1.0623
-0.4540,1.0381
-0.4818,1.0132
-0.5090,0.9870
-0.5358,0.9599
-0.5621,0.9321
-0.5878,0.9031
-0.6129,0.8732
-0.6374,0.8425
-0.6613,0.8110
-0.6845,0.7788
-0.7071,0.7456
-0.7290,0.7118
-0.7501,0.6774
-0.7705,0.6421
-0.7902,0.6062
-0.8090,0.5700
-0.8271,0.5329
-0.8443,0.4953
-0.8607,0.4575
-0.8763,0.4189
-0.8910,0.3800
-0.9048,0.3408
-0.9178,0.3013
-0.9298,0.2615
-0.9409,0.2212
-0.9511,0.1809
-0.9603,0.1405
-0.9686,0.0997
-0.9759,0.0589
-0.9823,0.0182
-0.9877,-0.0227
-0.9921,-0.0636
-0.9956,-0.1042
-0.9980,-0.1449
-0.9995,-0.1855
-1.0000,-0.2258
-0.9995,-0.2658
-0.9980,-0.3056
-0.9956,-0.3452
-0.9921,-0.3844
-0.9877,-0.4232
-0.9823,-0.4617
-0.9759,-0.4997
-0.9686,-0.5369
-0.9603,-0.5740
-0.9511,-0.6104
-0.9409,-0.6460
-0.9298,-0.6812
-0.9178,-0.7157
-0.9048,-0.7494
-0.8910,-0.7823
-0.8763,-0.8145
-0.8607,-0.8460
-0.8443,-0.8766
-0.8271,-0.9062
-0.8090,-0.9351
-0.7902,-0.9631
-0.7705,-0.9899
-0.7501,-1.0160
-0.7290,-1.0410
-0.7071,-1.0648
-0.6845,-1.0878
-0.6613,-1.1097
-0.6374,-1.1304
-0.6129,-1.1499
-0.5878,-1.1684
-0.5621,-1.1858
-0.5358,-1.2019
-0.5090,-1.2168
-0.4818,-1.2306
-0.4540,-1.2432
-0.4258,-1.2545
-0.3971,-1.2646
-0.3681,-1.2735
-0.3387,-1.2810
-0.3090,-1.2873
-0.2790,-1.2924
-0.2487,-1.2962
-0.2181,-1.2987
-0.1874,-1.2999
-0.1564,-1.2998
-0.1253,-1.2984
-0.0941,-1.2958
-0.0628,-1.2919
-0.0314,-1.2867
0.0000,-1.2803
0.0314,-1.2725
0.0628,-1.2635
0.0941,-1.2534
0.1253,-1.2419
0.1564,-1.2291
0.1874,-1.2153
0.2181,-1.2002
0.2487,-1.1839
0.2790,-1.1664
0.3090,-1.1479
0.3387,-1.1281
0.3681,-1.1072
0.3971,-1.0852
0.4258,-1.0624
0.4540,-1.0382
0.4818,-1.0131
0.5090,-0.9871
0.5358,-0.9600
0.5621,-0.9319
0.5878,-0.9030
0.6129,-0.8733
0.6374,-0.8425
0.6613,-0.8110
0.6845,-0.7788
0.7071,-0.7457
0.7290,-0.7118
0.7501,-0.6772
0.7705,-0.6422
0.7902,-0.6063
0.8090,-0.5698
0.8271,-0.5330
0.8443,-0.4954
0.8607,-0.4573
0.8763,-0.4189
0.8910,-0.3801
0.9048,-0.3408
0.9178,-0.3013
0.9298,-0.2615
0.9409,-0.2214
0.9511,-0.1809
0.9603,-0.1403
0.9686,-0.0999
0.9759,-0.0590
0.9823,-0.0181
0.9877,0.0227
0.9921,0.0635
0.9956,0.1043
0.9980,0.1449
0.9995,0.1854
1.0000,0.2258
0.9995,0.2658
0.9980,0.3058
0.9956,0.3451
0.9921,0.3844
0.9877,0.4233
0.9823,0.4615
0.9759,0.4996
0.9686,0.5371
0.9603,0.5740
0.9511,0.6103
0.9409,0.6461
0.9298,0.6812
0.9178,0.7156
0.9048,0.7494
0.8910,0.7824
0.8763,0.8147
0.8607,0.8459
0.8443,0.8766
0.8271,0.9064
0.8090,0.9350
0.7902,0.9630
0.7705,0.9900
0.7501,1.0161
0.7290,1.0409
0.7071,1.0649
0.6845,1.0878
0.6613,1.1096
0.6374,1.1304
0.6129,1.1499
0.5878,1.1685
0.5621,1.1857
0.5358,1.2019
0.5090,1.2169
0.4818,1.2306
0.4540,1.2432
0.4258,1.2545
0.3971,1.2646
0.3681,1.2734
0.3387,1.2810
0.3090,1.2873
0.2790,1.2924
0.2487,1.2962
0.2181,1.2987
0.1874,1.2999
0.1564,1.2998
0.1253,1.2984
0.0941,1.2958
0.0628,1.2919
0.0314,1.2867
0.0000,1.2802
-0.0314,1.2725
-0.0628,1.2636
-0.0941,1.2533
-0.1253,1.2419
-0.1564,1.2292
-0.1874,1.2153
-0.2181,1.2002
-0.2487,1.1839
-0.2790,1.1664
-0.3090,1.1478
-0.3387,1.1281
-0.3681,1.1073
-0.3971,1.0853
-0.4258,1.0623
-0.4540,1.0381
-0.4818,1.0132
-0.5090,0.9870
-0.5358,0.9600
-0.5621,0.9320
-0.5878,0.9030
-0.6129,0.8733
-0.6374,0.8425
-0.6613,0.8110
-0.6845,0.7788
-0.7071,0.7456
-0.7290,0.7120
-0.7501,0.6774
-0.7705,0.6421
-0.7902,0.6062
-0.8090,0.5699
-0.8271,0.5329
-0.8443,0.4954
-0.8607,0.4575
-0.8763,0.4189
-0.8910,0.3801
-0.9048,0.3408
-0.9178,0.3013
-0.9298,0.2614
-0.9409,0.2212
-0.9511,0.1811
-0.9603,0.1405
-0.9686,0.0997
-0.9759,0.0588
-0.9823,0.0182
-0.9877,-0.0227
-0.9921,-0.0635
-0.9956,-0.1042
-0.9980,-0.1449
-0.9995,-0.1854
-1.0000,-0.2258
-0.9995,-0.2659
-0.9980,-0.3056
-0.9956,-0.3453
-0.9921,-0.3843
-0.9877,-0.4232
-0.9823,-0.4617
-0.9759,-0.4997
-0.9686,-0.5370
-0.9603,-0.5740
-0.9511,-0.6103
-0.9409,-0.6460
-0.9298,-0.6812
-0.9178,-0.7156
-0.9048,-0.7494
-0.8910,-0.7824
-0.8763,-0.8145
-0.8607,-0.8460
-0.8443,-0.8765
-0.8271,-0.9063
-0.8090,-0.9352
-0.7902,-0.9631
-0.7705,-0.9899
-0.7501,-1.0160
-0.7290,-1.0410
-0.7071,-1.0648
-0.6845,-1.0878
-0.6613,-1.1096
-0.6374,-1.1304
-0.6129,-1.1500
-0.5878,-1.1684
-0.5621,-1.1858
-0.5358,-1.2018
-0.5090,-1.2169
-0.4818,-1.2307
-0.4540,-1.2432
-0.4258,-1.2545
-0.3971,-1.2646
-0.3681,-1.2735
-0.3387,-1.2810
-0.3090,-1.2873
-0.2790,-1.2924
-0.2487,-1.2962
-0.2181,-1.2987
-0.1874,-1.2999
-0.1564,-1.2998
-0.1253,-1.2984
-0.0941,-1.2958
-0.0628,-1.2919
-0.0314,-1.2867
0.0000,-1.2803
0.0314,-1.2725
0.0628,-1.2635
0.0941,-1.2533
0.1253,-1.2419
0.1564,-1.2292
0.1874,-1.2153
0.2181,-1.2002
0.2487,-1.1839
0.2790,-1.1664
0.3090,-1.1478
0.3387,-1.1281
0.3681,-1.1072
0.3971,-1.0852
0.4258,-1.0623
0.4540,-1.0382
0.4818,-1.0131
0.5090,-0.9870
0.5358,-0.9600
0.5621,-0.9320
0.5878,-0.9030
0.6129,-0.8732
0.6374,-0.8426
0.6613,-0.8110
0.6845,-0.7786
0.7071,-0.7457
0.7290,-0.7118
0.7501,-0.6772
0.7705,-0.6422
0.7902,-0.6063
0.8090,-0.5698
0.8271,-0.5329
0.8443,-0.4954
0.8607,-0.4575
0.8763,-0.4189
0.8910,-0.3801
0.9048,-0.3409
0.9178,-0.3013
0.9298,-0.2613
0.9409,-0.2214
0.9511,-0.1809
0.9603,-0.1403
0.9686,-0.0998
0.9759,-0.0590
0.9823,-0.0181
0.9877,0.0227
0.9921,0.0635
0.9956,0.1042
0.9980,0.1449
0.9995,0.1854
1.0000,0.2257
0.9995,0.2659
0.9980,0.3058
0.9956,0.3451
0.9921,0.3844
0.9877,0.4233
0.9823,0.4615
0.9759,0.4996
0.9686,0.5371
0.9603,0.5740
0.9511,0.6103
0.9409,0.6460
0.9298,0.6812
0.9178,0.7156
0.9048,0.7493
0.8910,0.7824
0.8763,0.8147
0.8607,0.8459
0.8443,0.8766
0.8271,0.9064
0.8090,0.9351
0.7902,0.9630
0.7705,0.9901
0.7501,1.0160
0.7290,1.0409
0.7071,1.0649
0.6845,1.0878
0.6613,1.1096
0.6374,1.1303
0.6129,1.1500
0.5878,1.1685
0.5621,1.1857
0.5358,1.2019
0.5090,1.2169
0.4818,1.2306
0.4540,1.2432
0.4258,1.2545
0.3971,1.2646
0.3681,1.2734
0.3387,1.2810
0.3090,1.2873
0.2790,1.2924
0.2487,1.2962
0.2181,1.2987
0.1874,1.2999
0.1564,1.2998
0.1253,1.2984
0.0941,1.2958
0.0628,1.2919
0.0314,1.2867
0.0000,1.2802
-0.0314,1.2725
-0.0628,1.2636
-0.0941,1.2533
-0.1253,1.2419
-0.1564,1.2292
-0.1874,1.2153
-0.2181,1.2002
-0.2487,1.1838
-0.2790,1.1665
-0.3090,1.1478
-0.3387,1.1281
-0.3681,1.1073
-0.3971,1.0853
-0.4258,1.0622
-0.4540,1.0382
-0.4818,1.0132
-0.5090,0.9870
-0.5358,0.9600
-0.5621,0.9320
-0.5878,0.9031
-0.6129,0.8732
-0.6374,0.8425
-0.6613,0.8111
-0.6845,0.7787
-0.7071,0.7456
-0.7290,0.7119
-0.7501,0.6773
-0.7705,0.6421
-0.7902,0.6063
-0.8090,0.5699
-0.8271,0.5328
-0.8443,0.4954
-0.8607,0.4574
-0.8763,0.4191
-0.8910,0.3801
-0.9048,0.3408
-0.9178,0.3014
-0.9298,0.2614
-0.9409,0.2212
-0.9511,0.1811
-0.9603,0.1404
-0.9686,0.0997
-0.9759,0.0590
-0.9823,0.0182
-0.9877,-0.0227
-0.9921,-0.0635
-0.9956,-0.1042
-0.9980,-0.1448
-0.9995,-0.1854
-1.0000,-0.2258
-0.9995,-0.2657
-0.9980,-0.3057
-0.9956,-0.3453
-0.9921,-0.3844
-0.9877,-0.4232
-0.9823,-0.4617
-0.9759,-0.4996
-0.9686,-0.5370
-0.9603,-0.5740
-0.9511,-0.6103
-0.9409,-0.6461
-0.9298,-0.6811
-0.9178,-0.7156
-0.9048,-0.7494
-0.8910,-0.7823
-0.8763,-0.8146
-0.8607,-0.8461
-0.8443,-0.8767
-0.8271,-0.9063
-0.8090,-0.9352
-0.7902,-0.9630
-0.7705,-0.9900
-0.7501,-1.0160
-0.7290,-1.0409
-0.7071,-1.0649
-0.6845,-1.0877
-0.6613,-1.1096
-0.6374,-1.1304
-0.6129,-1.1499
-0.5878,-1.1684
-0.5621,-1.1858
-0.5358,-1.2020
-0.5090,-1.2169
-0.4818,-1.2307
-0.4540,-1.2432
-0.4258,-1.2545
-0.3971,-1.2646
-0.3681,-1.2734
-0.3387,-1.2810
-0.3090,-1.2874
-0.2790,-1.2924
-0.2487,-1.2962
-0.2181,-1.2987
-0.1874,-1.2999
-0.1564,-1.2998
-0.1253,-1.2984
-0.0941,-1.2958
-0.0628,-1.2919
-0.0314,-1.2867
0.0000,-1.2803
0.0314,-1.2725
0.0628,-1.2636
0.0941,-1.2533
0.1253,-1.2419
0.1564,-1.2292
0.1874,-1.2153
0.2181,-1.2002
0.2487,-1.1839
0.2790,-1.1664
0.3090,-1.1478
0.3387,-1.1281
0.3681,-1.1072
0.3971,-1.0853
0.4258,-1.0623
0.4540,-1.0382
0.4818,-1.0132
0.5090,-0.9870
0.5358,-0.9600
0.5621,-0.9320
0.5878,-0.9030
0.6129,-0.8734
0.6374,-0.8426
0.6613,-0.8110
0.6845,-0.7786
0.7071,-0.7457
0.7290,-0.7118
0.7501,-0.6773
0.7705,-0.6422
0.7902,-0.6063
0.8090,-0.5699
0.8271,-0.5328
0.8443,-0.4954
0.8607,-0.4574
0.8763,-0.4189
0.8910,-0.3802
0.9048,-0.3409
0.9178,-0.3012
0.9298,-0.2613
0.9409,-0.2213
0.9511,-0.1809
0.9603,-0.1404
0.9686,-0.0998
0.9759,-0.0590
0.9823,-0.0182
0.9877,0.0228
0.9921,0.0635
0.9956,0.1042
0.9980,0.1450
0.9995,0.1853
1.0000,0.2257
0.9995,0.2659
0.9980,0.3058
0.9956,0.3452
0.9921,0.3844
0.9877,0.4232
0.9823,0.4616
0.9759,0.4996
0.9686,0.5370
0.9603,0.5740
0.9511,0.6103
0.9409,0.6460
0.9298,0.6812
0.9178,0.7155
0.9048,0.7493
0.8910,0.7824
0.8763,0.8147
0.8607,0.8459
0.8443,0.8766
0.8271,0.9064
0.8090,0.9351
0.7902,0.9631
0.7705,0.9900
0.7501,1.0160
0.7290,1.0410
0.7071,1.0649
0.6845,1.0878
0.6613,1.1095
0.6374,1.1303
0.6129,1.1500
0.5878,1.1685
0.5621,1.1857
0.5358,1.2019
0.5090,1.2169
0.4818,1.2306
0.4540,1.2432
0.4258,1.2545
0.3971,1.2646
0.3681,1.2734
0.3387,1.2810
0.3090,1.2874
0.2790,1.2924
0.2487,1.2962
0.2181,1.2987
0.1874,1.2999
0.1564,1.2998
0.1253,1.2984
0.0941,1.2958
0.0628,1.2919
0.0314,1.2867
0.0000,1.2803
-0.0314,1.2725
-0.0628,1.2636
-0.0941,1.2533
-0.1253,1.2419
-0.1564,1.2292
-0.1874,1.2153
-0.2181,1.2002
-0.2487,1.1838
-0.2790,1.1665
-0.3090,1.1478
-0.3387,1.1280
-0.3681,1.1072
-0.3971,1.0853
-0.4258,1.0623
-0.4540,1.0382
-0.4818,1.0131
-0.5090,0.9871
-0.5358,0.9600
-0.5621,0.9319
-0.5878,0.9031
-0.6129,0.8732
-0.6374,0.8425
-0.6613,0.8111
-0.6845,0.7787
-0.7071,0.7456
-0.7290,0.7118
-0.7501,0.6773
-0.7705,0.6422
-0.7902,0.6063
-0.8090,0.5699
-0.8271,0.5330
-0.8443,0.4954
-0.8607,0.4573
-0.8763,0.4190
-0.8910,0.3801
-0.9048,0.3407
-0.9178,0.3014
-0.9298,0.2614
-0.9409,0.2212
-0.9511,0.1809
-0.9603,0.1404
-0.9686,0.0998
-0.9759,0.0589
-0.9823,0.0182
-0.9877,-0.0226
-0.9921,-0.0635
-0.9956,-0.1044
-0.9980,-0.1448
-0.9995,-0.1854
-1.0000,-0.2259
-0.9995,-0.2657
-0.9980,-0.3057
-0.9956,-0.3453
-0.9921,-0.3845
-0.9877,-0.4232
-0.9823,-0.4616
-0.9759,-0.4996
-0.9686,-0.5370
-0.9603,-0.5739
-0.9511,-0.6103
-0.9409,-0.6462
-0.9298,-0.6811
-0.9178,-0.7156
-0.9048,-0.7494
-0.8910,-0.7823
-0.8763,-0.8146
-0.8607,-0.8461
-0.8443,-0.8766
-0.8271,-0.9063
-0.8090,-0.9352
-0.7902,-0.9631
-0.7705,-0.9900
-0.7501,-1.0159
-0.7290,-1.0410
-0.7071,-1.0650
-0.6845,-1.0877
-0.6613,-1.1096
-0.6374,-1.1304
-0.6129,-1.1499
-0.5878,-1.1684
-0.5621,-1.1858
-0.5358,-1.2019
-0.5090,-1.2169
-0.4818,-1.2307
-0.4540,-1.2432
-0.4258,-1.2545
-0.3971,-1.2646
-0.3681,-1.2735
-0.3387,-1.2810
-0.3090,-1.2873
-0.2790,-1.2924
-0.2487,-1.2962
-0.2181,-1.2987
-0.1874,-1.2999
-0.1564,-1.2998
-0.1253,-1.2984
-0.0941,-1.2958
-0.0628,-1.2919
-0.0314,-1.2867
0.0000,-1.2803
0.0314,-1.2725
0.0628,-1.2636
0.0941,-1.2533
0.1253,-1.2419
0.1564,-1.2292
0.1874,-1.2152
0.2181,-1.2002
0.2487,-1.1839
0.2790,-1.1664
0.3090,-1.1478
0.3387,-1.1281
0.3681,-1.1072
0.3971,-1.0853
0.4258,-1.0623
0.4540,-1.0383
0.4818,-1.0131
0.5090,-0.9870
0.5358,-0.9601
0.5621,-0.9320
0.5878,-0.9030
0.6129,-0.8733
0.6374,-0.8426
0.6613,-0.8110
0.6845,-0.7787
0.7071,-0.7457
0.7290,-0.7118
0.7501,-0.6773
0.7705,-0.6422
0.7902,-0.6064
0.8090,-0.5699
0.8271,-0.5328
0.8443,-0.4955
0.8607,-0.4574
0.8763,-0.4189
0.8910,-0.3802
0.9048,-0.3409
0.9178,-0.3012
0.9298,-0.2614
0.9409,-0.2213
0.9511,-0.1809
0.9603,-0.1404
0.9686,-0.0998
0.9759,-0.0591
0.9823,-0.0182
0.9877,0.0228
0.9921,0.0634
0.9956,0.1042
0.9980,0.1450
0.9995,0.1853
1.0000,0.2257
0.9995,0.2659
0.9980,0.3057
0.9956,0.3452
0.9921,0.3845
0.9877,0.4232
0.9823,0.4616
0.9759,0.4995
0.9686,0.5370
0.9603,0.5740
0.9511,0.6102
0.9409,0.6460
0.9298,0.6812
0.9178,0.7155
0.9048,0.7493
0.8910,0.7824
0.8763,0.8146
0.8607,0.8460
0.8443,0.8766
0.8271,0.9063
0.8090,0.9352
0.7902,0.9630
0.7705,0.9900
0.7501,1.0160
0.7290,1.0409
0.7071,1.0649
0.6845,1.0878
0.6613,1.1097
0.6374,1.1303
0.6129,1.1500
0.5878,1.1684
0.5621,1.1857
0.5358,1.2019
0.5090,1.2169
0.4818,1.2307
0.4540,1.2432
0.4258,1.2545
0.3971,1.2646
0.3681,1.2734
0.3387,1.2810
0.3090,1.2874
0.2790,1.2924
0.2487,1.2962
0.2181,1.2987
0.1874,1.2999
0.1564,1.2998
0.1253,1.2984
0.0941,1.2958
0.0628,1.2919
0.0314,1.2867
0.0000,1.2803
-0.0314,1.2725
-0.0628,1.2636
-0.0941,1.2533
-0.1253,1.2418
-0.1564,1.2291
-0.1874,1.2153
-0.2181,1.2002
-0.2487,1.1839
-0.2790,1.1665
-0.3090,1.1478
-0.3387,1.1281
-0.3681,1.1072
-0.3971,1.0853
-0.4258,1.0623
-0.4540,1.0382
-0.4818,1.0132
-0.5090,0.9871
-0.5358,0.9600
-0.5621,0.9319
-0.5878,0.9031
-0.6129,0.8732
-0.6374,0.8426
-0.6613,0.8111
-0.6845,0.7787
-0.7071,0.7457
-0.7290,0.7118
-0.7501,0.6773
-0.7705,0.6422
-0.7902,0.6063
-0.8090,0.5700
-0.8271,0.5329
-0.8443,0.4953
-0.8607,0.4573
-0.8763,0.4190
-0.8910,0.3800
-0.9048,0.3409
-0.9178,0.3013
-0.9298,0.2614
-0.9409,0.2213
-0.9511,0.1809
-0.9603,0.1404
-0.9686,0.0998
-0.9759,0.0589
-0.9823,0.0183
-0.9877,-0.0226
-0.9921,-0.0635
-0.9956,-0.1044
-0.9980,-0.1448
-0.9995,-0.1854
-1.0000,-0.2257
-0.9995,-0.2658
-0.9980,-0.3057
-0.9956,-0.3452
-0.9921,-0.3845
-0.9877,-0.4232
-0.9823,-0.4616
-0.9759,-0.4996
-0.9686,-0.5369
-0.9603,-0.5739
-0.9511,-0.6103
-0.9409,-0.6462
-0.9298,-0.6811
-0.9178,-0.7156
-0.9048,-0.7495
-0.8910,-0.7823
-0.8763,-0.8146
-0.8607,-0.8460
-0.8443,-0.8766
-0.8271,-0.9063
-0.8090,-0.9351
-0.7902,-0.9631
-0.7705,-0.9899
-0.7501,-1.0159
-0.7290,-1.0410
-0.7071,-1.0650
-0.6845,-1.0878
-0.6613,-1.1096
-0.6374,-1.1304
-0.6129,-1.1499
-0.5878,-1.1684
-0.5621,-1.1857
-0.5358,-1.2019
-0.5090,-1.2169
-0.4818,-1.2306
-0.4540,-1.2432
-0.4258,-1.2545
-0.3971,-1.2646
-0.3681,-1.2735
-0.3387,-1.2811
-0.3090,-1.2873
-0.2790,-1.2924
-0.2487,-1.2962
-0.2181,-1.2987
-0.1874,-1.2999
-0.1564,-1.2998
-0.1253,-1.2984
-0.0941,-1.2958
-0.0628,-1.2919
-0.0314,-1.2867
0.0000,-1.2803
0.0314,-1.2725
0.0628,-1.2635
0.0941,-1.2533
0.1253,-1.2419
0.1564,-1.2292
0.1874,-1.2152
0.2181,-1.2002
0.2487,-1.1839
0.2790,-1.1665
0.3090,-1.1478
0.3387,-1.1281
0.3681,-1.1073
0.3971,-1.0853
0.4258,-1.0623
0.4540,-1.0383
0.4818,-1.0131
0.5090,-0.9870
0.5358,-0.9601
0.5621,-0.9320
0.5878,-0.9030
0.6129,-0.8733
0.6374,-0.8426
0.6613,-0.8111
0.6845,-0.7787
0.7071,-0.7457
0.7290,-0.7119
0.7501,-0.6773
0.7705,-0.6420
0.7902,-0.6064
0.8090,-0.5699
0.8271,-0.5328
0.8443,-0.4955
0.8607,-0.4574
0.8763,-0.4188
0.8910,-0.3800
0.9048,-0.3409
0.9178,-0.3013
0.9298,-0.2614
0.9409,-0.2213
0.9511,-0.1810
0.9603,-0.1404
0.9686,-0.0996
0.9759,-0.0591
0.9823,-0.0181
0.9877,0.0228
0.9921,0.0634
0.9956,0.1043
0.9980,0.1450
0.9995,0.1855
1.0000,0.2257
0.9995,0.2658
0.9980,0.3057
0.9956,0.3452
0.9921,0.3843
0.9877,0.4233
0.9823,0.4618
0.9759,0.4995
0.9686,0.5370
0.9603,0.5741
0.9511,0.6102
0.9409,0.6461
0.9298,0.6813
0.9178,0.7157
0.9048,0.7493
0.8910,0.7824
0.8763,0.8146
0.8607,0.8460
0.8443,0.8765
0.8271,0.9063
0.8090,0.9352
0.7902,0.9630
0.7705,0.9900
0.7501,1.0160
0.7290,1.0409
0.7071,1.0649
0.6845,1.0878
0.6613,1.1096
0.6374,1.1303
0.6129,1.1500
0.5878,1.1684
0.5621,1.1857
0.5358,1.2019
0.5090,1.2169
0.4818,1.2307
0.4540,1.2432
0.4258,1.2545
0.3971,1.2646
0.3681,1.2734
0.3387,1.2810
0.3090,1.2874
0.2790,1.2924
0.2487,1.2962
0.2181,1.2987
0.1874,1.2999
0.1564,1.2998
0.1253,1.2985
0.0941,1.2958
0.0628,1.2919
0.0314,1.2867
0.0000,1.2803
-0.0314,1.2725
-0.0628,1.2636
-0.0941,1.2533
-0.1253,1.2418
-0.1564,1.2292
-0.1874,1.2153
-0.2181,1.2001
-0.2487,1.1839
-0.2790,1.1665
-0.3090,1.1479
-0.3387,1.1281
-0.3681,1.1072
-0.3971,1.0854
-0.4258,1.0623
-0.4540,1.0382
-0.4818,1.0132
-0.5090,0.9871
-0.5358,0.9599
-0.5621,0.9320
-0.5878,0.9031
-0.6129,0.8732
-0.6374,0.8426
-0.6613,0.8111
-0.6845,0.7788
-0.7071,0.7457
-0.7290,0.7118
-0.7501,0.6774
-0.7705,0.6421
-0.7902,0.6062
-0.8090,0.5700
-0.8271,0.5329
-0.8443,0.4953
-0.8607,0.4574
-0.8763,0.4190
-0.8910,0.3800
-0.9048,0.3408
-0.9178,0.3013
-0.9298,0.2615
-0.9409,0.2213
-0.9511,0.1808
-0.9603,0.1405
-0.9686,0.0998
-0.9759,0.0589
-0.9823,0.0183
-0.9877,-0.0227
-0.9921,-0.0636
-0.9956,-0.1043
-0.9980,-0.1449
-0.9995,-0.1855
-1.0000,-0.2257
-0.9995,-0.2658
-0.9980,-0.3056
-0.9956,-0.3452
-0.9921,-0.3845
-0.9877,-0.4231
-0.9823,-0.4616
-0.9759,-0.4997
-0.9686,-0.5369
-0.9603,-0.5739
-0.9511,-0.6104
-0.9409,-0.6461
-0.9298,-0.6811
-0.9178,-0.7157
-0.9048,-0.7494
-0.8910,-0.7823
-0.8763,-0.8146
-0.8607,-0.8460
-0.8443,-0.8767
-0.8271,-0.9062
-0.8090,-0.9351
-0.7902,-0.9631
-0.7705,-0.9899
-0.7501,-1.0160
-0.7290,-1.0410
-0.7071,-1.0649
-0.6845,-1.0878
-0.6613,-1.1096
-0.6374,-1.1303
-0.6129,-1.1500
-0.5878,-1.1684
-0.5621,-1.1857
-0.5358,-1.2019
-0.5090,-1.2168
-0.4818,-1.2306
-0.4540,-1.2432
-0.4258,-1.2546
-0.3971,-1.2646
-0.3681,-1.2735
-0.3387,-1.2810
-0.3090,-1.2873
-0.2790,-1.2924
-0.2487,-1.2962
-0.2181,-1.2987
-0.1874,-1.2999
-0.1564,-1.2998
-0.1253,-1.2984
-0.0941,-1.2958
-0.0628,-1.2919
-0.0314,-1.2867
0.0000,-1.2802
0.0314,-1.2725
0.0628,-1.2635
0.0941,-1.2533
0.1253,-1.2419
0.1564,-1.2292
0.1874,-1.2153
0.2181,-1.2001
0.2487,-1.1839
0.2790,-1.1665
0.3090,-1.1478
0.3387,-1.1282
0.3681,-1.1073
0.3971,-1.0853
0.4258,-1.0622
0.4540,-1.0383
0.4818,-1.0131
0.5090,-0.9871
0.5358,-0.9600
0.5621,-0.9320
0.5878,-0.9031
0.6129,-0.8732
0.6374,-0.8425
0.6613,-0.8111
0.6845,-0.7787
0.7071,-0.7458
0.7290,-0.7119
0.7501,-0.6773
0.7705,-0.6420
0.7902,-0.6064
0.8090,-0.5698
0.8271,-0.5329
0.8443,-0.4955
0.8607,-0.4574
0.8763,-0.4190
0.8910,-0.3800
0.9048,-0.3408
0.9178,-0.3013
0.9298,-0.2613
0.9409,-0.2214
0.9511,-0.1810
0.9603,-0.1404
0.9686,-0.0996
0.9759,-0.0590
0.9823,-0.0181
0.9877,0.0228
0.9921,0.0634
0.9956,0.1043
0.9980,0.1449
0.9995,0.1855
1.0000,0.2258
0.9995,0.2658
0.9980,0.3057
0.9956,0.3451
0.9921,0.3844
0.9877,0.4233
0.9823,0.4618
0.9759,0.4995
0.9686,0.5371
0.9603,0.5741
0.9511,0.6102
0.9409,0.6461
0.9298,0.6811
0.9178,0.7157
0.9048,0.7494
0.8910,0.7823
0.8763,0.8146
0.8607,0.8460
0.8443,0.8765
0.8271,0.9063
0.8090,0.9352
0.7902,0.9630
0.7705,0.9900
0.7501,1.0161
0.7290,1.0409
0.7071,1.0649
0.6845,1.0878
0.6613,1.1096
0.6374,1.1303
0.6129,1.1499
0.5878,1.1685
0.5621,1.1858
0.5358,1.2019
0.5090,1.2169
0.4818,1.2307
0.4540,1.2432
0.4258,1.2545
0.3971,1.2646
0.3681,1.2734
0.3387,1.2810
0.3090,1.2873
0.2790,1.2924
0.2487,1.2962
0.2181,1.2987
0.1874,1.2999
0.1564,1.2998
0.1253,1.2985
0.0941,1.2958
0.0628,1.2919
0.0314,1.2867
0.0000,1.2803
-0.0314,1.2725
-0.0628,1.2636
-0.0941,1.2533
-0.1253,1.2419
-0.1564,1.2292
-0.1874,1.2153
-0.2181,1.2002
-0.2487,1.1839
-0.2790,1.1664
-0.3090,1.1479
-0.3387,1.1281
-0.3681,1.1072
-0.3971,1.0854
-0.4258,1.0623
-0.4540,1.0382
-0.4818,1.0132
-0.5090,0.9871
-0.5358,0.9600
-0.5621,0.9320
-0.5878,0.9031
-0.6129,0.8733
-0.6374,0.8425
-0.6613,0.8111
-0.6845,0.7788
-0.7071,0.7456
-0.7290,0.7117
-0.7501,0.6774
-0.7705,0.6421
-0.7902,0.6062
-0.8090,0.5700
-0.8271,0.5329
-0.8443,0.4955
-0.8607,0.4574
-0.8763,0.4190
-0.8910,0.3802
-0.9048,0.3408
-0.9178,0.3011
-0.9298,0.2615
-0.9409,0.2213
-0.9511,0.1808
-0.9603,0.1405
-0.9686,0.0997
-0.9759,0.0589
-0.9823,0.0181
-0.9877,-0.0227
-0.9921,-0.0636
-0.9956,-0.1043
-0.9980,-0.1449
-0.9995,-0.1853
-1.0000,-0.2258
-0.9995,-0.2660
-0.9980,-0.3056
-0.9956,-0.3452
-0.9921,-0.3845
-0.9877,-0.4231
-0.9823,-0.4616
-0.9759,-0.4997
-0.9686,-0.5371
-0.9603,-0.5739
-0.9511,-0.6104
-0.9409,-0.6461
-0.9298,-0.6812
-0.9178,-0.7156
-0.9048,-0.7494
-0.8910,-0.7825
-0.8763,-0.8145
-0.8607,-0.8460
-0.8443,-0.8767
-0.8271,-0.9062
-0.8090,-0.9351
-0.7902,-0.9631
-0.7705,-0.9900
-0.7501,-1.0160
-0.7290,-1.0410
-0.7071,-1.0649
-0.6845,-1.0878
-0.6613,-1.1096
-0.6374,-1.1304
-0.6129,-1.1500
-0.5878,-1.1684
-0.5621,-1.1858
-0.5358,-1.2020
-0.5090,-1.2168
-0.4818,-1.2306
-0.4540,-1.2432
-0.4258,-1.2545
-0.3971,-1.2646
-0.3681,-1.2735
-0.3387,-1.2810
-0.3090,-1.2873
-0.2790,-1.2924
-0.2487,-1.2962
-0.2181,-1.2987
-0.1874,-1.2999
-0.1564,-1.2998
-0.1253,-1.2984
-0.0941,-1.2958
-0.0628,-1.2919
-0.0314,-1.2867
0.0000,-1.2802
0.0314,-1.2725
0.0628,-1.2635
0.0941,-1.2533
0.1253,-1.2419
0.1564,-1.2292
0.1874,-1.2153
0.2181,-1.2001
0.2487,-1.1839
0.2790,-1.1664
0.3090,-1.1478
0.3387,-1.1282
0.3681,-1.1073
0.3971,-1.0853
0.4258,-1.0623
0.4540,-1.0383
0.4818,-1.0131
0.5090,-0.9871
0.5358,-0.9600
0.5621,-0.9321
0.5878,-0.9031
0.6129,-0.8732
0.6374,-0.8426
0.6613,-0.8111
0.6845,-0.7787
0.7071,-0.7458
0.7290,-0.7119
0.7501,-0.6773
0.7705,-0.6421
0.7902,-0.6063
0.8090,-0.5698
0.8271,-0.5329
0.8443,-0.4954
0.8607,-0.4575
0.8763,-0.4190
0.8910,-0.3800
0.9048,-0.3410
0.9178,-0.3013
0.9298,-0.2613
0.9409,-0.2214
0.9511,-0.1810
0.9603,-0.1403
0.9686,-0.0997
0.9759,-0.0590
0.9823,-0.0181
0.9877,0.0227
0.9921,0.0634
0.9956,0.1043
0.9980,0.1449
0.9995,0.1855
1.0000,0.2256
0.9995,0.2658
0.9980,0.3058
0.9956,0.3451
0.9921,0.3844
0.9877,0.4233
0.9823,0.4616
0.9759,0.4995
0.9686,0.5371
0.9603,0.5740
0.9511,0.6103
0.9409,0.6461
0.9298,0.6812
0.9178,0.7157
0.9048,0.7493
0.8910,0.7823
0.8763,0.8146
0.8607,0.8459
0.8443,0.8766
0.8271,0.9064
0.8090,0.9351
0.7902,0.9630
0.7705,0.9900
0.7501,1.0160
0.7290,1.0409
0.7071,1.0649
0.6845,1.0878
0.6613,1.1097
0.6374,1.1303
0.6129,1.1499
0.5878,1.1685
0.5621,1.1857
0.5358,1.2019
0.5090,1.2169
0.4818,1.2306
0.4540,1.2432
0.4258,1.2545
0.3971,1.2646
0.3681,1.2734
0.3387,1.2810
0.3090,1.2873
0.2790,1.2924
0.2487,1.2962
0.2181,1.2987
0.1874,1.2999
0.1564,1.2998
0.1253,1.2985
0.0941,1.2958
0.0628,1.2919
0.0314,1.2867
0.0000,1.2802
-0.0314,1.2725
-0.0628,1.2635
-0.0941,1.2533
-0.1253,1.2419
-0.1564,1.2292
-0.1874,1.2153
-0.2181,1.2002
-0.2487,1.1839
-0.2790,1.1664
-0.3090,1.1479
-0.3387,1.1281
-0.3681,1.1073
-0.3971,1.0853
-0.4258,1.0623
-0.4540,1.0382
-0.4818,1.0131
-0.5090,0.9870
-0.5358,0.9600
-0.5621,0.9319
-0.5878,0.9032
-0.6129,0.8733
-0.6374,0.8425
-0.6613,0.8109
-0.6845,0.7788
-0.7071,0.7456
-0.7290,0.7118
-0.7501,0.6774
-0.7705,0.6421
-0.7902,0.6063
-0.8090,0.5698
-0.8271,0.5329
-0.8443,0.4954
-0.8607,0.4573
-0.8763,0.4191
-0.8910,0.3801
-0.9048,0.3408
-0.9178,0.3011
-0.9298,0.2615
-0.9409,0.2212
-0.9511,0.1808
-0.9603,0.1405
-0.9686,0.0997
-0.9759,0.0590
-0.9823,0.0181
-0.9877,-0.0227
-0.9921,-0.0635
-0.9956,-0.1043
-0.9980,-0.1449
-0.9995,-0.1854
-1.0000,-0.2258
-0.9995,-0.2660
-0.9980,-0.3056
-0.9956,-0.3453
-0.9921,-0.3845
-0.9877,-0.4232
-0.9823,-0.4617
-0.9759,-0.4995
-0.9686,-0.5371
-0.9603,-0.5740
-0.9511,-0.6103
-0.9409,-0.6461
-0.9298,-0.6812
-0.9178,-0.7156
-0.9048,-0.7494
-0.8910,-0.7825
-0.8763,-0.8145
-0.8607,-0.8460
-0.8443,-0.8767
-0.8271,-0.9063
-0.8090,-0.9352
-0.7902,-0.9630
-0.7705,-0.9900
-0.7501,-1.0160
-0.7290,-1.0409
-0.7071,-1.0649
-0.6845,-1.0878
-0.6613,-1.1096
-0.6374,-1.1304
-0.6129,-1.1500
-0.5878,-1.1684
-0.5621,-1.1858
-0.5358,-1.2020
-0.5090,-1.2168
-0.4818,-1.2306
-0.4540,-1.2432
-0.4258,-1.2545
-0.3971,-1.2646
-0.3681,-1.2734
-0.3387,-1.2810
-0.3090,-1.2873
-0.2790,-1.2924
-0.2487,-1.2962
-0.2181,-1.2987
-0.1874,-1.2999
-0.1564,-1.2998
-0.1253,-1.2984
-0.0941,-1.2958
-0.0628,-1.2919
-0.0314,-1.2867
0.0000,-1.2802
0.0314,-1.2725
0.0628,-1.2636
0.0941,-1.2533
0.1253,-1.2419
0.1564,-1.2292
0.1874,-1.2153
0.2181,-1.2001
0.2487,-1.1839
0.2790,-1.1664
0.3090,-1.1478
0.3387,-1.1281
0.3681,-1.1072
0.3971,-1.0853
0.4258,-1.0623
0.4540,-1.0382
0.4818,-1.0132
0.5090,-0.9870
0.5358,-0.9600
0.5621,-0.9320
0.5878,-0.9030
0.6129,-0.8731
0.6374,-0.8426
0.6613,-0.8110
0.6845,-0.7786
0.7071,-0.7457
0.7290,-0.7118
0.7501,-0.6772
0.7705,-0.6421
0.7902,-0.6063
0.8090,-0.5700
0.8271,-0.5329
0.8443,-0.4954
0.8607,-0.4575
0.8763,-0.4189
0.8910,-0.3800
0.9048,-0.3409
0.9178,-0.3013
0.9298,-0.2613
0.9409,-0.2214
0.9511,-0.1809
0.9603,-0.1403
0.9686,-0.0997
0.9759,-0.0590
0.9823,-0.0182
0.9877,0.0227
0.9921,0.0635
0.9956,0.1042
0.9980,0.1449
0.9995,0.1855
1.0000,0.2256
0.9995,0.2658
0.9980,0.3058
0.9956,0.3453
0.9921,0.3844
0.9877,0.4233
0.9823,0.4617
0.9759,0.4996
0.9686,0.5370
0.9603,0.5740
0.9511,0.6104
0.9409,0.6460
0.9298,0.6812
0.9178,0.7157
0.9048,0.7493
0.8910,0.7824
0.8763,0.8147
0.8607,0.8460
0.8443,0.8766
0.8271,0.9064
0.8090,0.9352
0.7902,0.9630
0.7705,0.9899
0.7501,1.0160
0.7290,1.0410
0.7071,1.0648
0.6845,1.0878
0.6613,1.1097
0.6374,1.1303
0.6129,1.1500
0.5878,1.1685
0.5621,1.1858
0.5358,1.2019
0.5090,1.2169
0.4818,1.2307
0.4540,1.2432
0.4258,1.2545
0.3971,1.2646
0.3681,1.2735
0.3387,1.2810
0.3090,1.2874
0.2790,1.2924
0.2487,1.2962
0.2181,1.2987
0.1874,1.2999
0.1564,1.2998
0.1253,1.2985
0.0941,1.2958
0.0628,1.2919
0.0314,1.2867
0.0000,1.2803
-0.0314,1.2725
-0.0628,1.2635
-0.0941,1.2534
-0.1253,1.2419
-0.1564,1.2291
-0.1874,1.2153
-0.2181,1.2002
-0.2487,1.1839
-0.2790,1.1664
-0.3090,1.1478
-0.3387,1.1281
-0.3681,1.1072
-0.3971,1.0853
-0.4258,1.0623
-0.4540,1.0382
-0.4818,1.0131
-0.5090,0.9871
-0.5358,0.9600
-0.5621,0.9319
-0.5878,0.9031
-0.6129,0.8733
-0.6374,0.8425
-0.6613,0.8110
-0.6845,0.7788
-0.7071,0.7456
-0.7290,0.7118
-0.7501,0.6774
-0.7705,0.6422
-0.7902,0.6063
-0.8090,0.5698
-0.8271,0.5330
-0.8443,0.4954
-0.8607,0.4573
-0.8763,0.4191
-0.8910,0.3801
-0.9048,0.3408
-0.9178,0.3013
-0.9298,0.2614
-0.9409,0.2212
-0.9511,0.1809
-0.9603,0.1405
-0.9686,0.0997
-0.9759,0.0590
-0.9823,0.0181
-0.9877,-0.0226
-0.9921,-0.0635
-0.9956,-0.1043
-0.9980,-0.1448
-0.9995,-0.1854
-1.0000,-0.2258
-0.9995,-0.2659
-0.9980,-0.3056
-0.9956,-0.3453
-0.9921,-0.3844
-0.9877,-0.4232
-0.9823,-0.4617
-0.9759,-0.4996
-0.9686,-0.5371
-0.9603,-0.5738
-0.9511,-0.6103
-0.9409,-0.6461
-0.9298,-0.6811
-0.9178,-0.7156
-0.9048,-0.7494
-0.8910,-0.7824
-0.8763,-0.8145
-0.8607,-0.8460
-0.8443,-0.8766
-0.8271,-0.9063
-0.8090,-0.9352
-0.7902,-0.9630
-0.7705,-0.9901
-0.7501,-1.0159
-0.7290,-1.0409
-0.7071,-1.0649
-0.6845,-1.0877
-0.6613,-1.1096
-0.6374,-1.1304
-0.6129,-1.1500
-0.5878,-1.1684
-0.5621,-1.1858
-0.5358,-1.2019
-0.5090,-1.2169
-0.4818,-1.2307
-0.4540,-1.2432
-0.4258,-1.2545
-0.3971,-1.2646
-0.3681,-1.2734
-0.3387,-1.2810
-0.3090,-1.2873
-0.2790,-1.2924
-0.2487,-1.2962
-0.2181,-1.2987
-0.1874,-1.2999
-0.1564,-1.2998
-0.1253,-1.2985
-0.0941,-1.2958
-0.0628,-1.2919
-0.0314,-1.2867
0.0000,-1.2802
0.0314,-1.2726
0.0628,-1.2636
0.0941,-1.2533
0.1253,-1.2418
0.1564,-1.2292
0.1874,-1.2153
0.2181,-1.2002
0.2487,-1.1839
0.2790,-1.1664
0.3090,-1.1478
0.3387,-1.1281
0.3681,-1.1072
0.3971,-1.0853
0.4258,-1.0623
0.4540,-1.0383
0.4818,-1.0132
0.5090,-0.9870
0.5358,-0.9599
0.5621,-0.9320
0.5878,-0.9030
0.6129,-0.8731
0.6374,-0.8426
0.6613,-0.8110
0.6845,-0.7788
0.7071,-0.7456
0.7290,-0.7118
0.7501,-0.6773
0.7705,-0.6421
0.7902,-0.6064
0.8090,-0.5699
0.8271,-0.5329
0.8443,-0.4953
0.8607,-0.4575
0.8763,-0.4189
0.8910,-0.3799
0.9048,-0.3409
0.9178,-0.3012
0.9298,-0.2614
0.9409,-0.2212
0.9511,-0.1809
0.9603,-0.1404
0.9686,-0.0997
0.9759,-0.0590
0.9823,-0.0182
0.9877,0.0227
0.9921,0.0637
0.9956,0.1042
0.9980,0.1449
0.9995,0.1856
1.0000,0.2257
0.9995,0.2659
0.9980,0.3056
0.9956,0.3453
0.9921,0.3844
0.9877,0.4232
0.9823,0.4617
0.9759,0.4996
0.9686,0.5370
0.9603,0.5740
0.9511,0.6104
0.9409,0.6460
0.9298,0.6812
0.9178,0.7157
0.9048,0.7493
0.8910,0.7824
0.8763,0.8146
0.8607,0.8461
0.8443,0.8766
0.8271,0.9063
0.8090,0.9352
0.7902,0.9630
0.7705,0.9900
0.7501,1.0160
0.7290,1.0410
0.7071,1.0649
0.6845,1.0878
0.6613,1.1097
0.6374,1.1303
0.6129,1.1500
0.5878,1.1684
0.5621,1.1858
0.5358,1.2019
0.5090,1.2169
0.4818,1.2307
0.4540,1.2432
0.4258,1.2545
0.3971,1.2646
0.3681,1.2735
0.3387,1.2810
0.3090,1.2874
0.2790,1.2924
0.2487,1.2962
0.2181,1.2987
0.1874,1.2999
0.1564,1.2998
0.1253,1.2984
0.0941,1.2958
0.0628,1.2919
0.0314,1.2867
0.0000,1.2803
-0.0314,1.2725
-0.0628,1.2635
-0.0941,1.2533
-0.1253,1.2419
-0.1564,1.2291
-0.1874,1.2153
-0.2181,1.2002
-0.2487,1.1838
-0.2790,1.1664
-0.3090,1.1478
-0.3387,1.1281
-0.3681,1.1072
-0.3971,1.0853
-0.4258,1.0623
-0.4540,1.0382
-0.4818,1.0131
-0.5090,0.9871
-0.5358,0.9600
-0.5621,0.9319
-0.5878,0.9031
-0.6129,0.8732
-0.6374,0.8425
-0.6613,0.8110
-0.6845,0.7787
-0.7071,0.7457
-0.7290,0.7118
-0.7501,0.6773
-0.7705,0.6422
-0.7902,0.6063
-0.8090,0.5698
-0.8271,0.5330
-0.8443,0.4954
-0.8607,0.4573
-0.8763,0.4190
-0.8910,0.3801
-0.9048,0.3408
-0.9178,0.3012
-0.9298,0.2614
-0.9409,0.2213
-0.9511,0.1809
-0.9603,0.1404
-0.9686,0.0998
-0.9759,0.0590
-0.9823,0.0180
-0.9877,-0.0226
-0.9921,-0.0635
-0.9956,-0.1044
-0.9980,-0.1448
-0.9995,-0.1854
-1.0000,-0.2258
-0.9995,-0.2659
-0.9980,-0.3057
-0.9956,-0.3451
-0.9921,-0.3844
-0.9877,-0.4232
-0.9823,-0.4616
-0.9759,-0.4996
-0.9686,-0.5371
-0.9603,-0.5739
-0.9511,-0.6103
-0.9409,-0.6462
-0.9298,-0.6812
-0.9178,-0.7156
-0.9048,-0.7494
-0.8910,-0.7824
-0.8763,-0.8146
-0.8607,-0.8459
-0.8443,-0.8766
-0.8271,-0.9064
-0.8090,-0.9351
-0.7902,-0.9630
-0.7705,-0.9901
-0.7501,-1.0159
-0.7290,-1.0409
-0.7071,-1.0650
-0.6845,-1.0878
-0.6613,-1.1096
-0.6374,-1.1304
-0.6129,-1.1500
-0.5878,-1.1684
-0.5621,-1.1857
-0.5358,-1.2019
-0.5090,-1.2169
-0.4818,-1.2306
-0.4540,-1.2432
-0.4258,-1.2545
-0.3971,-1.2646
-0.3681,-1.2734
-0.3387,-1.2810
-0.3090,-1.2874
-0.2790,-1.2924
-0.2487,-1.2962
-0.2181,-1.2987
-0.1874,-1.2999
-0.1564,-1.2998
-0.1253,-1.2984
-0.0941,-1.2958
-0.0628,-1.2919
-0.0314,-1.2867
0.0000,-1.2802
0.0314,-1.2726
0.0628,-1.2636
0.0941,-1.2533
0.1253,-1.2419
0.1564,-1.2292
0.1874,-1.2152
0.2181,-1.2002
0.2487,-1.1839
0.2790,-1.1665
0.3090,-1.1478
0.3387,-1.1280
0.3681,-1.1073
0.3971,-1.0853
0.4258,-1.0622
0.4540,-1.0383
0.4818,-1.0132
0.5090,-0.9870
0.5358,-0.9600
0.5621,-0.9320
0.5878,-0.9030
0.6129,-0.8732
0.6374,-0.8426
0.6613,-0.8110
0.6845,-0.7787
0.7071,-0.7456
0.7290,-0.7119
0.7501,-0.6773
0.7705,-0.6421
0.7902,-0.6064
0.8090,-0.5699
0.8271,-0.5328
0.8443,-0.4954
0.8607,-0.4574
0.8763,-0.4189
0.8910,-0.3801
0.9048,-0.3409
0.9178,-0.3012
0.9298,-0.2614
0.9409,-0.2212
0.9511,-0.1810
0.9603,-0.1404
0.9686,-0.0997
0.9759,-0.0591
0.9823,-0.0182
0.9877,0.0228
0.9921,0.0635
0.9956,0.1042
0.9980,0.1450
0.9995,0.1854
1.0000,0.2257
0.9995,0.2659
0.9980,0.3057
0.9956,0.3453
0.9921,0.3843
0.9877,0.4232
0.9823,0.4617
0.9759,0.4995
0.9686,0.5370
0.9603,0.5740
0.9511,0.6103
0.9409,0.6460
0.9298,0.6812
0.9178,0.7156
0.9048,0.7493
0.8910,0.7824
0.8763,0.8146
0.8607,0.8461
0.8443,0.8765
0.8271,0.9063
0.8090,0.9352
0.7902,0.9629
0.7705,0.9900
0.7501,1.0160
0.7290,1.0410
0.7071,1.0649
0.6845,1.0878
0.6613,1.1096
0.6374,1.1303
0.6129,1.1500
0.5878,1.1684
0.5621,1.1858
0.5358,1.2019
0.5090,1.2169
0.4818,1.2307
0.4540,1.2432
0.4258,1.2545
0.3971,1.2646
0.3681,1.2734
0.3387,1.2810
0.3090,1.2874
0.2790,1.2924
0.2487,1.2962
0.2181,1.2987
0.1874,1.2999
0.1564,1.2998
0.1253,1.2985
0.0941,1.2958
0.0628,1.2919
0.0314,1.2867
0.0000,1.2803
-0.0314,1.2725
-0.0628,1.2636
-0.0941,1.2533
-0.1253,1.2419
-0.1564,1.2292
-0.1874,1.2153
-0.2181,1.2002
-0.2487,1.1839
-0.2790,1.1664
-0.3090,1.1479
-0.3387,1.1281
-0.3681,1.1072
-0.3971,1.0854
-0.4258,1.0623
-0.4540,1.0382
-0.4818,1.0130
-0.5090,0.9871
-0.5358,0.9600
-0.5621,0.9320
-0.5878,0.9030
-0.6129,0.8732
-0.6374,0.8426
-0.6613,0.8110
-0.6845,0.7787
-0.7071,0.7457
-0.7290,0.7118
-0.7501,0.6772
-0.7705,0.6422
-0.7902,0.6063
-0.8090,0.5698
-0.8271,0.5330
-0.8443,0.4954
-0.8607,0.4574
-0.8763,0.4189
-0.8910,0.3801
-0.9048,0.3409
-0.9178,0.3012
-0.9298,0.2614
-0.9409,0.2213
-0.9511,0.1809
-0.9603,0.1403
-0.9686,0.0998
-0.9759,0.0589
-0.9823,0.0180
-0.9877,-0.0226
-0.9921,-0.0635
-0.9956,-0.1042
-0.9980,-0.1450
-0.9995,-0.1854
-1.0000,-0.2257
-0.9995,-0.2659
-0.9980,-0.3057
-0.9956,-0.3452
-0.9921,-0.3845
-0.9877,-0.4234
-0.9823,-0.4616
-0.9759,-0.4996
-0.9686,-0.5372
-0.9603,-0.5739
-0.9511,-0.6103
-0.9409,-0.6460
-0.9298,-0.6812
-0.9178,-0.7156
-0.9048,-0.7493
-0.8910,-0.7824
-0.8763,-0.8146
-0.8607,-0.8460
-0.8443,-0.8766
-0.8271,-0.9064
-0.8090,-0.9351
-0.7902,-0.9631
-0.7705,-0.9901
-0.7501,-1.0159
-0.7290,-1.0410
-0.7071,-1.0649
-0.6845,-1.0878
-0.6613,-1.1096
-0.6374,-1.1303
-0.6129,-1.1500
-0.5878,-1.1684
-0.5621,-1.1857
-0.5358,-1.2019
-0.5090,-1.2169
-0.4818,-1.2306
-0.4540,-1.2432
-0.4258,-1.2546
-0.3971,-1.2646
-0.3681,-1.2735
-0.3387,-1.2810
-0.3090,-1.2874
-0.2790,-1.2924
-0.2487,-1.2962
-0.2181,-1.2987
-0.1874,-1.2999
-0.1564,-1.2998
-0.1253,-1.2984
-0.0941,-1.2958
-0.0628,-1.2919
-0.0314,-1.2867
0.0000,-1.2802
0.0314,-1.2725
0.0628,-1.2635
0.0941,-1.2533
0.1253,-1.2418
0.1564,-1.2292
0.1874,-1.2153
0.2181,-1.2002
0.2487,-1.1839
0.2790,-1.1665
0.3090,-1.1478
0.3387,-1.1280
0.3681,-1.1073
0.3971,-1.0853
0.4258,-1.0622
0.4540,-1.0383
0.4818,-1.0131
0.5090,-0.9870
0.5358,-0.9600
0.5621,-0.9320
0.5878,-0.9031
0.6129,-0.8732
0.6374,-0.8426
0.6613,-0.8111
0.6845,-0.7787
0.7071,-0.7456
0.7290,-0.7119
0.7501,-0.6773
0.7705,-0.6420
0.7902,-0.6064
0.8090,-0.5699
0.8271,-0.5328
0.8443,-0.4954
0.8607,-0.4574
0.8763,-0.4190
0.8910,-0.3801
0.9048,-0.3409
0.9178,-0.3014
0.9298,-0.2614
0.9409,-0.2212
0.9511,-0.1810
0.9603,-0.1404
0.9686,-0.0996
0.9759,-0.0591
0.9823,-0.0182
0.9877,0.0228
0.9921,0.0635
0.9956,0.1042
0.9980,0.1448
0.9995,0.1854
1.0000,0.2257
0.9995,0.2658
0.9980,0.3057
0.9956,0.3453
0.9921,0.3843
0.9877,0.4232
0.9823,0.4617
0.9759,0.4995
0.9686,0.5370
0.9603,0.5740
0.9511,0.6103
0.9409,0.6460
0.9298,0.6811
0.9178,0.7156
0.9048,0.7493
0.8910,0.7823
0.8763,0.8146
0.8607,0.8461
0.8443,0.8765
0.8271,0.9063
0.8090,0.9352
0.7902,0.9630
0.7705,0.9900
0.7501,1.0160
0.7290,1.0410
0.7071,1.0649
0.6845,1.0877
0.6613,1.1096
0.6374,1.1304
0.6129,1.1499
0.5878,1.1684
0.5621,1.1858
0.5358,1.2019
0.5090,1.2169
0.4818,1.2307
0.4540,1.2432
0.4258,1.2545
0.3971,1.2646
0.3681,1.2735
0.3387,1.2810
0.3090,1.2873
0.2790,1.2924
0.2487,1.2962
0.2181,1.2987
0.1874,1.2999
0.1564,1.2998
0.1253,1.2985
0.0941,1.2958
0.0628,1.2919
0.0314,1.2867
0.0000,1.2803
-0.0314,1.2725
-0.0628,1.2635
-0.0941,1.2533
-0.1253,1.2418
-0.1564,1.2292
-0.1874,1.2152
-0.2181,1.2002
-0.2487,1.1839
-0.2790,1.1664
-0.3090,1.1479
-0.3387,1.1281
-0.3681,1.1072
-0.3971,1.0853
-0.4258,1.0623
-0.4540,1.0382
-0.4818,1.0131
-0.5090,0.9871
-0.5358,0.9600
-0.5621,0.9320
-0.5878,0.9030
-0.6129,0.8733
-0.6374,0.8426
-0.6613,0.8110
-0.6845,0.7788
-0.7071,0.7457
-0.7290,0.7118
-0.7501,0.6773
-0.7705,0.6422
-0.7902,0.6062
-0.8090,0.5699
-0.8271,0.5329
-0.8443,0.4953
-0.8607,0.4574
-0.8763,0.4189
-0.8910,0.3802
-0.9048,0.3409
-0.9178,0.3012
-0.9298,0.2615
-0.9409,0.2213
-0.9511,0.1809
-0.9603,0.1404
-0.9686,0.0998
-0.9759,0.0589
-0.9823,0.0181
-0.9877,-0.0226
-0.9921,-0.0636
-0.9956,-0.1042
-0.9980,-0.1450
-0.9995,-0.1853
-1.0000,-0.2257
-0.9995,-0.2659
-0.9980,-0.3056
-0.9956,-0.3452
-0.9921,-0.3845
-0.9877,-0.4232
-0.9823,-0.4616
-0.9759,-0.4996
-0.9686,-0.5370
-0.9603,-0.5739
-0.9511,-0.6103
-0.9409,-0.6461
-0.9298,-0.6813
-0.9178,-0.7155
-0.9048,-0.7493
-0.8910,-0.7824
-0.8763,-0.8145
-0.8607,-0.8460
-0.8443,-0.8766
-0.8271,-0.9063
-0.8090,-0.9351
-0.7902,-0.9631
-0.7705,-0.9900
-0.7501,-1.0159
-0.7290,-1.0410
-0.7071,-1.0649
-0.6845,-1.0878
-0.6613,-1.1095
-0.6374,-1.1303
-0.6129,-1.1500
-0.5878,-1.1684
-0.5621,-1.1857
-0.5358,-1.2019
-0.5090,-1.2169
-0.4818,-1.2306
-0.4540,-1.2432
-0.4258,-1.2545
-0.3971,-1.2646
-0.3681,-1.2735
-0.3387,-1.2810
-0.3090,-1.2874
-0.2790,-1.2924
-0.2487,-1.2962
-0.2181,-1.2987
-0.1874,-1.2999
-0.1564,-1.2998
-0.1253,-1.2984
-0.0941,-1.2958
-0.0628,-1.2919
-0.0314,-1.2867
0.0000,-1.2803
0.0314,-1.2725
0.0628,-1.2635
0.0941,-1.2533
0.1253,-1.2418
0.1564,-1.2292
0.1874,-1.2153
0.2181,-1.2001
0.2487,-1.1840
0.2790,-1.1665
0.3090,-1.1478
0.3387,-1.1280
0.3681,-1.1073
0.3971,-1.0853
0.4258,-1.0623
0.4540,-1.0383
0.4818,-1.0131
0.5090,-0.9871
0.5358,-0.9599
0.5621,-0.9320
0.5878,-0.9031
0.6129,-0.8732
0.6374,-0.8427
0.6613,-0.8111
0.6845,-0.7787
0.7071,-0.7455
0.7290,-0.7119
0.7501,-0.6773
0.7705,-0.6421
0.7902,-0.6062
0.8090,-0.5699
0.8271,-0.5329
0.8443,-0.4953
0.8607,-0.4574
0.8763,-0.4190
0.8910,-0.3800
0.9048,-0.3407
0.9178,-0.3013
0.9298,-0.2614
0.9409,-0.2211
0.9511,-0.1810
0.9603,-0.1404
0.9686,-0.0998
0.9759,-0.0589
0.9823,-0.0181
0.9877,0.0226
0.9921,0.0636
0.9956,0.1043
0.9980,0.1449
0.9995,0.1855
1.0000,0.2259
0.9995,0.2658
0.9980,0.3057
0.9956,0.3454
0.9921,0.3843
0.9877,0.4233
0.9823,0.4616
0.9759,0.4996
0.9686,0.5370
0.9603,0.5739
0.9511,0.6104
0.9409,0.6461
0.9298,0.6811
0.9178,0.7157
0.9048,0.7495
0.8910,0.7823
0.8763,0.8146
0.8607,0.8461
0.8443,0.8765
0.8271,0.9063
0.8090,0.9351
0.7902,0.9631
0.7705,0.9900
0.7501,1.0159
0.7290,1.0410
0.7071,1.0649
0.6845,1.0878
0.6613,1.1096
0.6374,1.1304
0.6129,1.1499
0.5878,1.1684
0.5621,1.1858
0.5358,1.2019
0.5090,1.2169
0.4818,1.2307
0.4540,1.2432
0.4258,1.2545
0.3971,1.2646
0.3681,1.2735
0.3387,1.2810
0.3090,1.2873
0.2790,1.2924
0.2487,1.2962
0.2181,1.2987
0.1874,1.2999
0.1564,1.2998
0.1253,1.2985
0.0941,1.2958
0.0628,1.2919
0.0314,1.2867
0.0000,1.2803
-0.0314,1.2725
-0.0628,1.2635
-0.0941,1.2533
-0.1253,1.2419
-0.1564,1.2292
-0.1874,1.2152
-0.2181,1.2002
-0.2487,1.1839
-0.2790,1.1664
-0.3090,1.1479
-0.3387,1.1281
-0.3681,1.1072
-0.3971,1.0853
-0.4258,1.0623
-0.4540,1.0383
-0.4818,1.0131
-0.5090,0.9871
-0.5358,0.9600
-0.5621,0.9320
-0.5878,0.9030
-0.6129,0.8733
-0.6374,0.8425
-0.6613,0.8110
-0.6845,0.7788
-0.7071,0.7457
-0.7290,0.7117
-0.7501,0.6773
-0.7705,0.6421
-0.7902,0.6064
-0.8090,0.5699
-0.8271,0.5329
-0.8443,0.4955
-0.8607,0.4574
-0.8763,0.4188
-0.8910,0.3802
-0.9048,0.3408
-0.9178,0.3012
-0.9298,0.2615
-0.9409,0.2213
-0.9511,0.1808
-0.9603,0.1404
-0.9686,0.0998
-0.9759,0.0590
-0.9823,0.0181
-0.9877,-0.0227
-0.9921,-0.0634
-0.9956,-0.1043
-0.9980,-0.1450
-0.9995,-0.1853
-1.0000,-0.2257
-0.9995,-0.2659
-0.9980,-0.3056
-0.9956,-0.3452
-0.9921,-0.3845
-0.9877,-0.4233
-0.9823,-0.4616
-0.9759,-0.4995
-0.9686,-0.5371
-0.9603,-0.5739
-0.9511,-0.6102
-0.9409,-0.6461
-0.9298,-0.6813
-0.9178,-0.7155
-0.9048,-0.7494
-0.8910,-0.7824
-0.8763,-0.8145
-0.8607,-0.8460
-0.8443,-0.8767
-0.8271,-0.9063
-0.8090,-0.9351
-0.7902,-0.9630
-0.7705,-0.9900
-0.7501,-1.0160
-0.7290,-1.0409
-0.7071,-1.0649
-0.6845,-1.0879
-0.6613,-1.1096
-0.6374,-1.1303
-0.6129,-1.1500
-0.5878,-1.1684
-0.5621,-1.1857
-0.5358,-1.2019
-0.5090,-1.2169
-0.4818,-1.2306
-0.4540,-1.2432
-0.4258,-1.2545
-0.3971,-1.2646
-0.3681,-1.2734
-0.3387,-1.2810
-0.3090,-1.2874
-0.2790,-1.2924
-0.2487,-1.2962
-0.2181,-1.2987
-0.1874,-1.2999
-0.1564,-1.2998
-0.1253,-1.2984
-0.0941,-1.2958
-0.0628,-1.2919
-0.0314,-1.2867
0.0000,-1.2802
0.0314,-1.2725
0.0628,-1.2636
0.0941,-1.2533
0.1253,-1.2418
0.1564,-1.2292
0.1874,-1.2153
0.2181,-1.2001
0.2487,-1.1839
0.2790,-1.1664
0.3090,-1.1478
0.3387,-1.1281
0.3681,-1.1073
0.3971,-1.0853
0.4258,-1.0623
0.4540,-1.0382
0.4818,-1.0132
0.5090,-0.9871
0.5358,-0.9599
0.5621,-0.9321
0.5878,-0.9031
0.6129,-0.8732
0.6374,-0.8425
0.6613,-0.8111
0.6845,-0.7787
0.7071,-0.7456
0.7290,-0.7119
0.7501,-0.6773
0.7705,-0.6421
0.7902,-0.6062
0.8090,-0.5700
0.8271,-0.5329
0.8443,-0.4953
0.8607,-0.4575
0.8763,-0.4190
0.8910,-0.3800
0.9048,-0.3408
0.9178,-0.3013
0.9298,-0.2613
0.9409,-0.2213
0.9511,-0.1810
0.9603,-0.1404
0.9686,-0.0997
0.9759,-0.0589
0.9823,-0.0183
0.9877,0.0227
0.9921,0.0636
0.9956,0.1041
0.9980,0.1449
0.9995,0.1855
1.0000,0.2258
0.9995,0.2658
0.9980,0.3057
0.9956,0.3452
0.9921,0.3844
0.9877,0.4233
0.9823,0.4616
0.9759,0.4997
0.9686,0.5369
0.9603,0.5739
0.9511,0.6104
0.9409,0.6459
0.9298,0.6811
0.9178,0.7157
0.9048,0.7494
0.8910,0.7823
0.8763,0.8146
0.8607,0.8460
0.8443,0.8765
0.8271,0.9063
0.8090,0.9351
0.7902,0.9631
0.7705,0.9899
0.7501,1.0160
0.7290,1.0410
0.7071,1.0648
0.6845,1.0878
0.6613,1.1096
0.6374,1.1304
0.6129,1.1499
0.5878,1.1685
0.5621,1.1858
0.5358,1.2019
0.5090,1.2169
0.4818,1.2306
0.4540,1.2432
0.4258,1.2545
0.3971,1.2646
0.3681,1.2735
0.3387,1.2810
0.3090,1.2873
0.2790,1.2924
0.2487,1.2962
0.2181,1.2987
0.1874,1.2999
0.1564,1.2998
0.1253,1.2985
0.0941,1.2958
0.0628,1.2919
0.0314,1.2867
0.0000,1.2802
-0.0314,1.2725
-0.0628,1.2635
-0.0941,1.2534
-0.1253,1.2419
-0.1564,1.2292
-0.1874,1.2152
-0.2181,1.2002
-0.2487,1.1839
-0.2790,1.1664
-0.3090,1.1479
-0.3387,1.1281
-0.3681,1.1073
-0.3971,1.0853
-0.4258,1.0623
-0.4540,1.0383
-0.4818,1.0131
-0.5090,0.9872
-0.5358,0.9600
-0.5621,0.9320
-0.5878,0.9029
-0.6129,0.8733
-0.6374,0.8425
-0.6613,0.8111
-0.6845,0.7788
-0.7071,0.7456
-0.7290,0.7119
-0.7501,0.6773
-0.7705,0.6421
-0.7902,0.6063
-0.8090,0.5698
-0.8271,0.5330
-0.8443,0.4954
-0.8607,0.4574
-0.8763,0.4188
-0.8910,0.3802
-0.9048,0.3408
-0.9178,0.3013
-0.9298,0.2615
-0.9409,0.2213
-0.9511,0.1810
-0.9603,0.1403
-0.9686,0.0997
-0.9759,0.0590
-0.9823,0.0181
-0.9877,-0.0228
-0.9921,-0.0634
-0.9956,-0.1043
-0.9980,-0.1450
-0.9995,-0.1853
-1.0000,-0.2258
-0.9995,-0.2658
-0.9980,-0.3058
-0.9956,-0.3452
-0.9921,-0.3844
-0.9877,-0.4233
-0.9823,-0.4616
-0.9759,-0.4995
-0.9686,-0.5371
-0.9603,-0.5741
-0.9511,-0.6103
-0.9409,-0.6461
-0.9298,-0.6813
-0.9178,-0.7156
-0.9048,-0.7494
-0.8910,-0.7823
-0.8763,-0.8146
-0.8607,-0.8460
-0.8443,-0.8766
-0.8271,-0.9064
-0.8090,-0.9351
-0.7902,-0.9630
-0.7705,-0.9900
-0.7501,-1.0161
-0.7290,-1.0409
-0.7071,-1.0649
-0.6845,-1.0879
-0.6613,-1.1096
-0.6374,-1.1303
-0.6129,-1.1500
-0.5878,-1.1685
-0.5621,-1.1858
-0.5358,-1.2019
-0.5090,-1.2169
-0.4818,-1.2306
-0.4540,-1.2432
-0.4258,-1.2545
-0.3971,-1.2646
-0.3681,-1.2734
-0.3387,-1.2810
-0.3090,-1.2874
-0.2790,-1.2924
-0.2487,-1.2962
-0.2181,-1.2987
-0.1874,-1.2999
-0.1564,-1.2998
-0.1253,-1.2985
-0.0941,-1.2958
-0.0628,-1.2919
-0.0314,-1.2867
0.0000,-1.2802
0.0314,-1.2725
0.0628,-1.2636
0.0941,-1.2533
0.1253,-1.2418
0.1564,-1.2292
0.1874,-1.2153
0.2181,-1.2001
0.2487,-1.1839
0.2790,-1.1664
0.3090,-1.1479
0.3387,-1.1281
0.3681,-1.1073
0.3971,-1.0853
0.4258,-1.0623
0.4540,-1.0381
0.4818,-1.0132
0.5090,-0.9870
0.5358,-0.9599
0.5621,-0.9321
0.5878,-0.9031
0.6129,-0.8732
0.6374,-0.8425
0.6613,-0.8111
0.6845,-0.7788
0.7071,-0.7456
0.7290,-0.7119
0.7501,-0.6774
0.7705,-0.6421
0.7902,-0.6062
0.8090,-0.5700
0.8271,-0.5329
0.8443,-0.4953
0.8607,-0.4575
0.8763,-0.4189
0.8910,-0.3800
0.9048,-0.3408
0.9178,-0.3013
0.9298,-0.2615
0.9409,-0.2212
0.9511,-0.1810
0.9603,-0.1405
0.9686,-0.0997
0.9759,-0.0589
0.9823,-0.0182
0.9877,0.0227
0.9921,0.0636
0.9956,0.1041
0.9980,0.1449
0.9995,0.1855
1.0000,0.2258
0.9995,0.2658
0.9980,0.3056
0.9956,0.3452
0.9921,0.3844
0.9877,0.4232
0.9823,0.4616
0.9759,0.4997
0.9686,0.5369
0.9603,0.5740
0.9511,0.6104
0.9409,0.6460
0.9298,0.6812
0.9178,0.7157
0.9048,0.7494
0.8910,0.7823
0.8763,0.8145
0.8607,0.8460
0.8443,0.8766
0.8271,0.9062
0.8090,0.9351
0.7902,0.9631
0.7705,0.9899
0.7501,1.0160
0.7290,1.0410
0.7071,1.0648
0.6845,1.0878
0.6613,1.1097
0.6374,1.1304
0.6129,1.1499
0.5878,1.1684
0.5621,1.1858
0.5358,1.2019
0.5090,1.2168
0.4818,1.2306
0.4540,1.2432
0.4258,1.2545
0.3971,1.2646
0.3681,1.2735
0.3387,1.2810
0.3090,1.2873
0.2790,1.2924
0.2487,1.2962
0.2181,1.2987
0.1874,1.2999
0.1564,1.2998
0.1253,1.2984
0.0941,1.2958
0.0628,1.2919
0.0314,1.2867
0.0000,1.2803
-0.0314,1.2725
-0.0628,1.2635
-0.0941,1.2533
-0.1253,1.2419
-0.1564,1.2291
-0.1874,1.2153
-0.2181,1.2002
-0.2487,1.1839
-0.2790,1.1664
-0.3090,1.1478
-0.3387,1.1281
-0.3681,1.1072
-0.3971,1.0852
-0.4258,1.0624
-0.4540,1.0382
-0.4818,1.0131
-0.5090,0.9870
-0.5358,0.9600
-0.5621,0.9319
-0.5878,0.9030
-0.6129,0.8733
-0.6374,0.8425
-0.6613,0.8110
-0.6845,0.7786
-0.7071,0.7457
-0.7290,0.7118
-0.7501,0.6772
-0.7705,0.6422
-0.7902,0.6063
-0.8090,0.5698
-0.8271,0.5329
-0.8443,0.4954
-0.8607,0.4573
-0.8763,0.4189
-0.8910,0.3801
-0.9048,0.3408
-0.9178,0.3013
-0.9298,0.2613
-0.9409,0.2214
-0.9511,0.1809
-0.9603,0.1403
-0.9686,0.0999
-0.9759,0.0590
-0.9823,0.0181
-0.9877,-0.0227
-0.9921,-0.0635
-0.9956,-0.1043
-0.9980,-0.1449
-0.9995,-0.1854
-1.0000,-0.2258
-0.9995,-0.2658
-0.9980,-0.3058
-0.9956,-0.3451
-0.9921,-0.3844
-0.9877,-0.4233
-0.9823,-0.4615
-0.9759,-0.4996
-0.9686,-0.5371
-0.9603,-0.5740
-0.9511,-0.6103
-0.9409,-0.6461
-0.9298,-0.6812
-0.9178,-0.7156
-0.9048,-0.7494
-0.8910,-0.7823
-0.8763,-0.8147
-0.8607,-0.8459
-0.8443,-0.8766
-0.8271,-0.9064
-0.8090,-0.9350
-0.7902,-0.9630
-0.7705,-0.9900
-0.7501,-1.0161
-0.7290,-1.0409
-0.7071,-1.0649
-0.6845,-1.0878
-0.6613,-1.1096
-0.6374,-1.1304
-0.6129,-1.1499
-0.5878,-1.1685
-0.5621,-1.1857
-0.5358,-1.2019
-0.5090,-1.2169
-0.4818,-1.2306
-0.4540,-1.2432
-0.4258,-1.2545
-0.3971,-1.2646
-0.3681,-1.2734
-0.3387,-1.2810
-0.3090,-1.2873
-0.2790,-1.2924
-0.2487,-1.2962
-0.2181,-1.2987
-0.1874,-1.2999
-0.1564,-1.2998
-0.1253,-1.2984
-0.0941,-1.2958
-0.0628,-1.2919
-0.0314,-1.2867
0.0000,-1.2802
0.0314,-1.2725
0.0628,-1.2636
0.0941,-1.2533
0.1253,-1.2419
0.1564,-1.2292
0.1874,-1.2153
0.2181,-1.2002
0.2487,-1.1839
0.2790,-1.1664
0.3090,-1.1478
0.3387,-1.1281
0.3681,-1.1073
0.3971,-1.0853
0.4258,-1.0623
0.4540,-1.0381
0.4818,-1.0132
0.5090,-0.9870
0.5358,-0.9600
0.5621,-0.9320
0.5878,-0.9030
0.6129,-0.8733
0.6374,-0.8425
0.6613,-0.8110
0.6845,-0.7788
0.7071,-0.7456
0.7290,-0.7120
0.7501,-0.6774
0.7705,-0.6421
0.7902,-0.6062
0.8090,-0.5699
0.8271,-0.5329
0.8443,-0.4954
0.8607,-0.4575
0.8763,-0.4189
0.8910,-0.3801
0.9048,-0.3408
0.9178,-0.3013
0.9298,-0.2615
0.9409,-0.2212
0.9511,-0.1811
0.9603,-0.1405
0.9686,-0.0997
0.9759,-0.0588
0.9823,-0.0182
0.9877,0.0227
0.9921,0.0635
0.9956,0.1042
0.9980,0.1449
0.9995,0.1854
1.0000,0.2258
0.9995,0.2658
0.9980,0.3056
0.9956,0.3453
0.9921,0.3846
0.9877,0.4232
0.9823,0.4617
0.9759,0.4997
0.9686,0.5370
0.9603,0.5740
0.9511,0.6103
0.9409,0.6461
0.9298,0.6812
0.9178,0.7156
0.9048,0.7494
0.8910,0.7824
0.8763,0.8145
0.8607,0.8460
0.8443,0.8767
0.8271,0.9063
0.8090,0.9352
0.7902,0.9631
0.7705,0.9899
0.7501,1.0160
0.7290,1.0410
0.7071,1.0649
0.6845,1.0878
0.6613,1.1096
0.6374,1.1304
0.6129,1.1500
0.5878,1.1684
0.5621,1.1858
0.5358,1.2020
0.5090,1.2168
0.4818,1.2307
0.4540,1.2432
0.4258,1.2545
0.3971,1.2646
0.3681,1.2735
0.3387,1.2810
0.3090,1.2873
0.2790,1.2924
0.2487,1.2962
0.2181,1.2987
0.1874,1.2999
0.1564,1.2998
0.1253,1.2984
0.0941,1.2958
0.0628,1.2919
0.0314,1.2867
0.0000,1.2803
-0.0314,1.2725
-0.0628,1.2635
-0.0941,1.2533
-0.1253,1.2419
-0.1564,1.2292
-0.1874,1.2153
-0.2181,1.2002
-0.2487,1.1839
-0.2790,1.1664
-0.3090,1.1478
-0.3387,1.1281
-0.3681,1.1072
-0.3971,1.0852
-0.4258,1.0623
-0.4540,1.0382
-0.4818,1.0131
-0.5090,0.9870
-0.5358,0.9600
-0.5621,0.9320
-0.5878,0.9030
-0.6129,0.8733
-0.6374,0.8426
-0.6613,0.8110
-0.6845,0.7786
-0.7071,0.7457
-0.7290,0.7118
-0.7501,0.6772
-0.7705,0.6422
-0.7902,0.6063
-0.8090,0.5698
-0.8271,0.5329
-0.8443,0.4954
-0.8607,0.4575
-0.8763,0.4189
-0.8910,0.3801
-0.9048,0.3409
-0.9178,0.3013
-0.9298,0.2613
-0.9409,0.2214
-0.9511,0.1809
-0.9603,0.1403
-0.9686,0.0998
-0.9759,0.0590
-0.9823,0.0181
-0.9877,-0.0227
-0.9921,-0.0635
-0.9956,-0.1042
-0.9980,-0.1449
-0.9995,-0.1854
-1.0000,-0.2257
-0.9995,-0.2659
-0.9980,-0.3058
-0.9956,-0.3451
-0.9921,-0.3844
-0.9877,-0.4233
-0.9823,-0.4615
-0.9759,-0.4996
-0.9686,-0.5371
-0.9603,-0.5740
-0.9511,-0.6103
-0.9409,-0.6460
-0.9298,-0.6812
-0.9178,-0.7156
-0.9048,-0.7493
-0.8910,-0.7824
-0.8763,-0.8147
-0.8607,-0.8459
-0.8443,-0.8766
-0.8271,-0.9064
-0.8090,-0.9351
-0.7902,-0.9630
-0.7705,-0.9901
-0.7501,-1.0160
-0.7290,-1.0409
-0.7071,-1.0648
-0.6845,-1.0878
-0.6613,-1.1096
-0.6374,-1.1303
-0.6129,-1.1500
-0.5878,-1.1685
-0.5621,-1.1857
-0.5358,-1.2019
-0.5090,-1.2169
-0.4818,-1.2306
-0.4540,-1.2432
-0.4258,-1.2545
-0.3971,-1.2646
-0.3681,-1.2734
-0.3387,-1.2810
-0.3090,-1.2873
-0.2790,-1.2924
-0.2487,-1.2962
-0.2181,-1.2987
-0.1874,-1.2999
-0.1564,-1.2998
-0.1253,-1.2984
-0.0941,-1.2958
-0.0628,-1.2919
-0.0314,-1.2867
0.0000,-1.2802
0.0314,-1.2725
0.0628,-1.2636
0.0941,-1.2533
0.1253,-1.2419
0.1564,-1.2292
0.1874,-1.2153
0.2181,-1.2002
0.2487,-1.1838
0.2790,-1.1665
0.3090,-1.1478
0.3387,-1.1281
0.3681,-1.1072
0.3971,-1.0853
0.4258,-1.0622
0.4540,-1.0382
0.4818,-1.0132
0.5090,-0.9870
0.5358,-0.9600
0.5621,-0.9319
0.5878,-0.9031
0.6129,-0.8732
0.6374,-0.8425
0.6613,-0.8111
0.6845,-0.7787
0.7071,-0.7456
0.7290,-0.7118
0.7501,-0.6773
0.7705,-0.6421
0.7902,-0.6063
0.8090,-0.5699
0.8271,-0.5329
0.8443,-0.4954
0.8607,-0.4573
0.8763,-0.4191
0.8910,-0.3801
0.9048,-0.3408
0.9178,-0.3014
0.9298,-0.2614
0.9409,-0.2212
0.9511,-0.1809
0.9603,-0.1404
0.9686,-0.0997
0.9759,-0.0590
0.9823,-0.0182
0.9877,0.0227
0.9921,0.0635
0.9956,0.1044
0.9980,0.1448
0.9995,0.1854
1.0000,0.2258
0.9995,0.2657
0.9980,0.3057
0.9956,0.3453
0.9921,0.3844
0.9877,0.4232
0.9823,0.4617
0.9759,0.4996
0.9686,0.5370
0.9603,0.5740
0.9511,0.6103
0.9409,0.6461
0.9298,0.6811
0.9178,0.7156
0.9048,0.7494
0.8910,0.7822
0.8763,0.8146
0.8607,0.8461
0.8443,0.8767
0.8271,0.9063
0.8090,0.9352
0.7902,0.9630
0.7705,0.9900
0.7501,1.0160
0.7290,1.0409
0.7071,1.0649
0.6845,1.0877
0.6613,1.1096
0.6374,1.1304
0.6129,1.1499
0.5878,1.1684
0.5621,1.1858
0.5358,1.2020
0.5090,1.2169
0.4818,1.2307
0.4540,1.2432
0.4258,1.2545
0.3971,1.2646
0.3681,1.2734
0.3387,1.2810
0.3090,1.2874
0.2790,1.2924
0.2487,1.2962
0.2181,1.2987
0.1874,1.2999
0.1564,1.2998
0.1253,1.2984
0.0941,1.2958
0.0628,1.2919
0.0314,1.2867
0.0000,1.2803
-0.0314,1.2725
-0.0628,1.2636
-0.0941,1.2533
-0.1253,1.2419
-0.1564,1.2292
-0.1874,1.2152
-0.2181,1.2002
-0.2487,1.1839
-0.2790,1.1664
-0.3090,1.1478
-0.3387,1.1281
-0.3681,1.1072
-0.3971,1.0853
-0.4258,1.0623
-0.4540,1.0382
-0.4818,1.0132
-0.5090,0.9870
-0.5358,0.9600
-0.5621,0.9320
-0.5878,0.9030
-0.6129,0.8734
-0.6374,0.8426
-0.6613,0.8110
-0.6845,0.7786
-0.7071,0.7457
-0.7290,0.7118
-0.7501,0.6773
-0.7705,0.6422
-0.7902,0.6063
-0.8090,0.5699
-0.8271,0.5328
-0.8443,0.4954
-0.8607,0.4574
-0.8763,0.4189
-0.8910,0.3802
-0.9048,0.3409
-0.9178,0.3012
-0.9298,0.2613
-0.9409,0.2213
-0.9511,0.1809
-0.9603,0.1404
-0.9686,0.0998
-0.9759,0.0590
-0.9823,0.0182
-0.9877,-0.0227
-0.9921,-0.0635
-0.9956,-0.1042
-0.9980,-0.1450
-0.9995,-0.1853
-1.0000,-0.2257
-0.9995,-0.2659
-0.9980,-0.3058
-0.9956,-0.3451
-0.9921,-0.3844
-0.9877,-0.4232
-0.9823,-0.4616
-0.9759,-0.4996
-0.9686,-0.5370
-0.9603,-0.5740
-0.9511,-0.6103
-0.9409,-0.6460
-0.9298,-0.6812
-0.9178,-0.7155
-0.9048,-0.7493
-0.8910,-0.7824
-0.8763,-0.8147
-0.8607,-0.8459
-0.8443,-0.8766
-0.8271,-0.9063
-0.8090,-0.9352
-0.7902,-0.9630
-0.7705,-0.9900
-0.7501,-1.0160
-0.7290,-1.0409
-0.7071,-1.0649
-0.6845,-1.0878
-0.6613,-1.1097
-0.6374,-1.1303
-0.6129,-1.1500
-0.5878,-1.1685
-0.5621,-1.1857
-0.5358,-1.2019
-0.5090,-1.2169
-0.4818,-1.2307
-0.4540,-1.2432
-0.4258,-1.2545
-0.3971,-1.2646
-0.3681,-1.2734
-0.3387,-1.2810
-0.3090,-1.2874
-0.2790,-1.2924
-0.2487,-1.2962
-0.2181,-1.2987
-0.1874,-1.2999
-0.1564,-1.2998
-0.1253,-1.2984
-0.0941,-1.2958
-0.0628,-1.2919
-0.0314,-1.2867
0.0000,-1.2803
0.0314,-1.2725
0.0628,-1.2636
0.0941,-1.2533
0.1253,-1.2419
0.1564,-1.2291
0.1874,-1.2153
0.2181,-1.2002
0.2487,-1.1838
0.2790,-1.1665
0.3090,-1.1478
0.3387,-1.1280
0.3681,-1.1072
0.3971,-1.0853
0.4258,-1.0623
0.4540,-1.0382
0.4818,-1.0132
0.5090,-0.9871
0.5358,-0.9600
0.5621,-0.9319
0.5878,-0.9031
0.6129,-0.8732
0.6374,-0.8425
0.6613,-0.8111
0.6845,-0.7787
0.7071,-0.7456
0.7290,-0.7118
0.7501,-0.6773
0.7705,-0.6422
0.7902,-0.6063
0.8090,-0.5699
0.8271,-0.5330
0.8443,-0.4954
0.8607,-0.4573
0.8763,-0.4190
0.8910,-0.3801
0.9048,-0.3407
0.9178,-0.3014
0.9298,-0.2614
0.9409,-0.2212
0.9511,-0.1809
0.9603,-0.1404
0.9686,-0.0998
0.9759,-0.0589
0.9823,-0.0182
0.9877,0.0226
0.9921,0.0635
0.9956,0.1044
0.9980,0.1448
0.9995,0.1854
1.0000,0.2258
0.9995,0.2657
0.9980,0.3057
0.9956,0.3453
0.9921,0.3845
0.9877,0.4232
0.9823,0.4616
0.9759,0.4996
0.9686,0.5370
0.9603,0.5739
0.9511,0.6103
0.9409,0.6462
0.9298,0.6811
0.9178,0.7156
0.9048,0.7494
0.8910,0.7823
0.8763,0.8146
0.8607,0.8461
0.8443,0.8766
0.8271,0.9063
0.8090,0.9351
0.7902,0.9631
0.7705,0.9900
0.7501,1.0159
0.7290,1.0410
0.7071,1.0650
0.6845,1.0877
0.6613,1.1096
0.6374,1.1304
0.6129,1.1499
0.5878,1.1684
0.5621,1.1858
0.5358,1.2019
0.5090,1.2169
0.4818,1.2307
0.4540,1.2432
0.4258,1.2545
0.3971,1.2646
0.3681,1.2734
0.3387,1.2810
0.3090,1.2873
0.2790,1.2924
0.2487,1.2962
0.2181,1.2987
0.1874,1.2999
0.1564,1.2998
0.1253,1.2984
0.0941,1.2958
0.0628,1.2919
0.0314,1.2867
0.0000,1.2803
-0.0314,1.2725
-0.0628,1.2635
-0.0941,1.2533
-0.1253,1.2419
-0.1564,1.2292
-0.1874,1.2152
-0.2181,1.2002
-0.2487,1.1839
-0.2790,1.1664
-0.3090,1.1478
-0.3387,1.1281
-0.3681,1.1072
-0.3971,1.0853
-0.4258,1.0623
-0.4540,1.0383
-0.4818,1.0131
-0.5090,0.9870
-0.5358,0.9601
-0.5621,0.9320
-0.5878,0.9030
-0.6129,0.8733
-0.6374,0.8426
-0.6613,0.8110
-0.6845,0.7787
-0.7071,0.7457
-0.7290,0.7118
-0.7501,0.6773
-0.7705,0.6420
-0.7902,0.6064
-0.8090,0.5699
-0.8271,0.5328
-0.8443,0.4955
-0.8607,0.4574
-0.8763,0.4189
-0.8910,0.3801
-0.9048,0.3409
-0.9178,0.3012
-0.9298,0.2614
-0.9409,0.2213
-0.9511,0.1809
-0.9603,0.1404
-0.9686,0.0996
-0.9759,0.0591
-0.9823,0.0182
-0.9877,-0.0228
-0.9921,-0.0634
-0.9956,-0.1042
-0.9980,-0.1450
-0.9995,-0.1854
-1.0000,-0.2257
-0.9995,-0.2659
-0.9980,-0.3057
-0.9956,-0.3452
-0.9921,-0.3845
-0.9877,-0.4232
-0.9823,-0.4617
-0.9759,-0.4995
-0.9686,-0.5370
-0.9603,-0.5740
-0.9511,-0.6102
-0.9409,-0.6460
-0.9298,-0.6812
-0.9178,-0.7156
-0.9048,-0.7493
-0.8910,-0.7824
-0.8763,-0.8146
-0.8607,-0.8460
-0.8443,-0.8766
-0.8271,-0.9063
-0.8090,-0.9352
-0.7902,-0.9630
-0.7705,-0.9900
-0.7501,-1.0160
-0.7290,-1.0409
-0.7071,-1.0649
-0.6845,-1.0878
-0.6613,-1.1097
-0.6374,-1.1303
-0.6129,-1.1500
-0.5878,-1.1684
-0.5621,-1.1857
-0.5358,-1.2019
-0.5090,-1.2169
-0.4818,-1.2307
-0.4540,-1.2432
-0.4258,-1.2545
-0.3971,-1.2646
-0.3681,-1.2734
-0.3387,-1.2810
-0.3090,-1.2874
-0.2790,-1.2924
-0.2487,-1.2962
-0.2181,-1.2987
-0.1874,-1.2999
-0.1564,-1.2998
-0.1253,-1.2984
-0.0941,-1.2958
-0.0628,-1.2919
-0.0314,-1.2867
0.0000,-1.2803
0.0314,-1.2725
0.0628,-1.2636
0.0941,-1.2533
0.1253,-1.2418
0.1564,-1.2291
0.1874,-1.2153
0.2181,-1.2002
0.2487,-1.1839
0.2790,-1.1665
0.3090,-1.1478
0.3387,-1.1281
0.3681,-1.1072
0.3971,-1.0853
0.4258,-1.0623
0.4540,-1.0382
0.4818,-1.0132
0.5090,-0.9871
0.5358,-0.9600
0.5621,-0.9319
0.5878,-0.9031
0.6129,-0.8732
0.6374,-0.8426
0.6613,-0.8111
0.6845,-0.7787
0.7071,-0.7457
0.7290,-0.7118
0.7501,-0.6773
0.7705,-0.6422
0.7902,-0.6063
0.8090,-0.5700
0.8271,-0.5330
0.8443,-0.4954
0.8607,-0.4573
0.8763,-0.4190
0.8910,-0.3801
0.9048,-0.3409
0.9178,-0.3014
0.9298,-0.2614
0.9409,-0.2213
0.9511,-0.1809
0.9603,-0.1404
0.9686,-0.0998
0.9759,-0.0589
0.9823,-0.0183
0.9877,0.0226
0.9921,0.0635
0.9956,0.1044
0.9980,0.1448
0.9995,0.1854
1.0000,0.2257
0.9995,0.2658
0.9980,0.3057
0.9956,0.3452
0.9921,0.3845
0.9877,0.4232
0.9823,0.4616
0.9759,0.4996
0.9686,0.5369
0.9603,0.5739
0.9511,0.6103
0.9409,0.6462
0.9298,0.6811
0.9178,0.7156
0.9048,0.7493
0.8910,0.7823
0.8763,0.8146
0.8607,0.8460
0.8443,0.8766
0.8271,0.9063
0.8090,0.9351
0.7902,0.9631
0.7705,0.9899
0.7501,1.0159
0.7290,1.0410
0.7071,1.0650
0.6845,1.0877
0.6613,1.1096
0.6374,1.1304
0.6129,1.1500
0.5878,1.1684
0.5621,1.1857
0.5358,1.2019
0.5090,1.2169
0.4818,1.2306
0.4540,1.2432
0.4258,1.2546
0.3971,1.2646
0.3681,1.2735
0.3387,1.2811
0.3090,1.2873
0.2790,1.2924
0.2487,1.2962
0.2181,1.2987
0.1874,1.2999
0.1564,1.2998
0.1253,1.2984
0.0941,1.2958
0.0628,1.2919
0.0314,1.2867
0.0000,1.2802
-0.0314,1.2725
-0.0628,1.2635
-0.0941,1.2533
-0.1253,1.2419
-0.1564,1.2292
-0.1874,1.2152
-0.2181,1.2002
-0.2487,1.1839
-0.2790,1.1665
-0.3090,1.1478
-0.3387,1.1281
-0.3681,1.1073
-0.3971,1.0853
-0.4258,1.0622
-0.4540,1.0383
-0.4818,1.0131
-0.5090,0.9870
-0.5358,0.9601
-0.5621,0.9320
-0.5878,0.9030
-0.6129,0.8732
-0.6374,0.8426
-0.6613,0.8111
-0.6845,0.7787
-0.7071,0.7457
-0.7290,0.7119
-0.7501,0.6773
-0.7705,0.6420
-0.7902,0.6064
-0.8090,0.5699
-0.8271,0.5328
-0.8443,0.4955
-0.8607,0.4574
-0.8763,0.4189
-0.8910,0.3800
-0.9048,0.3409
-0.9178,0.3013
-0.9298,0.2614
-0.9409,0.2213
-0.9511,0.1810
-0.9603,0.1404
-0.9686,0.0996
-0.9759,0.0591
-0.9823,0.0181
-0.9877,-0.0228
-0.9921,-0.0634
-0.9956,-0.1043
-0.9980,-0.1450
-0.9995,-0.1855
-1.0000,-0.2257
-0.9995,-0.2658
-0.9980,-0.3057
-0.9956,-0.3452
-0.9921,-0.3843
-0.9877,-0.4233
-0.9823,-0.4617
-0.9759,-0.4995
-0.9686,-0.5370
-0.9603,-0.5740
-0.9511,-0.6102
-0.9409,-0.6461
-0.9298,-0.6813
-0.9178,-0.7157
-0.9048,-0.7493
-0.8910,-0.7823
-0.8763,-0.8146
-0.8607,-0.8460
-0.8443,-0.8765
-0.8271,-0.9063
-0.8090,-0.9352
-0.7902,-0.9630
-0.7705,-0.9900
-0.7501,-1.0160
-0.7290,-1.0409
-0.7071,-1.0649
-0.6845,-1.0878
-0.6613,-1.1096
-0.6374,-1.1303
-0.6129,-1.1500
-0.5878,-1.1684
-0.5621,-1.1857
-0.5358,-1.2019
-0.5090,-1.2169
-0.4818,-1.2307
-0.4540,-1.2432
-0.4258,-1.2545
-0.3971,-1.2646
-0.3681,-1.2734
-0.3387,-1.2810
-0.3090,-1.2874
-0.2790,-1.2924
-0.2487,-1.2962
-0.2181,-1.2987
-0.1874,-1.2999
-0.1564,-1.2998
-0.1253,-1.2985
-0.0941,-1.2958
-0.0628,-1.2919
-0.0314,-1.2867
0.0000,-1.2803
0.0314,-1.2725
0.0628,-1.2636
0.0941,-1.2533
0.1253,-1.2418
0.1564,-1.2292
0.1874,-1.2153
0.2181,-1.2001
0.2487,-1.1839
0.2790,-1.1665
0.3090,-1.1479
0.3387,-1.1281
0.3681,-1.1072
0.3971,-1.0854
0.4258,-1.0623
0.4540,-1.0382
0.4818,-1.0132
0.5090,-0.9871
0.5358,-0.9599
0.5621,-0.9320
0.5878,-0.9031
0.6129,-0.8732
0.6374,-0.8426
0.6613,-0.8111
0.6845,-0.7788
0.7071,-0.7457
0.7290,-0.7118
0.7501,-0.6774
0.7705,-0.6421
0.7902,-0.6062
0.8090,-0.5700
0.8271,-0.5329
0.8443,-0.4953
0.8607,-0.4574
0.8763,-0.4190
0.8910,-0.3800
0.9048,-0.3408
0.9178,-0.3012
0.9298,-0.2615
0.9409,-0.2213
0.9511,-0.1808
0.9603,-0.1405
0.9686,-0.0998
0.9759,-0.0589
0.9823,-0.0181
0.9877,0.0226
0.9921,0.0636
0.9956,0.1043
0.9980,0.1449
0.9995,0.1855
1.0000,0.2257
0.9995,0.2659
0.9980,0.3056
0.9956,0.3452
0.9921,0.3845
0.9877,0.4231
0.9823,0.4616
0.9759,0.4996
0.9686,0.5370
0.9603,0.5739
0.9511,0.6104
0.9409,0.6461
0.9298,0.6811
0.9178,0.7157
0.9048,0.7494
0.8910,0.7824
0.8763,0.8145
0.8607,0.8460
0.8443,0.8766
0.8271,0.9062
0.8090,0.9351
0.7902,0.9631
0.7705,0.9901
0.7501,1.0159
0.7290,1.0410
0.7071,1.0649
0.6845,1.0878
0.6613,1.1096
0.6374,1.1303
0.6129,1.1500
0.5878,1.1684
0.5621,1.1857
0.5358,1.2019
0.5090,1.2168
0.4818,1.2306
0.4540,1.2432
0.4258,1.2546
0.3971,1.2646
0.3681,1.2735
0.3387,1.2810
0.3090,1.2873
0.2790,1.2924
0.2487,1.2962
0.2181,1.2987
0.1874,1.2999
0.1564,1.2998
0.1253,1.2984
0.0941,1.2958
0.0628,1.2919
0.0314,1.2867
0.0000,1.2802
-0.0314,1.2725
-0.0628,1.2635
-0.0941,1.2533
-0.1253,1.2419
-0.1564,1.2292
-0.1874,1.2153
-0.2181,1.2001
-0.2487,1.1839
-0.2790,1.1665
-0.3090,1.1478
-0.3387,1.1282
-0.3681,1.1073
-0.3971,1.0853
-0.4258,1.0622
-0.4540,1.0383
-0.4818,1.0131
-0.5090,0.9871
-0.5358,0.9600
-0.5621,0.9320
-0.5878,0.9031
-0.6129,0.8732
-0.6374,0.8425
-0.6613,0.8111
-0.6845,0.7787
-0.7071,0.7458
-0.7290,0.7119
-0.7501,0.6773
-0.7705,0.6420
-0.7902,0.6064
-0.8090,0.5699
-0.8271,0.5329
-0.8443,0.4955
-0.8607,0.4574
-0.8763,0.4190
-0.8910,0.3800
-0.9048,0.3408
-0.9178,0.3013
-0.9298,0.2613
-0.9409,0.2214
-0.9511,0.1810
-0.9603,0.1404
-0.9686,0.0996
-0.9759,0.0590
-0.9823,0.0181
-0.9877,-0.0227
-0.9921,-0.0634
-0.9956,-0.1043
-0.9980,-0.1449
-0.9995,-0.1855
-1.0000,-0.2257
-0.9995,-0.2658
-0.9980,-0.3057
-0.9956,-0.3451
-0.9921,-0.3844
-0.9877,-0.4233
-0.9823,-0.4618
-0.9759,-0.4995
-0.9686,-0.5371
-0.9603,-0.5739
-0.9511,-0.6102
-0.9409,-0.6461
-0.9298,-0.6811
-0.9178,-0.7157
-0.9048,-0.7494
-0.8910,-0.7823
-0.8763,-0.8146
-0.8607,-0.8459
-0.8443,-0.8765
-0.8271,-0.9063
-0.8090,-0.9352
-0.7902,-0.9630
-0.7705,-0.9900
-0.7501,-1.0161
-0.7290,-1.0409
-0.7071,-1.0649
-0.6845,-1.0878
-0.6613,-1.1096
-0.6374,-1.1303
-0.6129,-1.1499
-0.5878,-1.1684
-0.5621,-1.1857
-0.5358,-1.2019
-0.5090,-1.2169
-0.4818,-1.2307
-0.4540,-1.2432
-0.4258,-1.2545
-0.3971,-1.2646
-0.3681,-1.2734
-0.3387,-1.2810
-0.3090,-1.2873
-0.2790,-1.2924
-0.2487,-1.2962
-0.2181,-1.2987
-0.1874,-1.2999
-0.1564,-1.2998
-0.1253,-1.2985
-0.0941,-1.2958
-0.0628,-1.2919
-0.0314,-1.2867
0.0000,-1.2802
0.0314,-1.2725
0.0628,-1.2635
0.0941,-1.2533
0.1253,-1.2419
0.1564,-1.2292
0.1874,-1.2153
0.2181,-1.2002
0.2487,-1.1839
0.2790,-1.1664
0.3090,-1.1479
0.3387,-1.1281
0.3681,-1.1072
0.3971,-1.0854
0.4258,-1.0623
0.4540,-1.0382
0.4818,-1.0131
0.5090,-0.9871
0.5358,-0.9600
0.5621,-0.9320
0.5878,-0.9031
0.6129,-0.8733
0.6374,-0.8425
0.6613,-0.8109
0.6845,-0.7788
0.7071,-0.7456
0.7290,-0.7117
0.7501,-0.6774
0.7705,-0.6421
0.7902,-0.6062
0.8090,-0.5698
0.8271,-0.5329
0.8443,-0.4955
0.8607,-0.4574
0.8763,-0.4190
0.8910,-0.3802
0.9048,-0.3408
0.9178,-0.3012
0.9298,-0.2615
0.9409,-0.2213
0.9511,-0.1808
0.9603,-0.1405
0.9686,-0.0997
0.9759,-0.0589
0.9823,-0.0181
0.9877,0.0227
0.9921,0.0634
0.9956,0.1043
0.9980,0.1449
0.9995,0.1853
1.0000,0.2258
0.9995,0.2660
0.9980,0.3056
0.9956,0.3452
0.9921,0.3845
0.9877,0.4231
0.9823,0.4616
0.9759,0.4997
0.9686,0.5371
0.9603,0.5739
0.9511,0.6102
0.9409,0.6461
0.9298,0.6812
0.9178,0.7155
0.9048,0.7494
0.8910,0.7824
0.8763,0.8145
0.8607,0.8460
0.8443,0.8767
0.8271,0.9062
0.8090,0.9351
0.7902,0.9631
0.7705,0.9900
0.7501,1.0160
0.7290,1.0410
0.7071,1.0649
0.6845,1.0878
0.6613,1.1096
0.6374,1.1303
0.6129,1.1500
0.5878,1.1684
0.5621,1.1858
0.5358,1.2019
0.5090,1.2168
0.4818,1.2306
0.4540,1.2432
0.4258,1.2545
0.3971,1.2646
0.3681,1.2735
0.3387,1.2810
0.3090,1.2873
0.2790,1.2924
0.2487,1.2962
0.2181,1.2987
0.1874,1.2999
0.1564,1.2998
0.1253,1.2984
0.0941,1.2958
0.0628,1.2919
0.0314,1.2867
0.0000,1.2802
-0.0314,1.2725
-0.0628,1.2635
-0.0941,1.2533
-0.1253,1.2419
-0.1564,1.2292
-0.1874,1.2153
-0.2181,1.2001
-0.2487,1.1839
-0.2790,1.1664
-0.3090,1.1478
-0.3387,1.1282
-0.3681,1.1073
-0.3971,1.0853
-0.4258,1.0623
-0.4540,1.0383
-0.4818,1.0131
-0.5090,0.9870
-0.5358,0.9600
-0.5621,0.9321
-0.5878,0.9031
-0.6129,0.8732
-0.6374,0.8426
-0.6613,0.8111
-0.6845,0.7787
-0.7071,0.7458
-0.7290,0.7119
-0.7501,0.6773
-0.7705,0.6421
-0.7902,0.6063
-0.8090,0.5698
-0.8271,0.5329
-0.8443,0.4954
-0.8607,0.4575
-0.8763,0.4190
-0.8910,0.3800
-0.9048,0.3410
-0.9178,0.3013
-0.9298,0.2613
-0.9409,0.2214
-0.9511,0.1810
-0.9603,0.1403
-0.9686,0.0997
-0.9759,0.0590
-0.9823,0.0181
-0.9877,-0.0227
-0.9921,-0.0634
-0.9956,-0.1041
-0.9980,-0.1449
-0.9995,-0.1855
-1.0000,-0.2256
-0.9995,-0.2658
-0.9980,-0.3058
-0.9956,-0.3452
-0.9921,-0.3844
-0.9877,-0.4233
-0.9823,-0.4616
-0.9759,-0.4995
-0.9686,-0.5371
-0.9603,-0.5739
-0.9511,-0.6104
-0.9409,-0.6460
-0.9298,-0.6812
-0.9178,-0.7157
-0.9048,-0.7493
-0.8910,-0.7823
-0.8763,-0.8146
-0.8607,-0.8461
-0.8443,-0.8766
-0.8271,-0.9064
-0.8090,-0.9351
-0.7902,-0.9630
-0.7705,-0.9900
-0.7501,-1.0160
-0.7290,-1.0410
-0.7071,-1.0649
-0.6845,-1.0878
-0.6613,-1.1097
-0.6374,-1.1303
-0.6129,-1.1499
-0.5878,-1.1685
-0.5621,-1.1858
-0.5358,-1.2019
-0.5090,-1.2169
-0.4818,-1.2306
-0.4540,-1.2432
-0.4258,-1.2545
-0.3971,-1.2646
-0.3681,-1.2735
-0.3387,-1.2810
-0.3090,-1.2873
-0.2790,-1.2924
-0.2487,-1.2962
-0.2181,-1.2987
-0.1874,-1.2999
-0.1564,-1.2998
-0.1253,-1.2985
-0.0941,-1.2958
-0.0628,-1.2919
-0.0314,-1.2867
0.0000,-1.2802
0.0314,-1.2725
0.0628,-1.2635
0.0941,-1.2533
0.1253,-1.2419
0.1564,-1.2292
0.1874,-1.2153
0.2181,-1.2002
0.2487,-1.1839
0.2790,-1.1664
0.3090,-1.1479
0.3387,-1.1281
0.3681,-1.1073
0.3971,-1.0853
0.4258,-1.0623
0.4540,-1.0382
0.4818,-1.0131
0.5090,-0.9870
0.5358,-0.9600
0.5621,-0.9319
0.5878,-0.9032
0.6129,-0.8733
0.6374,-0.8425
0.6613,-0.8109
0.6845,-0.7788
0.7071,-0.7456
0.7290,-0.7119
0.7501,-0.6774
0.7705,-0.6421
0.7902,-0.6063
0.8090,-0.5698
0.8271,-0.5329
0.8443,-0.4954
0.8607,-0.4573
0.8763,-0.4191
0.8910,-0.3801
0.9048,-0.3408
0.9178,-0.3011
0.9298,-0.2615
0.9409,-0.2212
0.9511,-0.1810
0.9603,-0.1405
0.9686,-0.0997
0.9759,-0.0590
0.9823,-0.0181
0.9877,0.0227
0.9921,0.0635
0.9956,0.1043
0.9980,0.1447
0.9995,0.1854
1.0000,0.2258
0.9995,0.2660
0.9980,0.3056
0.9956,0.3452
0.9921,0.3844
0.9877,0.4232
0.9823,0.4617
0.9759,0.4995
0.9686,0.5371
0.9603,0.5740
0.9511,0.6103
0.9409,0.6461
0.9298,0.6810
0.9178,0.7156
0.9048,0.7494
0.8910,0.7825
0.8763,0.8145
0.8607,0.8460
0.8443,0.8767
0.8271,0.9062
0.8090,0.9351
0.7902,0.9630
0.7705,0.9900
0.7501,1.0160
0.7290,1.0409
0.7071,1.0649
0.6845,1.0877
0.6613,1.1096
0.6374,1.1304
0.6129,1.1500
0.5878,1.1684
0.5621,1.1858
0.5358,1.2020
0.5090,1.2168
0.4818,1.2306
0.4540,1.2432
0.4258,1.2545
0.3971,1.2646
0.3681,1.2734
0.3387,1.2810
0.3090,1.2873
0.2790,1.2924
0.2487,1.2962
0.2181,1.2987
0.1874,1.2999
0.1564,1.2998
0.1253,1.2984
0.0941,1.2958
0.0628,1.2919
0.0314,1.2867
0.0000,1.2802
-0.0314,1.2725
-0.0628,1.2636
-0.0941,1.2533
-0.1253,1.2418
-0.1564,1.2292
-0.1874,1.2153
-0.2181,1.2001
-0.2487,1.1839
-0.2790,1.1664
-0.3090,1.1478
-0.3387,1.1281
-0.3681,1.1072
-0.3971,1.0853
-0.4258,1.0623
-0.4540,1.0382
-0.4818,1.0132
-0.5090,0.9870
-0.5358,0.9599
-0.5621,0.9320
-0.5878,0.9030
-0.6129,0.8732
-0.6374,0.8426
-0.6613,0.8110
-0.6845,0.7786
-0.7071,0.7456
-0.7290,0.7118
-0.7501,0.6774
-0.7705,0.6421
-0.7902,0.6063
-0.8090,0.5700
-0.8271,0.5329
-0.8443,0.4953
-0.8607,0.4575
-0.8763,0.4189
-0.8910,0.3800
-0.9048,0.3409
-0.9178,0.3013
-0.9298,0.2613
-0.9409,0.2212
-0.9511,0.1809
-0.9603,0.1405
-0.9686,0.0997
-0.9759,0.0590
-0.9823,0.0182
-0.9877,-0.0227
-0.9921,-0.0636
-0.9956,-0.1042
-0.9980,-0.1449
-0.9995,-0.1855
-1.0000,-0.2256
-0.9995,-0.2658
-0.9980,-0.3058
-0.9956,-0.3453
-0.9921,-0.3844
-0.9877,-0.4233
-0.9823,-0.4617
-0.9759,-0.4996
-0.9686,-0.5370
-0.9603,-0.5740
-0.9511,-0.6104
-0.9409,-0.6460
-0.9298,-0.6812
-0.9178,-0.7157
-0.9048,-0.7493
-0.8910,-0.7824
-0.8763,-0.8147
-0.8607,-0.8460
-0.8443,-0.8766
-0.8271,-0.9064
-0.8090,-0.9352
-0.7902,-0.9630
-0.7705,-0.9899
-0.7501,-1.0160
-0.7290,-1.0410
-0.7071,-1.0648
-0.6845,-1.0878
-0.6613,-1.1097
-0.6374,-1.1303
-0.6129,-1.1499
-0.5878,-1.1685
-0.5621,-1.1858
-0.5358,-1.2019
-0.5090,-1.2169
-0.4818,-1.2307
-0.4540,-1.2432
-0.4258,-1.2545
-0.3971,-1.2646
-0.3681,-1.2735
-0.3387,-1.2810
-0.3090,-1.2873
-0.2790,-1.2924
-0.2487,-1.2962
-0.2181,-1.2987
-0.1874,-1.2999
-0.1564,-1.2998
-0.1253,-1.2985
-0.0941,-1.2958
-0.0628,-1.2919
-0.0314,-1.2867
0.0000,-1.2803
0.0314,-1.2725
0.0628,-1.2635
0.0941,-1.2534
0.1253,-1.2419
0.1564,-1.2291
0.1874,-1.2153
0.2181,-1.2002
0.2487,-1.1839
0.2790,-1.1664
0.3090,-1.1479
0.3387,-1.1281
0.3681,-1.1072
0.3971,-1.0853
0.4258,-1.0624
0.4540,-1.0382
0.4818,-1.0131
0.5090,-0.9871
0.5358,-0.9600
0.5621,-0.9319
0.5878,-0.9032
0.6129,-0.8733
0.6374,-0.8425
0.6613,-0.8110
0.6845,-0.7788
0.7071,-0.7456
0.7290,-0.7118
0.7501,-0.6774
0.7705,-0.6422
0.7902,-0.6063
0.8090,-0.5698
0.8271,-0.5330
0.8443,-0.4954
0.8607,-0.4573
0.8763,-0.4191
0.8910,-0.3801
0.9048,-0.3408
0.9178,-0.3013
0.9298,-0.2614
0.9409,-0.2212
0.9511,-0.1809
0.9603,-0.1405
0.9686,-0.0999
0.9759,-0.0590
0.9823,-0.0181
0.9877,0.0226
0.9921,0.0635
0.9956,0.1043
0.9980,0.1448
0.9995,0.1854
1.0000,0.2258
0.9995,0.2658
0.9980,0.3056
0.9956,0.3453
0.9921,0.3844
0.9877,0.4232
0.9823,0.4615
0.9759,0.4996
0.9686,0.5371
0.9603,0.5738
0.9511,0.6103
0.9409,0.6461
0.9298,0.6813
0.9178,0.7156
0.9048,0.7494
0.8910,0.7824
0.8763,0.8145
0.8607,0.8460
0.8443,0.8766
0.8271,0.9064
0.8090,0.9352
0.7902,0.9630
0.7705,0.9901
0.7501,1.0159
0.7290,1.0409
0.7071,1.0649
0.6845,1.0879
0.6613,1.1096
0.6374,1.1304
0.6129,1.1500
0.5878,1.1684
0.5621,1.1858
0.5358,1.2019
0.5090,1.2169
0.4818,1.2307
0.4540,1.2432
0.4258,1.2545
0.3971,1.2646
0.3681,1.2734
0.3387,1.2810
0.3090,1.2874
0.2790,1.2924
0.2487,1.2962
0.2181,1.2987
0.1874,1.2999
0.1564,1.2998
0.1253,1.2985
0.0941,1.2958
0.0628,1.2919
0.0314,1.2867
0.0000,1.2802
-0.0314,1.2726
-0.0628,1.2636
-0.0941,1.2533
-0.1253,1.2418
-0.1564,1.2292
-0.1874,1.2153
-0.2181,1.2002
-0.2487,1.1839
-0.2790,1.1664
-0.3090,1.1478
-0.3387,1.1281
-0.3681,1.1072
-0.3971,1.0853
-0.4258,1.0623
-0.4540,1.0383
-0.4818,1.0132
-0.5090,0.9870
-0.5358,0.9599
-0.5621,0.9320
-0.5878,0.9030
-0.6129,0.8733
-0.6374,0.8426
-0.6613,0.8110
-0.6845,0.7788
-0.7071,0.7456
-0.7290,0.7118
-0.7501,0.6774
-0.7705,0.6421
-0.7902,0.6064
-0.8090,0.5699
-0.8271,0.5329
-0.8443,0.4953
-0.8607,0.4575
-0.8763,0.4189
-0.8910,0.3801
-0.9048,0.3409
-0.9178,0.3013
-0.9298,0.2614
-0.9409,0.2212
-0.9511,0.1809
-0.9603,0.1404
-0.9686,0.0997
-0.9759,0.0591
-0.9823,0.0182
-0.9877,-0.0227
-0.9921,-0.0636
-0.9956,-0.1042
-0.9980,-0.1449
-0.9995,-0.1855
-1.0000,-0.2257
-0.9995,-0.2659
-0.9980,-0.3056
-0.9956,-0.3453
-0.9921,-0.3844
-0.9877,-0.4232
-0.9823,-0.4617
-0.9759,-0.4994
-0.9686,-0.5370
-0.9603,-0.5740
-0.9511,-0.6104
-0.9409,-0.6460
-0.9298,-0.6812
-0.9178,-0.7157
-0.9048,-0.7493
-0.8910,-0.7824
-0.8763,-0.8146
-0.8607,-0.8461
-0.8443,-0.8766
-0.8271,-0.9063
-0.8090,-0.9352
-0.7902,-0.9630
-0.7705,-0.9900
-0.7501,-1.0160
-0.7290,-1.0410
-0.7071,-1.0649
-0.6845,-1.0878
-0.6613,-1.1097
-0.6374,-1.1303
-0.6129,-1.1500
-0.5878,-1.1684
-0.5621,-1.1858
-0.5358,-1.2019
-0.5090,-1.2169
-0.4818,-1.2307
-0.4540,-1.2432
-0.4258,-1.2545
-0.3971,-1.2646
-0.3681,-1.2735
-0.3387,-1.2810
-0.3090,-1.2874
-0.2790,-1.2924
-0.2487,-1.2962
-0.2181,-1.2987
-0.1874,-1.2999
-0.1564,-1.2998
-0.1253,-1.2985
-0.0941,-1.2958
-0.0628,-1.2919
-0.0314,-1.2867
0.0000,-1.2803
0.0314,-1.2725
0.0628,-1.2635
0.0941,-1.2534
0.1253,-1.2419
0.1564,-1.2291
0.1874,-1.2153
0.2181,-1.2002
0.2487,-1.1839
0.2790,-1.1664
0.3090,-1.1478
0.3387,-1.1281
0.3681,-1.1072
0.3971,-1.0853
0.4258,-1.0623
0.4540,-1.0382
0.4818,-1.0131
0.5090,-0.9871
0.5358,-0.9600
0.5621,-0.9319
0.5878,-0.9030
0.6129,-0.8732
0.6374,-0.8426
0.6613,-0.8110
0.6845,-0.7787
0.7071,-0.7457
0.7290,-0.7118
0.7501,-0.6772
0.7705,-0.6422
0.7902,-0.6063
0.8090,-0.5698
0.8271,-0.5330
0.8443,-0.4954
0.8607,-0.4573
0.8763,-0.4189
0.8910,-0.3801
0.9048,-0.3409
0.9178,-0.3012
0.9298,-0.2614
0.9409,-0.2214
0.9511,-0.1809
0.9603,-0.1403
0.9686,-0.0998
0.9759,-0.0590
0.9823,-0.0180
0.9877,0.0226
0.9921,0.0635
0.9956,0.1044
0.9980,0.1449
0.9995,0.1854
1.0000,0.2258
0.9995,0.2659
0.9980,0.3057
0.9956,0.3451
0.9921,0.3844
0.9877,0.4234
0.9823,0.4615
0.9759,0.4996
0.9686,0.5371
0.9603,0.5739
0.9511,0.6103
0.9409,0.6461
0.9298,0.6812
0.9178,0.7156
0.9048,0.7494
0.8910,0.7824
0.8763,0.8146
0.8607,0.8459
0.8443,0.8766
0.8271,0.9064
0.8090,0.9351
0.7902,0.9630
0.7705,0.9901
0.7501,1.0159
0.7290,1.0409
0.7071,1.0649
0.6845,1.0878
0.6613,1.1096
0.6374,1.1304
0.6129,1.1500
0.5878,1.1684
0.5621,1.1857
0.5358,1.2019
0.5090,1.2169
0.4818,1.2306
0.4540,1.2432
0.4258,1.2545
0.3971,1.2646
0.3681,1.2734
0.3387,1.2810
0.3090,1.2874
0.2790,1.2924
0.2487,1.2962
0.2181,1.2987
0.1874,1.2999
0.1564,1.2998
0.1253,1.2984
0.0941,1.2958
0.0628,1.2919
0.0314,1.2867
0.0000,1.2802
-0.0314,1.2726
-0.0628,1.2636
-0.0941,1.2533
-0.1253,1.2419
-0.1564,1.2292
-0.1874,1.2153
-0.2181,1.2002
-0.2487,1.1839
-0.2790,1.1665
-0.3090,1.1478
-0.3387,1.1280
-0.3681,1.1073
-0.3971,1.0853
-0.4258,1.0622
-0.4540,1.0383
-0.4818,1.0132
-0.5090,0.9870
-0.5358,0.9600
-0.5621,0.9320
-0.5878,0.9030
-0.6129,0.8732
-0.6374,0.8426
-0.6613,0.8111
-0.6845,0.7787
-0.7071,0.7456
-0.7290,0.7119
-0.7501,0.6773
-0.7705,0.6421
-0.7902,0.6064
-0.8090,0.5699
-0.8271,0.5328
-0.8443,0.4954
-0.8607,0.4574
-0.8763,0.4189
-0.8910,0.3801
-0.9048,0.3409
-0.9178,0.3014
-0.9298,0.2614
-0.9409,0.2212
-0.9511,0.1811
-0.9603,0.1404
-0.9686,0.0997
-0.9759,0.0591
-0.9823,0.0182
-0.9877,-0.0228
-0.9921,-0.0635
-0.9956,-0.1042
-0.9980,-0.1450
-0.9995,-0.1854
-1.0000,-0.2257
-0.9995,-0.2659
-0.9980,-0.3057
-0.9956,-0.3453
-0.9921,-0.3843
-0.9877,-0.4232
-0.9823,-0.4617
-0.9759,-0.4995
-0.9686,-0.5370
-0.9603,-0.5740
-0.9511,-0.6103
-0.9409,-0.6460
-0.9298,-0.6812
-0.9178,-0.7156
-0.9048,-0.7493
-0.8910,-0.7824
-0.8763,-0.8146
-0.8607,-0.8461
-0.8443,-0.8765
-0.8271,-0.9063
-0.8090,-0.9352
-0.7902,-0.9629
-0.7705,-0.9900
-0.7501,-1.0160
-0.7290,-1.0410
-0.7071,-1.0649
-0.6845,-1.0878
-0.6613,-1.1096
-0.6374,-1.1304
-0.6129,-1.1500
-0.5878,-1.1684
-0.5621,-1.1858
-0.5358,-1.2019
-0.5090,-1.2169
-0.4818,-1.2307
-0.4540,-1.2432
-0.4258,-1.2545
-0.3971,-1.2646
-0.3681,-1.2734
-0.3387,-1.2810
-0.3090,-1.2874
-0.2790,-1.2924
-0.2487,-1.2962
-0.2181,-1.2987
-0.1874,-1.2999
-0.1564,-1.2998
-0.1253,-1.2985
-0.0941,-1.2958
-0.0628,-1.2919
-0.0314,-1.2867
0.0000,-1.2803
0.0314,-1.2725
0.0628,-1.2636
0.0941,-1.2533
0.1253,-1.2419
0.1564,-1.2292
0.1874,-1.2152
0.2181,-1.2002
0.2487,-1.1839
0.2790,-1.1664
0.3090,-1.1479
0.3387,-1.1281
0.3681,-1.1072
0.3971,-1.0852
0.4258,-1.0623
0.4540,-1.0382
0.4818,-1.0132
0.5090,-0.9871
0.5358,-0.9600
0.5621,-0.9320
0.5878,-0.9030
0.6129,-0.8732
0.6374,-0.8426
0.6613,-0.8110
0.6845,-0.7789
0.7071,-0.7457
0.7290,-0.7118
0.7501,-0.6772
0.7705,-0.6422
0.7902,-0.6063
0.8090,-0.5698
0.8271,-0.5330
0.8443,-0.4954
0.8607,-0.4574
0.8763,-0.4189
0.8910,-0.3801
0.9048,-0.3409
0.9178,-0.3012
0.9298,-0.2616
0.9409,-0.2213
0.9511,-0.1809
0.9603,-0.1403
0.9686,-0.0998
0.9759,-0.0589
0.9823,-0.0180
0.9877,0.0226
0.9921,0.0635
0.9956,0.1042
0.9980,0.1450
0.9995,0.1854
