index,cos_value
0,1.00000000
1,0.99999970
2,0.99999881
3,0.99999738
4,0.99999529
5,0.99999267
6,0.99998939
7,0.99998558
8,0.99998116
9,0.99997616
10,0.99997061
11,0.99996442
12,0.99995762
13,0.99995029
14,0.99994236
15,0.99993384
16,0.99992472
17,0.99991500
18,0.99990469
19,0.99989384
20,0.99988234
21,0.99987030
22,0.99985766
23,0.99984443
24,0.99983060
25,0.99981618
26,0.99980116
27,0.99978560
28,0.99976939
29,0.99975264
30,0.99973530
31,0.99971735
32,0.99969882
33,0.99967968
34,0.99966002
35,0.99963969
36,0.99961883
37,0.99959737
38,0.99957532
39,0.99955267
40,0.99952942
41,0.99950558
42,0.99948120
43,0.99945617
44,0.99943060
45,0.99940443
46,0.99937767
47,0.99935031
48,0.99932235
49,0.99929386
50,0.99926478
51,0.99923503
52,0.99920475
53,0.99917388
54,0.99914241
55,0.99911034
56,0.99907774
57,0.99904448
58,0.99901068
59,0.99897629
60,0.99894130
61,0.99890572
62,0.99886954
63,0.99883282
64,0.99879545
65,0.99875754
66,0.99871904
67,0.99867994
68,0.99864024
69,0.99859995
70,0.99855906
71,0.99851763
72,0.99847555
73,0.99843293
74,0.99838972
75,0.99834591
76,0.99830157
77,0.99825656
78,0.99821103
79,0.99816483
80,0.99811810
81,0.99807078
82,0.99802285
83,0.99797440
84,0.99792528
85,0.99787563
86,0.99782532
87,0.99777448
88,0.99772304
89,0.99767107
90,0.99761844
91,0.99756521
92,0.99751145
93,0.99745709
94,0.99740213
95,0.99734658
96,0.99729043
97,0.99723375
98,0.99717641
99,0.99711853
100,0.99706006
101,0.99700099
102,0.99694139
103,0.99688113
104,0.99682027
105,0.99675888
106,0.99669689
107,0.99663430
108,0.99657112
109,0.99650741
110,0.99644303
111,0.99637812
112,0.99631262
113,0.99624652
114,0.99617982
115,0.99611259
116,0.99604470
117,0.99597627
118,0.99590725
119,0.99583763
120,0.99576741
121,0.99569660
122,0.99562526
123,0.99555331
124,0.99548078
125,0.99540764
126,0.99533391
127,0.99525958
128,0.99518472
129,0.99510926
130,0.99503320
131,0.99495655
132,0.99487931
133,0.99480152
134,0.99472314
135,0.99464417
136,0.99456459
137,0.99448442
138,0.99440366
139,0.99432236
140,0.99424046
141,0.99415797
142,0.99407488
143,0.99399120
144,0.99390697
145,0.99382216
146,0.99373674
147,0.99365073
148,0.99356413
149,0.99347699
150,0.99338919
151,0.99330086
152,0.99321193
153,0.99312246
154,0.99303234
155,0.99294168
156,0.99285042
157,0.99275857
158,0.99266613
159,0.99257314
160,0.99247956
161,0.99238533
162,0.99229062
163,0.99219525
164,0.99209929
165,0.99200279
166,0.99190569
167,0.99180800
168,0.99170977
169,0.99161088
170,0.99151146
171,0.99141145
172,0.99131083
173,0.99120969
174,0.99110794
175,0.99100554
176,0.99090266
177,0.99079913
178,0.99069500
179,0.99059033
180,0.99048507
181,0.99037921
182,0.99027282
183,0.99016583
184,0.99005818
185,0.98995006
186,0.98984128
187,0.98973197
188,0.98962200
189,0.98951149
190,0.98940045
191,0.98928875
192,0.98917651
193,0.98906368
194,0.98895025
195,0.98883629
196,0.98872167
197,0.98860651
198,0.98849082
199,0.98837447
200,0.98825759
201,0.98814011
202,0.98802203
203,0.98790336
204,0.98778415
205,0.98766434
206,0.98754394
207,0.98742294
208,0.98730141
209,0.98717928
210,0.98705655
211,0.98693329
212,0.98680937
213,0.98668492
214,0.98655993
215,0.98643428
216,0.98630810
217,0.98618132
218,0.98605394
219,0.98592603
220,0.98579752
221,0.98566842
222,0.98553872
223,0.98540848
224,0.98527765
225,0.98514622
226,0.98501426
227,0.98488164
228,0.98474848
229,0.98461479
230,0.98448044
231,0.98434556
232,0.98421007
233,0.98407406
234,0.98393744
235,0.98380023
236,0.98366243
237,0.98352408
238,0.98338509
239,0.98324561
240,0.98310548
241,0.98296481
242,0.98282355
243,0.98268169
244,0.98253930
245,0.98239630
246,0.98225272
247,0.98210859
248,0.98196387
249,0.98181856
250,0.98167270
251,0.98152626
252,0.98137921
253,0.98123157
254,0.98108339
255,0.98093462
256,0.98078525
257,0.98063534
258,0.98048484
259,0.98033381
260,0.98018211
261,0.98002988
262,0.97987711
263,0.97972369
264,0.97956979
265,0.97941524
266,0.97926015
267,0.97910446
268,0.97894818
269,0.97879136
270,0.97863394
271,0.97847593
272,0.97831738
273,0.97815824
274,0.97799850
275,0.97783822
276,0.97767735
277,0.97751594
278,0.97735393
279,0.97719133
280,0.97702813
281,0.97686440
282,0.97670007
283,0.97653520
284,0.97636974
285,0.97620368
286,0.97603709
287,0.97586989
288,0.97570211
289,0.97553378
290,0.97536486
291,0.97519541
292,0.97502536
293,0.97485471
294,0.97468352
295,0.97451174
296,0.97433937
297,0.97416645
298,0.97399294
299,0.97381890
300,0.97364426
301,0.97346902
302,0.97329324
303,0.97311687
304,0.97293997
305,0.97276247
306,0.97258437
307,0.97240573
308,0.97222650
309,0.97204667
310,0.97186631
311,0.97168541
312,0.97150391
313,0.97132182
314,0.97113913
315,0.97095591
316,0.97077215
317,0.97058779
318,0.97040284
319,0.97021735
320,0.97003126
321,0.96984458
322,0.96965736
323,0.96946961
324,0.96928126
325,0.96909231
326,0.96890283
327,0.96871275
328,0.96852207
329,0.96833086
330,0.96813911
331,0.96794677
332,0.96775383
333,0.96756035
334,0.96736628
335,0.96717167
336,0.96697646
337,0.96678072
338,0.96658438
339,0.96638745
340,0.96618998
341,0.96599197
342,0.96579337
343,0.96559417
344,0.96539444
345,0.96519411
346,0.96499324
347,0.96479177
348,0.96458977
349,0.96438724
350,0.96418405
351,0.96398038
352,0.96377605
353,0.96357119
354,0.96336579
355,0.96315980
356,0.96295327
357,0.96274614
358,0.96253848
359,0.96233022
360,0.96212143
361,0.96191204
362,0.96170205
363,0.96149158
364,0.96128047
365,0.96106887
366,0.96085662
367,0.96064389
368,0.96043050
369,0.96021664
370,0.96000212
371,0.95978713
372,0.95957154
373,0.95935535
374,0.95913863
375,0.95892131
376,0.95870346
377,0.95848507
378,0.95826608
379,0.95804656
380,0.95782644
381,0.95760572
382,0.95738453
383,0.95716268
384,0.95694035
385,0.95671743
386,0.95649391
387,0.95626986
388,0.95604527
389,0.95582008
390,0.95559430
391,0.95536804
392,0.95514119
393,0.95491374
394,0.95468575
395,0.95445722
396,0.95422810
397,0.95399845
398,0.95376819
399,0.95353740
400,0.95330602
401,0.95307410
402,0.95284164
403,0.95260859
404,0.95237499
405,0.95214087
406,0.95190614
407,0.95167089
408,0.95143503
409,0.95119864
410,0.95096165
411,0.95072412
412,0.95048606
413,0.95024747
414,0.95000821
415,0.94976848
416,0.94952816
417,0.94928730
418,0.94904590
419,0.94880390
420,0.94856137
421,0.94831824
422,0.94807458
423,0.94783038
424,0.94758558
425,0.94734025
426,0.94709438
427,0.94684792
428,0.94660091
429,0.94635338
430,0.94610524
431,0.94585657
432,0.94560730
433,0.94535756
434,0.94510722
435,0.94485629
436,0.94460481
437,0.94435281
438,0.94410026
439,0.94384712
440,0.94359344
441,0.94333923
442,0.94308442
443,0.94282907
444,0.94257319
445,0.94231677
446,0.94205976
447,0.94180220
448,0.94154406
449,0.94128537
450,0.94102615
451,0.94076639
452,0.94050604
453,0.94024521
454,0.93998373
455,0.93972176
456,0.93945920
457,0.93919611
458,0.93893248
459,0.93866825
460,0.93840355
461,0.93813825
462,0.93787235
463,0.93760598
464,0.93733901
465,0.93707150
466,0.93680346
467,0.93653482
468,0.93626565
469,0.93599594
470,0.93572569
471,0.93545485
472,0.93518353
473,0.93491161
474,0.93463916
475,0.93436611
476,0.93409258
477,0.93381846
478,0.93354380
479,0.93326855
480,0.93299282
481,0.93271649
482,0.93243963
483,0.93216223
484,0.93188429
485,0.93160576
486,0.93132669
487,0.93104714
488,0.93076694
489,0.93048626
490,0.93020505
491,0.92992324
492,0.92964089
493,0.92935801
494,0.92907459
495,0.92879063
496,0.92850608
497,0.92822099
498,0.92793536
499,0.92764920
500,0.92736250
501,0.92707527
502,0.92678750
503,0.92649913
504,0.92621022
505,0.92592078
506,0.92563081
507,0.92534029
508,0.92504925
509,0.92475760
510,0.92446548
511,0.92417276
512,0.92387950
513,0.92358571
514,0.92329144
515,0.92299652
516,0.92270112
517,0.92240518
518,0.92210865
519,0.92181164
520,0.92151403
521,0.92121589
522,0.92091721
523,0.92061806
524,0.92031825
525,0.92001796
526,0.91971713
527,0.91941577
528,0.91911387
529,0.91881138
530,0.91850841
531,0.91820484
532,0.91790080
533,0.91759616
534,0.91729099
535,0.91698527
536,0.91667908
537,0.91637230
538,0.91606498
539,0.91575712
540,0.91544873
541,0.91513979
542,0.91483033
543,0.91452032
544,0.91420978
545,0.91389865
546,0.91358703
547,0.91327488
548,0.91296220
549,0.91264898
550,0.91233516
551,0.91202086
552,0.91170603
553,0.91139066
554,0.91107476
555,0.91075832
556,0.91044128
557,0.91012377
558,0.90980572
559,0.90948713
560,0.90916800
561,0.90884835
562,0.90852809
563,0.90820736
564,0.90788609
565,0.90756428
566,0.90724200
567,0.90691912
568,0.90659571
569,0.90627176
570,0.90594733
571,0.90562230
572,0.90529674
573,0.90497071
574,0.90464407
575,0.90431696
576,0.90398932
577,0.90366107
578,0.90333235
579,0.90300310
580,0.90267330
581,0.90234298
582,0.90201211
583,0.90168077
584,0.90134883
585,0.90101641
586,0.90068340
587,0.90034992
588,0.90001589
589,0.89968133
590,0.89934623
591,0.89901060
592,0.89867449
593,0.89833778
594,0.89800060
595,0.89766282
596,0.89732456
597,0.89698577
598,0.89664650
599,0.89630663
600,0.89596623
601,0.89562535
602,0.89528394
603,0.89494199
604,0.89459950
605,0.89425647
606,0.89391297
607,0.89356887
608,0.89322430
609,0.89287919
610,0.89253354
611,0.89218742
612,0.89184070
613,0.89149350
614,0.89114577
615,0.89079750
616,0.89044875
617,0.89009941
618,0.88974959
619,0.88939923
620,0.88904834
621,0.88869697
622,0.88834500
623,0.88799256
624,0.88763964
625,0.88728613
626,0.88693213
627,0.88657761
628,0.88622254
629,0.88586694
630,0.88551086
631,0.88515425
632,0.88479710
633,0.88443941
634,0.88408124
635,0.88372254
636,0.88336331
637,0.88300359
638,0.88264334
639,0.88228256
640,0.88192129
641,0.88155943
642,0.88119709
643,0.88083428
644,0.88047087
645,0.88010699
646,0.87974256
647,0.87937766
648,0.87901223
649,0.87864625
650,0.87827981
651,0.87791282
652,0.87754530
653,0.87717730
654,0.87680870
655,0.87643969
656,0.87607008
657,0.87570000
658,0.87532938
659,0.87495828
660,0.87458664
661,0.87421453
662,0.87384182
663,0.87346864
664,0.87309498
665,0.87272078
666,0.87234604
667,0.87197083
668,0.87159508
669,0.87121880
670,0.87084204
671,0.87046474
672,0.87008703
673,0.86970872
674,0.86932987
675,0.86895055
676,0.86857074
677,0.86819035
678,0.86780953
679,0.86742812
680,0.86704624
681,0.86666387
682,0.86628097
683,0.86589754
684,0.86551362
685,0.86512917
686,0.86474425
687,0.86435878
688,0.86397284
689,0.86358637
690,0.86319941
691,0.86281192
692,0.86242396
693,0.86203545
694,0.86164647
695,0.86125696
696,0.86086690
697,0.86047643
698,0.86008537
699,0.85969388
700,0.85930181
701,0.85890931
702,0.85851622
703,0.85812271
704,0.85772860
705,0.85733408
706,0.85693896
707,0.85654342
708,0.85614735
709,0.85575074
710,0.85535365
711,0.85495609
712,0.85455799
713,0.85415941
714,0.85376030
715,0.85336071
716,0.85296059
717,0.85255998
718,0.85215890
719,0.85175729
720,0.85135520
721,0.85095257
722,0.85054946
723,0.85014588
724,0.84974176
725,0.84933716
726,0.84893203
727,0.84852648
728,0.84812033
729,0.84771377
730,0.84730667
731,0.84689903
732,0.84649092
733,0.84608233
734,0.84567326
735,0.84526366
736,0.84485358
737,0.84444296
738,0.84403187
739,0.84362030
740,0.84320825
741,0.84279567
742,0.84238261
743,0.84196901
744,0.84155500
745,0.84114039
746,0.84072536
747,0.84030980
748,0.83989376
749,0.83947724
750,0.83906025
751,0.83864272
752,0.83822471
753,0.83780617
754,0.83738720
755,0.83696771
756,0.83654773
757,0.83612728
758,0.83570629
759,0.83528483
760,0.83486289
761,0.83444047
762,0.83401752
763,0.83359408
764,0.83317018
765,0.83274579
766,0.83232087
767,0.83189547
768,0.83146960
769,0.83104324
770,0.83061641
771,0.83018905
772,0.82976121
773,0.82933289
774,0.82890409
775,0.82847482
776,0.82804501
777,0.82761478
778,0.82718402
779,0.82675278
780,0.82632107
781,0.82588881
782,0.82545614
783,0.82502300
784,0.82458931
785,0.82415515
786,0.82372051
787,0.82328540
788,0.82284981
789,0.82241368
790,0.82197714
791,0.82154006
792,0.82110250
793,0.82066447
794,0.82022595
795,0.81978697
796,0.81934750
797,0.81890756
798,0.81846714
799,0.81802619
800,0.81758481
801,0.81714290
802,0.81670058
803,0.81625772
804,0.81581438
805,0.81537062
806,0.81492633
807,0.81448156
808,0.81403631
809,0.81359065
810,0.81314445
811,0.81269777
812,0.81225061
813,0.81180298
814,0.81135488
815,0.81090629
816,0.81045723
817,0.81000769
818,0.80955768
819,0.80910712
820,0.80865616
821,0.80820471
822,0.80775285
823,0.80730045
824,0.80684757
825,0.80639422
826,0.80594039
827,0.80548608
828,0.80503130
829,0.80457610
830,0.80412036
831,0.80366421
832,0.80320752
833,0.80275041
834,0.80229276
835,0.80183470
836,0.80137616
837,0.80091715
838,0.80045766
839,0.79999769
840,0.79953730
841,0.79907638
842,0.79861498
843,0.79815316
844,0.79769087
845,0.79722804
846,0.79676479
847,0.79630107
848,0.79583693
849,0.79537225
850,0.79490715
851,0.79444152
852,0.79397547
853,0.79350895
854,0.79304194
855,0.79257447
856,0.79210657
857,0.79163820
858,0.79116935
859,0.79070002
860,0.79023021
861,0.78975993
862,0.78928924
863,0.78881806
864,0.78834647
865,0.78787434
866,0.78740174
867,0.78692871
868,0.78645521
869,0.78598124
870,0.78550684
871,0.78503197
872,0.78455663
873,0.78408080
874,0.78360450
875,0.78312778
876,0.78265059
877,0.78217292
878,0.78169483
879,0.78121626
880,0.78073722
881,0.78025776
882,0.77977777
883,0.77929735
884,0.77881652
885,0.77833515
886,0.77785337
887,0.77737117
888,0.77688843
889,0.77640527
890,0.77592170
891,0.77543765
892,0.77495313
893,0.77446812
894,0.77398270
895,0.77349681
896,0.77301049
897,0.77252364
898,0.77203643
899,0.77154869
900,0.77106053
901,0.77057189
902,0.77008283
903,0.76959330
904,0.76910335
905,0.76861292
906,0.76812202
907,0.76763070
908,0.76713890
909,0.76664668
910,0.76615399
911,0.76566082
912,0.76516724
913,0.76467323
914,0.76417875
915,0.76368380
916,0.76318842
917,0.76269257
918,0.76219630
919,0.76169956
920,0.76120239
921,0.76070476
922,0.76020670
923,0.75970817
924,0.75920922
925,0.75870979
926,0.75820994
927,0.75770962
928,0.75720882
929,0.75670767
930,0.75620598
931,0.75570393
932,0.75520140
933,0.75469840
934,0.75419497
935,0.75369108
936,0.75318682
937,0.75268203
938,0.75217682
939,0.75167120
940,0.75116509
941,0.75065857
942,0.75015163
943,0.74964422
944,0.74913639
945,0.74862808
946,0.74811941
947,0.74761021
948,0.74710065
949,0.74659055
950,0.74608010
951,0.74556917
952,0.74505782
953,0.74454600
954,0.74403375
955,0.74352109
956,0.74300796
957,0.74249440
958,0.74198043
959,0.74146599
960,0.74095112
961,0.74043584
962,0.73992008
963,0.73940390
964,0.73888731
965,0.73837030
966,0.73785281
967,0.73733491
968,0.73681659
969,0.73629779
970,0.73577857
971,0.73525894
972,0.73473889
973,0.73421842
974,0.73369747
975,0.73317611
976,0.73265427
977,0.73213208
978,0.73160940
979,0.73108631
980,0.73056281
981,0.73003882
982,0.72951442
983,0.72898966
984,0.72846437
985,0.72793871
986,0.72741264
987,0.72688609
988,0.72635913
989,0.72583175
990,0.72530395
991,0.72477573
992,0.72424710
993,0.72371799
994,0.72318846
995,0.72265851
996,0.72212815
997,0.72159737
998,0.72106618
999,0.72053456
1000,0.72000247
1001,0.71947002
1002,0.71893716
1003,0.71840382
1004,0.71787006
1005,0.71733588
1006,0.71680129
1007,0.71626627
1008,0.71573085
1009,0.71519500
1010,0.71465868
1011,0.71412200
1012,0.71358490
1013,0.71304733
1014,0.71250939
1015,0.71197098
1016,0.71143222
1017,0.71089298
1018,0.71035331
1019,0.70981330
1020,0.70927280
1021,0.70873195
1022,0.70819062
1023,0.70764893
1024,0.70710677
1025,0.70656419
1026,0.70602125
1027,0.70547783
1028,0.70493412
1029,0.70438987
1030,0.70384526
1031,0.70330024
1032,0.70275474
1033,0.70220888
1034,0.70166260
1035,0.70111591
1036,0.70056880
1037,0.70002127
1038,0.69947338
1039,0.69892502
1040,0.69837624
1041,0.69782710
1042,0.69727749
1043,0.69672751
1044,0.69617712
1045,0.69562632
1046,0.69507509
1047,0.69452351
1048,0.69397146
1049,0.69341904
1050,0.69286615
1051,0.69231290
1052,0.69175923
1053,0.69120514
1054,0.69065070
1055,0.69009584
1056,0.68954057
1057,0.68898487
1058,0.68842876
1059,0.68787229
1060,0.68731534
1061,0.68675804
1062,0.68620032
1063,0.68564218
1064,0.68508369
1065,0.68452477
1066,0.68396544
1067,0.68340570
1068,0.68284553
1069,0.68228501
1070,0.68172407
1071,0.68116271
1072,0.68060100
1073,0.68003887
1074,0.67947632
1075,0.67891335
1076,0.67835003
1077,0.67778629
1078,0.67722213
1079,0.67665762
1080,0.67609268
1081,0.67552733
1082,0.67496163
1083,0.67439556
1084,0.67382902
1085,0.67326212
1086,0.67269480
1087,0.67212707
1088,0.67155898
1089,0.67099047
1090,0.67042160
1091,0.66985226
1092,0.66928262
1093,0.66871250
1094,0.66814202
1095,0.66757119
1096,0.66699994
1097,0.66642827
1098,0.66585624
1099,0.66528380
1100,0.66471100
1101,0.66413778
1102,0.66356415
1103,0.66299015
1104,0.66241574
1105,0.66184098
1106,0.66126585
1107,0.66069025
1108,0.66011435
1109,0.65953797
1110,0.65896130
1111,0.65838420
1112,0.65780669
1113,0.65722883
1114,0.65665054
1115,0.65607190
1116,0.65549284
1117,0.65491343
1118,0.65433365
1119,0.65375346
1120,0.65317285
1121,0.65259188
1122,0.65201056
1123,0.65142882
1124,0.65084666
1125,0.65026420
1126,0.64968133
1127,0.64909804
1128,0.64851439
1129,0.64793038
1130,0.64734596
1131,0.64676118
1132,0.64617598
1133,0.64559042
1134,0.64500451
1135,0.64441824
1136,0.64383155
1137,0.64324445
1138,0.64265704
1139,0.64206922
1140,0.64148104
1141,0.64089245
1142,0.64030349
1143,0.63971418
1144,0.63912445
1145,0.63853437
1146,0.63794392
1147,0.63735306
1148,0.63676184
1149,0.63617027
1150,0.63557833
1151,0.63498598
1152,0.63439327
1153,0.63380021
1154,0.63320673
1155,0.63261294
1156,0.63201874
1157,0.63142413
1158,0.63082922
1159,0.63023388
1160,0.62963820
1161,0.62904215
1162,0.62844574
1163,0.62784898
1164,0.62725180
1165,0.62665433
1166,0.62605643
1167,0.62545812
1168,0.62485951
1169,0.62426049
1170,0.62366116
1171,0.62306142
1172,0.62246132
1173,0.62186080
1174,0.62125999
1175,0.62065876
1176,0.62005723
1177,0.61945528
1178,0.61885297
1179,0.61825031
1180,0.61764729
1181,0.61704391
1182,0.61644018
1183,0.61583608
1184,0.61523157
1185,0.61462677
1186,0.61402154
1187,0.61341602
1188,0.61281008
1189,0.61220378
1190,0.61159712
1191,0.61099017
1192,0.61038280
1193,0.60977513
1194,0.60916704
1195,0.60855860
1196,0.60794979
1197,0.60734063
1198,0.60673112
1199,0.60612130
1200,0.60551107
1201,0.60490048
1202,0.60428953
1203,0.60367823
1204,0.60306662
1205,0.60245460
1206,0.60184222
1207,0.60122955
1208,0.60061646
1209,0.60000306
1210,0.59938931
1211,0.59877515
1212,0.59816068
1213,0.59754586
1214,0.59693068
1215,0.59631515
1216,0.59569931
1217,0.59508306
1218,0.59446651
1219,0.59384954
1220,0.59323233
1221,0.59261471
1222,0.59199673
1223,0.59137839
1224,0.59075969
1225,0.59014070
1226,0.58952135
1227,0.58890164
1228,0.58828157
1229,0.58766115
1230,0.58704042
1231,0.58641928
1232,0.58579785
1233,0.58517605
1234,0.58455396
1235,0.58393145
1236,0.58330864
1237,0.58268547
1238,0.58206201
1239,0.58143812
1240,0.58081394
1241,0.58018941
1242,0.57956457
1243,0.57893932
1244,0.57831377
1245,0.57768786
1246,0.57706165
1247,0.57643515
1248,0.57580823
1249,0.57518095
1250,0.57455337
1251,0.57392544
1252,0.57329720
1253,0.57266855
1254,0.57203966
1255,0.57141036
1256,0.57078075
1257,0.57015079
1258,0.56952053
1259,0.56888992
1260,0.56825894
1261,0.56762767
1262,0.56699604
1263,0.56636411
1264,0.56573182
1265,0.56509918
1266,0.56446624
1267,0.56383294
1268,0.56319934
1269,0.56256539
1270,0.56193113
1271,0.56129652
1272,0.56066155
1273,0.56002629
1274,0.55939066
1275,0.55875480
1276,0.55811858
1277,0.55748194
1278,0.55684507
1279,0.55620784
1280,0.55557024
1281,0.55493236
1282,0.55429411
1283,0.55365556
1284,0.55301672
1285,0.55237752
1286,0.55173796
1287,0.55109817
1288,0.55045795
1289,0.54981750
1290,0.54917663
1291,0.54853553
1292,0.54789406
1293,0.54725224
1294,0.54661018
1295,0.54596770
1296,0.54532498
1297,0.54468191
1298,0.54403853
1299,0.54339480
1300,0.54275078
1301,0.54210639
1302,0.54146177
1303,0.54081678
1304,0.54017150
1305,0.53952587
1306,0.53887993
1307,0.53823364
1308,0.53758711
1309,0.53694022
1310,0.53629297
1311,0.53564548
1312,0.53499764
1313,0.53434950
1314,0.53370100
1315,0.53305221
1316,0.53240311
1317,0.53175372
1318,0.53110397
1319,0.53045398
1320,0.52980363
1321,0.52915293
1322,0.52850199
1323,0.52785069
1324,0.52719909
1325,0.52654719
1326,0.52589500
1327,0.52524251
1328,0.52458966
1329,0.52393651
1330,0.52328306
1331,0.52262932
1332,0.52197528
1333,0.52132088
1334,0.52066624
1335,0.52001125
1336,0.51935595
1337,0.51870036
1338,0.51804447
1339,0.51738828
1340,0.51673174
1341,0.51607496
1342,0.51541781
1343,0.51476049
1344,0.51410282
1345,0.51344478
1346,0.51278645
1347,0.51212782
1348,0.51146889
1349,0.51080966
1350,0.51015013
1351,0.50949031
1352,0.50883019
1353,0.50816977
1354,0.50750899
1355,0.50684798
1356,0.50618666
1357,0.50552505
1358,0.50486314
1359,0.50420094
1360,0.50353843
1361,0.50287557
1362,0.50221246
1363,0.50154907
1364,0.50088537
1365,0.50022143
1366,0.49955711
1367,0.49889255
1368,0.49822769
1369,0.49756250
1370,0.49689704
1371,0.49623129
1372,0.49556527
1373,0.49489892
1374,0.49423230
1375,0.49356538
1376,0.49289820
1377,0.49223068
1378,0.49156290
1379,0.49089482
1380,0.49022648
1381,0.48955780
1382,0.48888886
1383,0.48821965
1384,0.48755014
1385,0.48688033
1386,0.48621026
1387,0.48553988
1388,0.48486921
1389,0.48419827
1390,0.48352703
1391,0.48285553
1392,0.48218372
1393,0.48151165
1394,0.48083928
1395,0.48016664
1396,0.47949371
1397,0.47882050
1398,0.47814712
1399,0.47747332
1400,0.47679928
1401,0.47612494
1402,0.47545034
1403,0.47477543
1404,0.47410026
1405,0.47342479
1406,0.47274905
1407,0.47207305
1408,0.47139677
1409,0.47072020
1410,0.47004336
1411,0.46936625
1412,0.46868885
1413,0.46801117
1414,0.46733323
1415,0.46665502
1416,0.46597651
1417,0.46529773
1418,0.46461871
1419,0.46393937
1420,0.46325979
1421,0.46257994
1422,0.46189979
1423,0.46121940
1424,0.46053872
1425,0.45985776
1426,0.45917654
1427,0.45849505
1428,0.45781329
1429,0.45713127
1430,0.45644897
1431,0.45576641
1432,0.45508358
1433,0.45440048
1434,0.45371711
1435,0.45303348
1436,0.45234957
1437,0.45166540
1438,0.45098096
1439,0.45029625
1440,0.44961131
1441,0.44892606
1442,0.44824058
1443,0.44755483
1444,0.44686881
1445,0.44618252
1446,0.44549596
1447,0.44480917
1448,0.44412211
1449,0.44343477
1450,0.44274718
1451,0.44205934
1452,0.44137120
1453,0.44068295
1454,0.43999434
1455,0.43930542
1456,0.43861628
1457,0.43792689
1458,0.43723720
1459,0.43654731
1460,0.43585712
1461,0.43516669
1462,0.43447599
1463,0.43378505
1464,0.43309385
1465,0.43240240
1466,0.43171069
1467,0.43101871
1468,0.43032649
1469,0.42963403
1470,0.42894131
1471,0.42824835
1472,0.42755511
1473,0.42686164
1474,0.42616791
1475,0.42547393
1476,0.42477968
1477,0.42408520
1478,0.42339048
1479,0.42269549
1480,0.42200026
1481,0.42130479
1482,0.42060906
1483,0.41991311
1484,0.41921687
1485,0.41852042
1486,0.41782370
1487,0.41712674
1488,0.41642955
1489,0.41573209
1490,0.41503441
1491,0.41433647
1492,0.41363829
1493,0.41293988
1494,0.41224119
1495,0.41154230
1496,0.41084313
1497,0.41014373
1498,0.40944412
1499,0.40874425
1500,0.40804413
1501,0.40734378
1502,0.40664318
1503,0.40594235
1504,0.40524128
1505,0.40453994
1506,0.40383840
1507,0.40313661
1508,0.40243471
1509,0.40173244
1510,0.40102994
1511,0.40032721
1512,0.39962426
1513,0.39892104
1514,0.39821759
1515,0.39751393
1516,0.39681002
1517,0.39610589
1518,0.39540151
1519,0.39469692
1520,0.39399207
1521,0.39328700
1522,0.39258170
1523,0.39187616
1524,0.39117041
1525,0.39046443
1526,0.38975820
1527,0.38905174
1528,0.38834506
1529,0.38763815
1530,0.38693100
1531,0.38622364
1532,0.38551605
1533,0.38480824
1534,0.38410020
1535,0.38339192
1536,0.38268343
1537,0.38197470
1538,0.38126576
1539,0.38055658
1540,0.37984720
1541,0.37913758
1542,0.37842774
1543,0.37771767
1544,0.37700740
1545,0.37629688
1546,0.37558615
1547,0.37487522
1548,0.37416404
1549,0.37345263
1550,0.37274104
1551,0.37202922
1552,0.37131715
1553,0.37060490
1554,0.36989242
1555,0.36917970
1556,0.36846679
1557,0.36775365
1558,0.36704031
1559,0.36632672
1560,0.36561295
1561,0.36489895
1562,0.36418474
1563,0.36347041
1564,0.36275578
1565,0.36204091
1566,0.36132586
1567,0.36061057
1568,0.35989508
1569,0.35917938
1570,0.35846347
1571,0.35774735
1572,0.35703099
1573,0.35631445
1574,0.35559770
1575,0.35488072
1576,0.35416356
1577,0.35344616
1578,0.35272858
1579,0.35201079
1580,0.35129279
1581,0.35057455
1582,0.34985614
1583,0.34913751
1584,0.34841868
1585,0.34769964
1586,0.34698042
1587,0.34626096
1588,0.34554133
1589,0.34482148
1590,0.34410143
1591,0.34338117
1592,0.34266073
1593,0.34194005
1594,0.34121919
1595,0.34049812
1596,0.33977687
1597,0.33905542
1598,0.33833376
1599,0.33761188
1600,0.33688983
1601,0.33616757
1602,0.33544514
1603,0.33472246
1604,0.33399963
1605,0.33327657
1606,0.33255333
1607,0.33182991
1608,0.33110628
1609,0.33038244
1610,0.32965842
1611,0.32893419
1612,0.32820979
1613,0.32748520
1614,0.32676041
1615,0.32603541
1616,0.32531023
1617,0.32458499
1618,0.32385942
1619,0.32313368
1620,0.32240772
1621,0.32168159
1622,0.32095528
1623,0.32022876
1624,0.31950209
1625,0.31877518
1626,0.31804812
1627,0.31732085
1628,0.31659341
1629,0.31586578
1630,0.31513795
1631,0.31440994
1632,0.31368175
1633,0.31295338
1634,0.31222484
1635,0.31149611
1636,0.31076717
1637,0.31003806
1638,0.30930877
1639,0.30857930
1640,0.30784965
1641,0.30711982
1642,0.30638981
1643,0.30565959
1644,0.30492923
1645,0.30419868
1646,0.30346793
1647,0.30273703
1648,0.30200595
1649,0.30127469
1650,0.30054322
1651,0.29981160
1652,0.29907981
1653,0.29834783
1654,0.29761568
1655,0.29688337
1656,0.29615086
1657,0.29541820
1658,0.29468533
1659,0.29395232
1660,0.29321912
1661,0.29248577
1662,0.29175222
1663,0.29101852
1664,0.29028463
1665,0.28955057
1666,0.28881636
1667,0.28808197
1668,0.28734741
1669,0.28661269
1670,0.28587779
1671,0.28514272
1672,0.28440759
1673,0.28367218
1674,0.28293663
1675,0.28220087
1676,0.28146499
1677,0.28072891
1678,0.27999270
1679,0.27925628
1680,0.27851972
1681,0.27778301
1682,0.27704611
1683,0.27630907
1684,0.27557185
1685,0.27483448
1686,0.27409694
1687,0.27335924
1688,0.27262139
1689,0.27188337
1690,0.27114516
1691,0.27040684
1692,0.26966834
1693,0.26892969
1694,0.26819086
1695,0.26745188
1696,0.26671275
1697,0.26597348
1698,0.26523402
1699,0.26449442
1700,0.26375467
1701,0.26301476
1702,0.26227471
1703,0.26153448
1704,0.26079410
1705,0.26005358
1706,0.25931290
1707,0.25857207
1708,0.25783110
1709,0.25708994
1710,0.25634867
1711,0.25560722
1712,0.25486565
1713,0.25412390
1714,0.25338200
1715,0.25263998
1716,0.25189778
1717,0.25115544
1718,0.25041297
1719,0.24967034
1720,0.24892756
1721,0.24818464
1722,0.24744157
1723,0.24669835
1724,0.24595499
1725,0.24521150
1726,0.24446784
1727,0.24372417
1728,0.24298024
1729,0.24223615
1730,0.24149193
1731,0.24074757
1732,0.24000306
1733,0.23925842
1734,0.23851363
1735,0.23776871
1736,0.23702364
1737,0.23627844
1738,0.23553309
1739,0.23478761
1740,0.23404199
1741,0.23329623
1742,0.23255034
1743,0.23180430
1744,0.23105814
1745,0.23031183
1746,0.22956538
1747,0.22881880
1748,0.22807209
1749,0.22732525
1750,0.22657827
1751,0.22583117
1752,0.22508392
1753,0.22433653
1754,0.22358903
1755,0.22284138
1756,0.22209361
1757,0.22134571
1758,0.22059768
1759,0.21984951
1760,0.21910122
1761,0.21835281
1762,0.21760426
1763,0.21685559
1764,0.21610677
1765,0.21535784
1766,0.21460879
1767,0.21385960
1768,0.21311028
1769,0.21236086
1770,0.21161129
1771,0.21086161
1772,0.21011180
1773,0.20936187
1774,0.20861182
1775,0.20786163
1776,0.20711133
1777,0.20636091
1778,0.20561036
1779,0.20485969
1780,0.20410891
1781,0.20335801
1782,0.20260710
1783,0.20185596
1784,0.20110469
1785,0.20035331
1786,0.19960180
1787,0.19885018
1788,0.19809845
1789,0.19734660
1790,0.19659464
1791,0.19584255
1792,0.19509035
1793,0.19433804
1794,0.19358562
1795,0.19283308
1796,0.19208042
1797,0.19132766
1798,0.19057478
1799,0.18982178
1800,0.18906869
1801,0.18831547
1802,0.18756214
1803,0.18680871
1804,0.18605517
1805,0.18530151
1806,0.18454774
1807,0.18379387
1808,0.18303989
1809,0.18228580
1810,0.18153161
1811,0.18077730
1812,0.18002290
1813,0.17926838
1814,0.17851377
1815,0.17775904
1816,0.17700420
1817,0.17624927
1818,0.17549424
1819,0.17473909
1820,0.17398384
1821,0.17322850
1822,0.17247306
1823,0.17171751
1824,0.17096186
1825,0.17020610
1826,0.16945025
1827,0.16869430
1828,0.16793825
1829,0.16718210
1830,0.16642585
1831,0.16566952
1832,0.16491307
1833,0.16415653
1834,0.16339989
1835,0.16264316
1836,0.16188633
1837,0.16112953
1838,0.16037251
1839,0.15961540
1840,0.15885819
1841,0.15810089
1842,0.15734351
1843,0.15658602
1844,0.15582845
1845,0.15507077
1846,0.15431301
1847,0.15355515
1848,0.15279722
1849,0.15203919
1850,0.15128107
1851,0.15052286
1852,0.14976455
1853,0.14900617
1854,0.14824770
1855,0.14748915
1856,0.14673050
1857,0.14597176
1858,0.14521293
1859,0.14445403
1860,0.14369504
1861,0.14293596
1862,0.14217681
1863,0.14141756
1864,0.14065824
1865,0.13989884
1866,0.13913934
1867,0.13837977
1868,0.13762011
1869,0.13686037
1870,0.13610056
1871,0.13534066
1872,0.13458069
1873,0.13382064
1874,0.13306050
1875,0.13230029
1876,0.13154000
1877,0.13077964
1878,0.13001919
1879,0.12925868
1880,0.12849808
1881,0.12773740
1882,0.12697665
1883,0.12621583
1884,0.12545493
1885,0.12469397
1886,0.12393293
1887,0.12317181
1888,0.12241063
1889,0.12164936
1890,0.12088803
1891,0.12012675
1892,0.11936527
1893,0.11860373
1894,0.11784212
1895,0.11708043
1896,0.11631868
1897,0.11555686
1898,0.11479497
1899,0.11403301
1900,0.11327099
1901,0.11250890
1902,0.11174674
1903,0.11098453
1904,0.11022224
1905,0.10945988
1906,0.10869747
1907,0.10793499
1908,0.10717244
1909,0.10640984
1910,0.10564717
1911,0.10488444
1912,0.10412165
1913,0.10335879
1914,0.10259588
1915,0.10183290
1916,0.10106987
1917,0.10030677
1918,0.09954362
1919,0.09878041
1920,0.09801713
1921,0.09725381
1922,0.09649042
1923,0.09572698
1924,0.09496348
1925,0.09419993
1926,0.09343632
1927,0.09267265
1928,0.09190894
1929,0.09114517
1930,0.09038134
1931,0.08961745
1932,0.08885352
1933,0.08808954
1934,0.08732550
1935,0.08656141
1936,0.08579727
1937,0.08503308
1938,0.08426885
1939,0.08350456
1940,0.08274022
1941,0.08197583
1942,0.08121140
1943,0.08044691
1944,0.07968238
1945,0.07891780
1946,0.07815330
1947,0.07738863
1948,0.07662392
1949,0.07585916
1950,0.07509435
1951,0.07432950
1952,0.07356461
1953,0.07279968
1954,0.07203469
1955,0.07126968
1956,0.07050461
1957,0.06973951
1958,0.06897436
1959,0.06820917
1960,0.06744394
1961,0.06667868
1962,0.06591338
1963,0.06514803
1964,0.06438265
1965,0.06361723
1966,0.06285177
1967,0.06208628
1968,0.06132075
1969,0.06055518
1970,0.05978958
1971,0.05902394
1972,0.05825827
1973,0.05749256
1974,0.05672682
1975,0.05596105
1976,0.05519524
1977,0.05442940
1978,0.05366353
1979,0.05289762
1980,0.05213169
1981,0.05136573
1982,0.05059973
1983,0.04983370
1984,0.04906765
1985,0.04830157
1986,0.04753546
1987,0.04676932
1988,0.04600315
1989,0.04523696
1990,0.04447073
1991,0.04370449
1992,0.04293822
1993,0.04217192
1994,0.04140560
1995,0.04063925
1996,0.03987288
1997,0.03910648
1998,0.03834007
1999,0.03757363
2000,0.03680716
2001,0.03604080
2002,0.03527430
2003,0.03450777
2004,0.03374122
2005,0.03297466
2006,0.03220807
2007,0.03144147
2008,0.03067485
2009,0.02990821
2010,0.02914155
2011,0.02837487
2012,0.02760818
2013,0.02684147
2014,0.02607475
2015,0.02530801
2016,0.02454126
2017,0.02377449
2018,0.02300770
2019,0.02224091
2020,0.02147410
2021,0.02070728
2022,0.01994044
2023,0.01917360
2024,0.01840674
2025,0.01763987
2026,0.01687299
2027,0.01610610
2028,0.01533921
2029,0.01457230
2030,0.01380538
2031,0.01303846
2032,0.01227153
2033,0.01150459
2034,0.01073765
2035,0.00997069
2036,0.00920374
2037,0.00843677
2038,0.00766981
2039,0.00690283
2040,0.00613586
2041,0.00536888
2042,0.00460190
2043,0.00383491
2044,0.00306792
2045,0.00230093
2046,0.00153394
2047,0.00076695
2048,-0.00000004
2049,-0.00076704
2050,-0.00153403
2051,-0.00230102
2052,-0.00306801
2053,-0.00383500
2054,-0.00460198
2055,-0.00536897
2056,-0.00613583
2057,-0.00690280
2058,-0.00766977
2059,-0.00843674
2060,-0.00920371
2061,-0.00997066
2062,-0.01073761
2063,-0.01150456
2064,-0.01227150
2065,-0.01303843
2066,-0.01380535
2067,-0.01457227
2068,-0.01533917
2069,-0.01610607
2070,-0.01687296
2071,-0.01763984
2072,-0.01840671
2073,-0.01917356
2074,-0.01994041
2075,-0.02070724
2076,-0.02147407
2077,-0.02224088
2078,-0.02300767
2079,-0.02377445
2080,-0.02454122
2081,-0.02530798
2082,-0.02607472
2083,-0.02684144
2084,-0.02760815
2085,-0.02837484
2086,-0.02914152
2087,-0.02990817
2088,-0.03067482
2089,-0.03144144
2090,-0.03220804
2091,-0.03297463
2092,-0.03374119
2093,-0.03450774
2094,-0.03527426
2095,-0.03604077
2096,-0.03680725
2097,-0.03757371
2098,-0.03834016
2099,-0.03910657
2100,-0.03987297
2101,-0.04063934
2102,-0.04140568
2103,-0.04217201
2104,-0.04293830
2105,-0.04370458
2106,-0.04447082
2107,-0.04523704
2108,-0.04600324
2109,-0.04676940
2110,-0.04753554
2111,-0.04830154
2112,-0.04906762
2113,-0.04983367
2114,-0.05059970
2115,-0.05136569
2116,-0.05213166
2117,-0.05289759
2118,-0.05366350
2119,-0.05442937
2120,-0.05519520
2121,-0.05596101
2122,-0.05672679
2123,-0.05749253
2124,-0.05825824
2125,-0.05902391
2126,-0.05978955
2127,-0.06055515
2128,-0.06132071
2129,-0.06208625
2130,-0.06285174
2131,-0.06361720
2132,-0.06438262
2133,-0.06514800
2134,-0.06591334
2135,-0.06667865
2136,-0.06744391
2137,-0.06820914
2138,-0.06897433
2139,-0.06973948
2140,-0.07050458
2141,-0.07126964
2142,-0.07203466
2143,-0.07279965
2144,-0.07356457
2145,-0.07432947
2146,-0.07509432
2147,-0.07585912
2148,-0.07662389
2149,-0.07738860
2150,-0.07815327
2151,-0.07891789
2152,-0.07968247
2153,-0.08044700
2154,-0.08121148
2155,-0.08197591
2156,-0.08274031
2157,-0.08350464
2158,-0.08426894
2159,-0.08503317
2160,-0.08579736
2161,-0.08656150
2162,-0.08732559
2163,-0.08808962
2164,-0.08885361
2165,-0.08961742
2166,-0.09038130
2167,-0.09114513
2168,-0.09190890
2169,-0.09267262
2170,-0.09343629
2171,-0.09419990
2172,-0.09496345
2173,-0.09572695
2174,-0.09649039
2175,-0.09725378
2176,-0.09801710
2177,-0.09878038
2178,-0.09954359
2179,-0.10030674
2180,-0.10106984
2181,-0.10183287
2182,-0.10259584
2183,-0.10335876
2184,-0.10412162
2185,-0.10488441
2186,-0.10564714
2187,-0.10640981
2188,-0.10717241
2189,-0.10793496
2190,-0.10869744
2191,-0.10945985
2192,-0.11022221
2193,-0.11098450
2194,-0.11174671
2195,-0.11250887
2196,-0.11327096
2197,-0.11403298
2198,-0.11479494
2199,-0.11555683
2200,-0.11631865
2201,-0.11708040
2202,-0.11784209
2203,-0.11860370
2204,-0.11936524
2205,-0.12012672
2206,-0.12088811
2207,-0.12164945
2208,-0.12241071
2209,-0.12317190
2210,-0.12393301
2211,-0.12469406
2212,-0.12545502
2213,-0.12621592
2214,-0.12697674
2215,-0.12773749
2216,-0.12849817
2217,-0.12925875
2218,-0.13001928
2219,-0.13077973
2220,-0.13153997
2221,-0.13230026
2222,-0.13306047
2223,-0.13382061
2224,-0.13458066
2225,-0.13534063
2226,-0.13610053
2227,-0.13686034
2228,-0.13762008
2229,-0.13837974
2230,-0.13913931
2231,-0.13989879
2232,-0.14065820
2233,-0.14141753
2234,-0.14217678
2235,-0.14293593
2236,-0.14369501
2237,-0.14445400
2238,-0.14521290
2239,-0.14597173
2240,-0.14673045
2241,-0.14748910
2242,-0.14824767
2243,-0.14900614
2244,-0.14976452
2245,-0.15052283
2246,-0.15128103
2247,-0.15203916
2248,-0.15279719
2249,-0.15355512
2250,-0.15431298
2251,-0.15507074
2252,-0.15582840
2253,-0.15658599
2254,-0.15734348
2255,-0.15810086
2256,-0.15885817
2257,-0.15961537
2258,-0.16037248
2259,-0.16112950
2260,-0.16188642
2261,-0.16264325
2262,-0.16339998
2263,-0.16415662
2264,-0.16491316
2265,-0.16566961
2266,-0.16642594
2267,-0.16718219
2268,-0.16793834
2269,-0.16869439
2270,-0.16945034
2271,-0.17020619
2272,-0.17096195
2273,-0.17171760
2274,-0.17247315
2275,-0.17322847
2276,-0.17398381
2277,-0.17473906
2278,-0.17549421
2279,-0.17624924
2280,-0.17700417
2281,-0.17775901
2282,-0.17851374
2283,-0.17926835
2284,-0.18002287
2285,-0.18077727
2286,-0.18153158
2287,-0.18228577
2288,-0.18303986
2289,-0.18379384
2290,-0.18454771
2291,-0.18530148
2292,-0.18605512
2293,-0.18680868
2294,-0.18756211
2295,-0.18831544
2296,-0.18906865
2297,-0.18982175
2298,-0.19057475
2299,-0.19132763
2300,-0.19208039
2301,-0.19283305
2302,-0.19358559
2303,-0.19433801
2304,-0.19509032
2305,-0.19584252
2306,-0.19659461
2307,-0.19734657
2308,-0.19809842
2309,-0.19885015
2310,-0.19960177
2311,-0.20035328
2312,-0.20110466
2313,-0.20185591
2314,-0.20260707
2315,-0.20335808
2316,-0.20410900
2317,-0.20485978
2318,-0.20561045
2319,-0.20636100
2320,-0.20711142
2321,-0.20786172
2322,-0.20861189
2323,-0.20936196
2324,-0.21011189
2325,-0.21086170
2326,-0.21161138
2327,-0.21236093
2328,-0.21311037
2329,-0.21385969
2330,-0.21460876
2331,-0.21535781
2332,-0.21610674
2333,-0.21685556
2334,-0.21760422
2335,-0.21835278
2336,-0.21910119
2337,-0.21984948
2338,-0.22059765
2339,-0.22134568
2340,-0.22209358
2341,-0.22284135
2342,-0.22358900
2343,-0.22433650
2344,-0.22508389
2345,-0.22583114
2346,-0.22657824
2347,-0.22732522
2348,-0.22807206
2349,-0.22881877
2350,-0.22956535
2351,-0.23031180
2352,-0.23105809
2353,-0.23180427
2354,-0.23255031
2355,-0.23329620
2356,-0.23404196
2357,-0.23478758
2358,-0.23553306
2359,-0.23627840
2360,-0.23702361
2361,-0.23776868
2362,-0.23851360
2363,-0.23925839
2364,-0.24000303
2365,-0.24074754
2366,-0.24149190
2367,-0.24223612
2368,-0.24298020
2369,-0.24372414
2370,-0.24446793
2371,-0.24521157
2372,-0.24595508
2373,-0.24669844
2374,-0.24744165
2375,-0.24818473
2376,-0.24892765
2377,-0.24967042
2378,-0.25041306
2379,-0.25115553
2380,-0.25189787
2381,-0.25264004
2382,-0.25338209
2383,-0.25412399
2384,-0.25486571
2385,-0.25560719
2386,-0.25634864
2387,-0.25708991
2388,-0.25783107
2389,-0.25857204
2390,-0.25931287
2391,-0.26005355
2392,-0.26079407
2393,-0.26153445
2394,-0.26227468
2395,-0.26301473
2396,-0.26375464
2397,-0.26449439
2398,-0.26523399
2399,-0.26597345
2400,-0.26671273
2401,-0.26745185
2402,-0.26819083
2403,-0.26892966
2404,-0.26966831
2405,-0.27040681
2406,-0.27114514
2407,-0.27188334
2408,-0.27262133
2409,-0.27335921
2410,-0.27409691
2411,-0.27483445
2412,-0.27557182
2413,-0.27630904
2414,-0.27704608
2415,-0.27778298
2416,-0.27851969
2417,-0.27925625
2418,-0.27999267
2419,-0.28072888
2420,-0.28146496
2421,-0.28220084
2422,-0.28293660
2423,-0.28367215
2424,-0.28440756
2425,-0.28514281
2426,-0.28587785
2427,-0.28661275
2428,-0.28734750
2429,-0.28808206
2430,-0.28881645
2431,-0.28955066
2432,-0.29028472
2433,-0.29101861
2434,-0.29175231
2435,-0.29248583
2436,-0.29321921
2437,-0.29395241
2438,-0.29468542
2439,-0.29541817
2440,-0.29615083
2441,-0.29688334
2442,-0.29761565
2443,-0.29834780
2444,-0.29907978
2445,-0.29981157
2446,-0.30054319
2447,-0.30127466
2448,-0.30200592
2449,-0.30273700
2450,-0.30346790
2451,-0.30419865
2452,-0.30492920
2453,-0.30565956
2454,-0.30638978
2455,-0.30711979
2456,-0.30784962
2457,-0.30857927
2458,-0.30930874
2459,-0.31003803
2460,-0.31076714
2461,-0.31149605
2462,-0.31222481
2463,-0.31295335
2464,-0.31368172
2465,-0.31440991
2466,-0.31513792
2467,-0.31586576
2468,-0.31659338
2469,-0.31732082
2470,-0.31804809
2471,-0.31877515
2472,-0.31950206
2473,-0.32022873
2474,-0.32095525
2475,-0.32168156
2476,-0.32240769
2477,-0.32313365
2478,-0.32385939
2479,-0.32458496
2480,-0.32531032
2481,-0.32603550
2482,-0.32676047
2483,-0.32748529
2484,-0.32820988
2485,-0.32893428
2486,-0.32965851
2487,-0.33038253
2488,-0.33110636
2489,-0.33182999
2490,-0.33255342
2491,-0.33327666
2492,-0.33399969
2493,-0.33472255
2494,-0.33544511
2495,-0.33616754
2496,-0.33688980
2497,-0.33761185
2498,-0.33833373
2499,-0.33905539
2500,-0.33977684
2501,-0.34049809
2502,-0.34121916
2503,-0.34194002
2504,-0.34266070
2505,-0.34338114
2506,-0.34410140
2507,-0.34482145
2508,-0.34554130
2509,-0.34626094
2510,-0.34698039
2511,-0.34769961
2512,-0.34841865
2513,-0.34913749
2514,-0.34985611
2515,-0.35057452
2516,-0.35129276
2517,-0.35201076
2518,-0.35272855
2519,-0.35344613
2520,-0.35416353
2521,-0.35488069
2522,-0.35559767
2523,-0.35631442
2524,-0.35703096
2525,-0.35774732
2526,-0.35846344
2527,-0.35917935
2528,-0.35989505
2529,-0.36061054
2530,-0.36132583
2531,-0.36204088
2532,-0.36275575
2533,-0.36347038
2534,-0.36418483
2535,-0.36489904
2536,-0.36561301
2537,-0.36632681
2538,-0.36704037
2539,-0.36775374
2540,-0.36846685
2541,-0.36917979
2542,-0.36989248
2543,-0.37060496
2544,-0.37131724
2545,-0.37202927
2546,-0.37274110
2547,-0.37345272
2548,-0.37416410
2549,-0.37487519
2550,-0.37558612
2551,-0.37629685
2552,-0.37700737
2553,-0.37771764
2554,-0.37842771
2555,-0.37913755
2556,-0.37984717
2557,-0.38055655
2558,-0.38126573
2559,-0.38197467
2560,-0.38268340
2561,-0.38339189
2562,-0.38410017
2563,-0.38480821
2564,-0.38551602
2565,-0.38622361
2566,-0.38693097
2567,-0.38763812
2568,-0.38834503
2569,-0.38905171
2570,-0.38975817
2571,-0.39046440
2572,-0.39117038
2573,-0.39187613
2574,-0.39258167
2575,-0.39328697
2576,-0.39399204
2577,-0.39469689
2578,-0.39540148
2579,-0.39610586
2580,-0.39681000
2581,-0.39751390
2582,-0.39821759
2583,-0.39892101
2584,-0.39962423
2585,-0.40032718
2586,-0.40102991
2587,-0.40173241
2588,-0.40243468
2589,-0.40313670
2590,-0.40383849
2591,-0.40454003
2592,-0.40524134
2593,-0.40594241
2594,-0.40664324
2595,-0.40734383
2596,-0.40804419
2597,-0.40874431
2598,-0.40944418
2599,-0.41014382
2600,-0.41084322
2601,-0.41154236
2602,-0.41224128
2603,-0.41293994
2604,-0.41363826
2605,-0.41433644
2606,-0.41503438
2607,-0.41573206
2608,-0.41642952
2609,-0.41712672
2610,-0.41782367
2611,-0.41852039
2612,-0.41921684
2613,-0.41991308
2614,-0.42060903
2615,-0.42130476
2616,-0.42200023
2617,-0.42269546
2618,-0.42339045
2619,-0.42408517
2620,-0.42477965
2621,-0.42547390
2622,-0.42616788
2623,-0.42686161
2624,-0.42755508
2625,-0.42824832
2626,-0.42894128
2627,-0.42963400
2628,-0.43032646
2629,-0.43101868
2630,-0.43171066
2631,-0.43240237
2632,-0.43309382
2633,-0.43378502
2634,-0.43447596
2635,-0.43516666
2636,-0.43585709
2637,-0.43654728
2638,-0.43723717
2639,-0.43792686
2640,-0.43861625
2641,-0.43930539
2642,-0.43999431
2643,-0.44068292
2644,-0.44137129
2645,-0.44205940
2646,-0.44274727
2647,-0.44343483
2648,-0.44412217
2649,-0.44480926
2650,-0.44549605
2651,-0.44618261
2652,-0.44686887
2653,-0.44755489
2654,-0.44824067
2655,-0.44892615
2656,-0.44961137
2657,-0.45029634
2658,-0.45098105
2659,-0.45166546
2660,-0.45234963
2661,-0.45303354
2662,-0.45371717
2663,-0.45440054
2664,-0.45508364
2665,-0.45576650
2666,-0.45644906
2667,-0.45713136
2668,-0.45781338
2669,-0.45849514
2670,-0.45917663
2671,-0.45985785
2672,-0.46053880
2673,-0.46121946
2674,-0.46189988
2675,-0.46258000
2676,-0.46325988
2677,-0.46393946
2678,-0.46461877
2679,-0.46529782
2680,-0.46597660
2681,-0.46665508
2682,-0.46733332
2683,-0.46801126
2684,-0.46868894
2685,-0.46936631
2686,-0.47004324
2687,-0.47072008
2688,-0.47139663
2689,-0.47207293
2690,-0.47274894
2691,-0.47342467
2692,-0.47410011
2693,-0.47477528
2694,-0.47545019
2695,-0.47612482
2696,-0.47679913
2697,-0.47747320
2698,-0.47814697
2699,-0.47882047
2700,-0.47949368
2701,-0.48016661
2702,-0.48083925
2703,-0.48151162
2704,-0.48218369
2705,-0.48285550
2706,-0.48352700
2707,-0.48419824
2708,-0.48486918
2709,-0.48553985
2710,-0.48621023
2711,-0.48688030
2712,-0.48755011
2713,-0.48821962
2714,-0.48888886
2715,-0.48955777
2716,-0.49022645
2717,-0.49089479
2718,-0.49156287
2719,-0.49223065
2720,-0.49289817
2721,-0.49356535
2722,-0.49423227
2723,-0.49489889
2724,-0.49556524
2725,-0.49623126
2726,-0.49689701
2727,-0.49756247
2728,-0.49822766
2729,-0.49889252
2730,-0.49955711
2731,-0.50022137
2732,-0.50088537
2733,-0.50154907
2734,-0.50221246
2735,-0.50287557
2736,-0.50353837
2737,-0.50420088
2738,-0.50486308
2739,-0.50552505
2740,-0.50618666
2741,-0.50684798
2742,-0.50750899
2743,-0.50816971
2744,-0.50883013
2745,-0.50949025
2746,-0.51015013
2747,-0.51080966
2748,-0.51146889
2749,-0.51212782
2750,-0.51278645
2751,-0.51344472
2752,-0.51410276
2753,-0.51476049
2754,-0.51541787
2755,-0.51607502
2756,-0.51673180
2757,-0.51738834
2758,-0.51804453
2759,-0.51870042
2760,-0.51935601
2761,-0.52001131
2762,-0.52066630
2763,-0.52132094
2764,-0.52197534
2765,-0.52262938
2766,-0.52328312
2767,-0.52393657
2768,-0.52458972
2769,-0.52524257
2770,-0.52589506
2771,-0.52654731
2772,-0.52719921
2773,-0.52785081
2774,-0.52850205
2775,-0.52915305
2776,-0.52980369
2777,-0.53045404
2778,-0.53110409
2779,-0.53175378
2780,-0.53240317
2781,-0.53305233
2782,-0.53370106
2783,-0.53434956
2784,-0.53499770
2785,-0.53564554
2786,-0.53629309
2787,-0.53694028
2788,-0.53758717
2789,-0.53823376
2790,-0.53887999
2791,-0.53952593
2792,-0.54017156
2793,-0.54081690
2794,-0.54146188
2795,-0.54210651
2796,-0.54275066
2797,-0.54339474
2798,-0.54403841
2799,-0.54468185
2800,-0.54532492
2801,-0.54596764
2802,-0.54661006
2803,-0.54725218
2804,-0.54789400
2805,-0.54853547
2806,-0.54917657
2807,-0.54981738
2808,-0.55045789
2809,-0.55109805
2810,-0.55173790
2811,-0.55237746
2812,-0.55301666
2813,-0.55365551
2814,-0.55429405
2815,-0.55493230
2816,-0.55557019
2817,-0.55620772
2818,-0.55684495
2819,-0.55748188
2820,-0.55811846
2821,-0.55875474
2822,-0.55939066
2823,-0.56002629
2824,-0.56066155
2825,-0.56129646
2826,-0.56193107
2827,-0.56256539
2828,-0.56319928
2829,-0.56383294
2830,-0.56446618
2831,-0.56509918
2832,-0.56573176
2833,-0.56636405
2834,-0.56699604
2835,-0.56762767
2836,-0.56825894
2837,-0.56888986
2838,-0.56952047
2839,-0.57015079
2840,-0.57078075
2841,-0.57141036
2842,-0.57203960
2843,-0.57266855
2844,-0.57329714
2845,-0.57392544
2846,-0.57455337
2847,-0.57518095
2848,-0.57580817
2849,-0.57643509
2850,-0.57706165
2851,-0.57768792
2852,-0.57831383
2853,-0.57893938
2854,-0.57956457
2855,-0.58018947
2856,-0.58081394
2857,-0.58143818
2858,-0.58206201
2859,-0.58268553
2860,-0.58330870
2861,-0.58393151
2862,-0.58455396
2863,-0.58517611
2864,-0.58579791
2865,-0.58641934
2866,-0.58704042
2867,-0.58766115
2868,-0.58828157
2869,-0.58890164
2870,-0.58952135
2871,-0.59014070
2872,-0.59075975
2873,-0.59137839
2874,-0.59199673
2875,-0.59261471
2876,-0.59323233
2877,-0.59384960
2878,-0.59446657
2879,-0.59508312
2880,-0.59569937
2881,-0.59631526
2882,-0.59693074
2883,-0.59754592
2884,-0.59816074
2885,-0.59877527
2886,-0.59938937
2887,-0.60000312
2888,-0.60061657
2889,-0.60122961
2890,-0.60184234
2891,-0.60245466
2892,-0.60306668
2893,-0.60367835
2894,-0.60428959
2895,-0.60490054
2896,-0.60551113
2897,-0.60612136
2898,-0.60673124
2899,-0.60734069
2900,-0.60794985
2901,-0.60855865
2902,-0.60916710
2903,-0.60977519
2904,-0.61038291
2905,-0.61099005
2906,-0.61159706
2907,-0.61220372
2908,-0.61281002
2909,-0.61341590
2910,-0.61402148
2911,-0.61462665
2912,-0.61523151
2913,-0.61583596
2914,-0.61644012
2915,-0.61704385
2916,-0.61764723
2917,-0.61825025
2918,-0.61885291
2919,-0.61945522
2920,-0.62005717
2921,-0.62065870
2922,-0.62125993
2923,-0.62186074
2924,-0.62246120
2925,-0.62306130
2926,-0.62366104
2927,-0.62426043
2928,-0.62485945
2929,-0.62545806
2930,-0.62605631
2931,-0.62665427
2932,-0.62725174
2933,-0.62784892
2934,-0.62844574
2935,-0.62904215
2936,-0.62963820
2937,-0.63023388
2938,-0.63082922
2939,-0.63142413
2940,-0.63201869
2941,-0.63261288
2942,-0.63320673
2943,-0.63380015
2944,-0.63439327
2945,-0.63498598
2946,-0.63557827
2947,-0.63617027
2948,-0.63676184
2949,-0.63735306
2950,-0.63794386
2951,-0.63853437
2952,-0.63912445
2953,-0.63971412
2954,-0.64030349
2955,-0.64089245
2956,-0.64148098
2957,-0.64206922
2958,-0.64265704
2959,-0.64324450
2960,-0.64383155
2961,-0.64441824
2962,-0.64500457
2963,-0.64559048
2964,-0.64617604
2965,-0.64676118
2966,-0.64734596
2967,-0.64793038
2968,-0.64851439
2969,-0.64909804
2970,-0.64968133
2971,-0.65026420
2972,-0.65084672
2973,-0.65142882
2974,-0.65201056
2975,-0.65259188
2976,-0.65317285
2977,-0.65375346
2978,-0.65433365
2979,-0.65491349
2980,-0.65549290
2981,-0.65607190
2982,-0.65665060
2983,-0.65722883
2984,-0.65780675
2985,-0.65838420
2986,-0.65896136
2987,-0.65953803
2988,-0.66011441
2989,-0.66069031
2990,-0.66126591
2991,-0.66184103
2992,-0.66241580
2993,-0.66299021
2994,-0.66356421
2995,-0.66413784
2996,-0.66471106
2997,-0.66528386
2998,-0.66585630
2999,-0.66642833
3000,-0.66700000
3001,-0.66757125
3002,-0.66814214
3003,-0.66871256
3004,-0.66928267
3005,-0.66985232
3006,-0.67042166
3007,-0.67099053
3008,-0.67155904
3009,-0.67212713
3010,-0.67269486
3011,-0.67326218
3012,-0.67382908
3013,-0.67439562
3014,-0.67496175
3015,-0.67552727
3016,-0.67609262
3017,-0.67665756
3018,-0.67722207
3019,-0.67778623
3020,-0.67834997
3021,-0.67891330
3022,-0.67947626
3023,-0.68003881
3024,-0.68060094
3025,-0.68116266
3026,-0.68172401
3027,-0.68228495
3028,-0.68284547
3029,-0.68340564
3030,-0.68396533
3031,-0.68452466
3032,-0.68508363
3033,-0.68564212
3034,-0.68620026
3035,-0.68675798
3036,-0.68731529
3037,-0.68787217
3038,-0.68842870
3039,-0.68898481
3040,-0.68954051
3041,-0.69009578
3042,-0.69065070
3043,-0.69120514
3044,-0.69175923
3045,-0.69231290
3046,-0.69286615
3047,-0.69341898
3048,-0.69397146
3049,-0.69452345
3050,-0.69507509
3051,-0.69562632
3052,-0.69617712
3053,-0.69672751
3054,-0.69727749
3055,-0.69782704
3056,-0.69837624
3057,-0.69892496
3058,-0.69947332
3059,-0.70002127
3060,-0.70056880
3061,-0.70111591
3062,-0.70166260
3063,-0.70220888
3064,-0.70275474
3065,-0.70330018
3066,-0.70384526
3067,-0.70438987
3068,-0.70493406
3069,-0.70547789
3070,-0.70602125
3071,-0.70656425
3072,-0.70710677
3073,-0.70764893
3074,-0.70819062
3075,-0.70873195
3076,-0.70927286
3077,-0.70981330
3078,-0.71035337
3079,-0.71089298
3080,-0.71143222
3081,-0.71197098
3082,-0.71250939
3083,-0.71304733
3084,-0.71358490
3085,-0.71412200
3086,-0.71465874
3087,-0.71519500
3088,-0.71573085
3089,-0.71626627
3090,-0.71680129
3091,-0.71733588
3092,-0.71787006
3093,-0.71840382
3094,-0.71893716
3095,-0.71947008
3096,-0.72000253
3097,-0.72053462
3098,-0.72106624
3099,-0.72159743
3100,-0.72212821
3101,-0.72265857
3102,-0.72318852
3103,-0.72371805
3104,-0.72424716
3105,-0.72477579
3106,-0.72530401
3107,-0.72583181
3108,-0.72635919
3109,-0.72688615
3110,-0.72741270
3111,-0.72793877
3112,-0.72846442
3113,-0.72898972
3114,-0.72951448
3115,-0.73003888
3116,-0.73056287
3117,-0.73108637
3118,-0.73160946
3119,-0.73213214
3120,-0.73265433
3121,-0.73317617
3122,-0.73369753
3123,-0.73421848
3124,-0.73473895
3125,-0.73525888
3126,-0.73577851
3127,-0.73629773
3128,-0.73681647
3129,-0.73733485
3130,-0.73785275
3131,-0.73837024
3132,-0.73888725
3133,-0.73940384
3134,-0.73992002
3135,-0.74043578
3136,-0.74095106
3137,-0.74146593
3138,-0.74198037
3139,-0.74249434
3140,-0.74300790
3141,-0.74352103
3142,-0.74403369
3143,-0.74454594
3144,-0.74505776
3145,-0.74556911
3146,-0.74608004
3147,-0.74659050
3148,-0.74710053
3149,-0.74761015
3150,-0.74811935
3151,-0.74862808
3152,-0.74913633
3153,-0.74964422
3154,-0.75015163
3155,-0.75065857
3156,-0.75116509
3157,-0.75167120
3158,-0.75217682
3159,-0.75268203
3160,-0.75318676
3161,-0.75369108
3162,-0.75419497
3163,-0.75469840
3164,-0.75520134
3165,-0.75570387
3166,-0.75620598
3167,-0.75670761
3168,-0.75720882
3169,-0.75770956
3170,-0.75820988
3171,-0.75870979
3172,-0.75920916
3173,-0.75970817
3174,-0.76020670
3175,-0.76070476
3176,-0.76120239
3177,-0.76169956
3178,-0.76219630
3179,-0.76269257
3180,-0.76318842
3181,-0.76368380
3182,-0.76417875
3183,-0.76467323
3184,-0.76516730
3185,-0.76566088
3186,-0.76615399
3187,-0.76664668
3188,-0.76713890
3189,-0.76763070
3190,-0.76812202
3191,-0.76861292
3192,-0.76910335
3193,-0.76959336
3194,-0.77008283
3195,-0.77057195
3196,-0.77106053
3197,-0.77154869
3198,-0.77203643
3199,-0.77252370
3200,-0.77301049
3201,-0.77349681
3202,-0.77398270
3203,-0.77446818
3204,-0.77495313
3205,-0.77543765
3206,-0.77592176
3207,-0.77640533
3208,-0.77688849
3209,-0.77737123
3210,-0.77785343
3211,-0.77833521
3212,-0.77881658
3213,-0.77929741
3214,-0.77977782
3215,-0.78025776
3216,-0.78073728
3217,-0.78121632
3218,-0.78169489
3219,-0.78217298
3220,-0.78265065
3221,-0.78312784
3222,-0.78360456
3223,-0.78408086
3224,-0.78455669
3225,-0.78503203
3226,-0.78550690
3227,-0.78598130
3228,-0.78645527
3229,-0.78692877
3230,-0.78740180
3231,-0.78787440
3232,-0.78834647
3233,-0.78881812
3234,-0.78928918
3235,-0.78975987
3236,-0.79023015
3237,-0.79069996
3238,-0.79116929
3239,-0.79163814
3240,-0.79210651
3241,-0.79257447
3242,-0.79304188
3243,-0.79350889
3244,-0.79397541
3245,-0.79444146
3246,-0.79490709
3247,-0.79537219
3248,-0.79583687
3249,-0.79630107
3250,-0.79676473
3251,-0.79722804
3252,-0.79769081
3253,-0.79815310
3254,-0.79861498
3255,-0.79907632
3256,-0.79953724
3257,-0.79999769
3258,-0.80045760
3259,-0.80091709
3260,-0.80137616
3261,-0.80183470
3262,-0.80229276
3263,-0.80275035
3264,-0.80320752
3265,-0.80366415
3266,-0.80412036
3267,-0.80457604
3268,-0.80503130
3269,-0.80548608
3270,-0.80594039
3271,-0.80639416
3272,-0.80684751
3273,-0.80730039
3274,-0.80775279
3275,-0.80820471
3276,-0.80865616
3277,-0.80910712
3278,-0.80955762
3279,-0.81000763
3280,-0.81045717
3281,-0.81090623
3282,-0.81135482
3283,-0.81180292
3284,-0.81225055
3285,-0.81269771
3286,-0.81314439
3287,-0.81359059
3288,-0.81403631
3289,-0.81448156
3290,-0.81492633
3291,-0.81537062
3292,-0.81581444
3293,-0.81625772
3294,-0.81670058
3295,-0.81714296
3296,-0.81758481
3297,-0.81802624
3298,-0.81846714
3299,-0.81890756
3300,-0.81934756
3301,-0.81978703
3302,-0.82022601
3303,-0.82066453
3304,-0.82110256
3305,-0.82154006
3306,-0.82197714
3307,-0.82241374
3308,-0.82284981
3309,-0.82328540
3310,-0.82372051
3311,-0.82415515
3312,-0.82458931
3313,-0.82502300
3314,-0.82545620
3315,-0.82588887
3316,-0.82632113
3317,-0.82675284
3318,-0.82718408
3319,-0.82761484
3320,-0.82804507
3321,-0.82847488
3322,-0.82890415
3323,-0.82933295
3324,-0.82976127
3325,-0.83018911
3326,-0.83061647
3327,-0.83104330
3328,-0.83146966
3329,-0.83189553
3330,-0.83232093
3331,-0.83274579
3332,-0.83317024
3333,-0.83359414
3334,-0.83401757
3335,-0.83444047
3336,-0.83486295
3337,-0.83528489
3338,-0.83570635
3339,-0.83612734
3340,-0.83654779
3341,-0.83696777
3342,-0.83738726
3343,-0.83780628
3344,-0.83822465
3345,-0.83864266
3346,-0.83906019
3347,-0.83947718
3348,-0.83989376
3349,-0.84030980
3350,-0.84072530
3351,-0.84114039
3352,-0.84155494
3353,-0.84196895
3354,-0.84238255
3355,-0.84279561
3356,-0.84320819
3357,-0.84362024
3358,-0.84403187
3359,-0.84444290
3360,-0.84485352
3361,-0.84526360
3362,-0.84567320
3363,-0.84608233
3364,-0.84649092
3365,-0.84689897
3366,-0.84730661
3367,-0.84771371
3368,-0.84812033
3369,-0.84852642
3370,-0.84893203
3371,-0.84933710
3372,-0.84974176
3373,-0.85014582
3374,-0.85054946
3375,-0.85095257
3376,-0.85135520
3377,-0.85175729
3378,-0.85215890
3379,-0.85255998
3380,-0.85296059
3381,-0.85336071
3382,-0.85376030
3383,-0.85415936
3384,-0.85455799
3385,-0.85495609
3386,-0.85535365
3387,-0.85575074
3388,-0.85614729
3389,-0.85654342
3390,-0.85693896
3391,-0.85733402
3392,-0.85772860
3393,-0.85812265
3394,-0.85851622
3395,-0.85890925
3396,-0.85930181
3397,-0.85969388
3398,-0.86008537
3399,-0.86047643
3400,-0.86086696
3401,-0.86125696
3402,-0.86164647
3403,-0.86203545
3404,-0.86242396
3405,-0.86281192
3406,-0.86319941
3407,-0.86358643
3408,-0.86397284
3409,-0.86435884
3410,-0.86474425
3411,-0.86512923
3412,-0.86551362
3413,-0.86589754
3414,-0.86628097
3415,-0.86666387
3416,-0.86704624
3417,-0.86742812
3418,-0.86780953
3419,-0.86819041
3420,-0.86857074
3421,-0.86895055
3422,-0.86932987
3423,-0.86970872
3424,-0.87008703
3425,-0.87046480
3426,-0.87084210
3427,-0.87121886
3428,-0.87159514
3429,-0.87197083
3430,-0.87234610
3431,-0.87272084
3432,-0.87309504
3433,-0.87346870
3434,-0.87384188
3435,-0.87421453
3436,-0.87458670
3437,-0.87495834
3438,-0.87532943
3439,-0.87570006
3440,-0.87607014
3441,-0.87643969
3442,-0.87680876
3443,-0.87717730
3444,-0.87754536
3445,-0.87791282
3446,-0.87827986
3447,-0.87864631
3448,-0.87901229
3449,-0.87937772
3450,-0.87974262
3451,-0.88010705
3452,-0.88047093
3453,-0.88083422
3454,-0.88119704
3455,-0.88155937
3456,-0.88192123
3457,-0.88228250
3458,-0.88264328
3459,-0.88300353
3460,-0.88336331
3461,-0.88372248
3462,-0.88408118
3463,-0.88443941
3464,-0.88479704
3465,-0.88515419
3466,-0.88551080
3467,-0.88586694
3468,-0.88622248
3469,-0.88657755
3470,-0.88693208
3471,-0.88728607
3472,-0.88763958
3473,-0.88799256
3474,-0.88834500
3475,-0.88869691
3476,-0.88904834
3477,-0.88939923
3478,-0.88974959
3479,-0.89009941
3480,-0.89044869
3481,-0.89079750
3482,-0.89114577
3483,-0.89149350
3484,-0.89184070
3485,-0.89218736
3486,-0.89253354
3487,-0.89287919
3488,-0.89322430
3489,-0.89356887
3490,-0.89391291
3491,-0.89425647
3492,-0.89459950
3493,-0.89494193
3494,-0.89528394
3495,-0.89562535
3496,-0.89596623
3497,-0.89630663
3498,-0.89664644
3499,-0.89698577
3500,-0.89732456
3501,-0.89766282
3502,-0.89800060
3503,-0.89833778
3504,-0.89867449
3505,-0.89901060
3506,-0.89934623
3507,-0.89968133
3508,-0.90001589
3509,-0.90034992
3510,-0.90068340
3511,-0.90101641
3512,-0.90134883
3513,-0.90168077
3514,-0.90201217
3515,-0.90234298
3516,-0.90267330
3517,-0.90300310
3518,-0.90333235
3519,-0.90366113
3520,-0.90398932
3521,-0.90431696
3522,-0.90464413
3523,-0.90497071
3524,-0.90529680
3525,-0.90562230
3526,-0.90594733
3527,-0.90627176
3528,-0.90659571
3529,-0.90691912
3530,-0.90724200
3531,-0.90756434
3532,-0.90788615
3533,-0.90820742
3534,-0.90852815
3535,-0.90884835
3536,-0.90916800
3537,-0.90948713
3538,-0.90980572
3539,-0.91012383
3540,-0.91044134
3541,-0.91075832
3542,-0.91107476
3543,-0.91139066
3544,-0.91170609
3545,-0.91202092
3546,-0.91233522
3547,-0.91264898
3548,-0.91296220
3549,-0.91327494
3550,-0.91358709
3551,-0.91389871
3552,-0.91420978
3553,-0.91452032
3554,-0.91483033
3555,-0.91513985
3556,-0.91544878
3557,-0.91575718
3558,-0.91606504
3559,-0.91637230
3560,-0.91667908
3561,-0.91698533
3562,-0.91729105
3563,-0.91759610
3564,-0.91790074
3565,-0.91820478
3566,-0.91850835
3567,-0.91881132
3568,-0.91911381
3569,-0.91941571
3570,-0.91971713
3571,-0.92001796
3572,-0.92031825
3573,-0.92061800
3574,-0.92091721
3575,-0.92121589
3576,-0.92151397
3577,-0.92181158
3578,-0.92210865
3579,-0.92240512
3580,-0.92270112
3581,-0.92299652
3582,-0.92329139
3583,-0.92358571
3584,-0.92387950
3585,-0.92417276
3586,-0.92446548
3587,-0.92475760
3588,-0.92504925
3589,-0.92534029
3590,-0.92563081
3591,-0.92592078
3592,-0.92621022
3593,-0.92649913
3594,-0.92678744
3595,-0.92707527
3596,-0.92736250
3597,-0.92764920
3598,-0.92793536
3599,-0.92822099
3600,-0.92850608
3601,-0.92879057
3602,-0.92907459
3603,-0.92935801
3604,-0.92964089
3605,-0.92992324
3606,-0.93020499
3607,-0.93048626
3608,-0.93076694
3609,-0.93104708
3610,-0.93132669
3611,-0.93160576
3612,-0.93188429
3613,-0.93216223
3614,-0.93243963
3615,-0.93271649
3616,-0.93299282
3617,-0.93326855
3618,-0.93354380
3619,-0.93381846
3620,-0.93409258
3621,-0.93436611
3622,-0.93463916
3623,-0.93491161
3624,-0.93518353
3625,-0.93545491
3626,-0.93572569
3627,-0.93599594
3628,-0.93626565
3629,-0.93653482
3630,-0.93680346
3631,-0.93707150
3632,-0.93733901
3633,-0.93760598
3634,-0.93787241
3635,-0.93813825
3636,-0.93840355
3637,-0.93866831
3638,-0.93893248
3639,-0.93919617
3640,-0.93945926
3641,-0.93972176
3642,-0.93998379
3643,-0.94024521
3644,-0.94050610
3645,-0.94076639
3646,-0.94102621
3647,-0.94128543
3648,-0.94154412
3649,-0.94180220
3650,-0.94205976
3651,-0.94231677
3652,-0.94257325
3653,-0.94282913
3654,-0.94308448
3655,-0.94333923
3656,-0.94359350
3657,-0.94384718
3658,-0.94410026
3659,-0.94435287
3660,-0.94460487
3661,-0.94485635
3662,-0.94510722
3663,-0.94535756
3664,-0.94560736
3665,-0.94585657
3666,-0.94610524
3667,-0.94635338
3668,-0.94660097
3669,-0.94684798
3670,-0.94709438
3671,-0.94734031
3672,-0.94758564
3673,-0.94783032
3674,-0.94807452
3675,-0.94831818
3676,-0.94856131
3677,-0.94880384
3678,-0.94904584
3679,-0.94928730
3680,-0.94952816
3681,-0.94976848
3682,-0.95000821
3683,-0.95024741
3684,-0.95048606
3685,-0.95072412
3686,-0.95096165
3687,-0.95119858
3688,-0.95143497
3689,-0.95167083
3690,-0.95190609
3691,-0.95214081
3692,-0.95237499
3693,-0.95260859
3694,-0.95284164
3695,-0.95307410
3696,-0.95330602
3697,-0.95353740
3698,-0.95376819
3699,-0.95399839
3700,-0.95422810
3701,-0.95445716
3702,-0.95468575
3703,-0.95491374
3704,-0.95514113
3705,-0.95536804
3706,-0.95559430
3707,-0.95582008
3708,-0.95604521
3709,-0.95626986
3710,-0.95649391
3711,-0.95671737
3712,-0.95694035
3713,-0.95716268
3714,-0.95738447
3715,-0.95760572
3716,-0.95782644
3717,-0.95804650
3718,-0.95826608
3719,-0.95848507
3720,-0.95870346
3721,-0.95892131
3722,-0.95913863
3723,-0.95935535
3724,-0.95957154
3725,-0.95978713
3726,-0.96000212
3727,-0.96021664
3728,-0.96043050
3729,-0.96064389
3730,-0.96085662
3731,-0.96106887
3732,-0.96128047
3733,-0.96149158
3734,-0.96170211
3735,-0.96191204
3736,-0.96212143
3737,-0.96233022
3738,-0.96253848
3739,-0.96274614
3740,-0.96295327
3741,-0.96315980
3742,-0.96336579
3743,-0.96357125
3744,-0.96377605
3745,-0.96398038
3746,-0.96418405
3747,-0.96438724
3748,-0.96458983
3749,-0.96479183
3750,-0.96499324
3751,-0.96519417
3752,-0.96539444
3753,-0.96559417
3754,-0.96579337
3755,-0.96599197
3756,-0.96619004
3757,-0.96638751
3758,-0.96658438
3759,-0.96678072
3760,-0.96697646
3761,-0.96717167
3762,-0.96736634
3763,-0.96756035
3764,-0.96775389
3765,-0.96794677
3766,-0.96813911
3767,-0.96833092
3768,-0.96852213
3769,-0.96871275
3770,-0.96890283
3771,-0.96909231
3772,-0.96928126
3773,-0.96946961
3774,-0.96965742
3775,-0.96984464
3776,-0.97003126
3777,-0.97021735
3778,-0.97040284
3779,-0.97058779
3780,-0.97077215
3781,-0.97095597
3782,-0.97113913
3783,-0.97132176
3784,-0.97150385
3785,-0.97168535
3786,-0.97186631
3787,-0.97204667
3788,-0.97222650
3789,-0.97240567
3790,-0.97258437
3791,-0.97276241
3792,-0.97293991
3793,-0.97311687
3794,-0.97329324
3795,-0.97346902
3796,-0.97364426
3797,-0.97381890
3798,-0.97399294
3799,-0.97416645
3800,-0.97433937
3801,-0.97451174
3802,-0.97468352
3803,-0.97485471
3804,-0.97502536
3805,-0.97519541
3806,-0.97536486
3807,-0.97553378
3808,-0.97570211
3809,-0.97586989
3810,-0.97603709
3811,-0.97620368
3812,-0.97636974
3813,-0.97653520
3814,-0.97670007
3815,-0.97686440
3816,-0.97702813
3817,-0.97719133
3818,-0.97735387
3819,-0.97751594
3820,-0.97767735
3821,-0.97783822
3822,-0.97799850
3823,-0.97815824
3824,-0.97831738
3825,-0.97847593
3826,-0.97863394
3827,-0.97879136
3828,-0.97894818
3829,-0.97910446
3830,-0.97926015
3831,-0.97941524
3832,-0.97956979
3833,-0.97972369
3834,-0.97987711
3835,-0.98002988
3836,-0.98018211
3837,-0.98033381
3838,-0.98048484
3839,-0.98063534
3840,-0.98078531
3841,-0.98093462
3842,-0.98108339
3843,-0.98123157
3844,-0.98137921
3845,-0.98152626
3846,-0.98167270
3847,-0.98181856
3848,-0.98196387
3849,-0.98210859
3850,-0.98225278
3851,-0.98239630
3852,-0.98253930
3853,-0.98268175
3854,-0.98282355
3855,-0.98296481
3856,-0.98310548
3857,-0.98324561
3858,-0.98338515
3859,-0.98352408
3860,-0.98366243
3861,-0.98380023
3862,-0.98393744
3863,-0.98407406
3864,-0.98421007
3865,-0.98434556
3866,-0.98448044
3867,-0.98461479
3868,-0.98474854
3869,-0.98488164
3870,-0.98501426
3871,-0.98514622
3872,-0.98527765
3873,-0.98540848
3874,-0.98553872
3875,-0.98566842
3876,-0.98579752
3877,-0.98592603
3878,-0.98605400
3879,-0.98618132
3880,-0.98630810
3881,-0.98643428
3882,-0.98655993
3883,-0.98668498
3884,-0.98680943
3885,-0.98693329
3886,-0.98705661
3887,-0.98717928
3888,-0.98730141
3889,-0.98742300
3890,-0.98754394
3891,-0.98766434
3892,-0.98778415
3893,-0.98790336
3894,-0.98802203
3895,-0.98814005
3896,-0.98825753
3897,-0.98837447
3898,-0.98849076
3899,-0.98860651
3900,-0.98872167
3901,-0.98883623
3902,-0.98895025
3903,-0.98906368
3904,-0.98917651
3905,-0.98928875
3906,-0.98940039
3907,-0.98951149
3908,-0.98962200
3909,-0.98973191
3910,-0.98984128
3911,-0.98995000
3912,-0.99005818
3913,-0.99016577
3914,-0.99027282
3915,-0.99037921
3916,-0.99048507
3917,-0.99059033
3918,-0.99069500
3919,-0.99079913
3920,-0.99090260
3921,-0.99100554
3922,-0.99110788
3923,-0.99120969
3924,-0.99131083
3925,-0.99141145
3926,-0.99151146
3927,-0.99161088
3928,-0.99170977
3929,-0.99180800
3930,-0.99190569
3931,-0.99200279
3932,-0.99209929
3933,-0.99219525
3934,-0.99229062
3935,-0.99238533
3936,-0.99247950
3937,-0.99257314
3938,-0.99266613
3939,-0.99275857
3940,-0.99285042
3941,-0.99294168
3942,-0.99303234
3943,-0.99312246
3944,-0.99321193
3945,-0.99330086
3946,-0.99338919
3947,-0.99347699
3948,-0.99356413
3949,-0.99365073
3950,-0.99373674
3951,-0.99382216
3952,-0.99390697
3953,-0.99399120
3954,-0.99407488
3955,-0.99415797
3956,-0.99424046
3957,-0.99432236
3958,-0.99440366
3959,-0.99448442
3960,-0.99456459
3961,-0.99464417
3962,-0.99472314
3963,-0.99480152
3964,-0.99487931
3965,-0.99495655
3966,-0.99503320
3967,-0.99510926
3968,-0.99518472
3969,-0.99525964
3970,-0.99533391
3971,-0.99540764
3972,-0.99548078
3973,-0.99555331
3974,-0.99562526
3975,-0.99569666
3976,-0.99576741
3977,-0.99583763
3978,-0.99590725
3979,-0.99597627
3980,-0.99604470
3981,-0.99611259
3982,-0.99617982
3983,-0.99624652
3984,-0.99631262
3985,-0.99637812
3986,-0.99644303
3987,-0.99650741
3988,-0.99657112
3989,-0.99663430
3990,-0.99669689
3991,-0.99675888
3992,-0.99682033
3993,-0.99688113
3994,-0.99694139
3995,-0.99700099
3996,-0.99706006
3997,-0.99711853
3998,-0.99717647
3999,-0.99723375
4000,-0.99729049
4001,-0.99734658
4002,-0.99740213
4003,-0.99745709
4004,-0.99751145
4005,-0.99756521
4006,-0.99761844
4007,-0.99767101
4008,-0.99772304
4009,-0.99777448
4010,-0.99782532
4011,-0.99787563
4012,-0.99792528
4013,-0.99797440
4014,-0.99802285
4015,-0.99807078
4016,-0.99811810
4017,-0.99816483
4018,-0.99821103
4019,-0.99825656
4020,-0.99830157
4021,-0.99834591
4022,-0.99838972
4023,-0.99843293
4024,-0.99847555
4025,-0.99851763
4026,-0.99855906
4027,-0.99859995
4028,-0.99864024
4029,-0.99867988
4030,-0.99871904
4031,-0.99875754
4032,-0.99879545
4033,-0.99883282
4034,-0.99886954
4035,-0.99890572
4036,-0.99894130
4037,-0.99897629
4038,-0.99901068
4039,-0.99904448
4040,-0.99907774
4041,-0.99911034
4042,-0.99914241
4043,-0.99917388
4044,-0.99920475
4045,-0.99923503
4046,-0.99926472
4047,-0.99929386
4048,-0.99932235
4049,-0.99935031
4050,-0.99937767
4051,-0.99940443
4052,-0.99943060
4053,-0.99945617
4054,-0.99948120
4055,-0.99950558
4056,-0.99952942
4057,-0.99955267
4058,-0.99957532
4059,-0.99959737
4060,-0.99961883
4061,-0.99963969
4062,-0.99966002
4063,-0.99967968
4064,-0.99969882
4065,-0.99971735
4066,-0.99973530
4067,-0.99975264
4068,-0.99976939
4069,-0.99978560
4070,-0.99980116
4071,-0.99981618
4072,-0.99983060
4073,-0.99984443
4074,-0.99985766
4075,-0.99987030
4076,-0.99988234
4077,-0.99989384
4078,-0.99990469
4079,-0.99991500
4080,-0.99992472
4081,-0.99993384
4082,-0.99994236
4083,-0.99995029
4084,-0.99995762
4085,-0.99996442
4086,-0.99997061
4087,-0.99997616
4088,-0.99998116
4089,-0.99998558
4090,-0.99998939
4091,-0.99999267
4092,-0.99999529
4093,-0.99999738
4094,-0.99999881
4095,-0.99999970
4096,-1.00000000
4097,-0.99999970
4098,-0.99999881
4099,-0.99999738
4100,-0.99999529
4101,-0.99999267
4102,-0.99998939
4103,-0.99998558
4104,-0.99998116
4105,-0.99997616
4106,-0.99997061
4107,-0.99996442
4108,-0.99995762
4109,-0.99995029
4110,-0.99994236
4111,-0.99993384
4112,-0.99992472
4113,-0.99991500
4114,-0.99990469
4115,-0.99989384
4116,-0.99988234
4117,-0.99987030
4118,-0.99985766
4119,-0.99984443
4120,-0.99983060
4121,-0.99981618
4122,-0.99980116
4123,-0.99978560
4124,-0.99976939
4125,-0.99975264
4126,-0.99973530
4127,-0.99971735
4128,-0.99969882
4129,-0.99967968
4130,-0.99966002
4131,-0.99963969
4132,-0.99961883
4133,-0.99959737
4134,-0.99957532
4135,-0.99955267
4136,-0.99952942
4137,-0.99950558
4138,-0.99948120
4139,-0.99945617
4140,-0.99943060
4141,-0.99940443
4142,-0.99937767
4143,-0.99935031
4144,-0.99932241
4145,-0.99929386
4146,-0.99926478
4147,-0.99923503
4148,-0.99920475
4149,-0.99917388
4150,-0.99914241
4151,-0.99911034
4152,-0.99907774
4153,-0.99904448
4154,-0.99901068
4155,-0.99897629
4156,-0.99894130
4157,-0.99890572
4158,-0.99886954
4159,-0.99883282
4160,-0.99879545
4161,-0.99875754
4162,-0.99871904
4163,-0.99867994
4164,-0.99864024
4165,-0.99859995
4166,-0.99855906
4167,-0.99851763
4168,-0.99847555
4169,-0.99843293
4170,-0.99838972
4171,-0.99834591
4172,-0.99830157
4173,-0.99825656
4174,-0.99821103
4175,-0.99816483
4176,-0.99811810
4177,-0.99807078
4178,-0.99802285
4179,-0.99797440
4180,-0.99792528
4181,-0.99787563
4182,-0.99782532
4183,-0.99777448
4184,-0.99772304
4185,-0.99767107
4186,-0.99761844
4187,-0.99756521
4188,-0.99751145
4189,-0.99745709
4190,-0.99740213
4191,-0.99734658
4192,-0.99729043
4193,-0.99723375
4194,-0.99717641
4195,-0.99711853
4196,-0.99706006
4197,-0.99700099
4198,-0.99694133
4199,-0.99688113
4200,-0.99682027
4201,-0.99675888
4202,-0.99669689
4203,-0.99663430
4204,-0.99657112
4205,-0.99650741
4206,-0.99644303
4207,-0.99637812
4208,-0.99631262
4209,-0.99624652
4210,-0.99617982
4211,-0.99611253
4212,-0.99604470
4213,-0.99597627
4214,-0.99590725
4215,-0.99583763
4216,-0.99576741
4217,-0.99569660
4218,-0.99562526
4219,-0.99555331
4220,-0.99548072
4221,-0.99540764
4222,-0.99533391
4223,-0.99525964
4224,-0.99518472
4225,-0.99510926
4226,-0.99503320
4227,-0.99495655
4228,-0.99487936
4229,-0.99480152
4230,-0.99472314
4231,-0.99464417
4232,-0.99456459
4233,-0.99448442
4234,-0.99440366
4235,-0.99432236
4236,-0.99424046
4237,-0.99415797
4238,-0.99407488
4239,-0.99399120
4240,-0.99390697
4241,-0.99382216
4242,-0.99373674
4243,-0.99365073
4244,-0.99356413
4245,-0.99347699
4246,-0.99338919
4247,-0.99330086
4248,-0.99321198
4249,-0.99312246
4250,-0.99303234
4251,-0.99294168
4252,-0.99285042
4253,-0.99275857
4254,-0.99266613
4255,-0.99257314
4256,-0.99247956
4257,-0.99238539
4258,-0.99229062
4259,-0.99219525
4260,-0.99209934
4261,-0.99200279
4262,-0.99190569
4263,-0.99180800
4264,-0.99170977
4265,-0.99161088
4266,-0.99151146
4267,-0.99141145
4268,-0.99131083
4269,-0.99120969
4270,-0.99110794
4271,-0.99100554
4272,-0.99090266
4273,-0.99079913
4274,-0.99069500
4275,-0.99059033
4276,-0.99048507
4277,-0.99037921
4278,-0.99027282
4279,-0.99016583
4280,-0.99005818
4281,-0.98995006
4282,-0.98984128
4283,-0.98973191
4284,-0.98962200
4285,-0.98951149
4286,-0.98940045
4287,-0.98928875
4288,-0.98917651
4289,-0.98906368
4290,-0.98895025
4291,-0.98883629
4292,-0.98872167
4293,-0.98860651
4294,-0.98849076
4295,-0.98837447
4296,-0.98825759
4297,-0.98814005
4298,-0.98802203
4299,-0.98790336
4300,-0.98778415
4301,-0.98766434
4302,-0.98754394
4303,-0.98742294
4304,-0.98730141
4305,-0.98717928
4306,-0.98705655
4307,-0.98693329
4308,-0.98680937
4309,-0.98668492
4310,-0.98655993
4311,-0.98643428
4312,-0.98630810
4313,-0.98618132
4314,-0.98605394
4315,-0.98592603
4316,-0.98579746
4317,-0.98566842
4318,-0.98553872
4319,-0.98540848
4320,-0.98527765
4321,-0.98514622
4322,-0.98501420
4323,-0.98488164
4324,-0.98474848
4325,-0.98461473
4326,-0.98448044
4327,-0.98434556
4328,-0.98421007
4329,-0.98407400
4330,-0.98393744
4331,-0.98380023
4332,-0.98366243
4333,-0.98352408
4334,-0.98338515
4335,-0.98324561
4336,-0.98310548
4337,-0.98296481
4338,-0.98282355
4339,-0.98268175
4340,-0.98253930
4341,-0.98239630
4342,-0.98225278
4343,-0.98210859
4344,-0.98196387
4345,-0.98181856
4346,-0.98167270
4347,-0.98152626
4348,-0.98137921
4349,-0.98123157
4350,-0.98108339
4351,-0.98093462
4352,-0.98078531
4353,-0.98063534
4354,-0.98048490
4355,-0.98033381
4356,-0.98018217
4357,-0.98002994
4358,-0.97987711
4359,-0.97972375
4360,-0.97956979
4361,-0.97941524
4362,-0.97926015
4363,-0.97910446
4364,-0.97894818
4365,-0.97879136
4366,-0.97863394
4367,-0.97847593
4368,-0.97831738
4369,-0.97815824
4370,-0.97799850
4371,-0.97783822
4372,-0.97767735
4373,-0.97751594
4374,-0.97735393
4375,-0.97719133
4376,-0.97702813
4377,-0.97686440
4378,-0.97670007
4379,-0.97653520
4380,-0.97636974
4381,-0.97620368
4382,-0.97603709
4383,-0.97586989
4384,-0.97570211
4385,-0.97553378
4386,-0.97536486
4387,-0.97519541
4388,-0.97502536
4389,-0.97485471
4390,-0.97468352
4391,-0.97451174
4392,-0.97433937
4393,-0.97416645
4394,-0.97399294
4395,-0.97381890
4396,-0.97364426
4397,-0.97346902
4398,-0.97329324
4399,-0.97311687
4400,-0.97293997
4401,-0.97276247
4402,-0.97258437
4403,-0.97240573
4404,-0.97222650
4405,-0.97204667
4406,-0.97186631
4407,-0.97168541
4408,-0.97150385
4409,-0.97132182
4410,-0.97113913
4411,-0.97095591
4412,-0.97077215
4413,-0.97058779
4414,-0.97040284
4415,-0.97021729
4416,-0.97003126
4417,-0.96984458
4418,-0.96965736
4419,-0.96946961
4420,-0.96928120
4421,-0.96909231
4422,-0.96890277
4423,-0.96871269
4424,-0.96852207
4425,-0.96833086
4426,-0.96813911
4427,-0.96794671
4428,-0.96775383
4429,-0.96756035
4430,-0.96736628
4431,-0.96717167
4432,-0.96697646
4433,-0.96678066
4434,-0.96658432
4435,-0.96638745
4436,-0.96618998
4437,-0.96599191
4438,-0.96579331
4439,-0.96559417
4440,-0.96539450
4441,-0.96519417
4442,-0.96499330
4443,-0.96479183
4444,-0.96458983
4445,-0.96438724
4446,-0.96418411
4447,-0.96398038
4448,-0.96377611
4449,-0.96357125
4450,-0.96336585
4451,-0.96315986
4452,-0.96295327
4453,-0.96274620
4454,-0.96253848
4455,-0.96233022
4456,-0.96212143
4457,-0.96191204
4458,-0.96170211
4459,-0.96149158
4460,-0.96128052
4461,-0.96106887
4462,-0.96085668
4463,-0.96064389
4464,-0.96043056
4465,-0.96021664
4466,-0.96000218
4467,-0.95978713
4468,-0.95957154
4469,-0.95935535
4470,-0.95913863
4471,-0.95892137
4472,-0.95870352
4473,-0.95848507
4474,-0.95826608
4475,-0.95804656
4476,-0.95782644
4477,-0.95760578
4478,-0.95738453
4479,-0.95716274
4480,-0.95694035
4481,-0.95671743
4482,-0.95649391
4483,-0.95626986
4484,-0.95604527
4485,-0.95582008
4486,-0.95559436
4487,-0.95536804
4488,-0.95514119
4489,-0.95491374
4490,-0.95468575
4491,-0.95445722
4492,-0.95422810
4493,-0.95399845
4494,-0.95376819
4495,-0.95353740
4496,-0.95330602
4497,-0.95307410
4498,-0.95284164
4499,-0.95260859
4500,-0.95237499
4501,-0.95214087
4502,-0.95190614
4503,-0.95167083
4504,-0.95143503
4505,-0.95119864
4506,-0.95096165
4507,-0.95072412
4508,-0.95048606
4509,-0.95024741
4510,-0.95000821
4511,-0.94976848
4512,-0.94952816
4513,-0.94928730
4514,-0.94904590
4515,-0.94880390
4516,-0.94856131
4517,-0.94831824
4518,-0.94807458
4519,-0.94783038
4520,-0.94758558
4521,-0.94734025
4522,-0.94709432
4523,-0.94684792
4524,-0.94660091
4525,-0.94635332
4526,-0.94610518
4527,-0.94585651
4528,-0.94560730
4529,-0.94535750
4530,-0.94510716
4531,-0.94485629
4532,-0.94460481
4533,-0.94435281
4534,-0.94410020
4535,-0.94384712
4536,-0.94359344
4537,-0.94333917
4538,-0.94308442
4539,-0.94282907
4540,-0.94257319
4541,-0.94231671
4542,-0.94205970
4543,-0.94180214
4544,-0.94154406
4545,-0.94128537
4546,-0.94102615
4547,-0.94076633
4548,-0.94050604
4549,-0.94024515
4550,-0.93998379
4551,-0.93972182
4552,-0.93945926
4553,-0.93919617
4554,-0.93893254
4555,-0.93866831
4556,-0.93840355
4557,-0.93813825
4558,-0.93787241
4559,-0.93760598
4560,-0.93733907
4561,-0.93707156
4562,-0.93680346
4563,-0.93653488
4564,-0.93626571
4565,-0.93599600
4566,-0.93572569
4567,-0.93545491
4568,-0.93518353
4569,-0.93491161
4570,-0.93463916
4571,-0.93436617
4572,-0.93409258
4573,-0.93381846
4574,-0.93354380
4575,-0.93326861
4576,-0.93299282
4577,-0.93271649
4578,-0.93243963
4579,-0.93216223
4580,-0.93188429
4581,-0.93160576
4582,-0.93132675
4583,-0.93104714
4584,-0.93076700
4585,-0.93048626
4586,-0.93020505
4587,-0.92992324
4588,-0.92964089
4589,-0.92935801
4590,-0.92907459
4591,-0.92879063
4592,-0.92850608
4593,-0.92822105
4594,-0.92793542
4595,-0.92764926
4596,-0.92736256
4597,-0.92707527
4598,-0.92678750
4599,-0.92649913
4600,-0.92621022
4601,-0.92592078
4602,-0.92563081
4603,-0.92534029
4604,-0.92504925
4605,-0.92475760
4606,-0.92446548
4607,-0.92417276
4608,-0.92387950
4609,-0.92358571
4610,-0.92329139
4611,-0.92299652
4612,-0.92270112
4613,-0.92240518
4614,-0.92210865
4615,-0.92181164
4616,-0.92151403
4617,-0.92121589
4618,-0.92091721
4619,-0.92061800
4620,-0.92031825
4621,-0.92001796
4622,-0.91971713
4623,-0.91941577
4624,-0.91911381
4625,-0.91881138
4626,-0.91850835
4627,-0.91820484
4628,-0.91790074
4629,-0.91759616
4630,-0.91729099
4631,-0.91698527
4632,-0.91667902
4633,-0.91637224
4634,-0.91606492
4635,-0.91575706
4636,-0.91544867
4637,-0.91513973
4638,-0.91483027
4639,-0.91452026
4640,-0.91420972
4641,-0.91389865
4642,-0.91358703
4643,-0.91327482
4644,-0.91296214
4645,-0.91264892
4646,-0.91233516
4647,-0.91202086
4648,-0.91170597
4649,-0.91139060
4650,-0.91107470
4651,-0.91075826
4652,-0.91044122
4653,-0.91012371
4654,-0.90980566
4655,-0.90948707
4656,-0.90916795
4657,-0.90884829
4658,-0.90852809
4659,-0.90820742
4660,-0.90788615
4661,-0.90756434
4662,-0.90724200
4663,-0.90691918
4664,-0.90659577
4665,-0.90627182
4666,-0.90594733
4667,-0.90562236
4668,-0.90529680
4669,-0.90497071
4670,-0.90464413
4671,-0.90431702
4672,-0.90398932
4673,-0.90366113
4674,-0.90333241
4675,-0.90300316
4676,-0.90267336
4677,-0.90234303
4678,-0.90201217
4679,-0.90168077
4680,-0.90134889
4681,-0.90101641
4682,-0.90068346
4683,-0.90034997
4684,-0.90001589
4685,-0.89968133
4686,-0.89934629
4687,-0.89901066
4688,-0.89867449
4689,-0.89833778
4690,-0.89800060
4691,-0.89766288
4692,-0.89732462
4693,-0.89698583
4694,-0.89664650
4695,-0.89630663
4696,-0.89596629
4697,-0.89562535
4698,-0.89528394
4699,-0.89494199
4700,-0.89459950
4701,-0.89425647
4702,-0.89391297
4703,-0.89356887
4704,-0.89322430
4705,-0.89287919
4706,-0.89253354
4707,-0.89218742
4708,-0.89184070
4709,-0.89149350
4710,-0.89114577
4711,-0.89079750
4712,-0.89044875
4713,-0.89009941
4714,-0.88974959
4715,-0.88939923
4716,-0.88904834
4717,-0.88869697
4718,-0.88834500
4719,-0.88799256
4720,-0.88763964
4721,-0.88728613
4722,-0.88693213
4723,-0.88657755
4724,-0.88622254
4725,-0.88586694
4726,-0.88551086
4727,-0.88515425
4728,-0.88479710
4729,-0.88443941
4730,-0.88408124
4731,-0.88372254
4732,-0.88336331
4733,-0.88300359
4734,-0.88264334
4735,-0.88228256
4736,-0.88192123
4737,-0.88155943
4738,-0.88119709
4739,-0.88083422
4740,-0.88047087
4741,-0.88010699
4742,-0.87974256
4743,-0.87937766
4744,-0.87901217
4745,-0.87864625
4746,-0.87827975
4747,-0.87791276
4748,-0.87754524
4749,-0.87717724
4750,-0.87680870
4751,-0.87643963
4752,-0.87607008
4753,-0.87569994
4754,-0.87532938
4755,-0.87495822
4756,-0.87458658
4757,-0.87421447
4758,-0.87384182
4759,-0.87346864
4760,-0.87309492
4761,-0.87272072
4762,-0.87234598
4763,-0.87197077
4764,-0.87159503
4765,-0.87121880
4766,-0.87084198
4767,-0.87046474
4768,-0.87008691
4769,-0.86970872
4770,-0.86932993
4771,-0.86895061
4772,-0.86857074
4773,-0.86819041
4774,-0.86780953
4775,-0.86742818
4776,-0.86704630
4777,-0.86666393
4778,-0.86628103
4779,-0.86589760
4780,-0.86551368
4781,-0.86512923
4782,-0.86474431
4783,-0.86435884
4784,-0.86397290
4785,-0.86358643
4786,-0.86319947
4787,-0.86281198
4788,-0.86242402
4789,-0.86203551
4790,-0.86164647
4791,-0.86125702
4792,-0.86086696
4793,-0.86047643
4794,-0.86008543
4795,-0.85969388
4796,-0.85930187
4797,-0.85890931
4798,-0.85851628
4799,-0.85812271
4800,-0.85772866
4801,-0.85733408
4802,-0.85693902
4803,-0.85654342
4804,-0.85614735
4805,-0.85575074
4806,-0.85535371
4807,-0.85495609
4808,-0.85455799
4809,-0.85415941
4810,-0.85376030
4811,-0.85336071
4812,-0.85296065
4813,-0.85256004
4814,-0.85215890
4815,-0.85175729
4816,-0.85135520
4817,-0.85095257
4818,-0.85054946
4819,-0.85014588
4820,-0.84974176
4821,-0.84933716
4822,-0.84893203
4823,-0.84852648
4824,-0.84812033
4825,-0.84771377
4826,-0.84730661
4827,-0.84689903
4828,-0.84649092
4829,-0.84608233
4830,-0.84567326
4831,-0.84526366
4832,-0.84485358
4833,-0.84444296
4834,-0.84403187
4835,-0.84362030
4836,-0.84320825
4837,-0.84279567
4838,-0.84238261
4839,-0.84196901
4840,-0.84155494
4841,-0.84114039
4842,-0.84072536
4843,-0.84030980
4844,-0.83989376
4845,-0.83947724
4846,-0.83906019
4847,-0.83864272
4848,-0.83822465
4849,-0.83780617
4850,-0.83738714
4851,-0.83696771
4852,-0.83654767
4853,-0.83612722
4854,-0.83570623
4855,-0.83528477
4856,-0.83486283
4857,-0.83444041
4858,-0.83401746
4859,-0.83359402
4860,-0.83317012
4861,-0.83274573
4862,-0.83232081
4863,-0.83189541
4864,-0.83146954
4865,-0.83104318
4866,-0.83061635
4867,-0.83018899
4868,-0.82976121
4869,-0.82933289
4870,-0.82890403
4871,-0.82847476
4872,-0.82804501
4873,-0.82761472
4874,-0.82718396
4875,-0.82675272
4876,-0.82632101
4877,-0.82588881
4878,-0.82545620
4879,-0.82502306
4880,-0.82458937
4881,-0.82415521
4882,-0.82372057
4883,-0.82328546
4884,-0.82284987
4885,-0.82241374
4886,-0.82197720
4887,-0.82154012
4888,-0.82110256
4889,-0.82066453
4890,-0.82022601
4891,-0.81978703
4892,-0.81934756
4893,-0.81890762
4894,-0.81846720
4895,-0.81802624
4896,-0.81758487
4897,-0.81714296
4898,-0.81670064
4899,-0.81625777
4900,-0.81581444
4901,-0.81537068
4902,-0.81492639
4903,-0.81448162
4904,-0.81403637
4905,-0.81359065
4906,-0.81314445
4907,-0.81269777
4908,-0.81225061
4909,-0.81180298
4910,-0.81135488
4911,-0.81090629
4912,-0.81045723
4913,-0.81000769
4914,-0.80955768
4915,-0.80910718
4916,-0.80865622
4917,-0.80820477
4918,-0.80775285
4919,-0.80730045
4920,-0.80684757
4921,-0.80639422
4922,-0.80594039
4923,-0.80548608
4924,-0.80503136
4925,-0.80457610
4926,-0.80412036
4927,-0.80366421
4928,-0.80320752
4929,-0.80275041
4930,-0.80229282
4931,-0.80183470
4932,-0.80137616
4933,-0.80091715
4934,-0.80045766
4935,-0.79999769
4936,-0.79953724
4937,-0.79907638
4938,-0.79861498
4939,-0.79815316
4940,-0.79769081
4941,-0.79722804
4942,-0.79676479
4943,-0.79630107
4944,-0.79583687
4945,-0.79537225
4946,-0.79490709
4947,-0.79444152
4948,-0.79397547
4949,-0.79350895
4950,-0.79304194
4951,-0.79257447
4952,-0.79210657
4953,-0.79163814
4954,-0.79116929
4955,-0.79069996
4956,-0.79023021
4957,-0.78975993
4958,-0.78928924
4959,-0.78881806
4960,-0.78834641
4961,-0.78787428
4962,-0.78740174
4963,-0.78692865
4964,-0.78645515
4965,-0.78598124
4966,-0.78550678
4967,-0.78503191
4968,-0.78455657
4969,-0.78408074
4970,-0.78360444
4971,-0.78312773
4972,-0.78265053
4973,-0.78217292
4974,-0.78169477
4975,-0.78121620
4976,-0.78073716
4977,-0.78025770
4978,-0.77977771
4979,-0.77929729
4980,-0.77881646
4981,-0.77833509
4982,-0.77785331
4983,-0.77737111
4984,-0.77688837
4985,-0.77640522
4986,-0.77592164
4987,-0.77543753
4988,-0.77495319
4989,-0.77446818
4990,-0.77398276
4991,-0.77349687
4992,-0.77301055
4993,-0.77252370
4994,-0.77203649
4995,-0.77154875
4996,-0.77106059
4997,-0.77057195
4998,-0.77008289
4999,-0.76959336
5000,-0.76910341
5001,-0.76861298
5002,-0.76812208
5003,-0.76763076
5004,-0.76713896
5005,-0.76664674
5006,-0.76615405
5007,-0.76566088
5008,-0.76516730
5009,-0.76467329
5010,-0.76417881
5011,-0.76368386
5012,-0.76318848
5013,-0.76269263
5014,-0.76219636
5015,-0.76169962
5016,-0.76120239
5017,-0.76070482
5018,-0.76020670
5019,-0.75970817
5020,-0.75920922
5021,-0.75870979
5022,-0.75820994
5023,-0.75770962
5024,-0.75720888
5025,-0.75670767
5026,-0.75620604
5027,-0.75570393
5028,-0.75520140
5029,-0.75469840
5030,-0.75419497
5031,-0.75369114
5032,-0.75318682
5033,-0.75268203
5034,-0.75217688
5035,-0.75167120
5036,-0.75116515
5037,-0.75065863
5038,-0.75015163
5039,-0.74964422
5040,-0.74913639
5041,-0.74862808
5042,-0.74811935
5043,-0.74761021
5044,-0.74710059
5045,-0.74659055
5046,-0.74608004
5047,-0.74556917
5048,-0.74505776
5049,-0.74454600
5050,-0.74403375
5051,-0.74352103
5052,-0.74300796
5053,-0.74249440
5054,-0.74198037
5055,-0.74146599
5056,-0.74095112
5057,-0.74043578
5058,-0.73992008
5059,-0.73940390
5060,-0.73888731
5061,-0.73837024
5062,-0.73785281
5063,-0.73733491
5064,-0.73681653
5065,-0.73629779
5066,-0.73577857
5067,-0.73525894
5068,-0.73473883
5069,-0.73421836
5070,-0.73369741
5071,-0.73317605
5072,-0.73265421
5073,-0.73213202
5074,-0.73160934
5075,-0.73108625
5076,-0.73056275
5077,-0.73003876
5078,-0.72951436
5079,-0.72898960
5080,-0.72846431
5081,-0.72793865
5082,-0.72741258
5083,-0.72688603
5084,-0.72635907
5085,-0.72583169
5086,-0.72530389
5087,-0.72477567
5088,-0.72424704
5089,-0.72371793
5090,-0.72318840
5091,-0.72265846
5092,-0.72212809
5093,-0.72159731
5094,-0.72106612
5095,-0.72053450
5096,-0.72000241
5097,-0.71946996
5098,-0.71893722
5099,-0.71840388
5100,-0.71787012
5101,-0.71733594
5102,-0.71680135
5103,-0.71626633
5104,-0.71573091
5105,-0.71519506
5106,-0.71465874
5107,-0.71412206
5108,-0.71358496
5109,-0.71304739
5110,-0.71250945
5111,-0.71197104
5112,-0.71143228
5113,-0.71089303
5114,-0.71035343
5115,-0.70981336
5116,-0.70927286
5117,-0.70873201
5118,-0.70819068
5119,-0.70764899
5120,-0.70710683
5121,-0.70656431
5122,-0.70602131
5123,-0.70547795
5124,-0.70493412
5125,-0.70438993
5126,-0.70384526
5127,-0.70330024
5128,-0.70275480
5129,-0.70220894
5130,-0.70166266
5131,-0.70111591
5132,-0.70056885
5133,-0.70002133
5134,-0.69947338
5135,-0.69892502
5136,-0.69837630
5137,-0.69782710
5138,-0.69727755
5139,-0.69672757
5140,-0.69617712
5141,-0.69562632
5142,-0.69507515
5143,-0.69452351
5144,-0.69397146
5145,-0.69341904
5146,-0.69286621
5147,-0.69231296
5148,-0.69175929
5149,-0.69120520
5150,-0.69065070
5151,-0.69009584
5152,-0.68954057
5153,-0.68898487
5154,-0.68842876
5155,-0.68787223
5156,-0.68731534
5157,-0.68675804
5158,-0.68620032
5159,-0.68564218
5160,-0.68508363
5161,-0.68452471
5162,-0.68396538
5163,-0.68340564
5164,-0.68284553
5165,-0.68228501
5166,-0.68172407
5167,-0.68116271
5168,-0.68060100
5169,-0.68003881
5170,-0.67947632
5171,-0.67891335
5172,-0.67835003
5173,-0.67778629
5174,-0.67722213
5175,-0.67665762
5176,-0.67609268
5177,-0.67552733
5178,-0.67496163
5179,-0.67439550
5180,-0.67382896
5181,-0.67326206
5182,-0.67269474
5183,-0.67212701
5184,-0.67155892
5185,-0.67099041
5186,-0.67042148
5187,-0.66985220
5188,-0.66928256
5189,-0.66871244
5190,-0.66814196
5191,-0.66757113
5192,-0.66699988
5193,-0.66642821
5194,-0.66585618
5195,-0.66528374
5196,-0.66471088
5197,-0.66413772
5198,-0.66356409
5199,-0.66299009
5200,-0.66241568
5201,-0.66184092
5202,-0.66126573
5203,-0.66069019
5204,-0.66011423
5205,-0.65953791
5206,-0.65896118
5207,-0.65838426
5208,-0.65780675
5209,-0.65722889
5210,-0.65665060
5211,-0.65607196
5212,-0.65549296
5213,-0.65491349
5214,-0.65433371
5215,-0.65375352
5216,-0.65317291
5217,-0.65259176
5218,-0.65201062
5219,-0.65142870
5220,-0.65084678
5221,-0.65026408
5222,-0.64968139
5223,-0.64909792
5224,-0.64851445
5225,-0.64793026
5226,-0.64734602
5227,-0.64676106
5228,-0.64617604
5229,-0.64559036
5230,-0.64500457
5231,-0.64441812
5232,-0.64383161
5233,-0.64324433
5234,-0.64265710
5235,-0.64206910
5236,-0.64148104
5237,-0.64089227
5238,-0.64030349
5239,-0.63971400
5240,-0.63912445
5241,-0.63853419
5242,-0.63794392
5243,-0.63735294
5244,-0.63676190
5245,-0.63617015
5246,-0.63557833
5247,-0.63498580
5248,-0.63439333
5249,-0.63380003
5250,-0.63320678
5251,-0.63261276
5252,-0.63201874
5253,-0.63142401
5254,-0.63082922
5255,-0.63023376
5256,-0.62963825
5257,-0.62904203
5258,-0.62844574
5259,-0.62784880
5260,-0.62725180
5261,-0.62665409
5262,-0.62605637
5263,-0.62545830
5264,-0.62485951
5265,-0.62426066
5266,-0.62366110
5267,-0.62306154
5268,-0.62246126
5269,-0.62186098
5270,-0.62125999
5271,-0.62065893
5272,-0.62005717
5273,-0.61945546
5274,-0.61885297
5275,-0.61825049
5276,-0.61764729
5277,-0.61704409
5278,-0.61644012
5279,-0.61583620
5280,-0.61523157
5281,-0.61462688
5282,-0.61402154
5283,-0.61341614
5284,-0.61281002
5285,-0.61220396
5286,-0.61159712
5287,-0.61099029
5288,-0.61038274
5289,-0.60977525
5290,-0.60916698
5291,-0.60855871
5292,-0.60794973
5293,-0.60734075
5294,-0.60673106
5295,-0.60612142
5296,-0.60551101
5297,-0.60490060
5298,-0.60428947
5299,-0.60367835
5300,-0.60306650
5301,-0.60245472
5302,-0.60184216
5303,-0.60122967
5304,-0.60061640
5305,-0.60000318
5306,-0.59938920
5307,-0.59877527
5308,-0.59816062
5309,-0.59754598
5310,-0.59693062
5311,-0.59631526
5312,-0.59569919
5313,-0.59508318
5314,-0.59446639
5315,-0.59384966
5316,-0.59323221
5317,-0.59261477
5318,-0.59199661
5319,-0.59137845
5320,-0.59075958
5321,-0.59014076
5322,-0.58952123
5323,-0.58890170
5324,-0.58828145
5325,-0.58766121
5326,-0.58704031
5327,-0.58641940
5328,-0.58579773
5329,-0.58517617
5330,-0.58455384
5331,-0.58393157
5332,-0.58330852
5333,-0.58268559
5334,-0.58206189
5335,-0.58143818
5336,-0.58081383
5337,-0.58018947
5338,-0.57956445
5339,-0.57893938
5340,-0.57831365
5341,-0.57768798
5342,-0.57706153
5343,-0.57643515
5344,-0.57580805
5345,-0.57518101
5346,-0.57455319
5347,-0.57392550
5348,-0.57329702
5349,-0.57266861
5350,-0.57203948
5351,-0.57141042
5352,-0.57078058
5353,-0.57015085
5354,-0.56952035
5355,-0.56888992
5356,-0.56825876
5357,-0.56762767
5358,-0.56699586
5359,-0.56636411
5360,-0.56573164
5361,-0.56509924
5362,-0.56446606
5363,-0.56383300
5364,-0.56319916
5365,-0.56256539
5366,-0.56193095
5367,-0.56129652
5368,-0.56066138
5369,-0.56002629
5370,-0.55939054
5371,-0.55875480
5372,-0.55811870
5373,-0.55748194
5374,-0.55684525
5375,-0.55620778
5376,-0.55557042
5377,-0.55493236
5378,-0.55429429
5379,-0.55365556
5380,-0.55301690
5381,-0.55237746
5382,-0.55173814
5383,-0.55109811
5384,-0.55045813
5385,-0.54981744
5386,-0.54917681
5387,-0.54853547
5388,-0.54789424
5389,-0.54725224
5390,-0.54661036
5391,-0.54596770
5392,-0.54532516
5393,-0.54468191
5394,-0.54403871
5395,-0.54339474
5396,-0.54275095
5397,-0.54210639
5398,-0.54146194
5399,-0.54081672
5400,-0.54017162
5401,-0.53952581
5402,-0.53888005
5403,-0.53823358
5404,-0.53758723
5405,-0.53694010
5406,-0.53629309
5407,-0.53564537
5408,-0.53499776
5409,-0.53434938
5410,-0.53370112
5411,-0.53305215
5412,-0.53240323
5413,-0.53175366
5414,-0.53110415
5415,-0.53045386
5416,-0.52980375
5417,-0.52915287
5418,-0.52850211
5419,-0.52785063
5420,-0.52719927
5421,-0.52654713
5422,-0.52589512
5423,-0.52524239
5424,-0.52458978
5425,-0.52393645
5426,-0.52328318
5427,-0.52262926
5428,-0.52197540
5429,-0.52132082
5430,-0.52066636
5431,-0.52001119
5432,-0.51935607
5433,-0.51870030
5434,-0.51804459
5435,-0.51738816
5436,-0.51673186
5437,-0.51607490
5438,-0.51541793
5439,-0.51476032
5440,-0.51410282
5441,-0.51344460
5442,-0.51278645
5443,-0.51212764
5444,-0.51146895
5445,-0.51080948
5446,-0.51015013
5447,-0.50949013
5448,-0.50883019
5449,-0.50816959
5450,-0.50750905
5451,-0.50684780
5452,-0.50618672
5453,-0.50552487
5454,-0.50486314
5455,-0.50420076
5456,-0.50353843
5457,-0.50287539
5458,-0.50221252
5459,-0.50154889
5460,-0.50088543
5461,-0.50022125
5462,-0.49955714
5463,-0.49889237
5464,-0.49822769
5465,-0.49756232
5466,-0.49689707
5467,-0.49623111
5468,-0.49556530
5469,-0.49489874
5470,-0.49423233
5471,-0.49356520
5472,-0.49289820
5473,-0.49223050
5474,-0.49156293
5475,-0.49089465
5476,-0.49022651
5477,-0.48955762
5478,-0.48888889
5479,-0.48821947
5480,-0.48755017
5481,-0.48688057
5482,-0.48621029
5483,-0.48554012
5484,-0.48486924
5485,-0.48419851
5486,-0.48352706
5487,-0.48285577
5488,-0.48218375
5489,-0.48151189
5490,-0.48083931
5491,-0.48016688
5492,-0.47949374
5493,-0.47882074
5494,-0.47814703
5495,-0.47747347
5496,-0.47679919
5497,-0.47612506
5498,-0.47545025
5499,-0.47477555
5500,-0.47410017
5501,-0.47342494
5502,-0.47274899
5503,-0.47207320
5504,-0.47139668
5505,-0.47072035
5506,-0.47004327
5507,-0.46936637
5508,-0.46868876
5509,-0.46801132
5510,-0.46733314
5511,-0.46665514
5512,-0.46597645
5513,-0.46529788
5514,-0.46461862
5515,-0.46393952
5516,-0.46325973
5517,-0.46258005
5518,-0.46189973
5519,-0.46121952
5520,-0.46053863
5521,-0.45985791
5522,-0.45917648
5523,-0.45849520
5524,-0.45781323
5525,-0.45713142
5526,-0.45644888
5527,-0.45576653
5528,-0.45508349
5529,-0.45440060
5530,-0.45371702
5531,-0.45303360
5532,-0.45234948
5533,-0.45166552
5534,-0.45098087
5535,-0.45029640
5536,-0.44961122
5537,-0.44892621
5538,-0.44824049
5539,-0.44755495
5540,-0.44686872
5541,-0.44618267
5542,-0.44549590
5543,-0.44480932
5544,-0.44412202
5545,-0.44343489
5546,-0.44274709
5547,-0.44205946
5548,-0.44137114
5549,-0.44068298
5550,-0.43999413
5551,-0.43930545
5552,-0.43861610
5553,-0.43792692
5554,-0.43723702
5555,-0.43654734
5556,-0.43585694
5557,-0.43516672
5558,-0.43447581
5559,-0.43378508
5560,-0.43309367
5561,-0.43240243
5562,-0.43171051
5563,-0.43101874
5564,-0.43032631
5565,-0.42963406
5566,-0.42894113
5567,-0.42824838
5568,-0.42755494
5569,-0.42686167
5570,-0.42616773
5571,-0.42547396
5572,-0.42477950
5573,-0.42408523
5574,-0.42339030
5575,-0.42269552
5576,-0.42200008
5577,-0.42130482
5578,-0.42060888
5579,-0.41991311
5580,-0.41921669
5581,-0.41852045
5582,-0.41782352
5583,-0.41712677
5584,-0.41642937
5585,-0.41573212
5586,-0.41503420
5587,-0.41433650
5588,-0.41363809
5589,-0.41293991
5590,-0.41224101
5591,-0.41154233
5592,-0.41084337
5593,-0.41014376
5594,-0.40944436
5595,-0.40874428
5596,-0.40804437
5597,-0.40734380
5598,-0.40664342
5599,-0.40594238
5600,-0.40524152
5601,-0.40453997
5602,-0.40383866
5603,-0.40313664
5604,-0.40243486
5605,-0.40173236
5606,-0.40103009
5607,-0.40032715
5608,-0.39962438
5609,-0.39892095
5610,-0.39821774
5611,-0.39751384
5612,-0.39681017
5613,-0.39610580
5614,-0.39540166
5615,-0.39469683
5616,-0.39399222
5617,-0.39328691
5618,-0.39258185
5619,-0.39187610
5620,-0.39117053
5621,-0.39046434
5622,-0.38975832
5623,-0.38905165
5624,-0.38834521
5625,-0.38763806
5626,-0.38693115
5627,-0.38622358
5628,-0.38551620
5629,-0.38480815
5630,-0.38410035
5631,-0.38339186
5632,-0.38268358
5633,-0.38197464
5634,-0.38126591
5635,-0.38055652
5636,-0.37984735
5637,-0.37913749
5638,-0.37842789
5639,-0.37771758
5640,-0.37700754
5641,-0.37629679
5642,-0.37558630
5643,-0.37487513
5644,-0.37416416
5645,-0.37345257
5646,-0.37274116
5647,-0.37202913
5648,-0.37131730
5649,-0.37060481
5650,-0.36989254
5651,-0.36917964
5652,-0.36846691
5653,-0.36775357
5654,-0.36704043
5655,-0.36632666
5656,-0.36561307
5657,-0.36489886
5658,-0.36418489
5659,-0.36347023
5660,-0.36275581
5661,-0.36204073
5662,-0.36132589
5663,-0.36061037
5664,-0.35989511
5665,-0.35917917
5666,-0.35846350
5667,-0.35774714
5668,-0.35703102
5669,-0.35631424
5670,-0.35559773
5671,-0.35488054
5672,-0.35416359
5673,-0.35344598
5674,-0.35272861
5675,-0.35201058
5676,-0.35129282
5677,-0.35057437
5678,-0.34985617
5679,-0.34913734
5680,-0.34841871
5681,-0.34769946
5682,-0.34698045
5683,-0.34626079
5684,-0.34554136
5685,-0.34482127
5686,-0.34410146
5687,-0.34338099
5688,-0.34266075
5689,-0.34193987
5690,-0.34121922
5691,-0.34049794
5692,-0.33977690
5693,-0.33905521
5694,-0.33833379
5695,-0.33761171
5696,-0.33688986
5697,-0.33616740
5698,-0.33544517
5699,-0.33472228
5700,-0.33399966
5701,-0.33327684
5702,-0.33255336
5703,-0.33183014
5704,-0.33110631
5705,-0.33038270
5706,-0.32965845
5707,-0.32893446
5708,-0.32820982
5709,-0.32748544
5710,-0.32676044
5711,-0.32603568
5712,-0.32531026
5713,-0.32458511
5714,-0.32385933
5715,-0.32313383
5716,-0.32240763
5717,-0.32168174
5718,-0.32095519
5719,-0.32022890
5720,-0.31950200
5721,-0.31877533
5722,-0.31804803
5723,-0.31732100
5724,-0.31659332
5725,-0.31586593
5726,-0.31513786
5727,-0.31441009
5728,-0.31368169
5729,-0.31295353
5730,-0.31222475
5731,-0.31149623
5732,-0.31076708
5733,-0.31003821
5734,-0.30930868
5735,-0.30857944
5736,-0.30784956
5737,-0.30711997
5738,-0.30638972
5739,-0.30565974
5740,-0.30492914
5741,-0.30419883
5742,-0.30346787
5743,-0.30273718
5744,-0.30200586
5745,-0.30127481
5746,-0.30054316
5747,-0.29981175
5748,-0.29907972
5749,-0.29834798
5750,-0.29761562
5751,-0.29688349
5752,-0.29615077
5753,-0.29541832
5754,-0.29468527
5755,-0.29395247
5756,-0.29321906
5757,-0.29248592
5758,-0.29175213
5759,-0.29101866
5760,-0.29028454
5761,-0.28955072
5762,-0.28881627
5763,-0.28808212
5764,-0.28734732
5765,-0.28661284
5766,-0.28587770
5767,-0.28514287
5768,-0.28440741
5769,-0.28367221
5770,-0.28293642
5771,-0.28220093
5772,-0.28146479
5773,-0.28072894
5774,-0.27999249
5775,-0.27925631
5776,-0.27851954
5777,-0.27778304
5778,-0.27704591
5779,-0.27630910
5780,-0.27557164
5781,-0.27483451
5782,-0.27409673
5783,-0.27335927
5784,-0.27262118
5785,-0.27188340
5786,-0.27114499
5787,-0.27040687
5788,-0.26966813
5789,-0.26892972
5790,-0.26819068
5791,-0.26745191
5792,-0.26671258
5793,-0.26597351
5794,-0.26523384
5795,-0.26449445
5796,-0.26375449
5797,-0.26301479
5798,-0.26227450
5799,-0.26153451
5800,-0.26079389
5801,-0.26005360
5802,-0.25931269
5803,-0.25857210
5804,-0.25783089
5805,-0.25708997
5806,-0.25634846
5807,-0.25560725
5808,-0.25486544
5809,-0.25412393
5810,-0.25338227
5811,-0.25264001
5812,-0.25189805
5813,-0.25115547
5814,-0.25041324
5815,-0.24967037
5816,-0.24892782
5817,-0.24818467
5818,-0.24744183
5819,-0.24669839
5820,-0.24595526
5821,-0.24521153
5822,-0.24446811
5823,-0.24372408
5824,-0.24298038
5825,-0.24223608
5826,-0.24149208
5827,-0.24074748
5828,-0.24000321
5829,-0.23925833
5830,-0.23851378
5831,-0.23776862
5832,-0.23702379
5833,-0.23627836
5834,-0.23553324
5835,-0.23478752
5836,-0.23404214
5837,-0.23329614
5838,-0.23255047
5839,-0.23180421
5840,-0.23105827
5841,-0.23031174
5842,-0.22956553
5843,-0.22881871
5844,-0.22807224
5845,-0.22732517
5846,-0.22657841
5847,-0.22583108
5848,-0.22508407
5849,-0.22433646
5850,-0.22358918
5851,-0.22284131
5852,-0.22209376
5853,-0.22134563
5854,-0.22059783
5855,-0.21984944
5856,-0.21910137
5857,-0.21835272
5858,-0.21760440
5859,-0.21685550
5860,-0.21610692
5861,-0.21535777
5862,-0.21460894
5863,-0.21385951
5864,-0.21311043
5865,-0.21236077
5866,-0.21161143
5867,-0.21086152
5868,-0.21011195
5869,-0.20936178
5870,-0.20861195
5871,-0.20786154
5872,-0.20711148
5873,-0.20636082
5874,-0.20561051
5875,-0.20485961
5876,-0.20410906
5877,-0.20335792
5878,-0.20260713
5879,-0.20185575
5880,-0.20110472
5881,-0.20035310
5882,-0.19960184
5883,-0.19884999
5884,-0.19809848
5885,-0.19734640
5886,-0.19659467
5887,-0.19584236
5888,-0.19509038
5889,-0.19433784
5890,-0.19358565
5891,-0.19283287
5892,-0.19208045
5893,-0.19132745
5894,-0.19057481
5895,-0.18982159
5896,-0.18906872
5897,-0.18831527
5898,-0.18756217
5899,-0.18680851
5900,-0.18605520
5901,-0.18530130
5902,-0.18454777
5903,-0.18379366
5904,-0.18303992
5905,-0.18228559
5906,-0.18153164
5907,-0.18077710
5908,-0.18002293
5909,-0.17926818
5910,-0.17851380
5911,-0.17775883
5912,-0.17700423
5913,-0.17624907
5914,-0.17549427
5915,-0.17473888
5916,-0.17398389
5917,-0.17322829
5918,-0.17247309
5919,-0.17171730
5920,-0.17096189
5921,-0.17020637
5922,-0.16945028
5923,-0.16869457
5924,-0.16793829
5925,-0.16718237
5926,-0.16642588
5927,-0.16566978
5928,-0.16491310
5929,-0.16415679
5930,-0.16339992
5931,-0.16264343
5932,-0.16188636
5933,-0.16112968
5934,-0.16037242
5935,-0.15961555
5936,-0.15885811
5937,-0.15810104
5938,-0.15734342
5939,-0.15658617
5940,-0.15582836
5941,-0.15507092
5942,-0.15431292
5943,-0.15355530
5944,-0.15279713
5945,-0.15203933
5946,-0.15128098
5947,-0.15052301
5948,-0.14976448
5949,-0.14900632
5950,-0.14824761
5951,-0.14748929
5952,-0.14673041
5953,-0.14597191
5954,-0.14521284
5955,-0.14445418
5956,-0.14369495
5957,-0.14293611
5958,-0.14217672
5959,-0.14141771
5960,-0.14065816
5961,-0.13989899
5962,-0.13913925
5963,-0.13837992
5964,-0.13762003
5965,-0.13686052
5966,-0.13610047
5967,-0.13534081
5968,-0.13458060
5969,-0.13382079
5970,-0.13306041
5971,-0.13230044
5972,-0.13153991
5973,-0.13077979
5974,-0.13001910
5975,-0.12925883
5976,-0.12849799
5977,-0.12773755
5978,-0.12697656
5979,-0.12621598
5980,-0.12545486
5981,-0.12469412
5982,-0.12393284
5983,-0.12317196
5984,-0.12241054
5985,-0.12164951
5986,-0.12088794
5987,-0.12012678
5988,-0.11936507
5989,-0.11860376
5990,-0.11784191
5991,-0.11708046
5992,-0.11631847
5993,-0.11555689
5994,-0.11479477
5995,-0.11403304
5996,-0.11327079
5997,-0.11250893
5998,-0.11174654
5999,-0.11098456
6000,-0.11022203
6001,-0.10945992
6002,-0.10869727
6003,-0.10793502
6004,-0.10717224
6005,-0.10640987
6006,-0.10564697
6007,-0.10488448
6008,-0.10412144
6009,-0.10335883
6010,-0.10259567
6011,-0.10183293
6012,-0.10106966
6013,-0.10030680
6014,-0.09954342
6015,-0.09878044
6016,-0.09801693
6017,-0.09725384
6018,-0.09649022
6019,-0.09572701
6020,-0.09496327
6021,-0.09419996
6022,-0.09343611
6023,-0.09267268
6024,-0.09190873
6025,-0.09114520
6026,-0.09038113
6027,-0.08961749
6028,-0.08885331
6029,-0.08808957
6030,-0.08732577
6031,-0.08656144
6032,-0.08579754
6033,-0.08503312
6034,-0.08426911
6035,-0.08350459
6036,-0.08274049
6037,-0.08197586
6038,-0.08121166
6039,-0.08044694
6040,-0.07968265
6041,-0.07891784
6042,-0.07815345
6043,-0.07738855
6044,-0.07662407
6045,-0.07585907
6046,-0.07509450
6047,-0.07432941
6048,-0.07356476
6049,-0.07279959
6050,-0.07203484
6051,-0.07126959
6052,-0.07050476
6053,-0.06973942
6054,-0.06897451
6055,-0.06820909
6056,-0.06744410
6057,-0.06667860
6058,-0.06591353
6059,-0.06514794
6060,-0.06438280
6061,-0.06361714
6062,-0.06285192
6063,-0.06208619
6064,-0.06132090
6065,-0.06055509
6066,-0.05978973
6067,-0.05902385
6068,-0.05825842
6069,-0.05749247
6070,-0.05672697
6071,-0.05596096
6072,-0.05519539
6073,-0.05442931
6074,-0.05366368
6075,-0.05289754
6076,-0.05213184
6077,-0.05136564
6078,-0.05059988
6079,-0.04983362
6080,-0.04906780
6081,-0.04830148
6082,-0.04753561
6083,-0.04676923
6084,-0.04600330
6085,-0.04523687
6086,-0.04447089
6087,-0.04370440
6088,-0.04293837
6089,-0.04217183
6090,-0.04140574
6091,-0.04063916
6092,-0.03987303
6093,-0.03910640
6094,-0.03834022
6095,-0.03757354
6096,-0.03680731
6097,-0.03604059
6098,-0.03527433
6099,-0.03450756
6100,-0.03374125
6101,-0.03297445
6102,-0.03220810
6103,-0.03144126
6104,-0.03067488
6105,-0.02990800
6106,-0.02914158
6107,-0.02837467
6108,-0.02760821
6109,-0.02684127
6110,-0.02607478
6111,-0.02530780
6112,-0.02454129
6113,-0.02377428
6114,-0.02300774
6115,-0.02224070
6116,-0.02147413
6117,-0.02070707
6118,-0.01994047
6119,-0.01917339
6120,-0.01840677
6121,-0.01763966
6122,-0.01687302
6123,-0.01610590
6124,-0.01533924
6125,-0.01457209
6126,-0.01380542
6127,-0.01303825
6128,-0.01227156
6129,-0.01150438
6130,-0.01073768
6131,-0.00997049
6132,-0.00920377
6133,-0.00843657
6134,-0.00766984
6135,-0.00690263
6136,-0.00613589
6137,-0.00536867
6138,-0.00460193
6139,-0.00383518
6140,-0.00306795
6141,-0.00230120
6142,-0.00153397
6143,-0.00076722
6144,0.00000001
6145,0.00076677
6146,0.00153400
6147,0.00230075
6148,0.00306798
6149,0.00383473
6150,0.00460195
6151,0.00536870
6152,0.00613591
6153,0.00690265
6154,0.00766986
6155,0.00843659
6156,0.00920379
6157,0.00997051
6158,0.01073770
6159,0.01150441
6160,0.01227158
6161,0.01303828
6162,0.01380544
6163,0.01457212
6164,0.01533926
6165,0.01610592
6166,0.01687305
6167,0.01763969
6168,0.01840679
6169,0.01917341
6170,0.01994050
6171,0.02070709
6172,0.02147415
6173,0.02224072
6174,0.02300776
6175,0.02377430
6176,0.02454131
6177,0.02530783
6178,0.02607480
6179,0.02684129
6180,0.02760824
6181,0.02837469
6182,0.02914160
6183,0.02990802
6184,0.03067490
6185,0.03144129
6186,0.03220813
6187,0.03297447
6188,0.03374128
6189,0.03450759
6190,0.03527435
6191,0.03604062
6192,0.03680734
6193,0.03757356
6194,0.03834024
6195,0.03910642
6196,0.03987305
6197,0.04063918
6198,0.04140577
6199,0.04217185
6200,0.04293839
6201,0.04370442
6202,0.04447091
6203,0.04523689
6204,0.04600332
6205,0.04676925
6206,0.04753563
6207,0.04830150
6208,0.04906783
6209,0.04983364
6210,0.05059990
6211,0.05136566
6212,0.05213187
6213,0.05289756
6214,0.05366370
6215,0.05442933
6216,0.05519541
6217,0.05596098
6218,0.05672699
6219,0.05749250
6220,0.05825844
6221,0.05902388
6222,0.05978975
6223,0.06055512
6224,0.06132092
6225,0.06208621
6226,0.06285195
6227,0.06361717
6228,0.06438283
6229,0.06514797
6230,0.06591355
6231,0.06667862
6232,0.06744412
6233,0.06820911
6234,0.06897453
6235,0.06973945
6236,0.07050478
6237,0.07126961
6238,0.07203487
6239,0.07279961
6240,0.07356478
6241,0.07432944
6242,0.07509453
6243,0.07585909
6244,0.07662409
6245,0.07738857
6246,0.07815348
6247,0.07891786
6248,0.07968268
6249,0.08044697
6250,0.08121122
6251,0.08197588
6252,0.08274004
6253,0.08350461
6254,0.08426866
6255,0.08503314
6256,0.08579709
6257,0.08656147
6258,0.08732532
6259,0.08808959
6260,0.08885334
6261,0.08961751
6262,0.09038115
6263,0.09114522
6264,0.09190875
6265,0.09267271
6266,0.09343614
6267,0.09419999
6268,0.09496330
6269,0.09572703
6270,0.09649024
6271,0.09725387
6272,0.09801695
6273,0.09878046
6274,0.09954344
6275,0.10030683
6276,0.10106969
6277,0.10183296
6278,0.10259569
6279,0.10335885
6280,0.10412147
6281,0.10488450
6282,0.10564699
6283,0.10640989
6284,0.10717227
6285,0.10793505
6286,0.10869729
6287,0.10945994
6288,0.11022206
6289,0.11098458
6290,0.11174656
6291,0.11250896
6292,0.11327081
6293,0.11403307
6294,0.11479479
6295,0.11555691
6296,0.11631849
6297,0.11708049
6298,0.11784193
6299,0.11860378
6300,0.11936509
6301,0.12012680
6302,0.12088796
6303,0.12164953
6304,0.12241056
6305,0.12317199
6306,0.12393286
6307,0.12469415
6308,0.12545487
6309,0.12621601
6310,0.12697659
6311,0.12773758
6312,0.12849802
6313,0.12925884
6314,0.13001913
6315,0.13077980
6316,0.13153994
6317,0.13230047
6318,0.13306044
6319,0.13382080
6320,0.13458063
6321,0.13534084
6322,0.13610050
6323,0.13686055
6324,0.13762005
6325,0.13837995
6326,0.13913928
6327,0.13989900
6328,0.14065817
6329,0.14141774
6330,0.14217675
6331,0.14293614
6332,0.14369498
6333,0.14445421
6334,0.14521287
6335,0.14597192
6336,0.14673042
6337,0.14748931
6338,0.14824763
6339,0.14900635
6340,0.14976449
6341,0.15052304
6342,0.15128100
6343,0.15203936
6344,0.15279716
6345,0.15355533
6346,0.15431295
6347,0.15507095
6348,0.15582837
6349,0.15658619
6350,0.15734343
6351,0.15810107
6352,0.15885814
6353,0.15961558
6354,0.16037245
6355,0.16112970
6356,0.16188639
6357,0.16264345
6358,0.16339995
6359,0.16415635
6360,0.16491312
6361,0.16566934
6362,0.16642591
6363,0.16718192
6364,0.16793831
6365,0.16869412
6366,0.16945031
6367,0.17020592
6368,0.17096192
6369,0.17171733
6370,0.17247310
6371,0.17322832
6372,0.17398390
6373,0.17473891
6374,0.17549428
6375,0.17624909
6376,0.17700426
6377,0.17775886
6378,0.17851381
6379,0.17926820
6380,0.18002295
6381,0.18077712
6382,0.18153165
6383,0.18228562
6384,0.18303995
6385,0.18379369
6386,0.18454780
6387,0.18530133
6388,0.18605521
6389,0.18680853
6390,0.18756220
6391,0.18831529
6392,0.18906873
6393,0.18982160
6394,0.19057482
6395,0.19132748
6396,0.19208048
6397,0.19283290
6398,0.19358568
6399,0.19433786
6400,0.19509041
6401,0.19584237
6402,0.19659469
6403,0.19734642
6404,0.19809851
6405,0.19885001
6406,0.19960186
6407,0.20035313
6408,0.20110475
6409,0.20185578
6410,0.20260715
6411,0.20335793
6412,0.20410909
6413,0.20485963
6414,0.20561053
6415,0.20636085
6416,0.20711149
6417,0.20786157
6418,0.20861198
6419,0.20936181
6420,0.21011198
6421,0.21086155
6422,0.21161146
6423,0.21236078
6424,0.21311046
6425,0.21385954
6426,0.21460895
6427,0.21535778
6428,0.21610695
6429,0.21685551
6430,0.21760443
6431,0.21835275
6432,0.21910140
6433,0.21984945
6434,0.22059785
6435,0.22134565
6436,0.22209379
6437,0.22284132
6438,0.22358920
6439,0.22433648
6440,0.22508408
6441,0.22583109
6442,0.22657844
6443,0.22732519
6444,0.22807227
6445,0.22881874
6446,0.22956555
6447,0.23031177
6448,0.23105830
6449,0.23180424
6450,0.23255050
6451,0.23329617
6452,0.23404215
6453,0.23478755
6454,0.23553327
6455,0.23627837
6456,0.23702382
6457,0.23776865
6458,0.23851381
6459,0.23925836
6460,0.24000324
6461,0.24074751
6462,0.24149211
6463,0.24223609
6464,0.24298041
6465,0.24372411
6466,0.24446814
6467,0.24521154
6468,0.24595483
6469,0.24669841
6470,0.24744140
6471,0.24818470
6472,0.24892738
6473,0.24967039
6474,0.25041279
6475,0.25115550
6476,0.25189760
6477,0.25264001
6478,0.25338182
6479,0.25412396
6480,0.25486547
6481,0.25560728
6482,0.25634849
6483,0.25709000
6484,0.25783092
6485,0.25857213
6486,0.25931272
6487,0.26005363
6488,0.26079392
6489,0.26153454
6490,0.26227453
6491,0.26301482
6492,0.26375449
6493,0.26449448
6494,0.26523384
6495,0.26597354
6496,0.26671258
6497,0.26745194
6498,0.26819068
6499,0.26892975
6500,0.26966816
6501,0.27040690
6502,0.27114502
6503,0.27188340
6504,0.27262121
6505,0.27335930
6506,0.27409676
6507,0.27483451
6508,0.27557167
6509,0.27630913
6510,0.27704594
6511,0.27778307
6512,0.27851954
6513,0.27925634
6514,0.27999252
6515,0.28072897
6516,0.28146482
6517,0.28220093
6518,0.28293645
6519,0.28367224
6520,0.28440741
6521,0.28514287
6522,0.28587773
6523,0.28661284
6524,0.28734735
6525,0.28808215
6526,0.28881630
6527,0.28955075
6528,0.29028457
6529,0.29101869
6530,0.29175216
6531,0.29248592
6532,0.29321906
6533,0.29395249
6534,0.29468527
6535,0.29541835
6536,0.29615080
6537,0.29688352
6538,0.29761562
6539,0.29834801
6540,0.29907975
6541,0.29981178
6542,0.30054316
6543,0.30127484
6544,0.30200589
6545,0.30273721
6546,0.30346787
6547,0.30419883
6548,0.30492917
6549,0.30565977
6550,0.30638975
6551,0.30712000
6552,0.30784959
6553,0.30857947
6554,0.30930871
6555,0.31003824
6556,0.31076711
6557,0.31149626
6558,0.31222478
6559,0.31295356
6560,0.31368169
6561,0.31441012
6562,0.31513789
6563,0.31586593
6564,0.31659335
6565,0.31732103
6566,0.31804806
6567,0.31877536
6568,0.31950203
6569,0.32022893
6570,0.32095522
6571,0.32168177
6572,0.32240766
6573,0.32313383
6574,0.32385936
6575,0.32458514
6576,0.32531029
6577,0.32603523
6578,0.32676044
6579,0.32748502
6580,0.32820985
6581,0.32893404
6582,0.32965848
6583,0.33038226
6584,0.33110633
6585,0.33182973
6586,0.33255339
6587,0.33327639
6588,0.33399966
6589,0.33472231
6590,0.33544517
6591,0.33616740
6592,0.33688989
6593,0.33761171
6594,0.33833382
6595,0.33905524
6596,0.33977693
6597,0.34049797
6598,0.34121925
6599,0.34193987
6600,0.34266075
6601,0.34338099
6602,0.34410149
6603,0.34482130
6604,0.34554139
6605,0.34626082
6606,0.34698048
6607,0.34769949
6608,0.34841874
6609,0.34913734
6610,0.34985620
6611,0.35057440
6612,0.35129282
6613,0.35201061
6614,0.35272864
6615,0.35344601
6616,0.35416362
6617,0.35488054
6618,0.35559773
6619,0.35631427
6620,0.35703105
6621,0.35774717
6622,0.35846353
6623,0.35917920
6624,0.35989514
6625,0.36061040
6626,0.36132592
6627,0.36204076
6628,0.36275584
6629,0.36347026
6630,0.36418489
6631,0.36489889
6632,0.36561310
6633,0.36632666
6634,0.36704046
6635,0.36775360
6636,0.36846694
6637,0.36917964
6638,0.36989257
6639,0.37060484
6640,0.37131733
6641,0.37202916
6642,0.37274119
6643,0.37345257
6644,0.37416419
6645,0.37487516
6646,0.37558633
6647,0.37629682
6648,0.37700754
6649,0.37771761
6650,0.37842789
6651,0.37913752
6652,0.37984735
6653,0.38055652
6654,0.38126594
6655,0.38197464
6656,0.38268360
6657,0.38339186
6658,0.38410035
6659,0.38480818
6660,0.38551623
6661,0.38622358
6662,0.38693118
6663,0.38763809
6664,0.38834521
6665,0.38905168
6666,0.38975835
6667,0.39046437
6668,0.39117056
6669,0.39187610
6670,0.39258185
6671,0.39328694
6672,0.39399222
6673,0.39469686
6674,0.39540169
6675,0.39610583
6676,0.39681017
6677,0.39751387
6678,0.39821777
6679,0.39892098
6680,0.39962441
6681,0.40032715
6682,0.40103009
6683,0.40173239
6684,0.40243486
6685,0.40313667
6686,0.40383866
6687,0.40454000
6688,0.40524110
6689,0.40594238
6690,0.40664300
6691,0.40734380
6692,0.40804395
6693,0.40874428
6694,0.40944394
6695,0.41014379
6696,0.41084298
6697,0.41154233
6698,0.41224104
6699,0.41293991
6700,0.41363811
6701,0.41433653
6702,0.41503423
6703,0.41573215
6704,0.41642937
6705,0.41712680
6706,0.41782352
6707,0.41852048
6708,0.41921672
6709,0.41991314
6710,0.42060891
6711,0.42130485
6712,0.42200011
6713,0.42269555
6714,0.42339030
6715,0.42408526
6716,0.42477953
6717,0.42547396
6718,0.42616773
6719,0.42686167
6720,0.42755494
6721,0.42824838
6722,0.42894116
6723,0.42963409
6724,0.43032634
6725,0.43101877
6726,0.43171051
6727,0.43240243
6728,0.43309370
6729,0.43378511
6730,0.43447584
6731,0.43516675
6732,0.43585697
6733,0.43654734
6734,0.43723705
6735,0.43792692
6736,0.43861613
6737,0.43930548
6738,0.43999416
6739,0.44068301
6740,0.44137117
6741,0.44205949
6742,0.44274712
6743,0.44343492
6744,0.44412205
6745,0.44480932
6746,0.44549593
6747,0.44618267
6748,0.44686875
6749,0.44755498
6750,0.44824052
6751,0.44892624
6752,0.44961125
6753,0.45029643
6754,0.45098090
6755,0.45166555
6756,0.45234951
6757,0.45303363
6758,0.45371705
6759,0.45440063
6760,0.45508352
6761,0.45576656
6762,0.45644891
6763,0.45713142
6764,0.45781323
6765,0.45849520
6766,0.45917648
6767,0.45985791
6768,0.46053866
6769,0.46121955
6770,0.46189973
6771,0.46258008
6772,0.46325973
6773,0.46393955
6774,0.46461865
6775,0.46529791
6776,0.46597645
6777,0.46665516
6778,0.46733317
6779,0.46801132
6780,0.46868879
6781,0.46936640
6782,0.47004330
6783,0.47072035
6784,0.47139671
6785,0.47207320
6786,0.47274902
6787,0.47342494
6788,0.47410020
6789,0.47477558
6790,0.47545028
6791,0.47612509
6792,0.47679922
6793,0.47747350
6794,0.47814706
6795,0.47882074
6796,0.47949377
6797,0.48016647
6798,0.48083934
6799,0.48151150
6800,0.48218378
6801,0.48285538
6802,0.48352709
6803,0.48419812
6804,0.48486927
6805,0.48553970
6806,0.48621029
6807,0.48688018
6808,0.48755017
6809,0.48821950
6810,0.48888892
6811,0.48955765
6812,0.49022651
6813,0.49089468
6814,0.49156296
6815,0.49223053
6816,0.49289823
6817,0.49356523
6818,0.49423236
6819,0.49489877
6820,0.49556530
6821,0.49623114
6822,0.49689710
6823,0.49756235
6824,0.49822772
6825,0.49889240
6826,0.49955717
6827,0.50022125
6828,0.50088543
6829,0.50154895
6830,0.50221252
6831,0.50287545
6832,0.50353843
6833,0.50420076
6834,0.50486320
6835,0.50552487
6836,0.50618672
6837,0.50684786
6838,0.50750905
6839,0.50816959
6840,0.50883025
6841,0.50949013
6842,0.51015019
6843,0.51080948
6844,0.51146895
6845,0.51212764
6846,0.51278651
6847,0.51344460
6848,0.51410282
6849,0.51476038
6850,0.51541799
6851,0.51607490
6852,0.51673192
6853,0.51738822
6854,0.51804459
6855,0.51870030
6856,0.51935607
6857,0.52001119
6858,0.52066636
6859,0.52132082
6860,0.52197540
6861,0.52262926
6862,0.52328324
6863,0.52393645
6864,0.52458984
6865,0.52524245
6866,0.52589518
6867,0.52654719
6868,0.52719927
6869,0.52785063
6870,0.52850217
6871,0.52915293
6872,0.52980375
6873,0.53045392
6874,0.53110415
6875,0.53175366
6876,0.53240329
6877,0.53305215
6878,0.53370118
6879,0.53434944
6880,0.53499776
6881,0.53564543
6882,0.53629315
6883,0.53694016
6884,0.53758723
6885,0.53823364
6886,0.53888005
6887,0.53952581
6888,0.54017162
6889,0.54081672
6890,0.54146194
6891,0.54210639
6892,0.54275095
6893,0.54339480
6894,0.54403871
6895,0.54468191
6896,0.54532516
6897,0.54596770
6898,0.54661036
6899,0.54725224
6900,0.54789424
6901,0.54853553
6902,0.54917687
6903,0.54981750
6904,0.55045819
6905,0.55109817
6906,0.55173779
6907,0.55237752
6908,0.55301648
6909,0.55365556
6910,0.55429393
6911,0.55493236
6912,0.55557007
6913,0.55620784
6914,0.55684483
6915,0.55748194
6916,0.55811834
6917,0.55875480
6918,0.55939054
6919,0.56002635
6920,0.56066138
6921,0.56129652
6922,0.56193095
6923,0.56256545
6924,0.56319916
6925,0.56383300
6926,0.56446606
6927,0.56509924
6928,0.56573164
6929,0.56636411
6930,0.56699592
6931,0.56762773
6932,0.56825882
6933,0.56888998
6934,0.56952035
6935,0.57015085
6936,0.57078058
6937,0.57141042
6938,0.57203948
6939,0.57266861
6940,0.57329702
6941,0.57392550
6942,0.57455325
6943,0.57518101
6944,0.57580805
6945,0.57643515
6946,0.57706153
6947,0.57768798
6948,0.57831365
6949,0.57893944
6950,0.57956445
6951,0.58018953
6952,0.58081383
6953,0.58143824
6954,0.58206189
6955,0.58268559
6956,0.58330858
6957,0.58393157
6958,0.58455384
6959,0.58517617
6960,0.58579779
6961,0.58641940
6962,0.58704031
6963,0.58766127
6964,0.58828145
6965,0.58890170
6966,0.58952123
6967,0.59014082
6968,0.59075963
6969,0.59137851
6970,0.59199661
6971,0.59261477
6972,0.59323221
6973,0.59384972
6974,0.59446645
6975,0.59508318
6976,0.59569925
6977,0.59631532
6978,0.59693062
6979,0.59754598
6980,0.59816062
6981,0.59877533
6982,0.59938926
6983,0.60000318
6984,0.60061640
6985,0.60122967
6986,0.60184222
6987,0.60245472
6988,0.60306656
6989,0.60367841
6990,0.60428947
6991,0.60490060
6992,0.60551101
6993,0.60612142
6994,0.60673112
6995,0.60734081
6996,0.60794973
6997,0.60855871
6998,0.60916698
6999,0.60977525
7000,0.61038280
7001,0.61099035
7002,0.61159712
7003,0.61220396
7004,0.61281008
7005,0.61341619
7006,0.61402154
7007,0.61462694
7008,0.61523157
7009,0.61583626
7010,0.61644018
7011,0.61704409
7012,0.61764729
7013,0.61825049
7014,0.61885297
7015,0.61945546
7016,0.62005723
7017,0.62065858
7018,0.62125999
7019,0.62186062
7020,0.62246126
7021,0.62306118
7022,0.62366110
7023,0.62426031
7024,0.62485951
7025,0.62545794
7026,0.62605643
7027,0.62665415
7028,0.62725186
7029,0.62784880
7030,0.62844580
7031,0.62904203
7032,0.62963825
7033,0.63023376
7034,0.63082927
7035,0.63142401
7036,0.63201874
7037,0.63261276
7038,0.63320678
7039,0.63380009
7040,0.63439333
7041,0.63498586
7042,0.63557839
7043,0.63617015
7044,0.63676190
7045,0.63735294
7046,0.63794398
7047,0.63853425
7048,0.63912451
7049,0.63971400
7050,0.64030355
7051,0.64089233
7052,0.64148110
7053,0.64206910
7054,0.64265710
7055,0.64324439
7056,0.64383161
7057,0.64441812
7058,0.64500463
7059,0.64559036
7060,0.64617610
7061,0.64676106
7062,0.64734602
7063,0.64793026
7064,0.64851451
7065,0.64909792
7066,0.64968139
7067,0.65026408
7068,0.65084678
7069,0.65142870
7070,0.65201062
7071,0.65259176
7072,0.65317291
7073,0.65375334
7074,0.65433371
7075,0.65491337
7076,0.65549296
7077,0.65607184
7078,0.65665066
7079,0.65722871
7080,0.65780681
7081,0.65838414
7082,0.65896142
7083,0.65953797
7084,0.66011447
7085,0.66069025
7086,0.66126597
7087,0.66184092
7088,0.66241592
7089,0.66299009
7090,0.66356426
7091,0.66413772
7092,0.66471112
7093,0.66528374
7094,0.66585636
7095,0.66642821
7096,0.66700006
7097,0.66757113
7098,0.66814220
7099,0.66871250
7100,0.66928273
7101,0.66985226
7102,0.67042172
7103,0.67099041
7104,0.67155910
7105,0.67212701
7106,0.67269492
7107,0.67326206
7108,0.67382914
7109,0.67439550
7110,0.67496181
7111,0.67552733
7112,0.67609286
7113,0.67665762
7114,0.67722231
7115,0.67778629
7116,0.67835021
7117,0.67891335
7118,0.67947650
7119,0.68003887
7120,0.68060118
7121,0.68116271
7122,0.68172425
7123,0.68228501
7124,0.68284571
7125,0.68340570
7126,0.68396527
7127,0.68452477
7128,0.68508351
7129,0.68564218
7130,0.68620014
7131,0.68675804
7132,0.68731517
7133,0.68787229
7134,0.68842858
7135,0.68898487
7136,0.68954039
7137,0.69009584
7138,0.69065058
7139,0.69120520
7140,0.69175911
7141,0.69231296
7142,0.69286603
7143,0.69341904
7144,0.69397134
7145,0.69452351
7146,0.69507498
7147,0.69562638
7148,0.69617701
7149,0.69672757
7150,0.69727737
7151,0.69782710
7152,0.69837612
7153,0.69892502
7154,0.69947320
7155,0.70002133
7156,0.70056868
7157,0.70111597
7158,0.70166248
7159,0.70220894
7160,0.70275462
7161,0.70330024
7162,0.70384514
7163,0.70438993
7164,0.70493400
7165,0.70547795
7166,0.70602113
7167,0.70656431
7168,0.70710671
7169,0.70764899
7170,0.70819056
7171,0.70873201
7172,0.70927274
7173,0.70981336
7174,0.71035326
7175,0.71089303
7176,0.71143210
7177,0.71197104
7178,0.71250927
7179,0.71304739
7180,0.71358478
7181,0.71412206
7182,0.71465862
7183,0.71519506
7184,0.71573073
7185,0.71626633
7186,0.71680123
7187,0.71733594
7188,0.71787000
7189,0.71840388
7190,0.71893704
7191,0.71947014
7192,0.72000247
7193,0.72053468
7194,0.72106612
7195,0.72159749
7196,0.72212815
7197,0.72265863
7198,0.72318846
7199,0.72371811
7200,0.72424704
7201,0.72477585
7202,0.72530395
7203,0.72583187
7204,0.72635913
7205,0.72688621
7206,0.72741258
7207,0.72793883
7208,0.72846437
7209,0.72898978
7210,0.72951442
7211,0.73003894
7212,0.73056275
7213,0.73108643
7214,0.73160934
7215,0.73213220
7216,0.73265427
7217,0.73317623
7218,0.73369741
7219,0.73421854
7220,0.73473883
7221,0.73525912
7222,0.73577857
7223,0.73629797
7224,0.73681653
7225,0.73733503
7226,0.73785281
7227,0.73837042
7228,0.73888731
7229,0.73940408
7230,0.73992008
7231,0.74043596
7232,0.74095112
7233,0.74146616
7234,0.74198043
7235,0.74249423
7236,0.74300796
7237,0.74352092
7238,0.74403375
7239,0.74454582
7240,0.74505782
7241,0.74556899
7242,0.74608010
7243,0.74659044
7244,0.74710059
7245,0.74761009
7246,0.74811941
7247,0.74862796
7248,0.74913639
7249,0.74964410
7250,0.75015169
7251,0.75065845
7252,0.75116515
7253,0.75167108
7254,0.75217688
7255,0.75268191
7256,0.75318682
7257,0.75369096
7258,0.75419503
7259,0.75469828
7260,0.75520140
7261,0.75570381
7262,0.75620604
7263,0.75670755
7264,0.75720888
7265,0.75770950
7266,0.75820994
7267,0.75870967
7268,0.75920922
7269,0.75970805
7270,0.76020676
7271,0.76070464
7272,0.76120245
7273,0.76169944
7274,0.76219636
7275,0.76269251
7276,0.76318848
7277,0.76368374
7278,0.76417881
7279,0.76467311
7280,0.76516736
7281,0.76566076
7282,0.76615405
7283,0.76664656
7284,0.76713896
7285,0.76763064
7286,0.76812208
7287,0.76861280
7288,0.76910341
7289,0.76959324
7290,0.77008289
7291,0.77057183
7292,0.77106059
7293,0.77154863
7294,0.77203649
7295,0.77252358
7296,0.77301055
7297,0.77349675
7298,0.77398276
7299,0.77446806
7300,0.77495319
7301,0.77543759
7302,0.77592176
7303,0.77640527
7304,0.77688855
7305,0.77737111
7306,0.77785349
7307,0.77833515
7308,0.77881664
7309,0.77929735
7310,0.77977788
7311,0.78025770
7312,0.78073734
7313,0.78121620
7314,0.78169495
7315,0.78217292
7316,0.78265071
7317,0.78312773
7318,0.78360462
7319,0.78408074
7320,0.78455669
7321,0.78503191
7322,0.78550696
7323,0.78598124
7324,0.78645533
7325,0.78692871
7326,0.78740185
7327,0.78787428
7328,0.78834653
7329,0.78881806
7330,0.78928936
7331,0.78975993
7332,0.79023033
7333,0.79070002
7334,0.79116946
7335,0.79163820
7336,0.79210669
7337,0.79257447
7338,0.79304212
7339,0.79350895
7340,0.79397559
7341,0.79444152
7342,0.79490727
7343,0.79537225
7344,0.79583704
7345,0.79630107
7346,0.79676467
7347,0.79722804
7348,0.79769069
7349,0.79815316
7350,0.79861486
7351,0.79907638
7352,0.79953712
7353,0.79999769
7354,0.80045754
7355,0.80091715
7356,0.80137604
7357,0.80183476
7358,0.80229264
7359,0.80275041
7360,0.80320740
7361,0.80366421
7362,0.80412024
7363,0.80457610
7364,0.80503124
7365,0.80548614
7366,0.80594027
7367,0.80639422
7368,0.80684745
7369,0.80730045
7370,0.80775273
7371,0.80820477
7372,0.80865610
7373,0.80910718
7374,0.80955756
7375,0.81000769
7376,0.81045711
7377,0.81090629
7378,0.81135476
7379,0.81180298
7380,0.81225049
7381,0.81269777
7382,0.81314433
7383,0.81359065
7384,0.81403625
7385,0.81448162
7386,0.81492627
7387,0.81537068
7388,0.81581432
7389,0.81625777
7390,0.81670052
7391,0.81714296
7392,0.81758475
7393,0.81802624
7394,0.81846708
7395,0.81890762
7396,0.81934744
7397,0.81978709
7398,0.82022589
7399,0.82066458
7400,0.82110244
7401,0.82154012
7402,0.82197708
7403,0.82241374
7404,0.82284969
7405,0.82328546
7406,0.82372046
7407,0.82415521
7408,0.82458925
7409,0.82502306
7410,0.82545608
7411,0.82588893
7412,0.82632101
7413,0.82675290
7414,0.82718396
7415,0.82761484
7416,0.82804501
7417,0.82847494
7418,0.82890409
7419,0.82933301
7420,0.82976121
7421,0.83018917
7422,0.83061635
7423,0.83104336
7424,0.83146960
7425,0.83189559
7426,0.83232081
7427,0.83274585
7428,0.83317012
7429,0.83359420
7430,0.83401746
7431,0.83444053
7432,0.83486283
7433,0.83528495
7434,0.83570623
7435,0.83612734
7436,0.83654773
7437,0.83696783
7438,0.83738720
7439,0.83780628
7440,0.83822471
7441,0.83864284
7442,0.83906025
7443,0.83947736
7444,0.83989376
7445,0.84030998
7446,0.84072536
7447,0.84114057
7448,0.84155500
7449,0.84196913
7450,0.84238261
7451,0.84279579
7452,0.84320825
7453,0.84362042
7454,0.84403187
7455,0.84444284
7456,0.84485358
7457,0.84526354
7458,0.84567326
7459,0.84608221
7460,0.84649092
7461,0.84689891
7462,0.84730667
7463,0.84771365
7464,0.84812033
7465,0.84852636
7466,0.84893209
7467,0.84933704
7468,0.84974176
7469,0.85014576
7470,0.85054952
7471,0.85095251
7472,0.85135520
7473,0.85175717
7474,0.85215890
7475,0.85255992
7476,0.85296065
7477,0.85336059
7478,0.85376030
7479,0.85415930
7480,0.85455799
7481,0.85495597
7482,0.85535371
7483,0.85575068
7484,0.85614735
7485,0.85654330
7486,0.85693902
7487,0.85733396
7488,0.85772866
7489,0.85812259
7490,0.85851628
7491,0.85890919
7492,0.85930187
7493,0.85969377
7494,0.86008543
7495,0.86047632
7496,0.86086696
7497,0.86125690
7498,0.86164653
7499,0.86203539
7500,0.86242402
7501,0.86281186
7502,0.86319947
7503,0.86358631
7504,0.86397290
7505,0.86435872
7506,0.86474431
7507,0.86512911
7508,0.86551368
7509,0.86589748
7510,0.86628103
7511,0.86666381
7512,0.86704630
7513,0.86742806
7514,0.86780953
7515,0.86819029
7516,0.86857074
7517,0.86895049
7518,0.86932993
7519,0.86970866
7520,0.87008709
7521,0.87046474
7522,0.87084216
7523,0.87121880
7524,0.87159514
7525,0.87197077
7526,0.87234616
7527,0.87272072
7528,0.87309504
7529,0.87346864
7530,0.87384194
7531,0.87421447
7532,0.87458676
7533,0.87495828
7534,0.87532949
7535,0.87570000
7536,0.87607020
7537,0.87643963
7538,0.87680882
7539,0.87717724
7540,0.87754536
7541,0.87791276
7542,0.87827986
7543,0.87864625
7544,0.87901235
7545,0.87937766
7546,0.87974268
7547,0.88010699
7548,0.88047099
7549,0.88083422
7550,0.88119721
7551,0.88155943
7552,0.88192135
7553,0.88228256
7554,0.88264346
7555,0.88300359
7556,0.88336343
7557,0.88372254
7558,0.88408136
7559,0.88443941
7560,0.88479722
7561,0.88515425
7562,0.88551098
7563,0.88586694
7564,0.88622242
7565,0.88657761
7566,0.88693202
7567,0.88728613
7568,0.88763952
7569,0.88799262
7570,0.88834494
7571,0.88869697
7572,0.88904828
7573,0.88939923
7574,0.88974947
7575,0.89009941
7576,0.89044863
7577,0.89079750
7578,0.89114565
7579,0.89149350
7580,0.89184064
7581,0.89218742
7582,0.89253348
7583,0.89287919
7584,0.89322424
7585,0.89356893
7586,0.89391285
7587,0.89425647
7588,0.89459938
7589,0.89494199
7590,0.89528382
7591,0.89562535
7592,0.89596617
7593,0.89630663
7594,0.89664638
7595,0.89698583
7596,0.89732450
7597,0.89766288
7598,0.89800048
7599,0.89833784
7600,0.89867437
7601,0.89901066
7602,0.89934617
7603,0.89968139
7604,0.90001583
7605,0.90034997
7606,0.90068334
7607,0.90101647
7608,0.90134877
7609,0.90168083
7610,0.90201211
7611,0.90234303
7612,0.90267324
7613,0.90300316
7614,0.90333229
7615,0.90366113
7616,0.90398926
7617,0.90431702
7618,0.90464401
7619,0.90497077
7620,0.90529668
7621,0.90562236
7622,0.90594727
7623,0.90627182
7624,0.90659565
7625,0.90691918
7626,0.90724194
7627,0.90756440
7628,0.90788609
7629,0.90820742
7630,0.90852809
7631,0.90884840
7632,0.90916795
7633,0.90948719
7634,0.90980566
7635,0.91012383
7636,0.91044128
7637,0.91075838
7638,0.91107470
7639,0.91139072
7640,0.91170603
7641,0.91202092
7642,0.91233516
7643,0.91264904
7644,0.91296214
7645,0.91327494
7646,0.91358703
7647,0.91389877
7648,0.91420972
7649,0.91452038
7650,0.91483027
7651,0.91513985
7652,0.91544873
7653,0.91575718
7654,0.91606498
7655,0.91637236
7656,0.91667902
7657,0.91698539
7658,0.91729099
7659,0.91759622
7660,0.91790074
7661,0.91820496
7662,0.91850841
7663,0.91881150
7664,0.91911381
7665,0.91941583
7666,0.91971713
7667,0.92001808
7668,0.92031825
7669,0.92061812
7670,0.92091721
7671,0.92121601
7672,0.92151403
7673,0.92181170
7674,0.92210865
7675,0.92240506
7676,0.92270112
7677,0.92299646
7678,0.92329144
7679,0.92358565
7680,0.92387956
7681,0.92417270
7682,0.92446548
7683,0.92475754
7684,0.92504925
7685,0.92534024
7686,0.92563087
7687,0.92592072
7688,0.92621022
7689,0.92649907
7690,0.92678750
7691,0.92707521
7692,0.92736256
7693,0.92764914
7694,0.92793542
7695,0.92822093
7696,0.92850608
7697,0.92879051
7698,0.92907459
7699,0.92935795
7700,0.92964089
7701,0.92992318
7702,0.93020505
7703,0.93048620
7704,0.93076700
7705,0.93104702
7706,0.93132675
7707,0.93160570
7708,0.93188429
7709,0.93216217
7710,0.93243968
7711,0.93271643
7712,0.93299282
7713,0.93326849
7714,0.93354380
7715,0.93381840
7716,0.93409258
7717,0.93436605
7718,0.93463916
7719,0.93491155
7720,0.93518353
7721,0.93545485
7722,0.93572575
7723,0.93599594
7724,0.93626571
7725,0.93653476
7726,0.93680346
7727,0.93707144
7728,0.93733907
7729,0.93760592
7730,0.93787241
7731,0.93813819
7732,0.93840361
7733,0.93866825
7734,0.93893254
7735,0.93919611
7736,0.93945926
7737,0.93972170
7738,0.93998379
7739,0.94024515
7740,0.94050610
7741,0.94076639
7742,0.94102621
7743,0.94128537
7744,0.94154412
7745,0.94180214
7746,0.94205981
7747,0.94231671
7748,0.94257325
7749,0.94282907
7750,0.94308448
7751,0.94333923
7752,0.94359350
7753,0.94384712
7754,0.94410032
7755,0.94435281
7756,0.94460487
7757,0.94485629
7758,0.94510728
7759,0.94535750
7760,0.94560736
7761,0.94585657
7762,0.94610530
7763,0.94635332
7764,0.94660097
7765,0.94684792
7766,0.94709444
7767,0.94734025
7768,0.94758564
7769,0.94783038
7770,0.94807464
7771,0.94831824
7772,0.94856143
7773,0.94880390
7774,0.94904596
7775,0.94928730
7776,0.94952828
7777,0.94976848
7778,0.95000833
7779,0.95024741
7780,0.95048612
7781,0.95072412
7782,0.95096177
7783,0.95119864
7784,0.95143497
7785,0.95167089
7786,0.95190609
7787,0.95214087
7788,0.95237494
7789,0.95260859
7790,0.95284158
7791,0.95307416
7792,0.95330596
7793,0.95353740
7794,0.95376813
7795,0.95399845
7796,0.95422804
7797,0.95445722
7798,0.95468569
7799,0.95491374
7800,0.95514113
7801,0.95536804
7802,0.95559430
7803,0.95582008
7804,0.95604521
7805,0.95626986
7806,0.95649385
7807,0.95671743
7808,0.95694029
7809,0.95716274
7810,0.95738447
7811,0.95760578
7812,0.95782638
7813,0.95804656
7814,0.95826602
7815,0.95848507
7816,0.95870340
7817,0.95892137
7818,0.95913857
7819,0.95935535
7820,0.95957148
7821,0.95978713
7822,0.96000212
7823,0.96021664
7824,0.96043050
7825,0.96064389
7826,0.96085662
7827,0.96106887
7828,0.96128047
7829,0.96149158
7830,0.96170205
7831,0.96191204
7832,0.96212137
7833,0.96233022
7834,0.96253842
7835,0.96274620
7836,0.96295321
7837,0.96315986
7838,0.96336579
7839,0.96357125
7840,0.96377605
7841,0.96398038
7842,0.96418405
7843,0.96438724
7844,0.96458977
7845,0.96479183
7846,0.96499324
7847,0.96519417
7848,0.96539444
7849,0.96559423
7850,0.96579331
7851,0.96599197
7852,0.96618998
7853,0.96638751
7854,0.96658432
7855,0.96678072
7856,0.96697646
7857,0.96717173
7858,0.96736628
7859,0.96756041
7860,0.96775383
7861,0.96794683
7862,0.96813911
7863,0.96833092
7864,0.96852207
7865,0.96871281
7866,0.96890277
7867,0.96909237
7868,0.96928120
7869,0.96946967
7870,0.96965736
7871,0.96984464
7872,0.97003126
7873,0.97021741
7874,0.97040284
7875,0.97058785
7876,0.97077215
7877,0.97095597
7878,0.97113913
7879,0.97132188
7880,0.97150391
7881,0.97168547
7882,0.97186631
7883,0.97204673
7884,0.97222650
7885,0.97240579
7886,0.97258437
7887,0.97276253
7888,0.97293997
7889,0.97311693
7890,0.97329324
7891,0.97346908
7892,0.97364426
7893,0.97381884
7894,0.97399294
7895,0.97416639
7896,0.97433937
7897,0.97451168
7898,0.97468352
7899,0.97485465
7900,0.97502536
7901,0.97519535
7902,0.97536486
7903,0.97553372
7904,0.97570211
7905,0.97586983
7906,0.97603709
7907,0.97620362
7908,0.97636974
7909,0.97653514
7910,0.97670007
7911,0.97686434
7912,0.97702813
7913,0.97719127
7914,0.97735393
7915,0.97751588
7916,0.97767735
7917,0.97783816
7918,0.97799855
7919,0.97815818
7920,0.97831738
7921,0.97847593
7922,0.97863394
7923,0.97879130
7924,0.97894818
7925,0.97910440
7926,0.97926015
7927,0.97941518
7928,0.97956979
7929,0.97972369
7930,0.97987711
7931,0.98002988
7932,0.98018217
7933,0.98033375
7934,0.98048490
7935,0.98063534
7936,0.98078531
7937,0.98093462
7938,0.98108339
7939,0.98123157
7940,0.98137921
7941,0.98152620
7942,0.98167270
7943,0.98181856
7944,0.98196387
7945,0.98210859
7946,0.98225278
7947,0.98239630
7948,0.98253930
7949,0.98268169
7950,0.98282355
7951,0.98296481
7952,0.98310554
7953,0.98324555
7954,0.98338515
7955,0.98352402
7956,0.98366243
7957,0.98380017
7958,0.98393744
7959,0.98407400
7960,0.98421013
7961,0.98434556
7962,0.98448050
7963,0.98461473
7964,0.98474854
7965,0.98488164
7966,0.98501426
7967,0.98514622
7968,0.98527765
7969,0.98540848
7970,0.98553878
7971,0.98566842
7972,0.98579752
7973,0.98592603
7974,0.98605400
7975,0.98618132
7976,0.98630810
7977,0.98643428
7978,0.98655993
7979,0.98668492
7980,0.98680943
7981,0.98693329
7982,0.98705661
7983,0.98717928
7984,0.98730147
7985,0.98742294
7986,0.98754400
7987,0.98766434
7988,0.98778415
7989,0.98790336
7990,0.98802203
7991,0.98814011
7992,0.98825759
7993,0.98837447
7994,0.98849082
7995,0.98860651
7996,0.98872173
7997,0.98883629
7998,0.98895031
7999,0.98906368
8000,0.98917657
8001,0.98928875
8002,0.98940039
8003,0.98951149
8004,0.98962200
8005,0.98973197
8006,0.98984122
8007,0.98995006
8008,0.99005818
8009,0.99016583
8010,0.99027276
8011,0.99037921
8012,0.99048507
8013,0.99059033
8014,0.99069500
8015,0.99079913
8016,0.99090260
8017,0.99100560
8018,0.99110788
8019,0.99120969
8020,0.99131083
8021,0.99141145
8022,0.99151146
8023,0.99161088
8024,0.99170971
8025,0.99180800
8026,0.99190569
8027,0.99200279
8028,0.99209929
8029,0.99219525
8030,0.99229056
8031,0.99238539
8032,0.99247950
8033,0.99257314
8034,0.99266613
8035,0.99275857
8036,0.99285042
8037,0.99294168
8038,0.99303234
8039,0.99312246
8040,0.99321193
8041,0.99330086
8042,0.99338919
8043,0.99347699
8044,0.99356413
8045,0.99365073
8046,0.99373668
8047,0.99382216
8048,0.99390697
8049,0.99399126
8050,0.99407488
8051,0.99415797
8052,0.99424046
8053,0.99432236
8054,0.99440366
8055,0.99448442
8056,0.99456453
8057,0.99464417
8058,0.99472308
8059,0.99480152
8060,0.99487931
8061,0.99495655
8062,0.99503320
8063,0.99510926
8064,0.99518472
8065,0.99525964
8066,0.99533391
8067,0.99540764
8068,0.99548078
8069,0.99555331
8070,0.99562526
8071,0.99569666
8072,0.99576741
8073,0.99583763
8074,0.99590725
8075,0.99597627
8076,0.99604470
8077,0.99611259
8078,0.99617982
8079,0.99624652
8080,0.99631262
8081,0.99637812
8082,0.99644303
8083,0.99650741
8084,0.99657112
8085,0.99663430
8086,0.99669689
8087,0.99675888
8088,0.99682027
8089,0.99688113
8090,0.99694133
8091,0.99700105
8092,0.99706006
8093,0.99711853
8094,0.99717641
8095,0.99723375
8096,0.99729043
8097,0.99734658
8098,0.99740213
8099,0.99745709
8100,0.99751145
8101,0.99756527
8102,0.99761844
8103,0.99767107
8104,0.99772304
8105,0.99777454
8106,0.99782532
8107,0.99787563
8108,0.99792528
8109,0.99797440
8110,0.99802285
8111,0.99807078
8112,0.99811810
8113,0.99816483
8114,0.99821103
8115,0.99825656
8116,0.99830157
8117,0.99834591
8118,0.99838972
8119,0.99843293
8120,0.99847561
8121,0.99851763
8122,0.99855906
8123,0.99859995
8124,0.99864024
8125,0.99867988
8126,0.99871904
8127,0.99875754
8128,0.99879545
8129,0.99883276
8130,0.99886954
8131,0.99890572
8132,0.99894130
8133,0.99897629
8134,0.99901068
8135,0.99904448
8136,0.99907774
8137,0.99911034
8138,0.99914241
8139,0.99917388
8140,0.99920475
8141,0.99923503
8142,0.99926478
8143,0.99929386
8144,0.99932241
8145,0.99935031
8146,0.99937767
8147,0.99940443
8148,0.99943060
8149,0.99945617
8150,0.99948120
8151,0.99950558
8152,0.99952942
8153,0.99955267
8154,0.99957532
8155,0.99959737
8156,0.99961883
8157,0.99963969
8158,0.99966002
8159,0.99967968
8160,0.99969882
8161,0.99971735
8162,0.99973530
8163,0.99975264
8164,0.99976939
8165,0.99978560
8166,0.99980116
8167,0.99981618
8168,0.99983060
8169,0.99984443
8170,0.99985766
8171,0.99987030
8172,0.99988234
8173,0.99989384
8174,0.99990469
8175,0.99991500
8176,0.99992472
8177,0.99993384
8178,0.99994236
8179,0.99995029
8180,0.99995762
8181,0.99996442
8182,0.99997061
8183,0.99997616
8184,0.99998116
8185,0.99998558
8186,0.99998939
8187,0.99999267
8188,0.99999529
8189,0.99999738
8190,0.99999881
8191,0.99999970
