index,sin_value
0,0.00000000
1,0.00076699
2,0.00153398
3,0.00230097
4,0.00306796
5,0.00383494
6,0.00460193
7,0.00536891
8,0.00613588
9,0.00690286
10,0.00766983
11,0.00843679
12,0.00920375
13,0.00997071
14,0.01073766
15,0.01150460
16,0.01227154
17,0.01303847
18,0.01380539
19,0.01457230
20,0.01533921
21,0.01610610
22,0.01687299
23,0.01763986
24,0.01840673
25,0.01917358
26,0.01994043
27,0.02070726
28,0.02147408
29,0.02224089
30,0.02300768
31,0.02377446
32,0.02454123
33,0.02530798
34,0.02607472
35,0.02684144
36,0.02760815
37,0.02837484
38,0.02914151
39,0.02990816
40,0.03067480
41,0.03144142
42,0.03220803
43,0.03297461
44,0.03374117
45,0.03450772
46,0.03527424
47,0.03604074
48,0.03680722
49,0.03757368
50,0.03834012
51,0.03910653
52,0.03987293
53,0.04063930
54,0.04140564
55,0.04217196
56,0.04293825
57,0.04370453
58,0.04447077
59,0.04523699
60,0.04600318
61,0.04676935
62,0.04753549
63,0.04830159
64,0.04906768
65,0.04983373
66,0.05059975
67,0.05136574
68,0.05213170
69,0.05289764
70,0.05366354
71,0.05442941
72,0.05519525
73,0.05596105
74,0.05672682
75,0.05749256
76,0.05825827
77,0.05902394
78,0.05978957
79,0.06055517
80,0.06132074
81,0.06208627
82,0.06285176
83,0.06361721
84,0.06438263
85,0.06514801
86,0.06591336
87,0.06667866
88,0.06744391
89,0.06820914
90,0.06897433
91,0.06973947
92,0.07050458
93,0.07126964
94,0.07203466
95,0.07279963
96,0.07356457
97,0.07432946
98,0.07509430
99,0.07585910
100,0.07662386
101,0.07738858
102,0.07815324
103,0.07891786
104,0.07968244
105,0.08044697
106,0.08121145
107,0.08197588
108,0.08274026
109,0.08350460
110,0.08426889
111,0.08503313
112,0.08579731
113,0.08656145
114,0.08732554
115,0.08808956
116,0.08885355
117,0.08961748
118,0.09038136
119,0.09114518
120,0.09190895
121,0.09267268
122,0.09343633
123,0.09419994
124,0.09496350
125,0.09572700
126,0.09649043
127,0.09725381
128,0.09801714
129,0.09878041
130,0.09954362
131,0.10030677
132,0.10106986
133,0.10183290
134,0.10259587
135,0.10335878
136,0.10412163
137,0.10488442
138,0.10564715
139,0.10640982
140,0.10717242
141,0.10793497
142,0.10869744
143,0.10945985
144,0.11022221
145,0.11098450
146,0.11174671
147,0.11250886
148,0.11327095
149,0.11403298
150,0.11479492
151,0.11555681
152,0.11631864
153,0.11708038
154,0.11784206
155,0.11860368
156,0.11936521
157,0.12012669
158,0.12088809
159,0.12164942
160,0.12241067
161,0.12317186
162,0.12393298
163,0.12469401
164,0.12545498
165,0.12621588
166,0.12697670
167,0.12773745
168,0.12849811
169,0.12925871
170,0.13001922
171,0.13077967
172,0.13154003
173,0.13230032
174,0.13306053
175,0.13382065
176,0.13458070
177,0.13534068
178,0.13610058
179,0.13686039
180,0.13762012
181,0.13837978
182,0.13913934
183,0.13989882
184,0.14065824
185,0.14141756
186,0.14217681
187,0.14293596
188,0.14369504
189,0.14445402
190,0.14521292
191,0.14597175
192,0.14673047
193,0.14748912
194,0.14824769
195,0.14900616
196,0.14976452
197,0.15052283
198,0.15128104
199,0.15203916
200,0.15279719
201,0.15355512
202,0.15431298
203,0.15507072
204,0.15582840
205,0.15658598
206,0.15734346
207,0.15810084
208,0.15885815
209,0.15961534
210,0.16037245
211,0.16112947
212,0.16188639
213,0.16264322
214,0.16339995
215,0.16415659
216,0.16491312
217,0.16566956
218,0.16642590
219,0.16718215
220,0.16793829
221,0.16869435
222,0.16945030
223,0.17020613
224,0.17096189
225,0.17171754
226,0.17247309
227,0.17322853
228,0.17398387
229,0.17473912
230,0.17549425
231,0.17624928
232,0.17700422
233,0.17775905
234,0.17851378
235,0.17926839
236,0.18002291
237,0.18077730
238,0.18153161
239,0.18228580
240,0.18303989
241,0.18379387
242,0.18454774
243,0.18530151
244,0.18605514
245,0.18680869
246,0.18756212
247,0.18831545
248,0.18906866
249,0.18982176
250,0.19057477
251,0.19132763
252,0.19208039
253,0.19283305
254,0.19358559
255,0.19433801
256,0.19509032
257,0.19584250
258,0.19659460
259,0.19734655
260,0.19809841
261,0.19885014
262,0.19960175
263,0.20035326
264,0.20110463
265,0.20185590
266,0.20260704
267,0.20335807
268,0.20410897
269,0.20485975
270,0.20561042
271,0.20636095
272,0.20711137
273,0.20786168
274,0.20861185
275,0.20936191
276,0.21011184
277,0.21086165
278,0.21161132
279,0.21236089
280,0.21311031
281,0.21385963
282,0.21460882
283,0.21535787
284,0.21610680
285,0.21685560
286,0.21760426
287,0.21835282
288,0.21910124
289,0.21984953
290,0.22059770
291,0.22134572
292,0.22209361
293,0.22284138
294,0.22358903
295,0.22433653
296,0.22508392
297,0.22583117
298,0.22657827
299,0.22732523
300,0.22807208
301,0.22881879
302,0.22956537
303,0.23031181
304,0.23105812
305,0.23180427
306,0.23255031
307,0.23329620
308,0.23404196
309,0.23478758
310,0.23553306
311,0.23627841
312,0.23702359
313,0.23776866
314,0.23851359
315,0.23925838
316,0.24000302
317,0.24074753
318,0.24149188
319,0.24223609
320,0.24298018
321,0.24372411
322,0.24446790
323,0.24521156
324,0.24595505
325,0.24669841
326,0.24744162
327,0.24818468
328,0.24892761
329,0.24967039
330,0.25041300
331,0.25115550
332,0.25189781
333,0.25264001
334,0.25338206
335,0.25412393
336,0.25486565
337,0.25560725
338,0.25634867
339,0.25708997
340,0.25783110
341,0.25857207
342,0.25931293
343,0.26005360
344,0.26079413
345,0.26153448
346,0.26227471
347,0.26301479
348,0.26375470
349,0.26449445
350,0.26523402
351,0.26597345
352,0.26671275
353,0.26745188
354,0.26819086
355,0.26892966
356,0.26966831
357,0.27040681
358,0.27114516
359,0.27188334
360,0.27262136
361,0.27335921
362,0.27409694
363,0.27483445
364,0.27557179
365,0.27630901
366,0.27704608
367,0.27778295
368,0.27851969
369,0.27925625
370,0.27999264
371,0.28072888
372,0.28146493
373,0.28220084
374,0.28293657
375,0.28367215
376,0.28440756
377,0.28514275
378,0.28587782
379,0.28661272
380,0.28734747
381,0.28808200
382,0.28881639
383,0.28955063
384,0.29028466
385,0.29101855
386,0.29175228
387,0.29248580
388,0.29321918
389,0.29395238
390,0.29468539
391,0.29541820
392,0.29615086
393,0.29688337
394,0.29761571
395,0.29834786
396,0.29907984
397,0.29981163
398,0.30054325
399,0.30127469
400,0.30200595
401,0.30273706
402,0.30346796
403,0.30419868
404,0.30492926
405,0.30565959
406,0.30638978
407,0.30711979
408,0.30784965
409,0.30857930
410,0.30930877
411,0.31003806
412,0.31076714
413,0.31149608
414,0.31222481
415,0.31295338
416,0.31368175
417,0.31440994
418,0.31513792
419,0.31586573
420,0.31659338
421,0.31732082
422,0.31804806
423,0.31877515
424,0.31950203
425,0.32022873
426,0.32095525
427,0.32168156
428,0.32240769
429,0.32313362
430,0.32385936
431,0.32458493
432,0.32531029
433,0.32603547
434,0.32676044
435,0.32748523
436,0.32820985
437,0.32893425
438,0.32965845
439,0.33038250
440,0.33110631
441,0.33182994
442,0.33255339
443,0.33327663
444,0.33399966
445,0.33472252
446,0.33544514
447,0.33616757
448,0.33688983
449,0.33761191
450,0.33833376
451,0.33905542
452,0.33977687
453,0.34049815
454,0.34121922
455,0.34194008
456,0.34266073
457,0.34338120
458,0.34410143
459,0.34482148
460,0.34554130
461,0.34626096
462,0.34698039
463,0.34769964
464,0.34841868
465,0.34913751
466,0.34985614
467,0.35057455
468,0.35129276
469,0.35201076
470,0.35272858
471,0.35344616
472,0.35416353
473,0.35488069
474,0.35559765
475,0.35631442
476,0.35703096
477,0.35774729
478,0.35846341
479,0.35917935
480,0.35989505
481,0.36061054
482,0.36132580
483,0.36204088
484,0.36275575
485,0.36347038
486,0.36418480
487,0.36489898
488,0.36561298
489,0.36632678
490,0.36704034
491,0.36775368
492,0.36846682
493,0.36917976
494,0.36989245
495,0.37060493
496,0.37131721
497,0.37202924
498,0.37274107
499,0.37345269
500,0.37416407
501,0.37487522
502,0.37558618
503,0.37629691
504,0.37700740
505,0.37771770
506,0.37842774
507,0.37913761
508,0.37984720
509,0.38055661
510,0.38126579
511,0.38197473
512,0.38268346
513,0.38339195
514,0.38410017
515,0.38480821
516,0.38551605
517,0.38622364
518,0.38693100
519,0.38763815
520,0.38834503
521,0.38905174
522,0.38975817
523,0.39046440
524,0.39117038
525,0.39187616
526,0.39258167
527,0.39328697
528,0.39399204
529,0.39469686
530,0.39540148
531,0.39610586
532,0.39681000
533,0.39751390
534,0.39821756
535,0.39892101
536,0.39962420
537,0.40032718
538,0.40102991
539,0.40173241
540,0.40243468
541,0.40313670
542,0.40383846
543,0.40454000
544,0.40524131
545,0.40594238
546,0.40664321
547,0.40734380
548,0.40804416
549,0.40874428
550,0.40944415
551,0.41014379
552,0.41084319
553,0.41154233
554,0.41224125
555,0.41293988
556,0.41363829
557,0.41433647
558,0.41503441
559,0.41573212
560,0.41642955
561,0.41712674
562,0.41782370
563,0.41852042
564,0.41921690
565,0.41991311
566,0.42060909
567,0.42130479
568,0.42200029
569,0.42269549
570,0.42339048
571,0.42408520
572,0.42477968
573,0.42547390
574,0.42616788
575,0.42686161
576,0.42755508
577,0.42824832
578,0.42894131
579,0.42963403
580,0.43032649
581,0.43101871
582,0.43171066
583,0.43240234
584,0.43309382
585,0.43378502
586,0.43447596
587,0.43516666
588,0.43585709
589,0.43654725
590,0.43723717
591,0.43792683
592,0.43861625
593,0.43930539
594,0.43999428
595,0.44068292
596,0.44137129
597,0.44205937
598,0.44274721
599,0.44343480
600,0.44412214
601,0.44480920
602,0.44549602
603,0.44618255
604,0.44686884
605,0.44755486
606,0.44824061
607,0.44892612
608,0.44961134
609,0.45029631
610,0.45098099
611,0.45166540
612,0.45234957
613,0.45303348
614,0.45371711
615,0.45440048
616,0.45508358
617,0.45576641
618,0.45644897
619,0.45713130
620,0.45781332
621,0.45849508
622,0.45917657
623,0.45985779
624,0.46053869
625,0.46121937
626,0.46189979
627,0.46257991
628,0.46325979
629,0.46393937
630,0.46461868
631,0.46529773
632,0.46597651
633,0.46665499
634,0.46733323
635,0.46801117
636,0.46868885
637,0.46936622
638,0.47004333
639,0.47072017
640,0.47139671
641,0.47207302
642,0.47274902
643,0.47342476
644,0.47410020
645,0.47477540
646,0.47545028
647,0.47612491
648,0.47679925
649,0.47747329
650,0.47814706
651,0.47882053
652,0.47949374
653,0.48016667
654,0.48083931
655,0.48151168
656,0.48218375
657,0.48285556
658,0.48352709
659,0.48419830
660,0.48486924
661,0.48553991
662,0.48621029
663,0.48688036
664,0.48755017
665,0.48821968
666,0.48888892
667,0.48955786
668,0.49022651
669,0.49089485
670,0.49156293
671,0.49223071
672,0.49289817
673,0.49356538
674,0.49423230
675,0.49489892
676,0.49556524
677,0.49623129
678,0.49689704
679,0.49756250
680,0.49822766
681,0.49889252
682,0.49955711
683,0.50022137
684,0.50088537
685,0.50154907
686,0.50221246
687,0.50287557
688,0.50353837
689,0.50420088
690,0.50486314
691,0.50552505
692,0.50618666
693,0.50684798
694,0.50750899
695,0.50816971
696,0.50883019
697,0.50949031
698,0.51015013
699,0.51080960
700,0.51146883
701,0.51212776
702,0.51278639
703,0.51344472
704,0.51410276
705,0.51476043
706,0.51541787
707,0.51607496
708,0.51673180
709,0.51738828
710,0.51804447
711,0.51870042
712,0.51935601
713,0.52001131
714,0.52066624
715,0.52132094
716,0.52197528
717,0.52262938
718,0.52328312
719,0.52393657
720,0.52458972
721,0.52524251
722,0.52589506
723,0.52654725
724,0.52719915
725,0.52785075
726,0.52850205
727,0.52915293
728,0.52980357
729,0.53045392
730,0.53110397
731,0.53175372
732,0.53240311
733,0.53305221
734,0.53370100
735,0.53434944
736,0.53499764
737,0.53564543
738,0.53629297
739,0.53694016
740,0.53758711
741,0.53823364
742,0.53887993
743,0.53952587
744,0.54017150
745,0.54081678
746,0.54146177
747,0.54210645
748,0.54275078
749,0.54339480
750,0.54403853
751,0.54468197
752,0.54532498
753,0.54596776
754,0.54661012
755,0.54725224
756,0.54789406
757,0.54853553
758,0.54917663
759,0.54981744
760,0.55045795
761,0.55109811
762,0.55173796
763,0.55237752
764,0.55301672
765,0.55365556
766,0.55429411
767,0.55493236
768,0.55557024
769,0.55620778
770,0.55684507
771,0.55748194
772,0.55811852
773,0.55875480
774,0.55939072
775,0.56002635
776,0.56066161
777,0.56129652
778,0.56193113
779,0.56256545
780,0.56319934
781,0.56383300
782,0.56446624
783,0.56509918
784,0.56573176
785,0.56636405
786,0.56699604
787,0.56762767
788,0.56825894
789,0.56888992
790,0.56952053
791,0.57015079
792,0.57078075
793,0.57141036
794,0.57203960
795,0.57266855
796,0.57329714
797,0.57392544
798,0.57455337
799,0.57518095
800,0.57580823
801,0.57643509
802,0.57706171
803,0.57768792
804,0.57831383
805,0.57893938
806,0.57956457
807,0.58018947
808,0.58081400
809,0.58143812
810,0.58206195
811,0.58268547
812,0.58330864
813,0.58393145
814,0.58455396
815,0.58517605
816,0.58579785
817,0.58641928
818,0.58704036
819,0.58766115
820,0.58828157
821,0.58890158
822,0.58952129
823,0.59014070
824,0.59075969
825,0.59137839
826,0.59199673
827,0.59261465
828,0.59323233
829,0.59384960
830,0.59446651
831,0.59508312
832,0.59569931
833,0.59631521
834,0.59693074
835,0.59754592
836,0.59816068
837,0.59877515
838,0.59938926
839,0.60000306
840,0.60061646
841,0.60122955
842,0.60184222
843,0.60245460
844,0.60306656
845,0.60367823
846,0.60428953
847,0.60490048
848,0.60551101
849,0.60612124
850,0.60673112
851,0.60734063
852,0.60794979
853,0.60855860
854,0.60916704
855,0.60977513
856,0.61038280
857,0.61099017
858,0.61159718
859,0.61220384
860,0.61281008
861,0.61341602
862,0.61402160
863,0.61462677
864,0.61523157
865,0.61583602
866,0.61644018
867,0.61704391
868,0.61764729
869,0.61825031
870,0.61885297
871,0.61945528
872,0.62005723
873,0.62065876
874,0.62125999
875,0.62186080
876,0.62246126
877,0.62306136
878,0.62366110
879,0.62426049
880,0.62485951
881,0.62545812
882,0.62605637
883,0.62665427
884,0.62725180
885,0.62784898
886,0.62844580
887,0.62904221
888,0.62963825
889,0.63023394
890,0.63082927
891,0.63142413
892,0.63201874
893,0.63261288
894,0.63320673
895,0.63380021
896,0.63439327
897,0.63498598
898,0.63557833
899,0.63617027
900,0.63676184
901,0.63735306
902,0.63794392
903,0.63853437
904,0.63912445
905,0.63971418
906,0.64030349
907,0.64089245
908,0.64148104
909,0.64206922
910,0.64265704
911,0.64324450
912,0.64383155
913,0.64441824
914,0.64500457
915,0.64559048
916,0.64617604
917,0.64676118
918,0.64734602
919,0.64793038
920,0.64851439
921,0.64909804
922,0.64968127
923,0.65026414
924,0.65084666
925,0.65142882
926,0.65201050
927,0.65259188
928,0.65317285
929,0.65375340
930,0.65433359
931,0.65491343
932,0.65549284
933,0.65607190
934,0.65665054
935,0.65722883
936,0.65780669
937,0.65838420
938,0.65896130
939,0.65953803
940,0.66011435
941,0.66069031
942,0.66126585
943,0.66184103
944,0.66241580
945,0.66299021
946,0.66356415
947,0.66413772
948,0.66471094
949,0.66528380
950,0.66585624
951,0.66642827
952,0.66699994
953,0.66757119
954,0.66814202
955,0.66871250
956,0.66928256
957,0.66985226
958,0.67042154
959,0.67099047
960,0.67155898
961,0.67212707
962,0.67269480
963,0.67326212
964,0.67382902
965,0.67439556
966,0.67496169
967,0.67552739
968,0.67609274
969,0.67665768
970,0.67722219
971,0.67778635
972,0.67835009
973,0.67891335
974,0.67947632
975,0.68003887
976,0.68060100
977,0.68116271
978,0.68172407
979,0.68228501
980,0.68284553
981,0.68340570
982,0.68396538
983,0.68452471
984,0.68508369
985,0.68564218
986,0.68620032
987,0.68675804
988,0.68731534
989,0.68787223
990,0.68842876
991,0.68898487
992,0.68954057
993,0.69009584
994,0.69065070
995,0.69120520
996,0.69175929
997,0.69231296
998,0.69286621
999,0.69341904
1000,0.69397146
1001,0.69452345
1002,0.69507509
1003,0.69562632
1004,0.69617712
1005,0.69672751
1006,0.69727749
1007,0.69782710
1008,0.69837624
1009,0.69892502
1010,0.69947332
1011,0.70002127
1012,0.70056880
1013,0.70111591
1014,0.70166260
1015,0.70220888
1016,0.70275474
1017,0.70330018
1018,0.70384526
1019,0.70438987
1020,0.70493412
1021,0.70547789
1022,0.70602125
1023,0.70656425
1024,0.70710677
1025,0.70764893
1026,0.70819068
1027,0.70873195
1028,0.70927280
1029,0.70981330
1030,0.71035331
1031,0.71089298
1032,0.71143216
1033,0.71197098
1034,0.71250933
1035,0.71304733
1036,0.71358484
1037,0.71412200
1038,0.71465868
1039,0.71519494
1040,0.71573085
1041,0.71626627
1042,0.71680129
1043,0.71733588
1044,0.71787006
1045,0.71840382
1046,0.71893716
1047,0.71947002
1048,0.72000253
1049,0.72053456
1050,0.72106624
1051,0.72159743
1052,0.72212821
1053,0.72265857
1054,0.72318852
1055,0.72371805
1056,0.72424704
1057,0.72477573
1058,0.72530395
1059,0.72583175
1060,0.72635913
1061,0.72688609
1062,0.72741264
1063,0.72793871
1064,0.72846437
1065,0.72898960
1066,0.72951442
1067,0.73003882
1068,0.73056275
1069,0.73108631
1070,0.73160940
1071,0.73213202
1072,0.73265427
1073,0.73317605
1074,0.73369747
1075,0.73421836
1076,0.73473889
1077,0.73525894
1078,0.73577863
1079,0.73629779
1080,0.73681659
1081,0.73733491
1082,0.73785281
1083,0.73837024
1084,0.73888731
1085,0.73940390
1086,0.73992008
1087,0.74043584
1088,0.74095112
1089,0.74146599
1090,0.74198037
1091,0.74249440
1092,0.74300796
1093,0.74352103
1094,0.74403375
1095,0.74454600
1096,0.74505776
1097,0.74556917
1098,0.74608010
1099,0.74659055
1100,0.74710059
1101,0.74761021
1102,0.74811941
1103,0.74862814
1104,0.74913639
1105,0.74964428
1106,0.75015163
1107,0.75065863
1108,0.75116515
1109,0.75167125
1110,0.75217682
1111,0.75268203
1112,0.75318676
1113,0.75369108
1114,0.75419497
1115,0.75469840
1116,0.75520134
1117,0.75570393
1118,0.75620598
1119,0.75670767
1120,0.75720882
1121,0.75770962
1122,0.75820988
1123,0.75870979
1124,0.75920922
1125,0.75970817
1126,0.76020670
1127,0.76070476
1128,0.76120239
1129,0.76169956
1130,0.76219630
1131,0.76269257
1132,0.76318842
1133,0.76368380
1134,0.76417875
1135,0.76467323
1136,0.76516730
1137,0.76566088
1138,0.76615399
1139,0.76664668
1140,0.76713890
1141,0.76763070
1142,0.76812202
1143,0.76861292
1144,0.76910335
1145,0.76959330
1146,0.77008283
1147,0.77057189
1148,0.77106053
1149,0.77154869
1150,0.77203637
1151,0.77252364
1152,0.77301043
1153,0.77349681
1154,0.77398270
1155,0.77446812
1156,0.77495313
1157,0.77543765
1158,0.77592170
1159,0.77640533
1160,0.77688849
1161,0.77737117
1162,0.77785343
1163,0.77833521
1164,0.77881652
1165,0.77929735
1166,0.77977777
1167,0.78025770
1168,0.78073722
1169,0.78121626
1170,0.78169483
1171,0.78217292
1172,0.78265059
1173,0.78312778
1174,0.78360450
1175,0.78408080
1176,0.78455657
1177,0.78503191
1178,0.78550684
1179,0.78598124
1180,0.78645521
1181,0.78692871
1182,0.78740174
1183,0.78787434
1184,0.78834641
1185,0.78881806
1186,0.78928924
1187,0.78975999
1188,0.79023021
1189,0.79070002
1190,0.79116935
1191,0.79163820
1192,0.79210657
1193,0.79257447
1194,0.79304194
1195,0.79350895
1196,0.79397547
1197,0.79444152
1198,0.79490709
1199,0.79537225
1200,0.79583693
1201,0.79630107
1202,0.79676479
1203,0.79722804
1204,0.79769087
1205,0.79815316
1206,0.79861498
1207,0.79907638
1208,0.79953730
1209,0.79999769
1210,0.80045766
1211,0.80091715
1212,0.80137616
1213,0.80183470
1214,0.80229282
1215,0.80275041
1216,0.80320752
1217,0.80366421
1218,0.80412042
1219,0.80457610
1220,0.80503130
1221,0.80548608
1222,0.80594039
1223,0.80639422
1224,0.80684751
1225,0.80730039
1226,0.80775279
1227,0.80820471
1228,0.80865616
1229,0.80910712
1230,0.80955762
1231,0.81000763
1232,0.81045717
1233,0.81090623
1234,0.81135488
1235,0.81180298
1236,0.81225061
1237,0.81269777
1238,0.81314445
1239,0.81359065
1240,0.81403631
1241,0.81448156
1242,0.81492633
1243,0.81537062
1244,0.81581444
1245,0.81625777
1246,0.81670058
1247,0.81714290
1248,0.81758481
1249,0.81802619
1250,0.81846714
1251,0.81890756
1252,0.81934750
1253,0.81978697
1254,0.82022595
1255,0.82066447
1256,0.82110250
1257,0.82154006
1258,0.82197714
1259,0.82241368
1260,0.82284981
1261,0.82328540
1262,0.82372051
1263,0.82415515
1264,0.82458931
1265,0.82502300
1266,0.82545614
1267,0.82588887
1268,0.82632107
1269,0.82675278
1270,0.82718402
1271,0.82761478
1272,0.82804507
1273,0.82847482
1274,0.82890415
1275,0.82933289
1276,0.82976121
1277,0.83018905
1278,0.83061641
1279,0.83104324
1280,0.83146960
1281,0.83189547
1282,0.83232087
1283,0.83274573
1284,0.83317018
1285,0.83359408
1286,0.83401752
1287,0.83444041
1288,0.83486289
1289,0.83528483
1290,0.83570629
1291,0.83612728
1292,0.83654773
1293,0.83696771
1294,0.83738720
1295,0.83780622
1296,0.83822471
1297,0.83864272
1298,0.83906025
1299,0.83947730
1300,0.83989382
1301,0.84030986
1302,0.84072536
1303,0.84114039
1304,0.84155494
1305,0.84196901
1306,0.84238261
1307,0.84279567
1308,0.84320825
1309,0.84362030
1310,0.84403187
1311,0.84444296
1312,0.84485358
1313,0.84526366
1314,0.84567326
1315,0.84608233
1316,0.84649092
1317,0.84689903
1318,0.84730667
1319,0.84771377
1320,0.84812033
1321,0.84852648
1322,0.84893209
1323,0.84933716
1324,0.84974176
1325,0.85014588
1326,0.85054952
1327,0.85095263
1328,0.85135520
1329,0.85175729
1330,0.85215890
1331,0.85256004
1332,0.85296065
1333,0.85336071
1334,0.85376030
1335,0.85415941
1336,0.85455799
1337,0.85495609
1338,0.85535371
1339,0.85575080
1340,0.85614735
1341,0.85654342
1342,0.85693902
1343,0.85733402
1344,0.85772860
1345,0.85812265
1346,0.85851622
1347,0.85890925
1348,0.85930181
1349,0.85969383
1350,0.86008537
1351,0.86047637
1352,0.86086690
1353,0.86125696
1354,0.86164641
1355,0.86203545
1356,0.86242396
1357,0.86281192
1358,0.86319941
1359,0.86358637
1360,0.86397284
1361,0.86435878
1362,0.86474425
1363,0.86512917
1364,0.86551362
1365,0.86589754
1366,0.86628097
1367,0.86666387
1368,0.86704624
1369,0.86742812
1370,0.86780947
1371,0.86819035
1372,0.86857069
1373,0.86895055
1374,0.86932987
1375,0.86970872
1376,0.87008697
1377,0.87046480
1378,0.87084210
1379,0.87121886
1380,0.87159508
1381,0.87197083
1382,0.87234604
1383,0.87272078
1384,0.87309498
1385,0.87346870
1386,0.87384188
1387,0.87421453
1388,0.87458664
1389,0.87495828
1390,0.87532943
1391,0.87570006
1392,0.87607014
1393,0.87643969
1394,0.87680876
1395,0.87717730
1396,0.87754530
1397,0.87791282
1398,0.87827975
1399,0.87864625
1400,0.87901223
1401,0.87937766
1402,0.87974256
1403,0.88010699
1404,0.88047087
1405,0.88083422
1406,0.88119709
1407,0.88155943
1408,0.88192123
1409,0.88228256
1410,0.88264334
1411,0.88300359
1412,0.88336331
1413,0.88372254
1414,0.88408124
1415,0.88443941
1416,0.88479710
1417,0.88515425
1418,0.88551086
1419,0.88586694
1420,0.88622254
1421,0.88657761
1422,0.88693213
1423,0.88728613
1424,0.88763964
1425,0.88799256
1426,0.88834506
1427,0.88869697
1428,0.88904834
1429,0.88939923
1430,0.88974959
1431,0.89009941
1432,0.89044875
1433,0.89079750
1434,0.89114577
1435,0.89149350
1436,0.89184070
1437,0.89218742
1438,0.89253354
1439,0.89287919
1440,0.89322430
1441,0.89356887
1442,0.89391297
1443,0.89425647
1444,0.89459950
1445,0.89494199
1446,0.89528394
1447,0.89562535
1448,0.89596629
1449,0.89630663
1450,0.89664650
1451,0.89698583
1452,0.89732462
1453,0.89766282
1454,0.89800054
1455,0.89833778
1456,0.89867443
1457,0.89901060
1458,0.89934623
1459,0.89968133
1460,0.90001589
1461,0.90034992
1462,0.90068340
1463,0.90101641
1464,0.90134883
1465,0.90168077
1466,0.90201211
1467,0.90234298
1468,0.90267330
1469,0.90300310
1470,0.90333235
1471,0.90366107
1472,0.90398932
1473,0.90431696
1474,0.90464407
1475,0.90497071
1476,0.90529674
1477,0.90562230
1478,0.90594727
1479,0.90627176
1480,0.90659571
1481,0.90691912
1482,0.90724200
1483,0.90756434
1484,0.90788615
1485,0.90820742
1486,0.90852815
1487,0.90884835
1488,0.90916800
1489,0.90948713
1490,0.90980572
1491,0.91012377
1492,0.91044128
1493,0.91075832
1494,0.91107476
1495,0.91139066
1496,0.91170603
1497,0.91202086
1498,0.91233522
1499,0.91264898
1500,0.91296220
1501,0.91327488
1502,0.91358709
1503,0.91389871
1504,0.91420978
1505,0.91452032
1506,0.91483033
1507,0.91513979
1508,0.91544867
1509,0.91575706
1510,0.91606492
1511,0.91637224
1512,0.91667902
1513,0.91698527
1514,0.91729099
1515,0.91759616
1516,0.91790074
1517,0.91820484
1518,0.91850835
1519,0.91881138
1520,0.91911381
1521,0.91941577
1522,0.91971713
1523,0.92001796
1524,0.92031825
1525,0.92061800
1526,0.92091721
1527,0.92121589
1528,0.92151403
1529,0.92181164
1530,0.92210865
1531,0.92240518
1532,0.92270112
1533,0.92299652
1534,0.92329144
1535,0.92358577
1536,0.92387950
1537,0.92417276
1538,0.92446548
1539,0.92475766
1540,0.92504925
1541,0.92534029
1542,0.92563081
1543,0.92592084
1544,0.92621022
1545,0.92649913
1546,0.92678750
1547,0.92707527
1548,0.92736256
1549,0.92764926
1550,0.92793542
1551,0.92822105
1552,0.92850608
1553,0.92879063
1554,0.92907459
1555,0.92935801
1556,0.92964089
1557,0.92992324
1558,0.93020505
1559,0.93048626
1560,0.93076700
1561,0.93104714
1562,0.93132675
1563,0.93160576
1564,0.93188423
1565,0.93216223
1566,0.93243963
1567,0.93271649
1568,0.93299276
1569,0.93326855
1570,0.93354374
1571,0.93381840
1572,0.93409252
1573,0.93436611
1574,0.93463910
1575,0.93491161
1576,0.93518353
1577,0.93545485
1578,0.93572569
1579,0.93599594
1580,0.93626565
1581,0.93653482
1582,0.93680346
1583,0.93707150
1584,0.93733901
1585,0.93760598
1586,0.93787235
1587,0.93813825
1588,0.93840355
1589,0.93866831
1590,0.93893248
1591,0.93919611
1592,0.93945920
1593,0.93972176
1594,0.93998379
1595,0.94024521
1596,0.94050610
1597,0.94076639
1598,0.94102621
1599,0.94128543
1600,0.94154406
1601,0.94180220
1602,0.94205976
1603,0.94231677
1604,0.94257319
1605,0.94282913
1606,0.94308448
1607,0.94333923
1608,0.94359344
1609,0.94384718
1610,0.94410026
1611,0.94435287
1612,0.94460487
1613,0.94485629
1614,0.94510722
1615,0.94535756
1616,0.94560736
1617,0.94585651
1618,0.94610524
1619,0.94635332
1620,0.94660091
1621,0.94684792
1622,0.94709432
1623,0.94734025
1624,0.94758558
1625,0.94783038
1626,0.94807458
1627,0.94831824
1628,0.94856131
1629,0.94880390
1630,0.94904590
1631,0.94928730
1632,0.94952816
1633,0.94976848
1634,0.95000821
1635,0.95024741
1636,0.95048606
1637,0.95072412
1638,0.95096165
1639,0.95119864
1640,0.95143503
1641,0.95167089
1642,0.95190614
1643,0.95214087
1644,0.95237499
1645,0.95260859
1646,0.95284164
1647,0.95307410
1648,0.95330602
1649,0.95353740
1650,0.95376819
1651,0.95399845
1652,0.95422810
1653,0.95445722
1654,0.95468575
1655,0.95491374
1656,0.95514119
1657,0.95536804
1658,0.95559436
1659,0.95582008
1660,0.95604527
1661,0.95626986
1662,0.95649391
1663,0.95671743
1664,0.95694035
1665,0.95716274
1666,0.95738453
1667,0.95760578
1668,0.95782644
1669,0.95804656
1670,0.95826608
1671,0.95848507
1672,0.95870346
1673,0.95892131
1674,0.95913863
1675,0.95935535
1676,0.95957148
1677,0.95978707
1678,0.96000212
1679,0.96021658
1680,0.96043050
1681,0.96064383
1682,0.96085662
1683,0.96106881
1684,0.96128047
1685,0.96149158
1686,0.96170205
1687,0.96191204
1688,0.96212143
1689,0.96233022
1690,0.96253848
1691,0.96274614
1692,0.96295327
1693,0.96315980
1694,0.96336579
1695,0.96357119
1696,0.96377605
1697,0.96398038
1698,0.96418405
1699,0.96438724
1700,0.96458977
1701,0.96479183
1702,0.96499324
1703,0.96519411
1704,0.96539444
1705,0.96559417
1706,0.96579337
1707,0.96599197
1708,0.96618998
1709,0.96638745
1710,0.96658438
1711,0.96678072
1712,0.96697646
1713,0.96717167
1714,0.96736628
1715,0.96756035
1716,0.96775383
1717,0.96794677
1718,0.96813911
1719,0.96833092
1720,0.96852213
1721,0.96871275
1722,0.96890283
1723,0.96909231
1724,0.96928126
1725,0.96946961
1726,0.96965742
1727,0.96984458
1728,0.97003126
1729,0.97021735
1730,0.97040284
1731,0.97058779
1732,0.97077215
1733,0.97095591
1734,0.97113913
1735,0.97132182
1736,0.97150385
1737,0.97168541
1738,0.97186631
1739,0.97204667
1740,0.97222650
1741,0.97240573
1742,0.97258437
1743,0.97276247
1744,0.97293997
1745,0.97311687
1746,0.97329324
1747,0.97346902
1748,0.97364426
1749,0.97381890
1750,0.97399294
1751,0.97416645
1752,0.97433937
1753,0.97451174
1754,0.97468352
1755,0.97485471
1756,0.97502536
1757,0.97519541
1758,0.97536486
1759,0.97553378
1760,0.97570211
1761,0.97586989
1762,0.97603709
1763,0.97620368
1764,0.97636974
1765,0.97653520
1766,0.97670007
1767,0.97686440
1768,0.97702813
1769,0.97719133
1770,0.97735393
1771,0.97751594
1772,0.97767735
1773,0.97783822
1774,0.97799850
1775,0.97815824
1776,0.97831738
1777,0.97847593
1778,0.97863394
1779,0.97879136
1780,0.97894818
1781,0.97910446
1782,0.97926009
1783,0.97941524
1784,0.97956973
1785,0.97972369
1786,0.97987711
1787,0.98002988
1788,0.98018211
1789,0.98033381
1790,0.98048484
1791,0.98063534
1792,0.98078525
1793,0.98093462
1794,0.98108339
1795,0.98123157
1796,0.98137921
1797,0.98152620
1798,0.98167270
1799,0.98181856
1800,0.98196387
1801,0.98210859
1802,0.98225272
1803,0.98239630
1804,0.98253930
1805,0.98268169
1806,0.98282355
1807,0.98296481
1808,0.98310548
1809,0.98324561
1810,0.98338509
1811,0.98352408
1812,0.98366243
1813,0.98380023
1814,0.98393744
1815,0.98407406
1816,0.98421007
1817,0.98434556
1818,0.98448044
1819,0.98461479
1820,0.98474848
1821,0.98488164
1822,0.98501426
1823,0.98514622
1824,0.98527765
1825,0.98540848
1826,0.98553872
1827,0.98566842
1828,0.98579752
1829,0.98592603
1830,0.98605394
1831,0.98618132
1832,0.98630810
1833,0.98643428
1834,0.98655993
1835,0.98668498
1836,0.98680943
1837,0.98693329
1838,0.98705655
1839,0.98717928
1840,0.98730141
1841,0.98742294
1842,0.98754394
1843,0.98766434
1844,0.98778415
1845,0.98790336
1846,0.98802203
1847,0.98814011
1848,0.98825759
1849,0.98837447
1850,0.98849076
1851,0.98860651
1852,0.98872167
1853,0.98883629
1854,0.98895025
1855,0.98906368
1856,0.98917651
1857,0.98928875
1858,0.98940045
1859,0.98951149
1860,0.98962200
1861,0.98973197
1862,0.98984128
1863,0.98995006
1864,0.99005818
1865,0.99016583
1866,0.99027282
1867,0.99037921
1868,0.99048507
1869,0.99059033
1870,0.99069500
1871,0.99079913
1872,0.99090266
1873,0.99100554
1874,0.99110794
1875,0.99120969
1876,0.99131083
1877,0.99141145
1878,0.99151146
1879,0.99161088
1880,0.99170977
1881,0.99180800
1882,0.99190569
1883,0.99200279
1884,0.99209934
1885,0.99219525
1886,0.99229062
1887,0.99238539
1888,0.99247956
1889,0.99257314
1890,0.99266613
1891,0.99275857
1892,0.99285042
1893,0.99294168
1894,0.99303234
1895,0.99312246
1896,0.99321193
1897,0.99330086
1898,0.99338919
1899,0.99347699
1900,0.99356413
1901,0.99365073
1902,0.99373674
1903,0.99382216
1904,0.99390697
1905,0.99399120
1906,0.99407488
1907,0.99415797
1908,0.99424046
1909,0.99432236
1910,0.99440366
1911,0.99448442
1912,0.99456459
1913,0.99464417
1914,0.99472314
1915,0.99480152
1916,0.99487931
1917,0.99495655
1918,0.99503320
1919,0.99510926
1920,0.99518472
1921,0.99525958
1922,0.99533391
1923,0.99540764
1924,0.99548078
1925,0.99555331
1926,0.99562526
1927,0.99569660
1928,0.99576741
1929,0.99583763
1930,0.99590725
1931,0.99597627
1932,0.99604470
1933,0.99611259
1934,0.99617982
1935,0.99624652
1936,0.99631262
1937,0.99637812
1938,0.99644303
1939,0.99650741
1940,0.99657112
1941,0.99663430
1942,0.99669689
1943,0.99675888
1944,0.99682033
1945,0.99688113
1946,0.99694133
1947,0.99700099
1948,0.99706006
1949,0.99711853
1950,0.99717641
1951,0.99723375
1952,0.99729043
1953,0.99734658
1954,0.99740213
1955,0.99745709
1956,0.99751145
1957,0.99756521
1958,0.99761844
1959,0.99767107
1960,0.99772304
1961,0.99777448
1962,0.99782532
1963,0.99787563
1964,0.99792528
1965,0.99797440
1966,0.99802285
1967,0.99807078
1968,0.99811810
1969,0.99816483
1970,0.99821103
1971,0.99825656
1972,0.99830157
1973,0.99834591
1974,0.99838972
1975,0.99843293
1976,0.99847555
1977,0.99851763
1978,0.99855906
1979,0.99859995
1980,0.99864024
1981,0.99867994
1982,0.99871904
1983,0.99875754
1984,0.99879545
1985,0.99883282
1986,0.99886954
1987,0.99890572
1988,0.99894130
1989,0.99897629
1990,0.99901068
1991,0.99904448
1992,0.99907774
1993,0.99911034
1994,0.99914241
1995,0.99917388
1996,0.99920475
1997,0.99923503
1998,0.99926478
1999,0.99929386
2000,0.99932241
2001,0.99935031
2002,0.99937767
2003,0.99940443
2004,0.99943060
2005,0.99945617
2006,0.99948120
2007,0.99950558
2008,0.99952942
2009,0.99955267
2010,0.99957532
2011,0.99959737
2012,0.99961883
2013,0.99963969
2014,0.99966002
2015,0.99967968
2016,0.99969882
2017,0.99971735
2018,0.99973530
2019,0.99975264
2020,0.99976939
2021,0.99978560
2022,0.99980116
2023,0.99981618
2024,0.99983060
2025,0.99984443
2026,0.99985766
2027,0.99987030
2028,0.99988234
2029,0.99989384
2030,0.99990469
2031,0.99991500
2032,0.99992472
2033,0.99993384
2034,0.99994236
2035,0.99995029
2036,0.99995762
2037,0.99996442
2038,0.99997061
2039,0.99997616
2040,0.99998116
2041,0.99998558
2042,0.99998939
2043,0.99999267
2044,0.99999529
2045,0.99999738
2046,0.99999881
2047,0.99999970
2048,1.00000000
2049,0.99999970
2050,0.99999881
2051,0.99999738
2052,0.99999529
2053,0.99999267
2054,0.99998939
2055,0.99998558
2056,0.99998116
2057,0.99997616
2058,0.99997061
2059,0.99996442
2060,0.99995762
2061,0.99995029
2062,0.99994236
2063,0.99993384
2064,0.99992472
2065,0.99991500
2066,0.99990469
2067,0.99989384
2068,0.99988234
2069,0.99987030
2070,0.99985766
2071,0.99984443
2072,0.99983060
2073,0.99981618
2074,0.99980116
2075,0.99978560
2076,0.99976939
2077,0.99975264
2078,0.99973530
2079,0.99971735
2080,0.99969882
2081,0.99967968
2082,0.99966002
2083,0.99963969
2084,0.99961883
2085,0.99959737
2086,0.99957532
2087,0.99955267
2088,0.99952942
2089,0.99950558
2090,0.99948120
2091,0.99945617
2092,0.99943060
2093,0.99940443
2094,0.99937767
2095,0.99935031
2096,0.99932235
2097,0.99929386
2098,0.99926472
2099,0.99923503
2100,0.99920475
2101,0.99917388
2102,0.99914241
2103,0.99911034
2104,0.99907774
2105,0.99904448
2106,0.99901068
2107,0.99897629
2108,0.99894130
2109,0.99890572
2110,0.99886954
2111,0.99883282
2112,0.99879545
2113,0.99875754
2114,0.99871904
2115,0.99867994
2116,0.99864024
2117,0.99859995
2118,0.99855906
2119,0.99851763
2120,0.99847561
2121,0.99843293
2122,0.99838972
2123,0.99834591
2124,0.99830157
2125,0.99825656
2126,0.99821103
2127,0.99816483
2128,0.99811810
2129,0.99807078
2130,0.99802285
2131,0.99797440
2132,0.99792528
2133,0.99787563
2134,0.99782532
2135,0.99777448
2136,0.99772304
2137,0.99767107
2138,0.99761844
2139,0.99756521
2140,0.99751145
2141,0.99745709
2142,0.99740213
2143,0.99734658
2144,0.99729043
2145,0.99723375
2146,0.99717641
2147,0.99711853
2148,0.99706006
2149,0.99700099
2150,0.99694133
2151,0.99688113
2152,0.99682027
2153,0.99675888
2154,0.99669689
2155,0.99663430
2156,0.99657112
2157,0.99650741
2158,0.99644303
2159,0.99637812
2160,0.99631262
2161,0.99624652
2162,0.99617982
2163,0.99611253
2164,0.99604470
2165,0.99597627
2166,0.99590725
2167,0.99583763
2168,0.99576741
2169,0.99569660
2170,0.99562526
2171,0.99555331
2172,0.99548078
2173,0.99540764
2174,0.99533391
2175,0.99525964
2176,0.99518472
2177,0.99510926
2178,0.99503320
2179,0.99495655
2180,0.99487931
2181,0.99480152
2182,0.99472314
2183,0.99464417
2184,0.99456459
2185,0.99448442
2186,0.99440366
2187,0.99432236
2188,0.99424046
2189,0.99415797
2190,0.99407488
2191,0.99399120
2192,0.99390697
2193,0.99382216
2194,0.99373674
2195,0.99365073
2196,0.99356413
2197,0.99347699
2198,0.99338919
2199,0.99330086
2200,0.99321193
2201,0.99312246
2202,0.99303234
2203,0.99294168
2204,0.99285042
2205,0.99275857
2206,0.99266613
2207,0.99257314
2208,0.99247950
2209,0.99238533
2210,0.99229062
2211,0.99219525
2212,0.99209929
2213,0.99200279
2214,0.99190569
2215,0.99180800
2216,0.99170977
2217,0.99161088
2218,0.99151146
2219,0.99141145
2220,0.99131089
2221,0.99120969
2222,0.99110794
2223,0.99100560
2224,0.99090266
2225,0.99079913
2226,0.99069506
2227,0.99059033
2228,0.99048507
2229,0.99037927
2230,0.99027282
2231,0.99016583
2232,0.99005824
2233,0.98995006
2234,0.98984128
2235,0.98973197
2236,0.98962200
2237,0.98951149
2238,0.98940045
2239,0.98928875
2240,0.98917651
2241,0.98906368
2242,0.98895025
2243,0.98883629
2244,0.98872167
2245,0.98860651
2246,0.98849082
2247,0.98837447
2248,0.98825759
2249,0.98814011
2250,0.98802203
2251,0.98790336
2252,0.98778415
2253,0.98766434
2254,0.98754394
2255,0.98742294
2256,0.98730141
2257,0.98717928
2258,0.98705655
2259,0.98693329
2260,0.98680937
2261,0.98668492
2262,0.98655993
2263,0.98643428
2264,0.98630810
2265,0.98618132
2266,0.98605394
2267,0.98592603
2268,0.98579752
2269,0.98566842
2270,0.98553872
2271,0.98540848
2272,0.98527765
2273,0.98514622
2274,0.98501420
2275,0.98488164
2276,0.98474848
2277,0.98461479
2278,0.98448044
2279,0.98434556
2280,0.98421007
2281,0.98407406
2282,0.98393744
2283,0.98380023
2284,0.98366243
2285,0.98352408
2286,0.98338515
2287,0.98324561
2288,0.98310548
2289,0.98296481
2290,0.98282355
2291,0.98268169
2292,0.98253930
2293,0.98239630
2294,0.98225272
2295,0.98210859
2296,0.98196387
2297,0.98181856
2298,0.98167270
2299,0.98152626
2300,0.98137921
2301,0.98123157
2302,0.98108339
2303,0.98093462
2304,0.98078525
2305,0.98063534
2306,0.98048484
2307,0.98033381
2308,0.98018211
2309,0.98002988
2310,0.97987711
2311,0.97972369
2312,0.97956973
2313,0.97941524
2314,0.97926015
2315,0.97910446
2316,0.97894818
2317,0.97879136
2318,0.97863394
2319,0.97847593
2320,0.97831738
2321,0.97815824
2322,0.97799850
2323,0.97783822
2324,0.97767735
2325,0.97751588
2326,0.97735387
2327,0.97719127
2328,0.97702813
2329,0.97686440
2330,0.97670013
2331,0.97653520
2332,0.97636974
2333,0.97620368
2334,0.97603709
2335,0.97586989
2336,0.97570217
2337,0.97553378
2338,0.97536492
2339,0.97519541
2340,0.97502536
2341,0.97485471
2342,0.97468352
2343,0.97451174
2344,0.97433937
2345,0.97416645
2346,0.97399294
2347,0.97381890
2348,0.97364426
2349,0.97346902
2350,0.97329324
2351,0.97311687
2352,0.97293997
2353,0.97276247
2354,0.97258437
2355,0.97240573
2356,0.97222650
2357,0.97204667
2358,0.97186631
2359,0.97168541
2360,0.97150391
2361,0.97132182
2362,0.97113913
2363,0.97095591
2364,0.97077215
2365,0.97058779
2366,0.97040284
2367,0.97021735
2368,0.97003126
2369,0.96984458
2370,0.96965736
2371,0.96946961
2372,0.96928126
2373,0.96909231
2374,0.96890277
2375,0.96871275
2376,0.96852207
2377,0.96833086
2378,0.96813911
2379,0.96794677
2380,0.96775383
2381,0.96756035
2382,0.96736628
2383,0.96717167
2384,0.96697646
2385,0.96678072
2386,0.96658438
2387,0.96638751
2388,0.96619004
2389,0.96599197
2390,0.96579337
2391,0.96559417
2392,0.96539444
2393,0.96519417
2394,0.96499324
2395,0.96479183
2396,0.96458977
2397,0.96438724
2398,0.96418405
2399,0.96398038
2400,0.96377605
2401,0.96357125
2402,0.96336579
2403,0.96315980
2404,0.96295327
2405,0.96274614
2406,0.96253848
2407,0.96233022
2408,0.96212143
2409,0.96191204
2410,0.96170205
2411,0.96149158
2412,0.96128047
2413,0.96106887
2414,0.96085662
2415,0.96064383
2416,0.96043050
2417,0.96021664
2418,0.96000212
2419,0.95978713
2420,0.95957148
2421,0.95935535
2422,0.95913863
2423,0.95892131
2424,0.95870346
2425,0.95848507
2426,0.95826608
2427,0.95804650
2428,0.95782638
2429,0.95760572
2430,0.95738447
2431,0.95716268
2432,0.95694029
2433,0.95671737
2434,0.95649391
2435,0.95626986
2436,0.95604521
2437,0.95582008
2438,0.95559430
2439,0.95536804
2440,0.95514119
2441,0.95491374
2442,0.95468575
2443,0.95445722
2444,0.95422810
2445,0.95399845
2446,0.95376819
2447,0.95353740
2448,0.95330608
2449,0.95307416
2450,0.95284164
2451,0.95260864
2452,0.95237499
2453,0.95214087
2454,0.95190614
2455,0.95167089
2456,0.95143503
2457,0.95119864
2458,0.95096165
2459,0.95072418
2460,0.95048606
2461,0.95024747
2462,0.95000827
2463,0.94976848
2464,0.94952816
2465,0.94928730
2466,0.94904590
2467,0.94880390
2468,0.94856137
2469,0.94831824
2470,0.94807458
2471,0.94783038
2472,0.94758558
2473,0.94734025
2474,0.94709438
2475,0.94684792
2476,0.94660091
2477,0.94635332
2478,0.94610524
2479,0.94585657
2480,0.94560730
2481,0.94535750
2482,0.94510716
2483,0.94485629
2484,0.94460481
2485,0.94435281
2486,0.94410026
2487,0.94384712
2488,0.94359344
2489,0.94333923
2490,0.94308442
2491,0.94282907
2492,0.94257319
2493,0.94231671
2494,0.94205976
2495,0.94180220
2496,0.94154406
2497,0.94128543
2498,0.94102621
2499,0.94076639
2500,0.94050610
2501,0.94024521
2502,0.93998379
2503,0.93972176
2504,0.93945926
2505,0.93919617
2506,0.93893248
2507,0.93866831
2508,0.93840355
2509,0.93813825
2510,0.93787241
2511,0.93760598
2512,0.93733901
2513,0.93707150
2514,0.93680346
2515,0.93653482
2516,0.93626565
2517,0.93599594
2518,0.93572569
2519,0.93545491
2520,0.93518353
2521,0.93491161
2522,0.93463916
2523,0.93436611
2524,0.93409252
2525,0.93381846
2526,0.93354374
2527,0.93326855
2528,0.93299282
2529,0.93271649
2530,0.93243963
2531,0.93216223
2532,0.93188423
2533,0.93160576
2534,0.93132669
2535,0.93104708
2536,0.93076694
2537,0.93048626
2538,0.93020499
2539,0.92992324
2540,0.92964089
2541,0.92935801
2542,0.92907459
2543,0.92879057
2544,0.92850608
2545,0.92822099
2546,0.92793536
2547,0.92764920
2548,0.92736250
2549,0.92707527
2550,0.92678750
2551,0.92649913
2552,0.92621028
2553,0.92592084
2554,0.92563087
2555,0.92534035
2556,0.92504925
2557,0.92475766
2558,0.92446548
2559,0.92417282
2560,0.92387956
2561,0.92358577
2562,0.92329144
2563,0.92299658
2564,0.92270112
2565,0.92240518
2566,0.92210865
2567,0.92181164
2568,0.92151403
2569,0.92121589
2570,0.92091727
2571,0.92061806
2572,0.92031831
2573,0.92001796
2574,0.91971713
2575,0.91941577
2576,0.91911387
2577,0.91881138
2578,0.91850841
2579,0.91820484
2580,0.91790080
2581,0.91759616
2582,0.91729099
2583,0.91698527
2584,0.91667902
2585,0.91637230
2586,0.91606498
2587,0.91575712
2588,0.91544873
2589,0.91513979
2590,0.91483033
2591,0.91452026
2592,0.91420972
2593,0.91389865
2594,0.91358703
2595,0.91327488
2596,0.91296220
2597,0.91264892
2598,0.91233516
2599,0.91202086
2600,0.91170603
2601,0.91139060
2602,0.91107470
2603,0.91075826
2604,0.91044134
2605,0.91012377
2606,0.90980572
2607,0.90948713
2608,0.90916800
2609,0.90884835
2610,0.90852815
2611,0.90820742
2612,0.90788615
2613,0.90756434
2614,0.90724200
2615,0.90691912
2616,0.90659571
2617,0.90627176
2618,0.90594733
2619,0.90562230
2620,0.90529674
2621,0.90497071
2622,0.90464407
2623,0.90431696
2624,0.90398932
2625,0.90366107
2626,0.90333235
2627,0.90300310
2628,0.90267330
2629,0.90234298
2630,0.90201217
2631,0.90168077
2632,0.90134883
2633,0.90101641
2634,0.90068340
2635,0.90034992
2636,0.90001589
2637,0.89968133
2638,0.89934623
2639,0.89901060
2640,0.89867443
2641,0.89833778
2642,0.89800060
2643,0.89766282
2644,0.89732456
2645,0.89698577
2646,0.89664644
2647,0.89630663
2648,0.89596623
2649,0.89562535
2650,0.89528388
2651,0.89494193
2652,0.89459944
2653,0.89425647
2654,0.89391291
2655,0.89356887
2656,0.89322430
2657,0.89287919
2658,0.89253354
2659,0.89218736
2660,0.89184070
2661,0.89149350
2662,0.89114571
2663,0.89079750
2664,0.89044869
2665,0.89009941
2666,0.88974953
2667,0.88939917
2668,0.88904834
2669,0.88869691
2670,0.88834500
2671,0.88799256
2672,0.88763958
2673,0.88728607
2674,0.88693208
2675,0.88657755
2676,0.88622248
2677,0.88586688
2678,0.88551080
2679,0.88515419
2680,0.88479704
2681,0.88443941
2682,0.88408118
2683,0.88372248
2684,0.88336331
2685,0.88300353
2686,0.88264340
2687,0.88228261
2688,0.88192129
2689,0.88155949
2690,0.88119715
2691,0.88083428
2692,0.88047093
2693,0.88010705
2694,0.87974262
2695,0.87937772
2696,0.87901229
2697,0.87864631
2698,0.87827986
2699,0.87791282
2700,0.87754536
2701,0.87717730
2702,0.87680876
2703,0.87643969
2704,0.87607014
2705,0.87570006
2706,0.87532943
2707,0.87495834
2708,0.87458670
2709,0.87421453
2710,0.87384188
2711,0.87346870
2712,0.87309504
2713,0.87272078
2714,0.87234610
2715,0.87197083
2716,0.87159508
2717,0.87121886
2718,0.87084210
2719,0.87046480
2720,0.87008703
2721,0.86970872
2722,0.86932987
2723,0.86895055
2724,0.86857074
2725,0.86819035
2726,0.86780953
2727,0.86742812
2728,0.86704624
2729,0.86666387
2730,0.86628097
2731,0.86589754
2732,0.86551362
2733,0.86512923
2734,0.86474425
2735,0.86435884
2736,0.86397284
2737,0.86358643
2738,0.86319941
2739,0.86281192
2740,0.86242396
2741,0.86203545
2742,0.86164647
2743,0.86125696
2744,0.86086696
2745,0.86047643
2746,0.86008537
2747,0.85969383
2748,0.85930181
2749,0.85890925
2750,0.85851622
2751,0.85812265
2752,0.85772860
2753,0.85733402
2754,0.85693896
2755,0.85654336
2756,0.85614729
2757,0.85575074
2758,0.85535365
2759,0.85495603
2760,0.85455799
2761,0.85415936
2762,0.85376030
2763,0.85336065
2764,0.85296059
2765,0.85255998
2766,0.85215884
2767,0.85175729
2768,0.85135514
2769,0.85095257
2770,0.85054946
2771,0.85014582
2772,0.84974176
2773,0.84933710
2774,0.84893203
2775,0.84852642
2776,0.84812033
2777,0.84771371
2778,0.84730661
2779,0.84689897
2780,0.84649092
2781,0.84608227
2782,0.84567320
2783,0.84526360
2784,0.84485352
2785,0.84444290
2786,0.84403187
2787,0.84362024
2788,0.84320819
2789,0.84279561
2790,0.84238255
2791,0.84196895
2792,0.84155494
2793,0.84114039
2794,0.84072530
2795,0.84030974
2796,0.83989388
2797,0.83947730
2798,0.83906031
2799,0.83864278
2800,0.83822477
2801,0.83780628
2802,0.83738726
2803,0.83696777
2804,0.83654779
2805,0.83612728
2806,0.83570635
2807,0.83528489
2808,0.83486295
2809,0.83444047
2810,0.83401757
2811,0.83359414
2812,0.83317024
2813,0.83274579
2814,0.83232093
2815,0.83189553
2816,0.83146966
2817,0.83104330
2818,0.83061641
2819,0.83018911
2820,0.82976127
2821,0.82933295
2822,0.82890415
2823,0.82847488
2824,0.82804507
2825,0.82761478
2826,0.82718408
2827,0.82675284
2828,0.82632107
2829,0.82588887
2830,0.82545620
2831,0.82502300
2832,0.82458931
2833,0.82415515
2834,0.82372051
2835,0.82328540
2836,0.82284981
2837,0.82241368
2838,0.82197714
2839,0.82154006
2840,0.82110250
2841,0.82066453
2842,0.82022601
2843,0.81978703
2844,0.81934750
2845,0.81890756
2846,0.81846714
2847,0.81802624
2848,0.81758481
2849,0.81714296
2850,0.81670058
2851,0.81625772
2852,0.81581444
2853,0.81537062
2854,0.81492633
2855,0.81448156
2856,0.81403631
2857,0.81359059
2858,0.81314439
2859,0.81269771
2860,0.81225055
2861,0.81180292
2862,0.81135482
2863,0.81090623
2864,0.81045717
2865,0.81000763
2866,0.80955762
2867,0.80910712
2868,0.80865616
2869,0.80820471
2870,0.80775279
2871,0.80730039
2872,0.80684751
2873,0.80639416
2874,0.80594033
2875,0.80548608
2876,0.80503130
2877,0.80457604
2878,0.80412036
2879,0.80366415
2880,0.80320752
2881,0.80275035
2882,0.80229276
2883,0.80183470
2884,0.80137610
2885,0.80091709
2886,0.80045760
2887,0.79999763
2888,0.79953724
2889,0.79907632
2890,0.79861492
2891,0.79815310
2892,0.79769081
2893,0.79722798
2894,0.79676473
2895,0.79630101
2896,0.79583687
2897,0.79537219
2898,0.79490703
2899,0.79444146
2900,0.79397541
2901,0.79350889
2902,0.79304188
2903,0.79257441
2904,0.79210651
2905,0.79163826
2906,0.79116940
2907,0.79070008
2908,0.79023027
2909,0.78976005
2910,0.78928930
2911,0.78881812
2912,0.78834647
2913,0.78787440
2914,0.78740180
2915,0.78692877
2916,0.78645527
2917,0.78598130
2918,0.78550690
2919,0.78503197
2920,0.78455663
2921,0.78408086
2922,0.78360456
2923,0.78312784
2924,0.78265065
2925,0.78217298
2926,0.78169489
2927,0.78121632
2928,0.78073728
2929,0.78025776
2930,0.77977782
2931,0.77929741
2932,0.77881652
2933,0.77833521
2934,0.77785343
2935,0.77737117
2936,0.77688849
2937,0.77640533
2938,0.77592170
2939,0.77543765
2940,0.77495313
2941,0.77446812
2942,0.77398270
2943,0.77349681
2944,0.77301049
2945,0.77252370
2946,0.77203643
2947,0.77154869
2948,0.77106053
2949,0.77057195
2950,0.77008283
2951,0.76959330
2952,0.76910335
2953,0.76861292
2954,0.76812202
2955,0.76763070
2956,0.76713890
2957,0.76664668
2958,0.76615399
2959,0.76566088
2960,0.76516724
2961,0.76467323
2962,0.76417875
2963,0.76368380
2964,0.76318842
2965,0.76269257
2966,0.76219630
2967,0.76169956
2968,0.76120239
2969,0.76070476
2970,0.76020664
2971,0.75970817
2972,0.75920916
2973,0.75870973
2974,0.75820988
2975,0.75770956
2976,0.75720882
2977,0.75670761
2978,0.75620598
2979,0.75570387
2980,0.75520134
2981,0.75469840
2982,0.75419492
2983,0.75369108
2984,0.75318676
2985,0.75268203
2986,0.75217682
2987,0.75167120
2988,0.75116509
2989,0.75065857
2990,0.75015157
2991,0.74964422
2992,0.74913633
2993,0.74862808
2994,0.74811935
2995,0.74761015
2996,0.74710053
2997,0.74659050
2998,0.74608004
2999,0.74556911
3000,0.74505770
3001,0.74454594
3002,0.74403369
3003,0.74352098
3004,0.74300790
3005,0.74249434
3006,0.74198037
3007,0.74146593
3008,0.74095106
3009,0.74043578
3010,0.73992002
3011,0.73940384
3012,0.73888725
3013,0.73837018
3014,0.73785275
3015,0.73733497
3016,0.73681664
3017,0.73629785
3018,0.73577869
3019,0.73525900
3020,0.73473895
3021,0.73421842
3022,0.73369753
3023,0.73317611
3024,0.73265433
3025,0.73213214
3026,0.73160946
3027,0.73108637
3028,0.73056281
3029,0.73003888
3030,0.72951448
3031,0.72898966
3032,0.72846442
3033,0.72793877
3034,0.72741270
3035,0.72688615
3036,0.72635919
3037,0.72583181
3038,0.72530401
3039,0.72477579
3040,0.72424710
3041,0.72371805
3042,0.72318852
3043,0.72265857
3044,0.72212821
3045,0.72159743
3046,0.72106624
3047,0.72053462
3048,0.72000253
3049,0.71947008
3050,0.71893716
3051,0.71840382
3052,0.71787006
3053,0.71733588
3054,0.71680129
3055,0.71626627
3056,0.71573085
3057,0.71519500
3058,0.71465868
3059,0.71412200
3060,0.71358490
3061,0.71304733
3062,0.71250939
3063,0.71197098
3064,0.71143222
3065,0.71089298
3066,0.71035337
3067,0.70981330
3068,0.70927280
3069,0.70873195
3070,0.70819062
3071,0.70764893
3072,0.70710677
3073,0.70656425
3074,0.70602125
3075,0.70547789
3076,0.70493406
3077,0.70438987
3078,0.70384520
3079,0.70330018
3080,0.70275474
3081,0.70220888
3082,0.70166260
3083,0.70111591
3084,0.70056880
3085,0.70002127
3086,0.69947332
3087,0.69892496
3088,0.69837624
3089,0.69782704
3090,0.69727749
3091,0.69672751
3092,0.69617712
3093,0.69562632
3094,0.69507509
3095,0.69452345
3096,0.69397140
3097,0.69341898
3098,0.69286615
3099,0.69231290
3100,0.69175923
3101,0.69120514
3102,0.69065064
3103,0.69009578
3104,0.68954051
3105,0.68898481
3106,0.68842870
3107,0.68787217
3108,0.68731529
3109,0.68675798
3110,0.68620026
3111,0.68564212
3112,0.68508363
3113,0.68452466
3114,0.68396533
3115,0.68340564
3116,0.68284547
3117,0.68228495
3118,0.68172401
3119,0.68116266
3120,0.68060094
3121,0.68003875
3122,0.67947626
3123,0.67891330
3124,0.67834997
3125,0.67778641
3126,0.67722225
3127,0.67665774
3128,0.67609280
3129,0.67552745
3130,0.67496175
3131,0.67439562
3132,0.67382908
3133,0.67326218
3134,0.67269486
3135,0.67212713
3136,0.67155904
3137,0.67099053
3138,0.67042160
3139,0.66985232
3140,0.66928267
3141,0.66871256
3142,0.66814208
3143,0.66757125
3144,0.66700000
3145,0.66642833
3146,0.66585630
3147,0.66528386
3148,0.66471106
3149,0.66413784
3150,0.66356421
3151,0.66299021
3152,0.66241580
3153,0.66184103
3154,0.66126585
3155,0.66069031
3156,0.66011441
3157,0.65953803
3158,0.65896136
3159,0.65838420
3160,0.65780675
3161,0.65722883
3162,0.65665060
3163,0.65607190
3164,0.65549290
3165,0.65491343
3166,0.65433365
3167,0.65375346
3168,0.65317285
3169,0.65259188
3170,0.65201056
3171,0.65142882
3172,0.65084672
3173,0.65026420
3174,0.64968133
3175,0.64909804
3176,0.64851439
3177,0.64793038
3178,0.64734596
3179,0.64676118
3180,0.64617604
3181,0.64559048
3182,0.64500451
3183,0.64441824
3184,0.64383155
3185,0.64324445
3186,0.64265704
3187,0.64206922
3188,0.64148098
3189,0.64089245
3190,0.64030349
3191,0.63971412
3192,0.63912445
3193,0.63853437
3194,0.63794386
3195,0.63735306
3196,0.63676184
3197,0.63617027
3198,0.63557827
3199,0.63498598
3200,0.63439327
3201,0.63380015
3202,0.63320673
3203,0.63261288
3204,0.63201869
3205,0.63142413
3206,0.63082916
3207,0.63023388
3208,0.62963820
3209,0.62904215
3210,0.62844568
3211,0.62784892
3212,0.62725174
3213,0.62665421
3214,0.62605631
3215,0.62545806
3216,0.62485945
3217,0.62426043
3218,0.62366104
3219,0.62306130
3220,0.62246120
3221,0.62186074
3222,0.62125993
3223,0.62065870
3224,0.62005711
3225,0.61945522
3226,0.61885291
3227,0.61825025
3228,0.61764723
3229,0.61704385
3230,0.61644006
3231,0.61583596
3232,0.61523151
3233,0.61462665
3234,0.61402166
3235,0.61341608
3236,0.61281019
3237,0.61220390
3238,0.61159724
3239,0.61099023
3240,0.61038291
3241,0.60977519
3242,0.60916710
3243,0.60855865
3244,0.60794985
3245,0.60734069
3246,0.60673118
3247,0.60612136
3248,0.60551113
3249,0.60490054
3250,0.60428959
3251,0.60367829
3252,0.60306668
3253,0.60245466
3254,0.60184228
3255,0.60122961
3256,0.60061651
3257,0.60000312
3258,0.59938937
3259,0.59877521
3260,0.59816074
3261,0.59754592
3262,0.59693074
3263,0.59631521
3264,0.59569937
3265,0.59508312
3266,0.59446657
3267,0.59384960
3268,0.59323233
3269,0.59261471
3270,0.59199673
3271,0.59137839
3272,0.59075975
3273,0.59014070
3274,0.58952135
3275,0.58890164
3276,0.58828157
3277,0.58766115
3278,0.58704042
3279,0.58641934
3280,0.58579785
3281,0.58517611
3282,0.58455396
3283,0.58393151
3284,0.58330864
3285,0.58268547
3286,0.58206201
3287,0.58143812
3288,0.58081394
3289,0.58018941
3290,0.57956457
3291,0.57893932
3292,0.57831377
3293,0.57768792
3294,0.57706165
3295,0.57643509
3296,0.57580817
3297,0.57518095
3298,0.57455331
3299,0.57392544
3300,0.57329714
3301,0.57266855
3302,0.57203960
3303,0.57141036
3304,0.57078069
3305,0.57015079
3306,0.56952047
3307,0.56888986
3308,0.56825894
3309,0.56762761
3310,0.56699604
3311,0.56636405
3312,0.56573176
3313,0.56509912
3314,0.56446618
3315,0.56383294
3316,0.56319928
3317,0.56256533
3318,0.56193107
3319,0.56129646
3320,0.56066149
3321,0.56002623
3322,0.55939066
3323,0.55875474
3324,0.55811846
3325,0.55748188
3326,0.55684495
3327,0.55620772
3328,0.55557019
3329,0.55493230
3330,0.55429405
3331,0.55365551
3332,0.55301660
3333,0.55237740
3334,0.55173790
3335,0.55109805
3336,0.55045789
3337,0.54981738
3338,0.54917657
3339,0.54853541
3340,0.54789394
3341,0.54725218
3342,0.54661006
3343,0.54596764
3344,0.54532510
3345,0.54468203
3346,0.54403859
3347,0.54339492
3348,0.54275090
3349,0.54210651
3350,0.54146183
3351,0.54081684
3352,0.54017156
3353,0.53952593
3354,0.53887999
3355,0.53823376
3356,0.53758717
3357,0.53694028
3358,0.53629303
3359,0.53564554
3360,0.53499770
3361,0.53434956
3362,0.53370106
3363,0.53305227
3364,0.53240317
3365,0.53175378
3366,0.53110409
3367,0.53045404
3368,0.52980369
3369,0.52915305
3370,0.52850205
3371,0.52785075
3372,0.52719921
3373,0.52654725
3374,0.52589506
3375,0.52524257
3376,0.52458972
3377,0.52393657
3378,0.52328312
3379,0.52262938
3380,0.52197534
3381,0.52132094
3382,0.52066630
3383,0.52001131
3384,0.51935601
3385,0.51870042
3386,0.51804453
3387,0.51738834
3388,0.51673180
3389,0.51607502
3390,0.51541787
3391,0.51476049
3392,0.51410276
3393,0.51344472
3394,0.51278639
3395,0.51212776
3396,0.51146883
3397,0.51080960
3398,0.51015007
3399,0.50949025
3400,0.50883013
3401,0.50816971
3402,0.50750899
3403,0.50684798
3404,0.50618666
3405,0.50552499
3406,0.50486308
3407,0.50420088
3408,0.50353837
3409,0.50287557
3410,0.50221246
3411,0.50154907
3412,0.50088537
3413,0.50022137
3414,0.49955708
3415,0.49889252
3416,0.49822763
3417,0.49756247
3418,0.49689701
3419,0.49623126
3420,0.49556521
3421,0.49489889
3422,0.49423227
3423,0.49356535
3424,0.49289814
3425,0.49223065
3426,0.49156287
3427,0.49089479
3428,0.49022642
3429,0.48955777
3430,0.48888883
3431,0.48821962
3432,0.48755011
3433,0.48688030
3434,0.48621020
3435,0.48553982
3436,0.48486918
3437,0.48419824
3438,0.48352700
3439,0.48285550
3440,0.48218369
3441,0.48151162
3442,0.48083925
3443,0.48016661
3444,0.47949368
3445,0.47882047
3446,0.47814697
3447,0.47747320
3448,0.47679913
3449,0.47612479
3450,0.47545019
3451,0.47477528
3452,0.47410011
3453,0.47342488
3454,0.47274914
3455,0.47207314
3456,0.47139683
3457,0.47072026
3458,0.47004342
3459,0.46936631
3460,0.46868891
3461,0.46801123
3462,0.46733329
3463,0.46665508
3464,0.46597657
3465,0.46529782
3466,0.46461877
3467,0.46393946
3468,0.46325985
3469,0.46258000
3470,0.46189988
3471,0.46121946
3472,0.46053877
3473,0.45985782
3474,0.45917660
3475,0.45849511
3476,0.45781335
3477,0.45713133
3478,0.45644903
3479,0.45576647
3480,0.45508364
3481,0.45440054
3482,0.45371717
3483,0.45303354
3484,0.45234963
3485,0.45166546
3486,0.45098102
3487,0.45029634
3488,0.44961137
3489,0.44892615
3490,0.44824064
3491,0.44755489
3492,0.44686887
3493,0.44618258
3494,0.44549605
3495,0.44480923
3496,0.44412217
3497,0.44343483
3498,0.44274724
3499,0.44205940
3500,0.44137129
3501,0.44068292
3502,0.43999428
3503,0.43930539
3504,0.43861625
3505,0.43792683
3506,0.43723717
3507,0.43654725
3508,0.43585709
3509,0.43516666
3510,0.43447596
3511,0.43378502
3512,0.43309382
3513,0.43240234
3514,0.43171066
3515,0.43101868
3516,0.43032646
3517,0.42963400
3518,0.42894128
3519,0.42824829
3520,0.42755505
3521,0.42686158
3522,0.42616788
3523,0.42547387
3524,0.42477965
3525,0.42408517
3526,0.42339045
3527,0.42269546
3528,0.42200023
3529,0.42130476
3530,0.42060903
3531,0.41991305
3532,0.41921684
3533,0.41852036
3534,0.41782367
3535,0.41712672
3536,0.41642949
3537,0.41573206
3538,0.41503435
3539,0.41433644
3540,0.41363823
3541,0.41293982
3542,0.41224116
3543,0.41154224
3544,0.41084310
3545,0.41014370
3546,0.40944406
3547,0.40874419
3548,0.40804407
3549,0.40734372
3550,0.40664312
3551,0.40594229
3552,0.40524122
3553,0.40453991
3554,0.40383837
3555,0.40313658
3556,0.40243456
3557,0.40173230
3558,0.40102980
3559,0.40032706
3560,0.39962411
3561,0.39892089
3562,0.39821744
3563,0.39751399
3564,0.39681008
3565,0.39610595
3566,0.39540157
3567,0.39469698
3568,0.39399213
3569,0.39328706
3570,0.39258176
3571,0.39187625
3572,0.39117047
3573,0.39046448
3574,0.38975826
3575,0.38905180
3576,0.38834512
3577,0.38763821
3578,0.38693109
3579,0.38622373
3580,0.38551614
3581,0.38480830
3582,0.38410026
3583,0.38339201
3584,0.38268349
3585,0.38197479
3586,0.38126582
3587,0.38055667
3588,0.37984726
3589,0.37913767
3590,0.37842780
3591,0.37771773
3592,0.37700745
3593,0.37629697
3594,0.37558621
3595,0.37487528
3596,0.37416410
3597,0.37345272
3598,0.37274110
3599,0.37202927
3600,0.37131724
3601,0.37060496
3602,0.36989248
3603,0.36917979
3604,0.36846685
3605,0.36775371
3606,0.36704037
3607,0.36632681
3608,0.36561301
3609,0.36489901
3610,0.36418480
3611,0.36347038
3612,0.36275575
3613,0.36204088
3614,0.36132580
3615,0.36061054
3616,0.35989505
3617,0.35917935
3618,0.35846341
3619,0.35774729
3620,0.35703096
3621,0.35631442
3622,0.35559765
3623,0.35488069
3624,0.35416350
3625,0.35344613
3626,0.35272855
3627,0.35201073
3628,0.35129273
3629,0.35057452
3630,0.34985611
3631,0.34913749
3632,0.34841865
3633,0.34769961
3634,0.34698036
3635,0.34626094
3636,0.34554130
3637,0.34482142
3638,0.34410137
3639,0.34338114
3640,0.34266067
3641,0.34194002
3642,0.34121916
3643,0.34049809
3644,0.33977684
3645,0.33905536
3646,0.33833370
3647,0.33761185
3648,0.33688980
3649,0.33616754
3650,0.33544508
3651,0.33472243
3652,0.33399957
3653,0.33327654
3654,0.33255330
3655,0.33182985
3656,0.33110622
3657,0.33038241
3658,0.32965839
3659,0.32893416
3660,0.32820976
3661,0.32748514
3662,0.32676035
3663,0.32603538
3664,0.32531020
3665,0.32458481
3666,0.32385927
3667,0.32313353
3668,0.32240757
3669,0.32168144
3670,0.32095513
3671,0.32022861
3672,0.31950191
3673,0.31877527
3674,0.31804818
3675,0.31732091
3676,0.31659347
3677,0.31586584
3678,0.31513804
3679,0.31441003
3680,0.31368184
3681,0.31295347
3682,0.31222489
3683,0.31149617
3684,0.31076723
3685,0.31003815
3686,0.30930886
3687,0.30857939
3688,0.30784974
3689,0.30711988
3690,0.30638987
3691,0.30565968
3692,0.30492932
3693,0.30419874
3694,0.30346802
3695,0.30273712
3696,0.30200601
3697,0.30127475
3698,0.30054331
3699,0.29981169
3700,0.29907990
3701,0.29834792
3702,0.29761577
3703,0.29688343
3704,0.29615092
3705,0.29541826
3706,0.29468542
3707,0.29395241
3708,0.29321921
3709,0.29248583
3710,0.29175231
3711,0.29101858
3712,0.29028472
3713,0.28955066
3714,0.28881642
3715,0.28808203
3716,0.28734750
3717,0.28661275
3718,0.28587785
3719,0.28514278
3720,0.28440756
3721,0.28367215
3722,0.28293657
3723,0.28220084
3724,0.28146493
3725,0.28072888
3726,0.27999264
3727,0.27925625
3728,0.27851969
3729,0.27778298
3730,0.27704608
3731,0.27630901
3732,0.27557182
3733,0.27483442
3734,0.27409691
3735,0.27335921
3736,0.27262133
3737,0.27188331
3738,0.27114514
3739,0.27040678
3740,0.26966831
3741,0.26892963
3742,0.26819083
3743,0.26745185
3744,0.26671273
3745,0.26597345
3746,0.26523399
3747,0.26449439
3748,0.26375464
3749,0.26301473
3750,0.26227465
3751,0.26153445
3752,0.26079407
3753,0.26005355
3754,0.25931287
3755,0.25857201
3756,0.25783104
3757,0.25708991
3758,0.25634861
3759,0.25560719
3760,0.25486559
3761,0.25412384
3762,0.25338197
3763,0.25263992
3764,0.25189775
3765,0.25115541
3766,0.25041291
3767,0.24967030
3768,0.24892752
3769,0.24818459
3770,0.24744153
3771,0.24669832
3772,0.24595496
3773,0.24521145
3774,0.24446781
3775,0.24372402
3776,0.24298008
3777,0.24223600
3778,0.24149178
3779,0.24074742
3780,0.24000292
3781,0.23925826
3782,0.23851371
3783,0.23776878
3784,0.23702371
3785,0.23627850
3786,0.23553316
3787,0.23478769
3788,0.23404206
3789,0.23329630
3790,0.23255041
3791,0.23180437
3792,0.23105820
3793,0.23031190
3794,0.22956546
3795,0.22881888
3796,0.22807217
3797,0.22732532
3798,0.22657834
3799,0.22583124
3800,0.22508399
3801,0.22433661
3802,0.22358911
3803,0.22284146
3804,0.22209369
3805,0.22134578
3806,0.22059776
3807,0.21984959
3808,0.21910129
3809,0.21835288
3810,0.21760432
3811,0.21685566
3812,0.21610685
3813,0.21535791
3814,0.21460886
3815,0.21385968
3816,0.21311036
3817,0.21236093
3818,0.21161136
3819,0.21086168
3820,0.21011187
3821,0.20936194
3822,0.20861188
3823,0.20786171
3824,0.20711140
3825,0.20636098
3826,0.20561044
3827,0.20485976
3828,0.20410898
3829,0.20335808
3830,0.20260705
3831,0.20185591
3832,0.20110464
3833,0.20035326
3834,0.19960177
3835,0.19885014
3836,0.19809841
3837,0.19734657
3838,0.19659460
3839,0.19584252
3840,0.19509031
3841,0.19433801
3842,0.19358557
3843,0.19283304
3844,0.19208038
3845,0.19132762
3846,0.19057474
3847,0.18982175
3848,0.18906865
3849,0.18831542
3850,0.18756209
3851,0.18680866
3852,0.18605512
3853,0.18530147
3854,0.18454769
3855,0.18379383
3856,0.18303984
3857,0.18228576
3858,0.18153156
3859,0.18077727
3860,0.18002285
3861,0.17926833
3862,0.17851372
3863,0.17775899
3864,0.17700416
3865,0.17624922
3866,0.17549419
3867,0.17473905
3868,0.17398381
3869,0.17322846
3870,0.17247301
3871,0.17171746
3872,0.17096181
3873,0.17020606
3874,0.16945021
3875,0.16869426
3876,0.16793822
3877,0.16718206
3878,0.16642581
3879,0.16566947
3880,0.16491303
3881,0.16415648
3882,0.16339985
3883,0.16264312
3884,0.16188629
3885,0.16112937
3886,0.16037235
3887,0.15961523
3888,0.15885803
3889,0.15810074
3890,0.15734334
3891,0.15658586
3892,0.15582852
3893,0.15507084
3894,0.15431309
3895,0.15355523
3896,0.15279730
3897,0.15203926
3898,0.15128115
3899,0.15052293
3900,0.14976463
3901,0.14900625
3902,0.14824778
3903,0.14748922
3904,0.14673057
3905,0.14597183
3906,0.14521301
3907,0.14445411
3908,0.14369512
3909,0.14293604
3910,0.14217688
3911,0.14141764
3912,0.14065832
3913,0.13989891
3914,0.13913941
3915,0.13837984
3916,0.13762018
3917,0.13686045
3918,0.13610063
3919,0.13534074
3920,0.13458076
3921,0.13382071
3922,0.13306057
3923,0.13230036
3924,0.13154007
3925,0.13077971
3926,0.13001926
3927,0.12925875
3928,0.12849815
3929,0.12773748
3930,0.12697673
3931,0.12621590
3932,0.12545501
3933,0.12469404
3934,0.12393300
3935,0.12317189
3936,0.12241070
3937,0.12164944
3938,0.12088811
3939,0.12012670
3940,0.11936523
3941,0.11860368
3942,0.11784207
3943,0.11708039
3944,0.11631864
3945,0.11555681
3946,0.11479492
3947,0.11403297
3948,0.11327095
3949,0.11250886
3950,0.11174671
3951,0.11098448
3952,0.11022220
3953,0.10945984
3954,0.10869743
3955,0.10793494
3956,0.10717241
3957,0.10640980
3958,0.10564713
3959,0.10488439
3960,0.10412160
3961,0.10335875
3962,0.10259584
3963,0.10183286
3964,0.10106982
3965,0.10030673
3966,0.09954358
3967,0.09878036
3968,0.09801710
3969,0.09725376
3970,0.09649038
3971,0.09572694
3972,0.09496344
3973,0.09419989
3974,0.09343628
3975,0.09267261
3976,0.09190889
3977,0.09114512
3978,0.09038129
3979,0.08961741
3980,0.08885348
3981,0.08808950
3982,0.08732546
3983,0.08656137
3984,0.08579723
3985,0.08503304
3986,0.08426880
3987,0.08350451
3988,0.08274017
3989,0.08197579
3990,0.08121135
3991,0.08044687
3992,0.07968234
3993,0.07891776
3994,0.07815314
3995,0.07738847
3996,0.07662375
3997,0.07585900
3998,0.07509419
3999,0.07432934
4000,0.07356445
4001,0.07279975
4002,0.07203477
4003,0.07126975
4004,0.07050469
4005,0.06973958
4006,0.06897444
4007,0.06820925
4008,0.06744403
4009,0.06667875
4010,0.06591345
4011,0.06514811
4012,0.06438272
4013,0.06361730
4014,0.06285185
4015,0.06208635
4016,0.06132082
4017,0.06055526
4018,0.05978965
4019,0.05902401
4020,0.05825834
4021,0.05749264
4022,0.05672690
4023,0.05596112
4024,0.05519531
4025,0.05442948
4026,0.05366360
4027,0.05289770
4028,0.05213176
4029,0.05136580
4030,0.05059981
4031,0.04983378
4032,0.04906772
4033,0.04830164
4034,0.04753553
4035,0.04676939
4036,0.04600323
4037,0.04523703
4038,0.04447081
4039,0.04370457
4040,0.04293829
4041,0.04217199
4042,0.04140567
4043,0.04063932
4044,0.03987295
4045,0.03910656
4046,0.03834014
4047,0.03757370
4048,0.03680724
4049,0.03604076
4050,0.03527425
4051,0.03450773
4052,0.03374118
4053,0.03297462
4054,0.03220803
4055,0.03144142
4056,0.03067480
4057,0.02990816
4058,0.02914150
4059,0.02837483
4060,0.02760814
4061,0.02684143
4062,0.02607470
4063,0.02530796
4064,0.02454121
4065,0.02377444
4066,0.02300766
4067,0.02224086
4068,0.02147405
4069,0.02070723
4070,0.01994040
4071,0.01917355
4072,0.01840669
4073,0.01763983
4074,0.01687295
4075,0.01610606
4076,0.01533916
4077,0.01457226
4078,0.01380534
4079,0.01303842
4080,0.01227149
4081,0.01150455
4082,0.01073760
4083,0.00997065
4084,0.00920369
4085,0.00843673
4086,0.00766976
4087,0.00690279
4088,0.00613581
4089,0.00536883
4090,0.00460185
4091,0.00383487
4092,0.00306788
4093,0.00230089
4094,0.00153390
4095,0.00076691
4096,-0.00000009
4097,-0.00076708
4098,-0.00153407
4099,-0.00230106
4100,-0.00306805
4101,-0.00383504
4102,-0.00460203
4103,-0.00536901
4104,-0.00613599
4105,-0.00690297
4106,-0.00766994
4107,-0.00843691
4108,-0.00920387
4109,-0.00997083
4110,-0.01073778
4111,-0.01150448
4112,-0.01227142
4113,-0.01303835
4114,-0.01380528
4115,-0.01457219
4116,-0.01533910
4117,-0.01610600
4118,-0.01687288
4119,-0.01763976
4120,-0.01840663
4121,-0.01917349
4122,-0.01994033
4123,-0.02070717
4124,-0.02147399
4125,-0.02224080
4126,-0.02300760
4127,-0.02377438
4128,-0.02454115
4129,-0.02530790
4130,-0.02607464
4131,-0.02684136
4132,-0.02760807
4133,-0.02837477
4134,-0.02914144
4135,-0.02990810
4136,-0.03067474
4137,-0.03144136
4138,-0.03220797
4139,-0.03297455
4140,-0.03374112
4141,-0.03450766
4142,-0.03527419
4143,-0.03604069
4144,-0.03680718
4145,-0.03757364
4146,-0.03834008
4147,-0.03910650
4148,-0.03987289
4149,-0.04063926
4150,-0.04140561
4151,-0.04217193
4152,-0.04293823
4153,-0.04370450
4154,-0.04447075
4155,-0.04523697
4156,-0.04600316
4157,-0.04676933
4158,-0.04753547
4159,-0.04830158
4160,-0.04906766
4161,-0.04983371
4162,-0.05059974
4163,-0.05136574
4164,-0.05213170
4165,-0.05289764
4166,-0.05366354
4167,-0.05442941
4168,-0.05519525
4169,-0.05596106
4170,-0.05672683
4171,-0.05749257
4172,-0.05825828
4173,-0.05902395
4174,-0.05978959
4175,-0.06055519
4176,-0.06132076
4177,-0.06208629
4178,-0.06285179
4179,-0.06361724
4180,-0.06438266
4181,-0.06514805
4182,-0.06591339
4183,-0.06667870
4184,-0.06744396
4185,-0.06820919
4186,-0.06897438
4187,-0.06973952
4188,-0.07050462
4189,-0.07126968
4190,-0.07203471
4191,-0.07279968
4192,-0.07356462
4193,-0.07432951
4194,-0.07509436
4195,-0.07585917
4196,-0.07662392
4197,-0.07738864
4198,-0.07815331
4199,-0.07891794
4200,-0.07968251
4201,-0.08044704
4202,-0.08121153
4203,-0.08197596
4204,-0.08274035
4205,-0.08350468
4206,-0.08426897
4207,-0.08503322
4208,-0.08579741
4209,-0.08656155
4210,-0.08732563
4211,-0.08808967
4212,-0.08885365
4213,-0.08961759
4214,-0.09038147
4215,-0.09114529
4216,-0.09190907
4217,-0.09267279
4218,-0.09343645
4219,-0.09420006
4220,-0.09496361
4221,-0.09572688
4222,-0.09649032
4223,-0.09725370
4224,-0.09801703
4225,-0.09878030
4226,-0.09954351
4227,-0.10030667
4228,-0.10106976
4229,-0.10183280
4230,-0.10259577
4231,-0.10335869
4232,-0.10412154
4233,-0.10488433
4234,-0.10564706
4235,-0.10640974
4236,-0.10717234
4237,-0.10793488
4238,-0.10869736
4239,-0.10945978
4240,-0.11022213
4241,-0.11098441
4242,-0.11174664
4243,-0.11250880
4244,-0.11327089
4245,-0.11403291
4246,-0.11479487
4247,-0.11555675
4248,-0.11631858
4249,-0.11708032
4250,-0.11784200
4251,-0.11860362
4252,-0.11936516
4253,-0.12012664
4254,-0.12088804
4255,-0.12164938
4256,-0.12241063
4257,-0.12317182
4258,-0.12393294
4259,-0.12469398
4260,-0.12545495
4261,-0.12621585
4262,-0.12697667
4263,-0.12773742
4264,-0.12849809
4265,-0.12925868
4266,-0.13001920
4267,-0.13077965
4268,-0.13154002
4269,-0.13230030
4270,-0.13306051
4271,-0.13382065
4272,-0.13458070
4273,-0.13534068
4274,-0.13610058
4275,-0.13686039
4276,-0.13762012
4277,-0.13837978
4278,-0.13913935
4279,-0.13989884
4280,-0.14065824
4281,-0.14141758
4282,-0.14217682
4283,-0.14293598
4284,-0.14369506
4285,-0.14445405
4286,-0.14521295
4287,-0.14597178
4288,-0.14673050
4289,-0.14748915
4290,-0.14824770
4291,-0.14900619
4292,-0.14976457
4293,-0.15052287
4294,-0.15128107
4295,-0.15203920
4296,-0.15279724
4297,-0.15355517
4298,-0.15431303
4299,-0.15507078
4300,-0.15582845
4301,-0.15658602
4302,-0.15734351
4303,-0.15810090
4304,-0.15885821
4305,-0.15961541
4306,-0.16037253
4307,-0.16112953
4308,-0.16188647
4309,-0.16264330
4310,-0.16340002
4311,-0.16415666
4312,-0.16491319
4313,-0.16566963
4314,-0.16642599
4315,-0.16718224
4316,-0.16793838
4317,-0.16869444
4318,-0.16945039
4319,-0.17020623
4320,-0.17096199
4321,-0.17171763
4322,-0.17247318
4323,-0.17322864
4324,-0.17398398
4325,-0.17473923
4326,-0.17549436
4327,-0.17624940
4328,-0.17700434
4329,-0.17775917
4330,-0.17851366
4331,-0.17926827
4332,-0.18002279
4333,-0.18077719
4334,-0.18153150
4335,-0.18228570
4336,-0.18303978
4337,-0.18379377
4338,-0.18454763
4339,-0.18530141
4340,-0.18605505
4341,-0.18680860
4342,-0.18756203
4343,-0.18831536
4344,-0.18906857
4345,-0.18982168
4346,-0.19057468
4347,-0.19132756
4348,-0.19208032
4349,-0.19283298
4350,-0.19358552
4351,-0.19433793
4352,-0.19509025
4353,-0.19584244
4354,-0.19659454
4355,-0.19734649
4356,-0.19809835
4357,-0.19885008
4358,-0.19960169
4359,-0.20035321
4360,-0.20110458
4361,-0.20185585
4362,-0.20260699
4363,-0.20335801
4364,-0.20410892
4365,-0.20485970
4366,-0.20561038
4367,-0.20636092
4368,-0.20711134
4369,-0.20786165
4370,-0.20861182
4371,-0.20936188
4372,-0.21011181
4373,-0.21086162
4374,-0.21161130
4375,-0.21236086
4376,-0.21311030
4377,-0.21385962
4378,-0.21460880
4379,-0.21535785
4380,-0.21610679
4381,-0.21685559
4382,-0.21760426
4383,-0.21835282
4384,-0.21910124
4385,-0.21984953
4386,-0.22059770
4387,-0.22134572
4388,-0.22209363
4389,-0.22284140
4390,-0.22358905
4391,-0.22433655
4392,-0.22508393
4393,-0.22583117
4394,-0.22657828
4395,-0.22732526
4396,-0.22807211
4397,-0.22881882
4398,-0.22956540
4399,-0.23031184
4400,-0.23105814
4401,-0.23180431
4402,-0.23255034
4403,-0.23329625
4404,-0.23404200
4405,-0.23478763
4406,-0.23553310
4407,-0.23627844
4408,-0.23702365
4409,-0.23776872
4410,-0.23851365
4411,-0.23925844
4412,-0.24000308
4413,-0.24074759
4414,-0.24149194
4415,-0.24223617
4416,-0.24298024
4417,-0.24372418
4418,-0.24446797
4419,-0.24521162
4420,-0.24595512
4421,-0.24669848
4422,-0.24744169
4423,-0.24818477
4424,-0.24892768
4425,-0.24967046
4426,-0.25041309
4427,-0.25115559
4428,-0.25189790
4429,-0.25264010
4430,-0.25338215
4431,-0.25412402
4432,-0.25486577
4433,-0.25560734
4434,-0.25634879
4435,-0.25709006
4436,-0.25783122
4437,-0.25857219
4438,-0.25931302
4439,-0.26005369
4440,-0.26079401
4441,-0.26153436
4442,-0.26227459
4443,-0.26301467
4444,-0.26375458
4445,-0.26449433
4446,-0.26523393
4447,-0.26597336
4448,-0.26671267
4449,-0.26745179
4450,-0.26819077
4451,-0.26892957
4452,-0.26966825
4453,-0.27040672
4454,-0.27114508
4455,-0.27188325
4456,-0.27262127
4457,-0.27335915
4458,-0.27409685
4459,-0.27483436
4460,-0.27557173
4461,-0.27630895
4462,-0.27704602
4463,-0.27778289
4464,-0.27851963
4465,-0.27925619
4466,-0.27999258
4467,-0.28072882
4468,-0.28146487
4469,-0.28220078
4470,-0.28293651
4471,-0.28367209
4472,-0.28440750
4473,-0.28514272
4474,-0.28587779
4475,-0.28661269
4476,-0.28734744
4477,-0.28808197
4478,-0.28881636
4479,-0.28955060
4480,-0.29028463
4481,-0.29101852
4482,-0.29175225
4483,-0.29248577
4484,-0.29321915
4485,-0.29395235
4486,-0.29468536
4487,-0.29541820
4488,-0.29615086
4489,-0.29688337
4490,-0.29761571
4491,-0.29834786
4492,-0.29907984
4493,-0.29981163
4494,-0.30054325
4495,-0.30127469
4496,-0.30200595
4497,-0.30273706
4498,-0.30346796
4499,-0.30419868
4500,-0.30492926
4501,-0.30565962
4502,-0.30638981
4503,-0.30711982
4504,-0.30784965
4505,-0.30857933
4506,-0.30930880
4507,-0.31003806
4508,-0.31076717
4509,-0.31149611
4510,-0.31222484
4511,-0.31295341
4512,-0.31368178
4513,-0.31440997
4514,-0.31513798
4515,-0.31586578
4516,-0.31659341
4517,-0.31732085
4518,-0.31804812
4519,-0.31877521
4520,-0.31950209
4521,-0.32022879
4522,-0.32095528
4523,-0.32168162
4524,-0.32240775
4525,-0.32313368
4526,-0.32385942
4527,-0.32458499
4528,-0.32531035
4529,-0.32603553
4530,-0.32676053
4531,-0.32748532
4532,-0.32820991
4533,-0.32893434
4534,-0.32965854
4535,-0.33038256
4536,-0.33110639
4537,-0.33183002
4538,-0.33255345
4539,-0.33327669
4540,-0.33399975
4541,-0.33472261
4542,-0.33544526
4543,-0.33616769
4544,-0.33688995
4545,-0.33761200
4546,-0.33833387
4547,-0.33905554
4548,-0.33977699
4549,-0.34049827
4550,-0.34121910
4551,-0.34193996
4552,-0.34266061
4553,-0.34338108
4554,-0.34410131
4555,-0.34482136
4556,-0.34554124
4557,-0.34626088
4558,-0.34698030
4559,-0.34769955
4560,-0.34841859
4561,-0.34913743
4562,-0.34985605
4563,-0.35057446
4564,-0.35129267
4565,-0.35201067
4566,-0.35272849
4567,-0.35344607
4568,-0.35416344
4569,-0.35488063
4570,-0.35559759
4571,-0.35631436
4572,-0.35703090
4573,-0.35774723
4574,-0.35846335
4575,-0.35917929
4576,-0.35989499
4577,-0.36061049
4578,-0.36132574
4579,-0.36204082
4580,-0.36275569
4581,-0.36347032
4582,-0.36418474
4583,-0.36489895
4584,-0.36561295
4585,-0.36632675
4586,-0.36704031
4587,-0.36775365
4588,-0.36846679
4589,-0.36917973
4590,-0.36989242
4591,-0.37060490
4592,-0.37131718
4593,-0.37202922
4594,-0.37274104
4595,-0.37345266
4596,-0.37416404
4597,-0.37487522
4598,-0.37558615
4599,-0.37629691
4600,-0.37700740
4601,-0.37771767
4602,-0.37842774
4603,-0.37913761
4604,-0.37984720
4605,-0.38055661
4606,-0.38126576
4607,-0.38197473
4608,-0.38268343
4609,-0.38339195
4610,-0.38410020
4611,-0.38480824
4612,-0.38551608
4613,-0.38622367
4614,-0.38693103
4615,-0.38763815
4616,-0.38834506
4617,-0.38905177
4618,-0.38975820
4619,-0.39046443
4620,-0.39117041
4621,-0.39187619
4622,-0.39258170
4623,-0.39328700
4624,-0.39399207
4625,-0.39469692
4626,-0.39540154
4627,-0.39610589
4628,-0.39681002
4629,-0.39751396
4630,-0.39821762
4631,-0.39892104
4632,-0.39962426
4633,-0.40032724
4634,-0.40102994
4635,-0.40173244
4636,-0.40243471
4637,-0.40313673
4638,-0.40383852
4639,-0.40454006
4640,-0.40524140
4641,-0.40594247
4642,-0.40664330
4643,-0.40734389
4644,-0.40804425
4645,-0.40874436
4646,-0.40944424
4647,-0.41014385
4648,-0.41084325
4649,-0.41154242
4650,-0.41224131
4651,-0.41294000
4652,-0.41363841
4653,-0.41433659
4654,-0.41503453
4655,-0.41573220
4656,-0.41642967
4657,-0.41712686
4658,-0.41782382
4659,-0.41852033
4660,-0.41921678
4661,-0.41991299
4662,-0.42060897
4663,-0.42130470
4664,-0.42200017
4665,-0.42269540
4666,-0.42339039
4667,-0.42408511
4668,-0.42477959
4669,-0.42547381
4670,-0.42616782
4671,-0.42686152
4672,-0.42755502
4673,-0.42824823
4674,-0.42894122
4675,-0.42963395
4676,-0.43032640
4677,-0.43101862
4678,-0.43171060
4679,-0.43240231
4680,-0.43309376
4681,-0.43378496
4682,-0.43447590
4683,-0.43516660
4684,-0.43585703
4685,-0.43654719
4686,-0.43723711
4687,-0.43792677
4688,-0.43861619
4689,-0.43930534
4690,-0.43999422
4691,-0.44068286
4692,-0.44137123
4693,-0.44205934
4694,-0.44274718
4695,-0.44343477
4696,-0.44412211
4697,-0.44480917
4698,-0.44549599
4699,-0.44618252
4700,-0.44686881
4701,-0.44755483
4702,-0.44824058
4703,-0.44892609
4704,-0.44961131
4705,-0.45029628
4706,-0.45098096
4707,-0.45166540
4708,-0.45234957
4709,-0.45303348
4710,-0.45371711
4711,-0.45440048
4712,-0.45508358
4713,-0.45576641
4714,-0.45644897
4715,-0.45713127
4716,-0.45781332
4717,-0.45849508
4718,-0.45917657
4719,-0.45985776
4720,-0.46053872
4721,-0.46121940
4722,-0.46189982
4723,-0.46257994
4724,-0.46325982
4725,-0.46393940
4726,-0.46461871
4727,-0.46529776
4728,-0.46597654
4729,-0.46665502
4730,-0.46733323
4731,-0.46801120
4732,-0.46868885
4733,-0.46936625
4734,-0.47004336
4735,-0.47072020
4736,-0.47139677
4737,-0.47207308
4738,-0.47274908
4739,-0.47342482
4740,-0.47410026
4741,-0.47477543
4742,-0.47545034
4743,-0.47612494
4744,-0.47679928
4745,-0.47747335
4746,-0.47814712
4747,-0.47882062
4748,-0.47949383
4749,-0.48016676
4750,-0.48083940
4751,-0.48151177
4752,-0.48218384
4753,-0.48285565
4754,-0.48352715
4755,-0.48419839
4756,-0.48486933
4757,-0.48553997
4758,-0.48621035
4759,-0.48688045
4760,-0.48755026
4761,-0.48821977
4762,-0.48888898
4763,-0.48955792
4764,-0.49022657
4765,-0.49089494
4766,-0.49156302
4767,-0.49223080
4768,-0.49289829
4769,-0.49356529
4770,-0.49423221
4771,-0.49489883
4772,-0.49556518
4773,-0.49623120
4774,-0.49689695
4775,-0.49756241
4776,-0.49822757
4777,-0.49889246
4778,-0.49955702
4779,-0.50022131
4780,-0.50088531
4781,-0.50154901
4782,-0.50221241
4783,-0.50287551
4784,-0.50353831
4785,-0.50420082
4786,-0.50486302
4787,-0.50552493
4788,-0.50618660
4789,-0.50684792
4790,-0.50750893
4791,-0.50816965
4792,-0.50883007
4793,-0.50949019
4794,-0.51015002
4795,-0.51080960
4796,-0.51146883
4797,-0.51212776
4798,-0.51278633
4799,-0.51344466
4800,-0.51410270
4801,-0.51476043
4802,-0.51541781
4803,-0.51607496
4804,-0.51673174
4805,-0.51738828
4806,-0.51804447
4807,-0.51870036
4808,-0.51935595
4809,-0.52001125
4810,-0.52066624
4811,-0.52132088
4812,-0.52197528
4813,-0.52262932
4814,-0.52328306
4815,-0.52393651
4816,-0.52458966
4817,-0.52524251
4818,-0.52589500
4819,-0.52654725
4820,-0.52719915
4821,-0.52785075
4822,-0.52850199
4823,-0.52915299
4824,-0.52980363
4825,-0.53045398
4826,-0.53110403
4827,-0.53175372
4828,-0.53240311
4829,-0.53305221
4830,-0.53370100
4831,-0.53434950
4832,-0.53499764
4833,-0.53564548
4834,-0.53629297
4835,-0.53694022
4836,-0.53758711
4837,-0.53823370
4838,-0.53887993
4839,-0.53952587
4840,-0.54017150
4841,-0.54081678
4842,-0.54146183
4843,-0.54210645
4844,-0.54275084
4845,-0.54339486
4846,-0.54403859
4847,-0.54468197
4848,-0.54532504
4849,-0.54596776
4850,-0.54661024
4851,-0.54725230
4852,-0.54789412
4853,-0.54853559
4854,-0.54917669
4855,-0.54981756
4856,-0.55045801
4857,-0.55109823
4858,-0.55173802
4859,-0.55237758
4860,-0.55301678
4861,-0.55365562
4862,-0.55429417
4863,-0.55493242
4864,-0.55557030
4865,-0.55620790
4866,-0.55684513
4867,-0.55748200
4868,-0.55811864
4869,-0.55875486
4870,-0.55939078
4871,-0.56002641
4872,-0.56066167
4873,-0.56129658
4874,-0.56193119
4875,-0.56256551
4876,-0.56319946
4877,-0.56383306
4878,-0.56446612
4879,-0.56509912
4880,-0.56573170
4881,-0.56636399
4882,-0.56699598
4883,-0.56762755
4884,-0.56825888
4885,-0.56888980
4886,-0.56952041
4887,-0.57015073
4888,-0.57078069
4889,-0.57141030
4890,-0.57203954
4891,-0.57266849
4892,-0.57329708
4893,-0.57392538
4894,-0.57455331
4895,-0.57518089
4896,-0.57580811
4897,-0.57643503
4898,-0.57706159
4899,-0.57768786
4900,-0.57831377
4901,-0.57893932
4902,-0.57956451
4903,-0.58018935
4904,-0.58081388
4905,-0.58143812
4906,-0.58206195
4907,-0.58268547
4908,-0.58330864
4909,-0.58393145
4910,-0.58455390
4911,-0.58517605
4912,-0.58579785
4913,-0.58641928
4914,-0.58704036
4915,-0.58766109
4916,-0.58828151
4917,-0.58890158
4918,-0.58952129
4919,-0.59014064
4920,-0.59075969
4921,-0.59137833
4922,-0.59199667
4923,-0.59261465
4924,-0.59323227
4925,-0.59384954
4926,-0.59446651
4927,-0.59508306
4928,-0.59569931
4929,-0.59631521
4930,-0.59693068
4931,-0.59754586
4932,-0.59816068
4933,-0.59877521
4934,-0.59938931
4935,-0.60000306
4936,-0.60061651
4937,-0.60122955
4938,-0.60184228
4939,-0.60245460
4940,-0.60306662
4941,-0.60367829
4942,-0.60428953
4943,-0.60490048
4944,-0.60551107
4945,-0.60612130
4946,-0.60673118
4947,-0.60734063
4948,-0.60794979
4949,-0.60855860
4950,-0.60916704
4951,-0.60977513
4952,-0.61038285
4953,-0.61099023
4954,-0.61159718
4955,-0.61220384
4956,-0.61281013
4957,-0.61341602
4958,-0.61402160
4959,-0.61462682
4960,-0.61523163
4961,-0.61583608
4962,-0.61644024
4963,-0.61704397
4964,-0.61764735
4965,-0.61825037
4966,-0.61885303
4967,-0.61945534
4968,-0.62005728
4969,-0.62065881
4970,-0.62126005
4971,-0.62186086
4972,-0.62246132
4973,-0.62306148
4974,-0.62366116
4975,-0.62426054
4976,-0.62485957
4977,-0.62545818
4978,-0.62605649
4979,-0.62665439
4980,-0.62725192
4981,-0.62784904
4982,-0.62844586
4983,-0.62904227
4984,-0.62963831
4985,-0.63023400
4986,-0.63082933
4987,-0.63142425
4988,-0.63201863
4989,-0.63261282
4990,-0.63320667
4991,-0.63380015
4992,-0.63439322
4993,-0.63498592
4994,-0.63557822
4995,-0.63617021
4996,-0.63676178
4997,-0.63735300
4998,-0.63794380
4999,-0.63853431
5000,-0.63912439
5001,-0.63971406
5002,-0.64030343
5003,-0.64089239
5004,-0.64148092
5005,-0.64206916
5006,-0.64265698
5007,-0.64324445
5008,-0.64383149
5009,-0.64441818
5010,-0.64500451
5011,-0.64559042
5012,-0.64617598
5013,-0.64676112
5014,-0.64734590
5015,-0.64793032
5016,-0.64851433
5017,-0.64909798
5018,-0.64968127
5019,-0.65026414
5020,-0.65084666
5021,-0.65142876
5022,-0.65201050
5023,-0.65259182
5024,-0.65317279
5025,-0.65375340
5026,-0.65433359
5027,-0.65491343
5028,-0.65549284
5029,-0.65607184
5030,-0.65665054
5031,-0.65722877
5032,-0.65780669
5033,-0.65838414
5034,-0.65896130
5035,-0.65953797
5036,-0.66011435
5037,-0.66069025
5038,-0.66126585
5039,-0.66184098
5040,-0.66241580
5041,-0.66299015
5042,-0.66356415
5043,-0.66413778
5044,-0.66471100
5045,-0.66528380
5046,-0.66585624
5047,-0.66642827
5048,-0.66699994
5049,-0.66757119
5050,-0.66814208
5051,-0.66871250
5052,-0.66928262
5053,-0.66985232
5054,-0.67042160
5055,-0.67099047
5056,-0.67155898
5057,-0.67212707
5058,-0.67269480
5059,-0.67326212
5060,-0.67382902
5061,-0.67439556
5062,-0.67496169
5063,-0.67552739
5064,-0.67609274
5065,-0.67665768
5066,-0.67722219
5067,-0.67778635
5068,-0.67835009
5069,-0.67891341
5070,-0.67947638
5071,-0.68003893
5072,-0.68060106
5073,-0.68116277
5074,-0.68172413
5075,-0.68228507
5076,-0.68284559
5077,-0.68340576
5078,-0.68396544
5079,-0.68452477
5080,-0.68508375
5081,-0.68564224
5082,-0.68620038
5083,-0.68675810
5084,-0.68731540
5085,-0.68787229
5086,-0.68842882
5087,-0.68898493
5088,-0.68954062
5089,-0.69009590
5090,-0.69065076
5091,-0.69120526
5092,-0.69175935
5093,-0.69231302
5094,-0.69286627
5095,-0.69341910
5096,-0.69397157
5097,-0.69452357
5098,-0.69507504
5099,-0.69562626
5100,-0.69617707
5101,-0.69672745
5102,-0.69727743
5103,-0.69782698
5104,-0.69837618
5105,-0.69892496
5106,-0.69947326
5107,-0.70002121
5108,-0.70056874
5109,-0.70111585
5110,-0.70166254
5111,-0.70220882
5112,-0.70275468
5113,-0.70330012
5114,-0.70384520
5115,-0.70438981
5116,-0.70493400
5117,-0.70547783
5118,-0.70602119
5119,-0.70656419
5120,-0.70710671
5121,-0.70764887
5122,-0.70819062
5123,-0.70873189
5124,-0.70927280
5125,-0.70981324
5126,-0.71035331
5127,-0.71089292
5128,-0.71143216
5129,-0.71197098
5130,-0.71250933
5131,-0.71304733
5132,-0.71358484
5133,-0.71412194
5134,-0.71465868
5135,-0.71519494
5136,-0.71573079
5137,-0.71626621
5138,-0.71680129
5139,-0.71733588
5140,-0.71787006
5141,-0.71840376
5142,-0.71893710
5143,-0.71947002
5144,-0.72000247
5145,-0.72053456
5146,-0.72106618
5147,-0.72159737
5148,-0.72212821
5149,-0.72265857
5150,-0.72318846
5151,-0.72371799
5152,-0.72424710
5153,-0.72477573
5154,-0.72530395
5155,-0.72583181
5156,-0.72635919
5157,-0.72688609
5158,-0.72741264
5159,-0.72793871
5160,-0.72846442
5161,-0.72898966
5162,-0.72951448
5163,-0.73003882
5164,-0.73056281
5165,-0.73108631
5166,-0.73160940
5167,-0.73213208
5168,-0.73265427
5169,-0.73317611
5170,-0.73369747
5171,-0.73421842
5172,-0.73473889
5173,-0.73525900
5174,-0.73577863
5175,-0.73629785
5176,-0.73681659
5177,-0.73733497
5178,-0.73785287
5179,-0.73837030
5180,-0.73888737
5181,-0.73940396
5182,-0.73992014
5183,-0.74043590
5184,-0.74095118
5185,-0.74146605
5186,-0.74198043
5187,-0.74249446
5188,-0.74300802
5189,-0.74352109
5190,-0.74403381
5191,-0.74454606
5192,-0.74505782
5193,-0.74556923
5194,-0.74608016
5195,-0.74659061
5196,-0.74710065
5197,-0.74761027
5198,-0.74811947
5199,-0.74862820
5200,-0.74913645
5201,-0.74964434
5202,-0.75015169
5203,-0.75065869
5204,-0.75116521
5205,-0.75167131
5206,-0.75217694
5207,-0.75268197
5208,-0.75318670
5209,-0.75369102
5210,-0.75419492
5211,-0.75469834
5212,-0.75520128
5213,-0.75570387
5214,-0.75620592
5215,-0.75670761
5216,-0.75720876
5217,-0.75770968
5218,-0.75820982
5219,-0.75870985
5220,-0.75920916
5221,-0.75970829
5222,-0.76020664
5223,-0.76070487
5224,-0.76120234
5225,-0.76169968
5226,-0.76219624
5227,-0.76269269
5228,-0.76318836
5229,-0.76368392
5230,-0.76417869
5231,-0.76467335
5232,-0.76516724
5233,-0.76566094
5234,-0.76615393
5235,-0.76664680
5236,-0.76713890
5237,-0.76763082
5238,-0.76812202
5239,-0.76861304
5240,-0.76910329
5241,-0.76959342
5242,-0.77008283
5243,-0.77057201
5244,-0.77106053
5245,-0.77154881
5246,-0.77203637
5247,-0.77252376
5248,-0.77301043
5249,-0.77349693
5250,-0.77398270
5251,-0.77446824
5252,-0.77495307
5253,-0.77543777
5254,-0.77592170
5255,-0.77640545
5256,-0.77688843
5257,-0.77737129
5258,-0.77785337
5259,-0.77833533
5260,-0.77881652
5261,-0.77929753
5262,-0.77977777
5263,-0.78025758
5264,-0.78073722
5265,-0.78121614
5266,-0.78169483
5267,-0.78217280
5268,-0.78265059
5269,-0.78312767
5270,-0.78360450
5271,-0.78408062
5272,-0.78455663
5273,-0.78503180
5274,-0.78550684
5275,-0.78598112
5276,-0.78645521
5277,-0.78692859
5278,-0.78740180
5279,-0.78787422
5280,-0.78834647
5281,-0.78881794
5282,-0.78928930
5283,-0.78975987
5284,-0.79023027
5285,-0.79069990
5286,-0.79116935
5287,-0.79163808
5288,-0.79210663
5289,-0.79257441
5290,-0.79304200
5291,-0.79350883
5292,-0.79397553
5293,-0.79444146
5294,-0.79490715
5295,-0.79537213
5296,-0.79583693
5297,-0.79630101
5298,-0.79676485
5299,-0.79722798
5300,-0.79769087
5301,-0.79815304
5302,-0.79861504
5303,-0.79907626
5304,-0.79953730
5305,-0.79999763
5306,-0.80045772
5307,-0.80091709
5308,-0.80137622
5309,-0.80183464
5310,-0.80229288
5311,-0.80275035
5312,-0.80320758
5313,-0.80366409
5314,-0.80412042
5315,-0.80457604
5316,-0.80503142
5317,-0.80548602
5318,-0.80594045
5319,-0.80639416
5320,-0.80684763
5321,-0.80730033
5322,-0.80775291
5323,-0.80820465
5324,-0.80865628
5325,-0.80910707
5326,-0.80955774
5327,-0.81000763
5328,-0.81045729
5329,-0.81090623
5330,-0.81135494
5331,-0.81180292
5332,-0.81225067
5333,-0.81269771
5334,-0.81314451
5335,-0.81359059
5336,-0.81403643
5337,-0.81448150
5338,-0.81492645
5339,-0.81537056
5340,-0.81581450
5341,-0.81625772
5342,-0.81670070
5343,-0.81714290
5344,-0.81758493
5345,-0.81802619
5346,-0.81846726
5347,-0.81890756
5348,-0.81934762
5349,-0.81978697
5350,-0.82022607
5351,-0.82066447
5352,-0.82110262
5353,-0.82154006
5354,-0.82197726
5355,-0.82241368
5356,-0.82284987
5357,-0.82328534
5358,-0.82372063
5359,-0.82415515
5360,-0.82458943
5361,-0.82502294
5362,-0.82545626
5363,-0.82588881
5364,-0.82632118
5365,-0.82675278
5366,-0.82718414
5367,-0.82761478
5368,-0.82804519
5369,-0.82847482
5370,-0.82890427
5371,-0.82933295
5372,-0.82976109
5373,-0.83018905
5374,-0.83061630
5375,-0.83104324
5376,-0.83146948
5377,-0.83189547
5378,-0.83232075
5379,-0.83274579
5380,-0.83317006
5381,-0.83359408
5382,-0.83401740
5383,-0.83444047
5384,-0.83486277
5385,-0.83528483
5386,-0.83570617
5387,-0.83612728
5388,-0.83654761
5389,-0.83696771
5390,-0.83738708
5391,-0.83780622
5392,-0.83822459
5393,-0.83864272
5394,-0.83906013
5395,-0.83947730
5396,-0.83989370
5397,-0.84030986
5398,-0.84072530
5399,-0.84114045
5400,-0.84155488
5401,-0.84196907
5402,-0.84238249
5403,-0.84279573
5404,-0.84320813
5405,-0.84362036
5406,-0.84403181
5407,-0.84444302
5408,-0.84485346
5409,-0.84526372
5410,-0.84567314
5411,-0.84608239
5412,-0.84649086
5413,-0.84689909
5414,-0.84730655
5415,-0.84771377
5416,-0.84812027
5417,-0.84852648
5418,-0.84893197
5419,-0.84933722
5420,-0.84974170
5421,-0.85014594
5422,-0.85054940
5423,-0.85095263
5424,-0.85135514
5425,-0.85175735
5426,-0.85215884
5427,-0.85256004
5428,-0.85296053
5429,-0.85336077
5430,-0.85376024
5431,-0.85415947
5432,-0.85455793
5433,-0.85495615
5434,-0.85535359
5435,-0.85575080
5436,-0.85614729
5437,-0.85654348
5438,-0.85693896
5439,-0.85733414
5440,-0.85772854
5441,-0.85812277
5442,-0.85851616
5443,-0.85890937
5444,-0.85930181
5445,-0.85969394
5446,-0.86008537
5447,-0.86047649
5448,-0.86086690
5449,-0.86125702
5450,-0.86164641
5451,-0.86203557
5452,-0.86242390
5453,-0.86281204
5454,-0.86319941
5455,-0.86358649
5456,-0.86397284
5457,-0.86435890
5458,-0.86474425
5459,-0.86512929
5460,-0.86551362
5461,-0.86589766
5462,-0.86628091
5463,-0.86666393
5464,-0.86704624
5465,-0.86742824
5466,-0.86780947
5467,-0.86819047
5468,-0.86857069
5469,-0.86895066
5470,-0.86932987
5471,-0.86970878
5472,-0.87008697
5473,-0.87046492
5474,-0.87084204
5475,-0.87121892
5476,-0.87159508
5477,-0.87197095
5478,-0.87234604
5479,-0.87272090
5480,-0.87309498
5481,-0.87346858
5482,-0.87384182
5483,-0.87421441
5484,-0.87458664
5485,-0.87495816
5486,-0.87532943
5487,-0.87569988
5488,-0.87607008
5489,-0.87643957
5490,-0.87680876
5491,-0.87717718
5492,-0.87754530
5493,-0.87791270
5494,-0.87827981
5495,-0.87864619
5496,-0.87901223
5497,-0.87937754
5498,-0.87974262
5499,-0.88010693
5500,-0.88047093
5501,-0.88083416
5502,-0.88119715
5503,-0.88155937
5504,-0.88192129
5505,-0.88228250
5506,-0.88264334
5507,-0.88300353
5508,-0.88336337
5509,-0.88372248
5510,-0.88408130
5511,-0.88443935
5512,-0.88479716
5513,-0.88515419
5514,-0.88551086
5515,-0.88586688
5516,-0.88622254
5517,-0.88657749
5518,-0.88693213
5519,-0.88728607
5520,-0.88763964
5521,-0.88799250
5522,-0.88834506
5523,-0.88869691
5524,-0.88904840
5525,-0.88939917
5526,-0.88974965
5527,-0.89009935
5528,-0.89044875
5529,-0.89079744
5530,-0.89114583
5531,-0.89149344
5532,-0.89184076
5533,-0.89218736
5534,-0.89253360
5535,-0.89287913
5536,-0.89322436
5537,-0.89356881
5538,-0.89391303
5539,-0.89425641
5540,-0.89459956
5541,-0.89494193
5542,-0.89528400
5543,-0.89562529
5544,-0.89596629
5545,-0.89630657
5546,-0.89664656
5547,-0.89698577
5548,-0.89732462
5549,-0.89766282
5550,-0.89800066
5551,-0.89833772
5552,-0.89867455
5553,-0.89901060
5554,-0.89934629
5555,-0.89968127
5556,-0.90001595
5557,-0.90034992
5558,-0.90068352
5559,-0.90101635
5560,-0.90134895
5561,-0.90168071
5562,-0.90201223
5563,-0.90234298
5564,-0.90267342
5565,-0.90300310
5566,-0.90333247
5567,-0.90366107
5568,-0.90398937
5569,-0.90431696
5570,-0.90464419
5571,-0.90497065
5572,-0.90529686
5573,-0.90562230
5574,-0.90594739
5575,-0.90627176
5576,-0.90659577
5577,-0.90691912
5578,-0.90724206
5579,-0.90756428
5580,-0.90788621
5581,-0.90820736
5582,-0.90852821
5583,-0.90884829
5584,-0.90916806
5585,-0.90948713
5586,-0.90980577
5587,-0.91012377
5588,-0.91044140
5589,-0.91075826
5590,-0.91107482
5591,-0.91139066
5592,-0.91170591
5593,-0.91202086
5594,-0.91233510
5595,-0.91264898
5596,-0.91296208
5597,-0.91327488
5598,-0.91358697
5599,-0.91389871
5600,-0.91420966
5601,-0.91452032
5602,-0.91483021
5603,-0.91513979
5604,-0.91544861
5605,-0.91575712
5606,-0.91606486
5607,-0.91637230
5608,-0.91667897
5609,-0.91698533
5610,-0.91729093
5611,-0.91759616
5612,-0.91790068
5613,-0.91820490
5614,-0.91850829
5615,-0.91881144
5616,-0.91911376
5617,-0.91941577
5618,-0.91971707
5619,-0.92001802
5620,-0.92031819
5621,-0.92061806
5622,-0.92091715
5623,-0.92121595
5624,-0.92151397
5625,-0.92181164
5626,-0.92210859
5627,-0.92240518
5628,-0.92270106
5629,-0.92299658
5630,-0.92329139
5631,-0.92358577
5632,-0.92387950
5633,-0.92417282
5634,-0.92446542
5635,-0.92475766
5636,-0.92504919
5637,-0.92534035
5638,-0.92563081
5639,-0.92592084
5640,-0.92621017
5641,-0.92649919
5642,-0.92678744
5643,-0.92707533
5644,-0.92736250
5645,-0.92764926
5646,-0.92793536
5647,-0.92822105
5648,-0.92850602
5649,-0.92879063
5650,-0.92907453
5651,-0.92935807
5652,-0.92964083
5653,-0.92992330
5654,-0.93020499
5655,-0.93048632
5656,-0.93076694
5657,-0.93104714
5658,-0.93132669
5659,-0.93160582
5660,-0.93188423
5661,-0.93216228
5662,-0.93243963
5663,-0.93271655
5664,-0.93299276
5665,-0.93326861
5666,-0.93354374
5667,-0.93381852
5668,-0.93409252
5669,-0.93436617
5670,-0.93463910
5671,-0.93491167
5672,-0.93518347
5673,-0.93545496
5674,-0.93572569
5675,-0.93599600
5676,-0.93626565
5677,-0.93653488
5678,-0.93680340
5679,-0.93707156
5680,-0.93733901
5681,-0.93760604
5682,-0.93787235
5683,-0.93813831
5684,-0.93840355
5685,-0.93866837
5686,-0.93893248
5687,-0.93919623
5688,-0.93945920
5689,-0.93972182
5690,-0.93998373
5691,-0.94024527
5692,-0.94050604
5693,-0.94076645
5694,-0.94102615
5695,-0.94128549
5696,-0.94154406
5697,-0.94180226
5698,-0.94205976
5699,-0.94231683
5700,-0.94257319
5701,-0.94282901
5702,-0.94308442
5703,-0.94333917
5704,-0.94359344
5705,-0.94384706
5706,-0.94410026
5707,-0.94435275
5708,-0.94460481
5709,-0.94485623
5710,-0.94510722
5711,-0.94535744
5712,-0.94560730
5713,-0.94585651
5714,-0.94610524
5715,-0.94635326
5716,-0.94660091
5717,-0.94684786
5718,-0.94709438
5719,-0.94734019
5720,-0.94758558
5721,-0.94783032
5722,-0.94807458
5723,-0.94831818
5724,-0.94856137
5725,-0.94880384
5726,-0.94904590
5727,-0.94928724
5728,-0.94952822
5729,-0.94976842
5730,-0.95000827
5731,-0.95024741
5732,-0.95048612
5733,-0.95072412
5734,-0.95096171
5735,-0.95119858
5736,-0.95143503
5737,-0.95167083
5738,-0.95190614
5739,-0.95214081
5740,-0.95237505
5741,-0.95260859
5742,-0.95284170
5743,-0.95307410
5744,-0.95330608
5745,-0.95353734
5746,-0.95376819
5747,-0.95399839
5748,-0.95422810
5749,-0.95445716
5750,-0.95468581
5751,-0.95491368
5752,-0.95514119
5753,-0.95536798
5754,-0.95559436
5755,-0.95582002
5756,-0.95604527
5757,-0.95626986
5758,-0.95649397
5759,-0.95671737
5760,-0.95694035
5761,-0.95716268
5762,-0.95738453
5763,-0.95760572
5764,-0.95782644
5765,-0.95804650
5766,-0.95826614
5767,-0.95848501
5768,-0.95870352
5769,-0.95892131
5770,-0.95913869
5771,-0.95935535
5772,-0.95957154
5773,-0.95978707
5774,-0.96000218
5775,-0.96021658
5776,-0.96043056
5777,-0.96064383
5778,-0.96085668
5779,-0.96106881
5780,-0.96128052
5781,-0.96149153
5782,-0.96170211
5783,-0.96191204
5784,-0.96212143
5785,-0.96233022
5786,-0.96253854
5787,-0.96274614
5788,-0.96295333
5789,-0.96315980
5790,-0.96336585
5791,-0.96357119
5792,-0.96377611
5793,-0.96398032
5794,-0.96418411
5795,-0.96438718
5796,-0.96458983
5797,-0.96479177
5798,-0.96499330
5799,-0.96519411
5800,-0.96539450
5801,-0.96559417
5802,-0.96579343
5803,-0.96599197
5804,-0.96619004
5805,-0.96638745
5806,-0.96658444
5807,-0.96678072
5808,-0.96697652
5809,-0.96717167
5810,-0.96736622
5811,-0.96756035
5812,-0.96775377
5813,-0.96794677
5814,-0.96813905
5815,-0.96833086
5816,-0.96852201
5817,-0.96871275
5818,-0.96890277
5819,-0.96909231
5820,-0.96928120
5821,-0.96946961
5822,-0.96965736
5823,-0.96984464
5824,-0.97003120
5825,-0.97021735
5826,-0.97040278
5827,-0.97058779
5828,-0.97077209
5829,-0.97095597
5830,-0.97113913
5831,-0.97132182
5832,-0.97150385
5833,-0.97168541
5834,-0.97186631
5835,-0.97204673
5836,-0.97222644
5837,-0.97240573
5838,-0.97258431
5839,-0.97276247
5840,-0.97293991
5841,-0.97311687
5842,-0.97329319
5843,-0.97346908
5844,-0.97364420
5845,-0.97381890
5846,-0.97399294
5847,-0.97416645
5848,-0.97433937
5849,-0.97451174
5850,-0.97468346
5851,-0.97485471
5852,-0.97502530
5853,-0.97519541
5854,-0.97536486
5855,-0.97553384
5856,-0.97570211
5857,-0.97586989
5858,-0.97603703
5859,-0.97620374
5860,-0.97636968
5861,-0.97653520
5862,-0.97670007
5863,-0.97686440
5864,-0.97702813
5865,-0.97719133
5866,-0.97735387
5867,-0.97751594
5868,-0.97767735
5869,-0.97783828
5870,-0.97799850
5871,-0.97815824
5872,-0.97831732
5873,-0.97847599
5874,-0.97863388
5875,-0.97879136
5876,-0.97894818
5877,-0.97910446
5878,-0.97926009
5879,-0.97941524
5880,-0.97956973
5881,-0.97972375
5882,-0.97987711
5883,-0.98002994
5884,-0.98018211
5885,-0.98033381
5886,-0.98048484
5887,-0.98063540
5888,-0.98078525
5889,-0.98093468
5890,-0.98108339
5891,-0.98123163
5892,-0.98137921
5893,-0.98152626
5894,-0.98167270
5895,-0.98181862
5896,-0.98196387
5897,-0.98210865
5898,-0.98225272
5899,-0.98239636
5900,-0.98253930
5901,-0.98268175
5902,-0.98282355
5903,-0.98296487
5904,-0.98310548
5905,-0.98324561
5906,-0.98338509
5907,-0.98352408
5908,-0.98366243
5909,-0.98380023
5910,-0.98393738
5911,-0.98407406
5912,-0.98421007
5913,-0.98434561
5914,-0.98448044
5915,-0.98461479
5916,-0.98474848
5917,-0.98488170
5918,-0.98501426
5919,-0.98514628
5920,-0.98527765
5921,-0.98540843
5922,-0.98553872
5923,-0.98566836
5924,-0.98579752
5925,-0.98592597
5926,-0.98605394
5927,-0.98618126
5928,-0.98630810
5929,-0.98643428
5930,-0.98655993
5931,-0.98668492
5932,-0.98680943
5933,-0.98693323
5934,-0.98705655
5935,-0.98717928
5936,-0.98730141
5937,-0.98742294
5938,-0.98754394
5939,-0.98766428
5940,-0.98778415
5941,-0.98790336
5942,-0.98802203
5943,-0.98814005
5944,-0.98825759
5945,-0.98837447
5946,-0.98849082
5947,-0.98860651
5948,-0.98872173
5949,-0.98883623
5950,-0.98895025
5951,-0.98906368
5952,-0.98917651
5953,-0.98928875
5954,-0.98940045
5955,-0.98951149
5956,-0.98962206
5957,-0.98973191
5958,-0.98984128
5959,-0.98995000
5960,-0.99005824
5961,-0.99016577
5962,-0.99027282
5963,-0.99037921
5964,-0.99048507
5965,-0.99059033
5966,-0.99069506
5967,-0.99079913
5968,-0.99090266
5969,-0.99100554
5970,-0.99110794
5971,-0.99120969
5972,-0.99131089
5973,-0.99141145
5974,-0.99151146
5975,-0.99161088
5976,-0.99170977
5977,-0.99180800
5978,-0.99190569
5979,-0.99200279
5980,-0.99209934
5981,-0.99219525
5982,-0.99229062
5983,-0.99238533
5984,-0.99247956
5985,-0.99257314
5986,-0.99266618
5987,-0.99275857
5988,-0.99285042
5989,-0.99294168
5990,-0.99303240
5991,-0.99312246
5992,-0.99321198
5993,-0.99330086
5994,-0.99338925
5995,-0.99347699
5996,-0.99356413
5997,-0.99365073
5998,-0.99373674
5999,-0.99382216
6000,-0.99390697
6001,-0.99399120
6002,-0.99407488
6003,-0.99415797
6004,-0.99424046
6005,-0.99432236
6006,-0.99440372
6007,-0.99448442
6008,-0.99456459
6009,-0.99464411
6010,-0.99472314
6011,-0.99480152
6012,-0.99487936
6013,-0.99495655
6014,-0.99503320
6015,-0.99510926
6016,-0.99518472
6017,-0.99525958
6018,-0.99533391
6019,-0.99540764
6020,-0.99548078
6021,-0.99555331
6022,-0.99562526
6023,-0.99569660
6024,-0.99576741
6025,-0.99583763
6026,-0.99590725
6027,-0.99597627
6028,-0.99604470
6029,-0.99611259
6030,-0.99617982
6031,-0.99624652
6032,-0.99631262
6033,-0.99637812
6034,-0.99644303
6035,-0.99650741
6036,-0.99657112
6037,-0.99663430
6038,-0.99669689
6039,-0.99675888
6040,-0.99682027
6041,-0.99688113
6042,-0.99694133
6043,-0.99700099
6044,-0.99706006
6045,-0.99711853
6046,-0.99717641
6047,-0.99723375
6048,-0.99729043
6049,-0.99734658
6050,-0.99740213
6051,-0.99745709
6052,-0.99751145
6053,-0.99756527
6054,-0.99761844
6055,-0.99767107
6056,-0.99772304
6057,-0.99777448
6058,-0.99782532
6059,-0.99787563
6060,-0.99792528
6061,-0.99797440
6062,-0.99802285
6063,-0.99807078
6064,-0.99811810
6065,-0.99816483
6066,-0.99821097
6067,-0.99825656
6068,-0.99830157
6069,-0.99834591
6070,-0.99838972
6071,-0.99843293
6072,-0.99847555
6073,-0.99851763
6074,-0.99855906
6075,-0.99859995
6076,-0.99864024
6077,-0.99867994
6078,-0.99871898
6079,-0.99875754
6080,-0.99879545
6081,-0.99883282
6082,-0.99886954
6083,-0.99890572
6084,-0.99894130
6085,-0.99897629
6086,-0.99901068
6087,-0.99904448
6088,-0.99907774
6089,-0.99911040
6090,-0.99914241
6091,-0.99917388
6092,-0.99920475
6093,-0.99923503
6094,-0.99926472
6095,-0.99929386
6096,-0.99932235
6097,-0.99935031
6098,-0.99937767
6099,-0.99940443
6100,-0.99943060
6101,-0.99945617
6102,-0.99948120
6103,-0.99950558
6104,-0.99952942
6105,-0.99955267
6106,-0.99957532
6107,-0.99959737
6108,-0.99961883
6109,-0.99963969
6110,-0.99966002
6111,-0.99967968
6112,-0.99969882
6113,-0.99971735
6114,-0.99973530
6115,-0.99975264
6116,-0.99976939
6117,-0.99978560
6118,-0.99980116
6119,-0.99981618
6120,-0.99983060
6121,-0.99984443
6122,-0.99985766
6123,-0.99987030
6124,-0.99988234
6125,-0.99989384
6126,-0.99990469
6127,-0.99991500
6128,-0.99992472
6129,-0.99993384
6130,-0.99994236
6131,-0.99995029
6132,-0.99995762
6133,-0.99996442
6134,-0.99997061
6135,-0.99997616
6136,-0.99998116
6137,-0.99998558
6138,-0.99998939
6139,-0.99999267
6140,-0.99999529
6141,-0.99999738
6142,-0.99999881
6143,-0.99999970
6144,-1.00000000
6145,-0.99999970
6146,-0.99999881
6147,-0.99999738
6148,-0.99999529
6149,-0.99999267
6150,-0.99998939
6151,-0.99998558
6152,-0.99998116
6153,-0.99997616
6154,-0.99997061
6155,-0.99996442
6156,-0.99995762
6157,-0.99995029
6158,-0.99994236
6159,-0.99993384
6160,-0.99992472
6161,-0.99991500
6162,-0.99990469
6163,-0.99989384
6164,-0.99988234
6165,-0.99987030
6166,-0.99985766
6167,-0.99984443
6168,-0.99983060
6169,-0.99981618
6170,-0.99980116
6171,-0.99978560
6172,-0.99976939
6173,-0.99975264
6174,-0.99973530
6175,-0.99971735
6176,-0.99969882
6177,-0.99967968
6178,-0.99966002
6179,-0.99963969
6180,-0.99961883
6181,-0.99959737
6182,-0.99957532
6183,-0.99955267
6184,-0.99952942
6185,-0.99950558
6186,-0.99948120
6187,-0.99945617
6188,-0.99943060
6189,-0.99940443
6190,-0.99937767
6191,-0.99935031
6192,-0.99932235
6193,-0.99929386
6194,-0.99926472
6195,-0.99923503
6196,-0.99920475
6197,-0.99917388
6198,-0.99914241
6199,-0.99911040
6200,-0.99907774
6201,-0.99904448
6202,-0.99901068
6203,-0.99897629
6204,-0.99894130
6205,-0.99890572
6206,-0.99886954
6207,-0.99883282
6208,-0.99879545
6209,-0.99875754
6210,-0.99871898
6211,-0.99867994
6212,-0.99864024
6213,-0.99859995
6214,-0.99855906
6215,-0.99851763
6216,-0.99847555
6217,-0.99843293
6218,-0.99838972
6219,-0.99834591
6220,-0.99830151
6221,-0.99825656
6222,-0.99821097
6223,-0.99816483
6224,-0.99811810
6225,-0.99807078
6226,-0.99802285
6227,-0.99797440
6228,-0.99792528
6229,-0.99787563
6230,-0.99782532
6231,-0.99777448
6232,-0.99772304
6233,-0.99767107
6234,-0.99761844
6235,-0.99756527
6236,-0.99751145
6237,-0.99745709
6238,-0.99740213
6239,-0.99734658
6240,-0.99729043
6241,-0.99723375
6242,-0.99717641
6243,-0.99711853
6244,-0.99706006
6245,-0.99700099
6246,-0.99694133
6247,-0.99688113
6248,-0.99682027
6249,-0.99675888
6250,-0.99669689
6251,-0.99663430
6252,-0.99657118
6253,-0.99650741
6254,-0.99644309
6255,-0.99637812
6256,-0.99631262
6257,-0.99624652
6258,-0.99617982
6259,-0.99611259
6260,-0.99604470
6261,-0.99597627
6262,-0.99590725
6263,-0.99583763
6264,-0.99576741
6265,-0.99569660
6266,-0.99562526
6267,-0.99555331
6268,-0.99548078
6269,-0.99540764
6270,-0.99533391
6271,-0.99525958
6272,-0.99518472
6273,-0.99510926
6274,-0.99503320
6275,-0.99495655
6276,-0.99487936
6277,-0.99480152
6278,-0.99472314
6279,-0.99464411
6280,-0.99456459
6281,-0.99448442
6282,-0.99440372
6283,-0.99432236
6284,-0.99424046
6285,-0.99415797
6286,-0.99407488
6287,-0.99399120
6288,-0.99390697
6289,-0.99382216
6290,-0.99373674
6291,-0.99365073
6292,-0.99356413
6293,-0.99347693
6294,-0.99338925
6295,-0.99330086
6296,-0.99321198
6297,-0.99312246
6298,-0.99303234
6299,-0.99294168
6300,-0.99285042
6301,-0.99275857
6302,-0.99266618
6303,-0.99257314
6304,-0.99247956
6305,-0.99238533
6306,-0.99229062
6307,-0.99219525
6308,-0.99209934
6309,-0.99200279
6310,-0.99190569
6311,-0.99180800
6312,-0.99170977
6313,-0.99161088
6314,-0.99151146
6315,-0.99141145
6316,-0.99131089
6317,-0.99120969
6318,-0.99110794
6319,-0.99100554
6320,-0.99090266
6321,-0.99079913
6322,-0.99069506
6323,-0.99059033
6324,-0.99048507
6325,-0.99037921
6326,-0.99027282
6327,-0.99016577
6328,-0.99005824
6329,-0.98995000
6330,-0.98984128
6331,-0.98973191
6332,-0.98962200
6333,-0.98951149
6334,-0.98940045
6335,-0.98928875
6336,-0.98917651
6337,-0.98906362
6338,-0.98895025
6339,-0.98883623
6340,-0.98872167
6341,-0.98860651
6342,-0.98849082
6343,-0.98837441
6344,-0.98825759
6345,-0.98814005
6346,-0.98802203
6347,-0.98790336
6348,-0.98778415
6349,-0.98766428
6350,-0.98754394
6351,-0.98742294
6352,-0.98730141
6353,-0.98717922
6354,-0.98705655
6355,-0.98693323
6356,-0.98680937
6357,-0.98668492
6358,-0.98655993
6359,-0.98643434
6360,-0.98630810
6361,-0.98618138
6362,-0.98605394
6363,-0.98592609
6364,-0.98579752
6365,-0.98566842
6366,-0.98553872
6367,-0.98540854
6368,-0.98527765
6369,-0.98514628
6370,-0.98501420
6371,-0.98488170
6372,-0.98474848
6373,-0.98461479
6374,-0.98448044
6375,-0.98434561
6376,-0.98421007
6377,-0.98407406
6378,-0.98393738
6379,-0.98380023
6380,-0.98366243
6381,-0.98352408
6382,-0.98338509
6383,-0.98324561
6384,-0.98310548
6385,-0.98296481
6386,-0.98282355
6387,-0.98268175
6388,-0.98253930
6389,-0.98239636
6390,-0.98225272
6391,-0.98210865
6392,-0.98196387
6393,-0.98181862
6394,-0.98167264
6395,-0.98152626
6396,-0.98137915
6397,-0.98123163
6398,-0.98108339
6399,-0.98093468
6400,-0.98078525
6401,-0.98063540
6402,-0.98048484
6403,-0.98033381
6404,-0.98018211
6405,-0.98002994
6406,-0.97987705
6407,-0.97972375
6408,-0.97956973
6409,-0.97941524
6410,-0.97926009
6411,-0.97910446
6412,-0.97894818
6413,-0.97879136
6414,-0.97863388
6415,-0.97847599
6416,-0.97831732
6417,-0.97815824
6418,-0.97799850
6419,-0.97783822
6420,-0.97767735
6421,-0.97751594
6422,-0.97735387
6423,-0.97719133
6424,-0.97702813
6425,-0.97686440
6426,-0.97670007
6427,-0.97653520
6428,-0.97636968
6429,-0.97620374
6430,-0.97603703
6431,-0.97586989
6432,-0.97570211
6433,-0.97553378
6434,-0.97536486
6435,-0.97519541
6436,-0.97502530
6437,-0.97485471
6438,-0.97468346
6439,-0.97451174
6440,-0.97433937
6441,-0.97416645
6442,-0.97399294
6443,-0.97381890
6444,-0.97364420
6445,-0.97346902
6446,-0.97329319
6447,-0.97311687
6448,-0.97293991
6449,-0.97276247
6450,-0.97258431
6451,-0.97240573
6452,-0.97222644
6453,-0.97204673
6454,-0.97186631
6455,-0.97168541
6456,-0.97150385
6457,-0.97132182
6458,-0.97113913
6459,-0.97095597
6460,-0.97077209
6461,-0.97058779
6462,-0.97040278
6463,-0.97021735
6464,-0.97003120
6465,-0.96984458
6466,-0.96965730
6467,-0.96946961
6468,-0.96928132
6469,-0.96909231
6470,-0.96890289
6471,-0.96871275
6472,-0.96852213
6473,-0.96833086
6474,-0.96813917
6475,-0.96794677
6476,-0.96775389
6477,-0.96756035
6478,-0.96736634
6479,-0.96717167
6480,-0.96697652
6481,-0.96678072
6482,-0.96658444
6483,-0.96638745
6484,-0.96619004
6485,-0.96599197
6486,-0.96579343
6487,-0.96559417
6488,-0.96539450
6489,-0.96519411
6490,-0.96499330
6491,-0.96479177
6492,-0.96458983
6493,-0.96438718
6494,-0.96418411
6495,-0.96398032
6496,-0.96377611
6497,-0.96357119
6498,-0.96336585
6499,-0.96315980
6500,-0.96295333
6501,-0.96274614
6502,-0.96253854
6503,-0.96233022
6504,-0.96212143
6505,-0.96191198
6506,-0.96170211
6507,-0.96149153
6508,-0.96128052
6509,-0.96106881
6510,-0.96085668
6511,-0.96064383
6512,-0.96043056
6513,-0.96021658
6514,-0.96000218
6515,-0.95978707
6516,-0.95957154
6517,-0.95935529
6518,-0.95913863
6519,-0.95892131
6520,-0.95870352
6521,-0.95848501
6522,-0.95826608
6523,-0.95804650
6524,-0.95782644
6525,-0.95760572
6526,-0.95738453
6527,-0.95716268
6528,-0.95694035
6529,-0.95671737
6530,-0.95649397
6531,-0.95626980
6532,-0.95604527
6533,-0.95582002
6534,-0.95559436
6535,-0.95536798
6536,-0.95514119
6537,-0.95491368
6538,-0.95468581
6539,-0.95445716
6540,-0.95422810
6541,-0.95399839
6542,-0.95376819
6543,-0.95353734
6544,-0.95330608
6545,-0.95307410
6546,-0.95284164
6547,-0.95260859
6548,-0.95237505
6549,-0.95214081
6550,-0.95190614
6551,-0.95167083
6552,-0.95143503
6553,-0.95119858
6554,-0.95096171
6555,-0.95072407
6556,-0.95048606
6557,-0.95024741
6558,-0.95000827
6559,-0.94976842
6560,-0.94952822
6561,-0.94928724
6562,-0.94904590
6563,-0.94880384
6564,-0.94856137
6565,-0.94831818
6566,-0.94807458
6567,-0.94783032
6568,-0.94758558
6569,-0.94734019
6570,-0.94709438
6571,-0.94684786
6572,-0.94660091
6573,-0.94635326
6574,-0.94610524
6575,-0.94585645
6576,-0.94560730
6577,-0.94535762
6578,-0.94510722
6579,-0.94485635
6580,-0.94460481
6581,-0.94435292
6582,-0.94410026
6583,-0.94384724
6584,-0.94359344
6585,-0.94333929
6586,-0.94308442
6587,-0.94282919
6588,-0.94257319
6589,-0.94231683
6590,-0.94205976
6591,-0.94180226
6592,-0.94154406
6593,-0.94128549
6594,-0.94102615
6595,-0.94076645
6596,-0.94050604
6597,-0.94024527
6598,-0.93998373
6599,-0.93972182
6600,-0.93945920
6601,-0.93919617
6602,-0.93893248
6603,-0.93866837
6604,-0.93840349
6605,-0.93813831
6606,-0.93787235
6607,-0.93760604
6608,-0.93733901
6609,-0.93707156
6610,-0.93680340
6611,-0.93653488
6612,-0.93626565
6613,-0.93599600
6614,-0.93572569
6615,-0.93545491
6616,-0.93518347
6617,-0.93491167
6618,-0.93463910
6619,-0.93436617
6620,-0.93409252
6621,-0.93381846
6622,-0.93354374
6623,-0.93326861
6624,-0.93299276
6625,-0.93271655
6626,-0.93243957
6627,-0.93216228
6628,-0.93188423
6629,-0.93160582
6630,-0.93132669
6631,-0.93104714
6632,-0.93076694
6633,-0.93048632
6634,-0.93020499
6635,-0.92992330
6636,-0.92964083
6637,-0.92935807
6638,-0.92907453
6639,-0.92879063
6640,-0.92850602
6641,-0.92822105
6642,-0.92793536
6643,-0.92764926
6644,-0.92736244
6645,-0.92707533
6646,-0.92678744
6647,-0.92649919
6648,-0.92621017
6649,-0.92592084
6650,-0.92563075
6651,-0.92534035
6652,-0.92504919
6653,-0.92475766
6654,-0.92446542
6655,-0.92417282
6656,-0.92387944
6657,-0.92358577
6658,-0.92329133
6659,-0.92299658
6660,-0.92270106
6661,-0.92240518
6662,-0.92210859
6663,-0.92181164
6664,-0.92151397
6665,-0.92121595
6666,-0.92091715
6667,-0.92061806
6668,-0.92031819
6669,-0.92001802
6670,-0.91971707
6671,-0.91941577
6672,-0.91911376
6673,-0.91881138
6674,-0.91850829
6675,-0.91820484
6676,-0.91790068
6677,-0.91759616
6678,-0.91729093
6679,-0.91698533
6680,-0.91667897
6681,-0.91637230
6682,-0.91606486
6683,-0.91575712
6684,-0.91544861
6685,-0.91513979
6686,-0.91483021
6687,-0.91452032
6688,-0.91420984
6689,-0.91389865
6690,-0.91358715
6691,-0.91327488
6692,-0.91296226
6693,-0.91264898
6694,-0.91233528
6695,-0.91202086
6696,-0.91170615
6697,-0.91139066
6698,-0.91107482
6699,-0.91075826
6700,-0.91044140
6701,-0.91012377
6702,-0.90980577
6703,-0.90948707
6704,-0.90916806
6705,-0.90884829
6706,-0.90852821
6707,-0.90820736
6708,-0.90788621
6709,-0.90756428
6710,-0.90724206
6711,-0.90691906
6712,-0.90659577
6713,-0.90627176
6714,-0.90594739
6715,-0.90562224
6716,-0.90529686
6717,-0.90497065
6718,-0.90464419
6719,-0.90431690
6720,-0.90398937
6721,-0.90366107
6722,-0.90333241
6723,-0.90300310
6724,-0.90267336
6725,-0.90234298
6726,-0.90201223
6727,-0.90168071
6728,-0.90134889
6729,-0.90101635
6730,-0.90068346
6731,-0.90034986
6732,-0.90001595
6733,-0.89968127
6734,-0.89934629
6735,-0.89901060
6736,-0.89867455
6737,-0.89833772
6738,-0.89800066
6739,-0.89766282
6740,-0.89732462
6741,-0.89698571
6742,-0.89664650
6743,-0.89630657
6744,-0.89596629
6745,-0.89562529
6746,-0.89528400
6747,-0.89494193
6748,-0.89459956
6749,-0.89425641
6750,-0.89391297
6751,-0.89356881
6752,-0.89322436
6753,-0.89287913
6754,-0.89253360
6755,-0.89218736
6756,-0.89184076
6757,-0.89149344
6758,-0.89114583
6759,-0.89079744
6760,-0.89044875
6761,-0.89009935
6762,-0.88974965
6763,-0.88939917
6764,-0.88904840
6765,-0.88869685
6766,-0.88834506
6767,-0.88799250
6768,-0.88763964
6769,-0.88728607
6770,-0.88693213
6771,-0.88657749
6772,-0.88622254
6773,-0.88586688
6774,-0.88551086
6775,-0.88515413
6776,-0.88479710
6777,-0.88443935
6778,-0.88408130
6779,-0.88372248
6780,-0.88336337
6781,-0.88300347
6782,-0.88264334
6783,-0.88228244
6784,-0.88192129
6785,-0.88155937
6786,-0.88119709
6787,-0.88083416
6788,-0.88047087
6789,-0.88010687
6790,-0.87974262
6791,-0.87937754
6792,-0.87901223
6793,-0.87864614
6794,-0.87827981
6795,-0.87791270
6796,-0.87754530
6797,-0.87717736
6798,-0.87680870
6799,-0.87643975
6800,-0.87607008
6801,-0.87570012
6802,-0.87532938
6803,-0.87495840
6804,-0.87458664
6805,-0.87421459
6806,-0.87384182
6807,-0.87346876
6808,-0.87309498
6809,-0.87272090
6810,-0.87234604
6811,-0.87197095
6812,-0.87159508
6813,-0.87121892
6814,-0.87084204
6815,-0.87046486
6816,-0.87008697
6817,-0.86970878
6818,-0.86932987
6819,-0.86895066
6820,-0.86857069
6821,-0.86819047
6822,-0.86780947
6823,-0.86742824
6824,-0.86704624
6825,-0.86666393
6826,-0.86628091
6827,-0.86589766
6828,-0.86551356
6829,-0.86512929
6830,-0.86474425
6831,-0.86435890
6832,-0.86397284
6833,-0.86358649
6834,-0.86319935
6835,-0.86281204
6836,-0.86242390
6837,-0.86203551
6838,-0.86164641
6839,-0.86125702
6840,-0.86086690
6841,-0.86047649
6842,-0.86008537
6843,-0.85969394
6844,-0.85930175
6845,-0.85890937
6846,-0.85851616
6847,-0.85812271
6848,-0.85772854
6849,-0.85733414
6850,-0.85693890
6851,-0.85654348
6852,-0.85614729
6853,-0.85575080
6854,-0.85535359
6855,-0.85495615
6856,-0.85455793
6857,-0.85415947
6858,-0.85376024
6859,-0.85336077
6860,-0.85296053
6861,-0.85256004
6862,-0.85215884
6863,-0.85175735
6864,-0.85135514
6865,-0.85095263
6866,-0.85054940
6867,-0.85014594
6868,-0.84974170
6869,-0.84933722
6870,-0.84893197
6871,-0.84852648
6872,-0.84812027
6873,-0.84771377
6874,-0.84730655
6875,-0.84689909
6876,-0.84649086
6877,-0.84608239
6878,-0.84567314
6879,-0.84526366
6880,-0.84485346
6881,-0.84444302
6882,-0.84403181
6883,-0.84362036
6884,-0.84320813
6885,-0.84279567
6886,-0.84238249
6887,-0.84196907
6888,-0.84155488
6889,-0.84114045
6890,-0.84072524
6891,-0.84030986
6892,-0.83989370
6893,-0.83947730
6894,-0.83906013
6895,-0.83864272
6896,-0.83822459
6897,-0.83780622
6898,-0.83738708
6899,-0.83696771
6900,-0.83654761
6901,-0.83612728
6902,-0.83570617
6903,-0.83528483
6904,-0.83486277
6905,-0.83444041
6906,-0.83401763
6907,-0.83359408
6908,-0.83317029
6909,-0.83274573
6910,-0.83232099
6911,-0.83189547
6912,-0.83146971
6913,-0.83104324
6914,-0.83061653
6915,-0.83018905
6916,-0.82976133
6917,-0.82933289
6918,-0.82890421
6919,-0.82847482
6920,-0.82804519
6921,-0.82761478
6922,-0.82718414
6923,-0.82675278
6924,-0.82632118
6925,-0.82588881
6926,-0.82545626
6927,-0.82502294
6928,-0.82458943
6929,-0.82415509
6930,-0.82372063
6931,-0.82328534
6932,-0.82284987
6933,-0.82241368
6934,-0.82197720
6935,-0.82154000
6936,-0.82110262
6937,-0.82066447
6938,-0.82022607
6939,-0.81978697
6940,-0.81934762
6941,-0.81890750
6942,-0.81846720
6943,-0.81802619
6944,-0.81758493
6945,-0.81714290
6946,-0.81670064
6947,-0.81625766
6948,-0.81581450
6949,-0.81537056
6950,-0.81492639
6951,-0.81448150
6952,-0.81403643
6953,-0.81359053
6954,-0.81314451
6955,-0.81269765
6956,-0.81225067
6957,-0.81180286
6958,-0.81135494
6959,-0.81090617
6960,-0.81045729
6961,-0.81000757
6962,-0.80955774
6963,-0.80910707
6964,-0.80865628
6965,-0.80820465
6966,-0.80775291
6967,-0.80730033
6968,-0.80684763
6969,-0.80639410
6970,-0.80594045
6971,-0.80548602
6972,-0.80503136
6973,-0.80457598
6974,-0.80412042
6975,-0.80366409
6976,-0.80320758
6977,-0.80275029
6978,-0.80229282
6979,-0.80183464
6980,-0.80137622
6981,-0.80091703
6982,-0.80045772
6983,-0.79999763
6984,-0.79953730
6985,-0.79907626
6986,-0.79861504
6987,-0.79815304
6988,-0.79769087
6989,-0.79722798
6990,-0.79676485
6991,-0.79630101
6992,-0.79583693
6993,-0.79537213
6994,-0.79490715
6995,-0.79444140
6996,-0.79397553
6997,-0.79350883
6998,-0.79304200
6999,-0.79257441
7000,-0.79210657
7001,-0.79163808
7002,-0.79116935
7003,-0.79069990
7004,-0.79023021
7005,-0.78975981
7006,-0.78928924
7007,-0.78881794
7008,-0.78834641
7009,-0.78787416
7010,-0.78740174
7011,-0.78692859
7012,-0.78645521
7013,-0.78598112
7014,-0.78550684
7015,-0.78503180
7016,-0.78455657
7017,-0.78408092
7018,-0.78360450
7019,-0.78312790
7020,-0.78265059
7021,-0.78217310
7022,-0.78169483
7023,-0.78121638
7024,-0.78073722
7025,-0.78025788
7026,-0.77977777
7027,-0.77929753
7028,-0.77881652
7029,-0.77833533
7030,-0.77785337
7031,-0.77737129
7032,-0.77688843
7033,-0.77640545
7034,-0.77592170
7035,-0.77543777
7036,-0.77495307
7037,-0.77446824
7038,-0.77398264
7039,-0.77349693
7040,-0.77301043
7041,-0.77252376
7042,-0.77203637
7043,-0.77154881
7044,-0.77106047
7045,-0.77057201
7046,-0.77008277
7047,-0.76959342
7048,-0.76910329
7049,-0.76861304
7050,-0.76812196
7051,-0.76763082
7052,-0.76713884
7053,-0.76664680
7054,-0.76615393
7055,-0.76566094
7056,-0.76516724
7057,-0.76467335
7058,-0.76417869
7059,-0.76368392
7060,-0.76318836
7061,-0.76269269
7062,-0.76219624
7063,-0.76169968
7064,-0.76120234
7065,-0.76070482
7066,-0.76020664
7067,-0.75970823
7068,-0.75920910
7069,-0.75870985
7070,-0.75820982
7071,-0.75770968
7072,-0.75720876
7073,-0.75670773
7074,-0.75620592
7075,-0.75570399
7076,-0.75520128
7077,-0.75469846
7078,-0.75419492
7079,-0.75369120
7080,-0.75318670
7081,-0.75268209
7082,-0.75217676
7083,-0.75167125
7084,-0.75116503
7085,-0.75065869
7086,-0.75015152
7087,-0.74964428
7088,-0.74913627
7089,-0.74862814
7090,-0.74811929
7091,-0.74761027
7092,-0.74710047
7093,-0.74659061
7094,-0.74607998
7095,-0.74556917
7096,-0.74505764
7097,-0.74454600
7098,-0.74403363
7099,-0.74352109
7100,-0.74300784
7101,-0.74249446
7102,-0.74198031
7103,-0.74146605
7104,-0.74095100
7105,-0.74043584
7106,-0.73991996
7107,-0.73940396
7108,-0.73888719
7109,-0.73837030
7110,-0.73785269
7111,-0.73733491
7112,-0.73681641
7113,-0.73629779
7114,-0.73577845
7115,-0.73525894
7116,-0.73473871
7117,-0.73421836
7118,-0.73369730
7119,-0.73317605
7120,-0.73265409
7121,-0.73213208
7122,-0.73160923
7123,-0.73108631
7124,-0.73056263
7125,-0.73003882
7126,-0.72951460
7127,-0.72898960
7128,-0.72846454
7129,-0.72793871
7130,-0.72741276
7131,-0.72688609
7132,-0.72635931
7133,-0.72583175
7134,-0.72530413
7135,-0.72477573
7136,-0.72424722
7137,-0.72371799
7138,-0.72318864
7139,-0.72265851
7140,-0.72212833
7141,-0.72159737
7142,-0.72106636
7143,-0.72053456
7144,-0.72000265
7145,-0.71947002
7146,-0.71893728
7147,-0.71840376
7148,-0.71787018
7149,-0.71733582
7150,-0.71680140
7151,-0.71626621
7152,-0.71573097
7153,-0.71519494
7154,-0.71465880
7155,-0.71412194
7156,-0.71358496
7157,-0.71304727
7158,-0.71250951
7159,-0.71197093
7160,-0.71143234
7161,-0.71089292
7162,-0.71035343
7163,-0.70981324
7164,-0.70927292
7165,-0.70873189
7166,-0.70819074
7167,-0.70764887
7168,-0.70710689
7169,-0.70656419
7170,-0.70602137
7171,-0.70547783
7172,-0.70493418
7173,-0.70438981
7174,-0.70384532
7175,-0.70330012
7176,-0.70275486
7177,-0.70220882
7178,-0.70166266
7179,-0.70111585
7180,-0.70056885
7181,-0.70002121
7182,-0.69947344
7183,-0.69892490
7184,-0.69837636
7185,-0.69782698
7186,-0.69727761
7187,-0.69672745
7188,-0.69617718
7189,-0.69562620
7190,-0.69507521
7191,-0.69452339
7192,-0.69397151
7193,-0.69341892
7194,-0.69286627
7195,-0.69231284
7196,-0.69175935
7197,-0.69120508
7198,-0.69065076
7199,-0.69009572
7200,-0.68954062
7201,-0.68898475
7202,-0.68842882
7203,-0.68787211
7204,-0.68731540
7205,-0.68675792
7206,-0.68620038
7207,-0.68564206
7208,-0.68508369
7209,-0.68452460
7210,-0.68396544
7211,-0.68340552
7212,-0.68284559
7213,-0.68228489
7214,-0.68172413
7215,-0.68116260
7216,-0.68060100
7217,-0.68003869
7218,-0.67947632
7219,-0.67891324
7220,-0.67835009
7221,-0.67778617
7222,-0.67722219
7223,-0.67665750
7224,-0.67609274
7225,-0.67552722
7226,-0.67496169
7227,-0.67439538
7228,-0.67382902
7229,-0.67326194
7230,-0.67269480
7231,-0.67212689
7232,-0.67155898
7233,-0.67099029
7234,-0.67042154
7235,-0.66985244
7236,-0.66928262
7237,-0.66871268
7238,-0.66814202
7239,-0.66757137
7240,-0.66699994
7241,-0.66642845
7242,-0.66585624
7243,-0.66528398
7244,-0.66471094
7245,-0.66413790
7246,-0.66356415
7247,-0.66299033
7248,-0.66241574
7249,-0.66184115
7250,-0.66126579
7251,-0.66069043
7252,-0.66011429
7253,-0.65953815
7254,-0.65896124
7255,-0.65838432
7256,-0.65780663
7257,-0.65722895
7258,-0.65665048
7259,-0.65607202
7260,-0.65549278
7261,-0.65491354
7262,-0.65433359
7263,-0.65375358
7264,-0.65317279
7265,-0.65259200
7266,-0.65201050
7267,-0.65142894
7268,-0.65084666
7269,-0.65026432
7270,-0.64968127
7271,-0.64909816
7272,-0.64851433
7273,-0.64793050
7274,-0.64734590
7275,-0.64676130
7276,-0.64617592
7277,-0.64559060
7278,-0.64500445
7279,-0.64441836
7280,-0.64383149
7281,-0.64324456
7282,-0.64265698
7283,-0.64206934
7284,-0.64148092
7285,-0.64089257
7286,-0.64030337
7287,-0.63971424
7288,-0.63912433
7289,-0.63853443
7290,-0.63794380
7291,-0.63735318
7292,-0.63676178
7293,-0.63617039
7294,-0.63557822
7295,-0.63498604
7296,-0.63439316
7297,-0.63380027
7298,-0.63320667
7299,-0.63261300
7300,-0.63201863
7301,-0.63142425
7302,-0.63082910
7303,-0.63023400
7304,-0.62963814
7305,-0.62904227
7306,-0.62844563
7307,-0.62784904
7308,-0.62725168
7309,-0.62665433
7310,-0.62605625
7311,-0.62545818
7312,-0.62485933
7313,-0.62426054
7314,-0.62366098
7315,-0.62306142
7316,-0.62246114
7317,-0.62186086
7318,-0.62125981
7319,-0.62065881
7320,-0.62005705
7321,-0.61945534
7322,-0.61885285
7323,-0.61825037
7324,-0.61764717
7325,-0.61704397
7326,-0.61644000
7327,-0.61583608
7328,-0.61523145
7329,-0.61462677
7330,-0.61402142
7331,-0.61341602
7332,-0.61280990
7333,-0.61220384
7334,-0.61159700
7335,-0.61099017
7336,-0.61038262
7337,-0.60977513
7338,-0.60916686
7339,-0.60855860
7340,-0.60794961
7341,-0.60734063
7342,-0.60673094
7343,-0.60612124
7344,-0.60551083
7345,-0.60490048
7346,-0.60428971
7347,-0.60367823
7348,-0.60306680
7349,-0.60245460
7350,-0.60184240
7351,-0.60122955
7352,-0.60061663
7353,-0.60000306
7354,-0.59938949
7355,-0.59877515
7356,-0.59816086
7357,-0.59754586
7358,-0.59693086
7359,-0.59631515
7360,-0.59569949
7361,-0.59508306
7362,-0.59446669
7363,-0.59384954
7364,-0.59323245
7365,-0.59261465
7366,-0.59199685
7367,-0.59137833
7368,-0.59075987
7369,-0.59014064
7370,-0.58952147
7371,-0.58890158
7372,-0.58828169
7373,-0.58766109
7374,-0.58704054
7375,-0.58641922
7376,-0.58579797
7377,-0.58517599
7378,-0.58455408
7379,-0.58393139
7380,-0.58330876
7381,-0.58268541
7382,-0.58206213
7383,-0.58143806
7384,-0.58081406
7385,-0.58018935
7386,-0.57956469
7387,-0.57893926
7388,-0.57831389
7389,-0.57768780
7390,-0.57706177
7391,-0.57643503
7392,-0.57580829
7393,-0.57518083
7394,-0.57455349
7395,-0.57392532
7396,-0.57329726
7397,-0.57266849
7398,-0.57203972
7399,-0.57141024
7400,-0.57078081
7401,-0.57015067
7402,-0.56952059
7403,-0.56888980
7404,-0.56825906
7405,-0.56762755
7406,-0.56699616
7407,-0.56636399
7408,-0.56573188
7409,-0.56509906
7410,-0.56446630
7411,-0.56383282
7412,-0.56319940
7413,-0.56256527
7414,-0.56193119
7415,-0.56129640
7416,-0.56066167
7417,-0.56002617
7418,-0.55939078
7419,-0.55875462
7420,-0.55811858
7421,-0.55748183
7422,-0.55684507
7423,-0.55620766
7424,-0.55557030
7425,-0.55493218
7426,-0.55429417
7427,-0.55365545
7428,-0.55301678
7429,-0.55237734
7430,-0.55173802
7431,-0.55109799
7432,-0.55045801
7433,-0.54981732
7434,-0.54917669
7435,-0.54853535
7436,-0.54789412
7437,-0.54725212
7438,-0.54661018
7439,-0.54596758
7440,-0.54532504
7441,-0.54468173
7442,-0.54403853
7443,-0.54339463
7444,-0.54275078
7445,-0.54210627
7446,-0.54146177
7447,-0.54081661
7448,-0.54017150
7449,-0.53952563
7450,-0.53887993
7451,-0.53823346
7452,-0.53758711
7453,-0.53693998
7454,-0.53629297
7455,-0.53564566
7456,-0.53499764
7457,-0.53434968
7458,-0.53370100
7459,-0.53305238
7460,-0.53240311
7461,-0.53175390
7462,-0.53110397
7463,-0.53045416
7464,-0.52980363
7465,-0.52915317
7466,-0.52850199
7467,-0.52785093
7468,-0.52719909
7469,-0.52654743
7470,-0.52589500
7471,-0.52524269
7472,-0.52458966
7473,-0.52393669
7474,-0.52328306
7475,-0.52262950
7476,-0.52197528
7477,-0.52132106
7478,-0.52066618
7479,-0.52001143
7480,-0.51935595
7481,-0.51870054
7482,-0.51804447
7483,-0.51738846
7484,-0.51673174
7485,-0.51607513
7486,-0.51541781
7487,-0.51476061
7488,-0.51410270
7489,-0.51344484
7490,-0.51278633
7491,-0.51212794
7492,-0.51146877
7493,-0.51080978
7494,-0.51015002
7495,-0.50949037
7496,-0.50883007
7497,-0.50816983
7498,-0.50750893
7499,-0.50684810
7500,-0.50618654
7501,-0.50552517
7502,-0.50486302
7503,-0.50420099
7504,-0.50353831
7505,-0.50287569
7506,-0.50221241
7507,-0.50154918
7508,-0.50088531
7509,-0.50022149
7510,-0.49955702
7511,-0.49889264
7512,-0.49822757
7513,-0.49756259
7514,-0.49689692
7515,-0.49623141
7516,-0.49556515
7517,-0.49489900
7518,-0.49423218
7519,-0.49356547
7520,-0.49289808
7521,-0.49223077
7522,-0.49156278
7523,-0.49089491
7524,-0.49022636
7525,-0.48955792
7526,-0.48888877
7527,-0.48821974
7528,-0.48755002
7529,-0.48688042
7530,-0.48621014
7531,-0.48553997
7532,-0.48486909
7533,-0.48419836
7534,-0.48352692
7535,-0.48285562
7536,-0.48218361
7537,-0.48151174
7538,-0.48083916
7539,-0.48016673
7540,-0.47949359
7541,-0.47882059
7542,-0.47814688
7543,-0.47747332
7544,-0.47679907
7545,-0.47612494
7546,-0.47545010
7547,-0.47477543
7548,-0.47410002
7549,-0.47342479
7550,-0.47274885
7551,-0.47207305
7552,-0.47139654
7553,-0.47072020
7554,-0.47004315
7555,-0.46936622
7556,-0.46868864
7557,-0.46801117
7558,-0.46733302
7559,-0.46665499
7560,-0.46597630
7561,-0.46529773
7562,-0.46461847
7563,-0.46393937
7564,-0.46325999
7565,-0.46257991
7566,-0.46190000
7567,-0.46121937
7568,-0.46053892
7569,-0.45985776
7570,-0.45917675
7571,-0.45849505
7572,-0.45781350
7573,-0.45713127
7574,-0.45644918
7575,-0.45576641
7576,-0.45508379
7577,-0.45440045
7578,-0.45371729
7579,-0.45303345
7580,-0.45234978
7581,-0.45166540
7582,-0.45098117
7583,-0.45029625
7584,-0.44961151
7585,-0.44892606
7586,-0.44824079
7587,-0.44755483
7588,-0.44686902
7589,-0.44618252
7590,-0.44549617
7591,-0.44480917
7592,-0.44412231
7593,-0.44343475
7594,-0.44274738
7595,-0.44205931
7596,-0.44137141
7597,-0.44068283
7598,-0.43999442
7599,-0.43930531
7600,-0.43861639
7601,-0.43792677
7602,-0.43723732
7603,-0.43654719
7604,-0.43585721
7605,-0.43516657
7606,-0.43447608
7607,-0.43378493
7608,-0.43309394
7609,-0.43240228
7610,-0.43171078
7611,-0.43101859
7612,-0.43032661
7613,-0.42963392
7614,-0.42894140
7615,-0.42824823
7616,-0.42755520
7617,-0.42686152
7618,-0.42616799
7619,-0.42547381
7620,-0.42477977
7621,-0.42408508
7622,-0.42339057
7623,-0.42269537
7624,-0.42200038
7625,-0.42130467
7626,-0.42060918
7627,-0.41991299
7628,-0.41921699
7629,-0.41852030
7630,-0.41782379
7631,-0.41712663
7632,-0.41642964
7633,-0.41573197
7634,-0.41503450
7635,-0.41433635
7636,-0.41363838
7637,-0.41293976
7638,-0.41224131
7639,-0.41154218
7640,-0.41084322
7641,-0.41014361
7642,-0.40944421
7643,-0.40874413
7644,-0.40804422
7645,-0.40734366
7646,-0.40664327
7647,-0.40594223
7648,-0.40524137
7649,-0.40453982
7650,-0.40383852
7651,-0.40313649
7652,-0.40243471
7653,-0.40173221
7654,-0.40102994
7655,-0.40032700
7656,-0.39962423
7657,-0.39892080
7658,-0.39821759
7659,-0.39751369
7660,-0.39681002
7661,-0.39610565
7662,-0.39540151
7663,-0.39469668
7664,-0.39399207
7665,-0.39328676
7666,-0.39258170
7667,-0.39187592
7668,-0.39117038
7669,-0.39046419
7670,-0.38975817
7671,-0.38905150
7672,-0.38834506
7673,-0.38763791
7674,-0.38693100
7675,-0.38622385
7676,-0.38551605
7677,-0.38480845
7678,-0.38410020
7679,-0.38339213
7680,-0.38268343
7681,-0.38197491
7682,-0.38126576
7683,-0.38055679
7684,-0.37984720
7685,-0.37913778
7686,-0.37842771
7687,-0.37771788
7688,-0.37700740
7689,-0.37629709
7690,-0.37558615
7691,-0.37487543
7692,-0.37416402
7693,-0.37345284
7694,-0.37274101
7695,-0.37202942
7696,-0.37131715
7697,-0.37060511
7698,-0.36989239
7699,-0.36917990
7700,-0.36846676
7701,-0.36775386
7702,-0.36704028
7703,-0.36632693
7704,-0.36561292
7705,-0.36489916
7706,-0.36418474
7707,-0.36347052
7708,-0.36275566
7709,-0.36204103
7710,-0.36132574
7711,-0.36061066
7712,-0.35989496
7713,-0.35917947
7714,-0.35846335
7715,-0.35774744
7716,-0.35703087
7717,-0.35631454
7718,-0.35559756
7719,-0.35488084
7720,-0.35416344
7721,-0.35344627
7722,-0.35272846
7723,-0.35201088
7724,-0.35129264
7725,-0.35057467
7726,-0.34985602
7727,-0.34913763
7728,-0.34841856
7729,-0.34769976
7730,-0.34698030
7731,-0.34626108
7732,-0.34554121
7733,-0.34482157
7734,-0.34410131
7735,-0.34338126
7736,-0.34266058
7737,-0.34194016
7738,-0.34121907
7739,-0.34049824
7740,-0.33977675
7741,-0.33905551
7742,-0.33833364
7743,-0.33761200
7744,-0.33688971
7745,-0.33616766
7746,-0.33544499
7747,-0.33472258
7748,-0.33399948
7749,-0.33327669
7750,-0.33255321
7751,-0.33182999
7752,-0.33110616
7753,-0.33038256
7754,-0.32965830
7755,-0.32893431
7756,-0.32820967
7757,-0.32748529
7758,-0.32676029
7759,-0.32603553
7760,-0.32531011
7761,-0.32458496
7762,-0.32385918
7763,-0.32313365
7764,-0.32240748
7765,-0.32168159
7766,-0.32095504
7767,-0.32022876
7768,-0.31950185
7769,-0.31877518
7770,-0.31804788
7771,-0.31732085
7772,-0.31659317
7773,-0.31586576
7774,-0.31513771
7775,-0.31440994
7776,-0.31368154
7777,-0.31295338
7778,-0.31222460
7779,-0.31149608
7780,-0.31076694
7781,-0.31003806
7782,-0.30930853
7783,-0.30857930
7784,-0.30784985
7785,-0.30711982
7786,-0.30639002
7787,-0.30565959
7788,-0.30492944
7789,-0.30419865
7790,-0.30346817
7791,-0.30273703
7792,-0.30200616
7793,-0.30127466
7794,-0.30054346
7795,-0.29981160
7796,-0.29908001
7797,-0.29834783
7798,-0.29761592
7799,-0.29688334
7800,-0.29615107
7801,-0.29541817
7802,-0.29468557
7803,-0.29395232
7804,-0.29321936
7805,-0.29248574
7806,-0.29175246
7807,-0.29101852
7808,-0.29028484
7809,-0.28955057
7810,-0.28881657
7811,-0.28808197
7812,-0.28734761
7813,-0.28661266
7814,-0.28587800
7815,-0.28514269
7816,-0.28440771
7817,-0.28367206
7818,-0.28293672
7819,-0.28220075
7820,-0.28146508
7821,-0.28072879
7822,-0.27999279
7823,-0.27925617
7824,-0.27851984
7825,-0.27778289
7826,-0.27704623
7827,-0.27630892
7828,-0.27557194
7829,-0.27483433
7830,-0.27409706
7831,-0.27335912
7832,-0.27262148
7833,-0.27188322
7834,-0.27114528
7835,-0.27040672
7836,-0.26966843
7837,-0.26892957
7838,-0.26819098
7839,-0.26745176
7840,-0.26671287
7841,-0.26597336
7842,-0.26523414
7843,-0.26449430
7844,-0.26375479
7845,-0.26301464
7846,-0.26227480
7847,-0.26153436
7848,-0.26079422
7849,-0.26005346
7850,-0.25931302
7851,-0.25857195
7852,-0.25783119
7853,-0.25708982
7854,-0.25634876
7855,-0.25560710
7856,-0.25486574
7857,-0.25412378
7858,-0.25338212
7859,-0.25263983
7860,-0.25189787
7861,-0.25115532
7862,-0.25041306
7863,-0.24967021
7864,-0.24892767
7865,-0.24818452
7866,-0.24744168
7867,-0.24669823
7868,-0.24595509
7869,-0.24521136
7870,-0.24446794
7871,-0.24372393
7872,-0.24298023
7873,-0.24223591
7874,-0.24149193
7875,-0.24074733
7876,-0.24000306
7877,-0.23925819
7878,-0.23851362
7879,-0.23776847
7880,-0.23702364
7881,-0.23627819
7882,-0.23553309
7883,-0.23478736
7884,-0.23404197
7885,-0.23329599
7886,-0.23255032
7887,-0.23180406
7888,-0.23105812
7889,-0.23031157
7890,-0.22956537
7891,-0.22881857
7892,-0.22807208
7893,-0.22732547
7894,-0.22657827
7895,-0.22583137
7896,-0.22508390
7897,-0.22433676
7898,-0.22358902
7899,-0.22284161
7900,-0.22209361
7901,-0.22134593
7902,-0.22059767
7903,-0.21984974
7904,-0.21910122
7905,-0.21835303
7906,-0.21760425
7907,-0.21685579
7908,-0.21610676
7909,-0.21535806
7910,-0.21460877
7911,-0.21385983
7912,-0.21311028
7913,-0.21236108
7914,-0.21161129
7915,-0.21086183
7916,-0.21011178
7917,-0.20936209
7918,-0.20861180
7919,-0.20786186
7920,-0.20711131
7921,-0.20636113
7922,-0.20561035
7923,-0.20485991
7924,-0.20410889
7925,-0.20335823
7926,-0.20260696
7927,-0.20185606
7928,-0.20110455
7929,-0.20035341
7930,-0.19960168
7931,-0.19885029
7932,-0.19809833
7933,-0.19734670
7934,-0.19659451
7935,-0.19584265
7936,-0.19509023
7937,-0.19433816
7938,-0.19358549
7939,-0.19283319
7940,-0.19208029
7941,-0.19132777
7942,-0.19057465
7943,-0.18982188
7944,-0.18906856
7945,-0.18831557
7946,-0.18756202
7947,-0.18680881
7948,-0.18605503
7949,-0.18530162
7950,-0.18454762
7951,-0.18379398
7952,-0.18303975
7953,-0.18228590
7954,-0.18153147
7955,-0.18077742
7956,-0.18002276
7957,-0.17926848
7958,-0.17851363
7959,-0.17775914
7960,-0.17700407
7961,-0.17624937
7962,-0.17549410
7963,-0.17473920
7964,-0.17398372
7965,-0.17322861
7966,-0.17247292
7967,-0.17171761
7968,-0.17096172
7969,-0.17020620
7970,-0.16945012
7971,-0.16869441
7972,-0.16793813
7973,-0.16718221
7974,-0.16642573
7975,-0.16566962
7976,-0.16491294
7977,-0.16415663
7978,-0.16339977
7979,-0.16264327
7980,-0.16188620
7981,-0.16112952
7982,-0.16037227
7983,-0.15961538
7984,-0.15885794
7985,-0.15810089
7986,-0.15734325
7987,-0.15658601
7988,-0.15582819
7989,-0.15507075
7990,-0.15431276
7991,-0.15355515
7992,-0.15279697
7993,-0.15203917
7994,-0.15128082
7995,-0.15052284
7996,-0.14976431
7997,-0.14900616
7998,-0.14824745
7999,-0.14748913
8000,-0.14673024
8001,-0.14597175
8002,-0.14521316
8003,-0.14445402
8004,-0.14369527
8005,-0.14293595
8006,-0.14217703
8007,-0.14141755
8008,-0.14065847
8009,-0.13989882
8010,-0.13913956
8011,-0.13837975
8012,-0.13762033
8013,-0.13686037
8014,-0.13610078
8015,-0.13534066
8016,-0.13458091
8017,-0.13382062
8018,-0.13306072
8019,-0.13230027
8020,-0.13154022
8021,-0.13077962
8022,-0.13001941
8023,-0.12925866
8024,-0.12849830
8025,-0.12773739
8026,-0.12697688
8027,-0.12621583
8028,-0.12545517
8029,-0.12469396
8030,-0.12393315
8031,-0.12317180
8032,-0.12241085
8033,-0.12164935
8034,-0.12088826
8035,-0.12012661
8036,-0.11936538
8037,-0.11860359
8038,-0.11784222
8039,-0.11708030
8040,-0.11631878
8041,-0.11555673
8042,-0.11479507
8043,-0.11403289
8044,-0.11327109
8045,-0.11250877
8046,-0.11174686
8047,-0.11098439
8048,-0.11022235
8049,-0.10945976
8050,-0.10869758
8051,-0.10793486
8052,-0.10717256
8053,-0.10640971
8054,-0.10564728
8055,-0.10488431
8056,-0.10412175
8057,-0.10335866
8058,-0.10259598
8059,-0.10183277
8060,-0.10106997
8061,-0.10030665
8062,-0.09954373
8063,-0.09878027
8064,-0.09801725
8065,-0.09725368
8066,-0.09649053
8067,-0.09572685
8068,-0.09496359
8069,-0.09419980
8070,-0.09343643
8071,-0.09267253
8072,-0.09190904
8073,-0.09114503
8074,-0.09038144
8075,-0.08961733
8076,-0.08885363
8077,-0.08808941
8078,-0.08732561
8079,-0.08656128
8080,-0.08579738
8081,-0.08503295
8082,-0.08426895
8083,-0.08350442
8084,-0.08274032
8085,-0.08197570
8086,-0.08121150
8087,-0.08044678
8088,-0.07968249
8089,-0.07891767
8090,-0.07815329
8091,-0.07738838
8092,-0.07662390
8093,-0.07585891
8094,-0.07509434
8095,-0.07432925
8096,-0.07356460
8097,-0.07279942
8098,-0.07203468
8099,-0.07126942
8100,-0.07050460
8101,-0.06973926
8102,-0.06897435
8103,-0.06820893
8104,-0.06744394
8105,-0.06667843
8106,-0.06591336
8107,-0.06514778
8108,-0.06438264
8109,-0.06361698
8110,-0.06285176
8111,-0.06208603
8112,-0.06132074
8113,-0.06055541
8114,-0.05978956
8115,-0.05902417
8116,-0.05825825
8117,-0.05749279
8118,-0.05672681
8119,-0.05596127
8120,-0.05519523
8121,-0.05442962
8122,-0.05366351
8123,-0.05289785
8124,-0.05213168
8125,-0.05136595
8126,-0.05059972
8127,-0.04983393
8128,-0.04906764
8129,-0.04830179
8130,-0.04753545
8131,-0.04676954
8132,-0.04600314
8133,-0.04523718
8134,-0.04447072
8135,-0.04370471
8136,-0.04293820
8137,-0.04217215
8138,-0.04140558
8139,-0.04063947
8140,-0.03987287
8141,-0.03910671
8142,-0.03834005
8143,-0.03757385
8144,-0.03680715
8145,-0.03604091
8146,-0.03527416
8147,-0.03450788
8148,-0.03374109
8149,-0.03297476
8150,-0.03220794
8151,-0.03144158
8152,-0.03067471
8153,-0.02990831
8154,-0.02914142
8155,-0.02837498
8156,-0.02760805
8157,-0.02684158
8158,-0.02607462
8159,-0.02530812
8160,-0.02454112
8161,-0.02377459
8162,-0.02300757
8163,-0.02224101
8164,-0.02147397
8165,-0.02070738
8166,-0.01994031
8167,-0.01917370
8168,-0.01840661
8169,-0.01763998
8170,-0.01687286
8171,-0.01610621
8172,-0.01533907
8173,-0.01457241
8174,-0.01380525
8175,-0.01303857
8176,-0.01227140
8177,-0.01150470
8178,-0.01073752
8179,-0.00997080
8180,-0.00920361
8181,-0.00843688
8182,-0.00766968
8183,-0.00690294
8184,-0.00613573
8185,-0.00536899
8186,-0.00460176
8187,-0.00383502
8188,-0.00306779
8189,-0.00230104
8190,-0.00153381
8191,-0.00076706
